SrcEntity	TgtEntity	Relation	Score
http://dbkwik.webdatacommons.org/marvelcinematicuniverse.wikia.com/resource/Tashi	http://dbkwik.webdatacommons.org/marvel.wikia.com/resource/Tashi	=	1.0000
http://marvelcinematicuniverse.wikia.com/wiki/Special:FilePath/Flag_of_Indonesia.png	http://marvel.wikia.com/wiki/Special:FilePath/Flag_of_Indonesia.png	=	1.0000
http://dbkwik.webdatacommons.org/marvelcinematicuniverse.wikia.com/resource/Avengers	http://dbkwik.webdatacommons.org/marvel.wikia.com/resource/Avengers	=	1.0000
http://dbkwik.webdatacommons.org/marvelcinematicuniverse.wikia.com/resource/Michigan	http://dbkwik.webdatacommons.org/marvel.wikia.com/resource/Michigan	=	1.0000
http://dbkwik.webdatacommons.org/marvelcinematicuniverse.wikia.com/resource/Category:Help	http://dbkwik.webdatacommons.org/marvel.wikia.com/resource/Category:Help	=	1.0000
http://dbkwik.webdatacommons.org/marvelcinematicuniverse.wikia.com/resource/Sif	http://dbkwik.webdatacommons.org/marvel.wikia.com/resource/Sif	=	1.0000
http://marvelcinematicuniverse.wikia.com/wiki/Special:FilePath/Louis_D%27Esposito.jpg?width=300	http://marvel.wikia.com/wiki/Special:FilePath/Louis_D%27Esposito.jpg?width=300	=	1.0000
http://dbkwik.webdatacommons.org/marvelcinematicuniverse.wikia.com/resource/Spirit_of_Vengeance	http://dbkwik.webdatacommons.org/marvel.wikia.com/resource/Spirit_of_Vengeance	=	1.0000
http://marvelcinematicuniverse.wikia.com/wiki/Special:FilePath/Flag_of_Mexico.png	http://marvel.wikia.com/wiki/Special:FilePath/Flag_of_Mexico.png	=	1.0000
http://dbkwik.webdatacommons.org/marvelcinematicuniverse.wikia.com/resource/Mexico	http://dbkwik.webdatacommons.org/marvel.wikia.com/resource/Mexico	=	1.0000
http://dbkwik.webdatacommons.org/marvelcinematicuniverse.wikia.com/resource/Shou-Lao	http://dbkwik.webdatacommons.org/marvel.wikia.com/resource/Shou-Lao	=	1.0000
http://dbkwik.webdatacommons.org/marvelcinematicuniverse.wikia.com/resource/Alan_Fine	http://dbkwik.webdatacommons.org/marvel.wikia.com/resource/Alan_Fine	=	1.0000
http://dbkwik.webdatacommons.org/marvelcinematicuniverse.wikia.com/resource/Category:Awards	http://dbkwik.webdatacommons.org/marvel.wikia.com/resource/Category:Award_Templates	=	1.0000
http://marvelcinematicuniverse.wikia.com/wiki/Special:FilePath/Leader.jpg?width=300	http://marvel.wikia.com/wiki/Special:FilePath/Leader.jpg?width=300	=	1.0000
http://dbkwik.webdatacommons.org/marvelcinematicuniverse.wikia.com/resource/Sue_Chung	http://dbkwik.webdatacommons.org/marvel.wikia.com/resource/Sue_Chung	=	1.0000
http://dbkwik.webdatacommons.org/marvelcinematicuniverse.wikia.com/resource/Battle_of_New_York	http://dbkwik.webdatacommons.org/marvel.wikia.com/resource/Battle_of_New_York	=	1.0000
http://dbkwik.webdatacommons.org/marvelcinematicuniverse.wikia.com/resource/Vampires	http://dbkwik.webdatacommons.org/marvel.wikia.com/resource/Vampires	=	1.0000
http://dbkwik.webdatacommons.org/marvelcinematicuniverse.wikia.com/resource/Plymouth	http://dbkwik.webdatacommons.org/marvel.wikia.com/resource/Plymouth	=	1.0000
http://marvelcinematicuniverse.wikia.com/wiki/Special:FilePath/Dan_Jolley.jpg	http://marvel.wikia.com/wiki/Special:FilePath/Dan_Jolley.jpg	=	1.0000
http://dbkwik.webdatacommons.org/marvelcinematicuniverse.wikia.com/resource/Orson_Randall	http://dbkwik.webdatacommons.org/marvel.wikia.com/resource/Orson_Randall	=	1.0000
http://dbkwik.webdatacommons.org/marvelcinematicuniverse.wikia.com/resource/Atreus_Plastics	http://dbkwik.webdatacommons.org/marvel.wikia.com/resource/Atreus_Plastics	=	1.0000
http://dbkwik.webdatacommons.org/marvelcinematicuniverse.wikia.com/resource/Hela	http://dbkwik.webdatacommons.org/marvel.wikia.com/resource/Hela	=	1.0000
http://dbkwik.webdatacommons.org/marvelcinematicuniverse.wikia.com/resource/Proxima_Midnight	http://dbkwik.webdatacommons.org/marvel.wikia.com/resource/Proxima_Midnight	=	1.0000
http://marvelcinematicuniverse.wikia.com/wiki/Special:FilePath/Ramsey_Nickell.jpg?width=300	http://marvel.wikia.com/wiki/Special:FilePath/Ramsey_Nickell.jpg?width=300	=	1.0000
http://marvelcinematicuniverse.wikia.com/wiki/Special:FilePath/Mike_Miller.jpg?width=300	http://marvel.wikia.com/wiki/Special:FilePath/Mike_Miller.jpg?width=300	=	1.0000
http://dbkwik.webdatacommons.org/marvelcinematicuniverse.wikia.com/resource/Echo_Park	http://dbkwik.webdatacommons.org/marvel.wikia.com/resource/Echo_Park	=	1.0000
http://marvelcinematicuniverse.wikia.com/wiki/Special:FilePath/Jonathan_Frakes.jpg?width=300	http://marvel.wikia.com/wiki/Special:FilePath/Jonathan_Frakes.jpg?width=300	=	1.0000
http://dbkwik.webdatacommons.org/marvelcinematicuniverse.wikia.com/resource/Baltimore	http://dbkwik.webdatacommons.org/marvel.wikia.com/resource/Baltimore	=	1.0000
http://dbkwik.webdatacommons.org/marvelcinematicuniverse.wikia.com/resource/Everglades	http://dbkwik.webdatacommons.org/marvel.wikia.com/resource/Everglades	=	1.0000
http://marvelcinematicuniverse.wikia.com/wiki/Special:FilePath/Sneha_Koorse.jpg?width=300	http://marvel.wikia.com/wiki/Special:FilePath/Sneha_Koorse.jpg?width=300	=	1.0000
http://dbkwik.webdatacommons.org/marvelcinematicuniverse.wikia.com/resource/Captain_America:_Super_Soldier	http://dbkwik.webdatacommons.org/marvel.wikia.com/resource/Captain_America:_Super_Soldier	=	1.0000
http://marvelcinematicuniverse.wikia.com/wiki/Special:FilePath/Ultimo.jpg	http://marvel.wikia.com/wiki/Special:FilePath/Ultimo.jpg	=	1.0000
http://dbkwik.webdatacommons.org/marvelcinematicuniverse.wikia.com/resource/George_Kitson	http://dbkwik.webdatacommons.org/marvel.wikia.com/resource/George_Kitson	=	1.0000
http://dbkwik.webdatacommons.org/marvelcinematicuniverse.wikia.com/resource/Kevin_Hooks	http://dbkwik.webdatacommons.org/marvel.wikia.com/resource/Kevin_Hooks	=	1.0000
http://marvelcinematicuniverse.wikia.com/wiki/Special:FilePath/Alan_Taylor.jpg?width=300	http://marvel.wikia.com/wiki/Special:FilePath/Alan_Taylor.jpg?width=300	=	1.0000
http://dbkwik.webdatacommons.org/marvelcinematicuniverse.wikia.com/resource/C._Robert_Cargill	http://dbkwik.webdatacommons.org/marvel.wikia.com/resource/C._Robert_Cargill	=	1.0000
http://dbkwik.webdatacommons.org/marvelcinematicuniverse.wikia.com/resource/Cockroach_Hamilton	http://dbkwik.webdatacommons.org/marvel.wikia.com/resource/Cockroach_Hamilton	=	1.0000
http://dbkwik.webdatacommons.org/marvelcinematicuniverse.wikia.com/resource/Elektra%27s_Twin_Sai	http://dbkwik.webdatacommons.org/marvel.wikia.com/resource/Elektra%27s_Twin_Sai	=	1.0000
http://dbkwik.webdatacommons.org/marvelcinematicuniverse.wikia.com/resource/Coney_Island	http://dbkwik.webdatacommons.org/marvel.wikia.com/resource/Coney_Island	=	1.0000
http://dbkwik.webdatacommons.org/marvelcinematicuniverse.wikia.com/resource/Dora_Milaje	http://dbkwik.webdatacommons.org/marvel.wikia.com/resource/Dora_Milaje	=	1.0000
http://dbkwik.webdatacommons.org/marvelcinematicuniverse.wikia.com/resource/Georgia	http://dbkwik.webdatacommons.org/marvel.wikia.com/resource/Georgia	=	1.0000
http://dbkwik.webdatacommons.org/marvelcinematicuniverse.wikia.com/property/leader	http://dbkwik.webdatacommons.org/marvel.wikia.com/resource/Leader	=	1.0000
http://marvelcinematicuniverse.wikia.com/wiki/Special:FilePath/Karla_Faye_Gideon.png	http://marvel.wikia.com/wiki/Special:FilePath/Karla_Faye_Gideon.png	=	1.0000
http://dbkwik.webdatacommons.org/marvelcinematicuniverse.wikia.com/resource/Beta_Ray_Bill	http://dbkwik.webdatacommons.org/marvel.wikia.com/resource/Beta_Ray_Bill	=	1.0000
http://marvelcinematicuniverse.wikia.com/wiki/Special:FilePath/Jay_David_Ramos.jpg?width=300	http://marvel.wikia.com/wiki/Special:FilePath/Jay_David_Ramos.jpg?width=300	=	1.0000
http://dbkwik.webdatacommons.org/marvelcinematicuniverse.wikia.com/resource/Boston	http://dbkwik.webdatacommons.org/marvel.wikia.com/resource/Boston	=	1.0000
http://dbkwik.webdatacommons.org/marvelcinematicuniverse.wikia.com/resource/Rob_London	http://dbkwik.webdatacommons.org/marvel.wikia.com/resource/Rob_London	=	1.0000
http://marvelcinematicuniverse.wikia.com/wiki/Special:FilePath/Emma_Fleischer.jpg	http://marvel.wikia.com/wiki/Special:FilePath/Emma_Fleischer.jpg	=	1.0000
http://dbkwik.webdatacommons.org/marvelcinematicuniverse.wikia.com/resource/Brick	http://dbkwik.webdatacommons.org/marvel.wikia.com/resource/Brick	=	1.0000
http://marvelcinematicuniverse.wikia.com/wiki/Special:FilePath/Stephen_Cragg.jpg	http://marvel.wikia.com/wiki/Special:FilePath/Stephen_Cragg.jpg	=	1.0000
http://marvelcinematicuniverse.wikia.com/wiki/Special:FilePath/Garry_A._Brown.jpg?width=300	http://marvel.wikia.com/wiki/Special:FilePath/Garry_A._Brown.jpg?width=300	=	1.0000
http://dbkwik.webdatacommons.org/marvelcinematicuniverse.wikia.com/resource/Zak_Penn	http://dbkwik.webdatacommons.org/marvel.wikia.com/resource/Zak_Penn	=	1.0000
http://marvelcinematicuniverse.wikia.com/wiki/Special:FilePath/Captain_America_The_Winter_Soldier_The_Official_Game.jpg	http://marvel.wikia.com/wiki/Special:FilePath/Captain_America_The_Winter_Soldier_-_The_Official_Game.jpg	=	1.0000
http://marvelcinematicuniverse.wikia.com/wiki/Special:FilePath/Peter_Calloway.jpg?width=300	http://marvel.wikia.com/wiki/Special:FilePath/Peter_Calloway.jpg?width=300	=	1.0000
http://dbkwik.webdatacommons.org/marvelcinematicuniverse.wikia.com/resource/Geoffrey_Wilder	http://dbkwik.webdatacommons.org/marvel.wikia.com/resource/Geoffrey_Wilder	=	1.0000
http://dbkwik.webdatacommons.org/marvelcinematicuniverse.wikia.com/resource/Richard_Elson	http://dbkwik.webdatacommons.org/marvel.wikia.com/resource/Richard_Elson	=	1.0000
http://marvelcinematicuniverse.wikia.com/wiki/Special:FilePath/L.jpg?width=300	http://marvel.wikia.com/wiki/Special:FilePath/l.jpg?width=300	=	1.0000
http://dbkwik.webdatacommons.org/marvelcinematicuniverse.wikia.com/resource/Lopez	http://dbkwik.webdatacommons.org/marvel.wikia.com/resource/Lopez	=	1.0000
http://dbkwik.webdatacommons.org/marvelcinematicuniverse.wikia.com/resource/Matt_Murdock%27s_Apartment	http://dbkwik.webdatacommons.org/marvel.wikia.com/resource/Matt_Murdock%27s_Apartment	=	1.0000
http://dbkwik.webdatacommons.org/marvelcinematicuniverse.wikia.com/resource/Blackout	http://dbkwik.webdatacommons.org/marvel.wikia.com/resource/Blackout	=	1.0000
http://dbkwik.webdatacommons.org/marvelcinematicuniverse.wikia.com/property/movies	http://dbkwik.webdatacommons.org/marvel.wikia.com/property/movies	=	1.0000
http://marvelcinematicuniverse.wikia.com/wiki/Special:FilePath/Marvel-studios-logo.jpg?width=300	http://marvel.wikia.com/wiki/Special:FilePath/Marvel_Studios_Logo.jpg?width=300	=	1.0000
http://dbkwik.webdatacommons.org/marvelcinematicuniverse.wikia.com/resource/The_Incredible_Hulk_Movie_Novelization	http://dbkwik.webdatacommons.org/marvel.wikia.com/resource/The_Incredible_Hulk:_Movie_Novelization	=	1.0000
http://dbkwik.webdatacommons.org/marvelcinematicuniverse.wikia.com/resource/Kendall_Rogers	http://dbkwik.webdatacommons.org/marvel.wikia.com/resource/Kendall_Rogers	=	1.0000
http://dbkwik.webdatacommons.org/marvelcinematicuniverse.wikia.com/resource/Daniel_Govar	http://dbkwik.webdatacommons.org/marvel.wikia.com/resource/Daniel_Govar	=	1.0000
http://marvelcinematicuniverse.wikia.com/wiki/Special:FilePath/Lauren_Schmidt_Hissrich.jpg?width=300	http://marvel.wikia.com/wiki/Special:FilePath/Lauren_Schmidt_Hissrich.jpg?width=300	=	1.0000
http://dbkwik.webdatacommons.org/marvelcinematicuniverse.wikia.com/resource/Alisha_Whitley	http://dbkwik.webdatacommons.org/marvel.wikia.com/resource/Alisha_Whitley	=	1.0000
http://dbkwik.webdatacommons.org/marvelcinematicuniverse.wikia.com/resource/Category:Weapons	http://dbkwik.webdatacommons.org/marvel.wikia.com/resource/Category:Weapons	=	1.0000
http://dbkwik.webdatacommons.org/marvelcinematicuniverse.wikia.com/resource/Night_Thrasher	http://dbkwik.webdatacommons.org/marvel.wikia.com/resource/Night_Thrasher	=	1.0000
http://dbkwik.webdatacommons.org/marvelcinematicuniverse.wikia.com/resource/John_Dahl	http://dbkwik.webdatacommons.org/marvel.wikia.com/resource/John_Dahl	=	1.0000
http://dbkwik.webdatacommons.org/marvelcinematicuniverse.wikia.com/resource/Alan_Taylor	http://dbkwik.webdatacommons.org/marvel.wikia.com/resource/Alan_Taylor	=	1.0000
http://dbkwik.webdatacommons.org/marvelcinematicuniverse.wikia.com/resource/Skrulls	http://dbkwik.webdatacommons.org/marvel.wikia.com/resource/Skrulls	=	1.0000
http://dbkwik.webdatacommons.org/marvelcinematicuniverse.wikia.com/resource/Steve_Scott	http://dbkwik.webdatacommons.org/marvel.wikia.com/resource/Steve_Scott	=	1.0000
http://dbkwik.webdatacommons.org/marvelcinematicuniverse.wikia.com/resource/Ch%27i-Lin	http://dbkwik.webdatacommons.org/marvel.wikia.com/resource/Ch%27i-Lin	=	1.0000
http://dbkwik.webdatacommons.org/marvelcinematicuniverse.wikia.com/resource/Gilmore_Hodge	http://dbkwik.webdatacommons.org/marvel.wikia.com/resource/Gilmore_Hodge	=	1.0000
http://marvelcinematicuniverse.wikia.com/wiki/Special:FilePath/Phil_Abraham.jpg	http://marvel.wikia.com/wiki/Special:FilePath/Phil_Abraham.jpg	=	1.0000
http://marvelcinematicuniverse.wikia.com/wiki/Special:FilePath/Flag_of_Saudi_Arabia.png?width=300	http://marvel.wikia.com/wiki/Special:FilePath/Flag_of_Saudi_Arabia.png?width=300	=	1.0000
http://dbkwik.webdatacommons.org/marvelcinematicuniverse.wikia.com/resource/Chris_Dingess	http://dbkwik.webdatacommons.org/marvel.wikia.com/resource/Chris_Dingess	=	1.0000
http://marvelcinematicuniverse.wikia.com/wiki/Special:FilePath/Marc_Scarlotti.jpg?width=300	http://marvel.wikia.com/wiki/Special:FilePath/Marc_Scarlotti.jpg?width=300	=	1.0000
http://dbkwik.webdatacommons.org/marvelcinematicuniverse.wikia.com/resource/Pike	http://dbkwik.webdatacommons.org/marvel.wikia.com/resource/Pike	=	1.0000
http://marvelcinematicuniverse.wikia.com/wiki/Special:FilePath/capam1LARGEUSE.jpg	http://marvel.wikia.com/wiki/Special:FilePath/capam1LARGEUSE.jpg	=	1.0000
http://dbkwik.webdatacommons.org/marvelcinematicuniverse.wikia.com/resource/Eclector	http://dbkwik.webdatacommons.org/marvel.wikia.com/resource/Eclector	=	1.0000
http://dbkwik.webdatacommons.org/marvelcinematicuniverse.wikia.com/resource/Riyadh	http://dbkwik.webdatacommons.org/marvel.wikia.com/resource/Riyadh	=	1.0000
http://dbkwik.webdatacommons.org/marvelcinematicuniverse.wikia.com/resource/Marvel_Studios	http://dbkwik.webdatacommons.org/marvel.wikia.com/resource/Marvel_Studios	=	1.0000
http://marvelcinematicuniverse.wikia.com/wiki/Special:FilePath/Flag_of_Guatemala.png	http://marvel.wikia.com/wiki/Special:FilePath/Flag_of_Guatemala.png	=	1.0000
http://dbkwik.webdatacommons.org/marvelcinematicuniverse.wikia.com/resource/United_Nations_Headquarters	http://dbkwik.webdatacommons.org/marvel.wikia.com/resource/United_Nations_Headquarters	=	1.0000
http://dbkwik.webdatacommons.org/marvelcinematicuniverse.wikia.com/resource/Category:Private_Investigators	http://dbkwik.webdatacommons.org/marvel.wikia.com/resource/Category:Private_Investigators	=	1.0000
http://dbkwik.webdatacommons.org/marvelcinematicuniverse.wikia.com/resource/Cassie_Lang	http://dbkwik.webdatacommons.org/marvel.wikia.com/resource/Cassie_Lang	=	1.0000
http://marvelcinematicuniverse.wikia.com/wiki/Special:FilePath/Ariella_Blejer.jpg	http://marvel.wikia.com/wiki/Special:FilePath/Ariella_Blejer.jpg	=	1.0000
http://dbkwik.webdatacommons.org/marvelcinematicuniverse.wikia.com/resource/Cameron_Klein	http://dbkwik.webdatacommons.org/marvel.wikia.com/resource/Cameron_Klein	=	1.0000
http://dbkwik.webdatacommons.org/marvelcinematicuniverse.wikia.com/resource/GH.325	http://dbkwik.webdatacommons.org/marvel.wikia.com/resource/GH.325	=	1.0000
http://dbkwik.webdatacommons.org/marvelcinematicuniverse.wikia.com/resource/Anansi	http://dbkwik.webdatacommons.org/marvel.wikia.com/resource/Anansi	=	1.0000
http://marvelcinematicuniverse.wikia.com/wiki/Special:FilePath/Salvador_Larroca.jpg?width=300	http://marvel.wikia.com/wiki/Special:FilePath/Salvador_Larroca.jpg?width=300	=	1.0000
http://marvelcinematicuniverse.wikia.com/wiki/Special:FilePath/16.jpg?width=300	http://marvel.wikia.com/wiki/Special:FilePath/Maxwell_Shiffman_Amazing_Fantasy_Vol1_#16.jpg?width=300	=	1.0000
http://dbkwik.webdatacommons.org/marvelcinematicuniverse.wikia.com/resource/Vault	http://dbkwik.webdatacommons.org/marvel.wikia.com/resource/Vault	=	1.0000
http://dbkwik.webdatacommons.org/marvelcinematicuniverse.wikia.com/resource/Stuart_Moore	http://dbkwik.webdatacommons.org/marvel.wikia.com/resource/Stuart_Moore	=	1.0000
http://dbkwik.webdatacommons.org/marvelcinematicuniverse.wikia.com/resource/El_Paso	http://dbkwik.webdatacommons.org/marvel.wikia.com/resource/El_Paso	=	1.0000
http://dbkwik.webdatacommons.org/marvelcinematicuniverse.wikia.com/resource/Damage_Control	http://dbkwik.webdatacommons.org/marvel.wikia.com/resource/Damage_Control	=	1.0000
http://dbkwik.webdatacommons.org/marvelcinematicuniverse.wikia.com/resource/Alflyse	http://dbkwik.webdatacommons.org/marvel.wikia.com/resource/Alflyse	=	1.0000
http://marvelcinematicuniverse.wikia.com/wiki/Special:FilePath/Simon_Cellan_Jones.jpg	http://marvel.wikia.com/wiki/Special:FilePath/Simon_Cellan_Jones.jpg	=	1.0000
http://dbkwik.webdatacommons.org/marvelcinematicuniverse.wikia.com/resource/Project_P.E.G.A.S.U.S.	http://dbkwik.webdatacommons.org/marvel.wikia.com/resource/Project_P.E.G.A.S.U.S.	=	1.0000
http://dbkwik.webdatacommons.org/marvelcinematicuniverse.wikia.com/resource/Janet_van_Dyne	http://dbkwik.webdatacommons.org/marvel.wikia.com/resource/Janet_van_Dyne	=	1.0000
http://dbkwik.webdatacommons.org/marvelcinematicuniverse.wikia.com/resource/Destiny	http://dbkwik.webdatacommons.org/marvel.wikia.com/resource/Destiny	=	1.0000
http://dbkwik.webdatacommons.org/marvelcinematicuniverse.wikia.com/resource/Culver_University	http://dbkwik.webdatacommons.org/marvel.wikia.com/resource/Culver_University	=	1.0000
http://dbkwik.webdatacommons.org/marvelcinematicuniverse.wikia.com/resource/Category:Black_Order_Members	http://dbkwik.webdatacommons.org/marvel.wikia.com/resource/Category:Black_Order_members	=	1.0000
http://dbkwik.webdatacommons.org/marvelcinematicuniverse.wikia.com/resource/South_Carolina	http://dbkwik.webdatacommons.org/marvel.wikia.com/resource/South_Carolina	=	1.0000
http://marvelcinematicuniverse.wikia.com/wiki/Special:FilePath/Rose.jpg	http://marvel.wikia.com/wiki/Special:FilePath/rose.jpg	=	1.0000
http://marvelcinematicuniverse.wikia.com/wiki/Special:FilePath/Liz_Friedlander.jpg?width=300	http://marvel.wikia.com/wiki/Special:FilePath/Liz_Friedlander.jpg?width=300	=	1.0000
http://dbkwik.webdatacommons.org/marvelcinematicuniverse.wikia.com/resource/Hawaii	http://dbkwik.webdatacommons.org/marvel.wikia.com/resource/Hawaii	=	1.0000
http://dbkwik.webdatacommons.org/marvelcinematicuniverse.wikia.com/resource/Xandar	http://dbkwik.webdatacommons.org/marvel.wikia.com/resource/Xandar	=	1.0000
http://marvelcinematicuniverse.wikia.com/wiki/Special:FilePath/Flag_of_Haiti.png?width=300	http://marvel.wikia.com/wiki/Special:FilePath/Flag_of_Haiti.png?width=300	=	1.0000
http://marvelcinematicuniverse.wikia.com/wiki/Special:FilePath/David_Mack.jpg?width=300	http://marvel.wikia.com/wiki/Special:FilePath/David_Mack.jpg?width=300	=	1.0000
http://marvelcinematicuniverse.wikia.com/wiki/Special:FilePath/Dearbhla_Walsh.jpg?width=300	http://marvel.wikia.com/wiki/Special:FilePath/Dearbhla_Walsh.jpg?width=300	=	1.0000
http://marvelcinematicuniverse.wikia.com/wiki/Special:FilePath/Scott_Hanna.jpg?width=300	http://marvel.wikia.com/wiki/Special:FilePath/Scott_Hanna.jpg?width=300	=	1.0000
http://dbkwik.webdatacommons.org/marvelcinematicuniverse.wikia.com/resource/Darkforce/Gallery	http://dbkwik.webdatacommons.org/marvel.wikia.com/resource/Darkforce/Gallery	=	1.0000
http://dbkwik.webdatacommons.org/marvelcinematicuniverse.wikia.com/resource/Marvel_One-Shot:_All_Hail_the_King	http://dbkwik.webdatacommons.org/marvel.wikia.com/resource/Marvel_One-Shot:_All_Hail_the_King	=	1.0000
http://dbkwik.webdatacommons.org/marvelcinematicuniverse.wikia.com/resource/King_Cobra	http://dbkwik.webdatacommons.org/marvel.wikia.com/resource/King_Cobra	=	1.0000
http://dbkwik.webdatacommons.org/marvelcinematicuniverse.wikia.com/resource/Kyln/Gallery	http://dbkwik.webdatacommons.org/marvel.wikia.com/resource/Kyln/Gallery	=	1.0000
http://marvelcinematicuniverse.wikia.com/wiki/Special:FilePath/Scott_Koblish.jpg?width=300	http://marvel.wikia.com/wiki/Special:FilePath/;_Scott_Koblish.jpg?width=300	=	1.0000
http://marvelcinematicuniverse.wikia.com/wiki/Special:FilePath/Sneha_Koorse.jpg	http://marvel.wikia.com/wiki/Special:FilePath/Sneha_Koorse.jpg	=	1.0000
http://dbkwik.webdatacommons.org/marvelcinematicuniverse.wikia.com/resource/Steph_Green	http://dbkwik.webdatacommons.org/marvel.wikia.com/resource/Steph_Green	=	1.0000
http://dbkwik.webdatacommons.org/marvelcinematicuniverse.wikia.com/resource/Zetna_Fuentes	http://dbkwik.webdatacommons.org/marvel.wikia.com/resource/Zetna_Fuentes	=	1.0000
http://dbkwik.webdatacommons.org/marvelcinematicuniverse.wikia.com/resource/Kelly_Van_Horn	http://dbkwik.webdatacommons.org/marvel.wikia.com/resource/Kelly_Van_Horn	=	1.0000
http://dbkwik.webdatacommons.org/marvelcinematicuniverse.wikia.com/resource/Shockwave	http://dbkwik.webdatacommons.org/marvel.wikia.com/resource/Shockwave	=	1.0000
http://dbkwik.webdatacommons.org/marvelcinematicuniverse.wikia.com/resource/Iron_Man_2:_The_Official_Movie_Storybook	http://dbkwik.webdatacommons.org/marvel.wikia.com/resource/Iron_Man_2:_The_Official_Movie_Storybook	=	1.0000
http://dbkwik.webdatacommons.org/marvelcinematicuniverse.wikia.com/resource/Life-Model_Decoy	http://dbkwik.webdatacommons.org/marvel.wikia.com/resource/Life-Model_Decoy	=	1.0000
http://dbkwik.webdatacommons.org/marvelcinematicuniverse.wikia.com/resource/Rivals	http://dbkwik.webdatacommons.org/marvel.wikia.com/resource/Rivals	=	1.0000
http://marvelcinematicuniverse.wikia.com/wiki/Special:FilePath/Photostatic_Veil.png?width=300	http://marvel.wikia.com/wiki/Special:FilePath/Photostatic_Veil.png?width=300	=	1.0000
http://dbkwik.webdatacommons.org/marvelcinematicuniverse.wikia.com/resource/Donna_Strange	http://dbkwik.webdatacommons.org/marvel.wikia.com/resource/Donna_Strange	=	1.0000
http://dbkwik.webdatacommons.org/marvelcinematicuniverse.wikia.com/resource/Troy_Benjamin	http://dbkwik.webdatacommons.org/marvel.wikia.com/resource/Troy_Benjamin	=	1.0000
http://dbkwik.webdatacommons.org/marvelcinematicuniverse.wikia.com/resource/Stan_Lee	http://dbkwik.webdatacommons.org/marvel.wikia.com/resource/Stan_Lee	=	1.0000
http://dbkwik.webdatacommons.org/marvelcinematicuniverse.wikia.com/resource/Category:New_Warriors	http://dbkwik.webdatacommons.org/marvel.wikia.com/resource/Category:New_Warriors	=	1.0000
http://dbkwik.webdatacommons.org/marvelcinematicuniverse.wikia.com/resource/Category:Robots	http://dbkwik.webdatacommons.org/marvel.wikia.com/resource/Category:Robots	=	1.0000
http://dbkwik.webdatacommons.org/marvelcinematicuniverse.wikia.com/resource/Spider-Man:_Far_From_Home	http://dbkwik.webdatacommons.org/marvel.wikia.com/resource/Spider-Man:_Far_From_Home	=	1.0000
http://marvelcinematicuniverse.wikia.com/wiki/Special:FilePath/Howard_duck.png?width=300	http://marvel.wikia.com/wiki/Special:FilePath/Howard_duck.png?width=300	=	1.0000
http://dbkwik.webdatacommons.org/marvelcinematicuniverse.wikia.com/resource/Category:Hidden_categories	http://dbkwik.webdatacommons.org/marvel.wikia.com/resource/Category:Hidden_categories	=	1.0000
http://dbkwik.webdatacommons.org/marvelcinematicuniverse.wikia.com/resource/Betty_Brant	http://dbkwik.webdatacommons.org/marvel.wikia.com/resource/Betty_Brant	=	1.0000
http://dbkwik.webdatacommons.org/marvelcinematicuniverse.wikia.com/resource/Paul_Rudd	http://dbkwik.webdatacommons.org/marvel.wikia.com/resource/Paul_Rudd	=	1.0000
http://dbkwik.webdatacommons.org/marvelcinematicuniverse.wikia.com/resource/Gary_(Cameraman)	http://dbkwik.webdatacommons.org/marvel.wikia.com/resource/Gary_(Cameraman)	=	1.0000
http://dbkwik.webdatacommons.org/marvelcinematicuniverse.wikia.com/resource/Kaecilius	http://dbkwik.webdatacommons.org/marvel.wikia.com/resource/Kaecilius	=	1.0000
http://dbkwik.webdatacommons.org/marvelcinematicuniverse.wikia.com/resource/Fandral	http://dbkwik.webdatacommons.org/marvel.wikia.com/resource/Fandral	=	1.0000
http://dbkwik.webdatacommons.org/marvelcinematicuniverse.wikia.com/resource/Sterling	http://dbkwik.webdatacommons.org/marvel.wikia.com/resource/Sterling	=	1.0000
http://dbkwik.webdatacommons.org/marvelcinematicuniverse.wikia.com/class/delete	http://dbkwik.webdatacommons.org/marvel.wikia.com/class/delete	=	1.0000
http://marvelcinematicuniverse.wikia.com/wiki/Special:FilePath/Ramon_Rosanas.jpg?width=300	http://marvel.wikia.com/wiki/Special:FilePath/Ramon_Rosanas.jpg?width=300	=	1.0000
http://dbkwik.webdatacommons.org/marvelcinematicuniverse.wikia.com/resource/Colleen_Wing	http://dbkwik.webdatacommons.org/marvel.wikia.com/resource/Colleen_Wing	=	1.0000
http://marvelcinematicuniverse.wikia.com/wiki/Special:FilePath/Flag_of_Cambodia.png	http://marvel.wikia.com/wiki/Special:FilePath/Flag_of_Cambodia.png	=	1.0000
http://dbkwik.webdatacommons.org/marvelcinematicuniverse.wikia.com/resource/Triton	http://dbkwik.webdatacommons.org/marvel.wikia.com/resource/Triton	=	1.0000
http://dbkwik.webdatacommons.org/marvelcinematicuniverse.wikia.com/resource/Glendale	http://dbkwik.webdatacommons.org/marvel.wikia.com/resource/Glendale	=	1.0000
http://dbkwik.webdatacommons.org/marvelcinematicuniverse.wikia.com/resource/Griffith_Observatory	http://dbkwik.webdatacommons.org/marvel.wikia.com/resource/Griffith_Observatory	=	1.0000
http://dbkwik.webdatacommons.org/marvelcinematicuniverse.wikia.com/resource/Esther	http://dbkwik.webdatacommons.org/marvel.wikia.com/resource/Esther	=	1.0000
http://dbkwik.webdatacommons.org/marvelcinematicuniverse.wikia.com/resource/Guidebook_to_the_Marvel_Cinematic_Universe	http://dbkwik.webdatacommons.org/marvel.wikia.com/resource/Guidebook_to_the_Marvel_Cinematic_Universe	=	1.0000
http://marvelcinematicuniverse.wikia.com/wiki/Special:FilePath/Dave_Bullock.jpg?width=300	http://marvel.wikia.com/wiki/Special:FilePath/Dave_Bullock.jpg?width=300	=	1.0000
http://dbkwik.webdatacommons.org/marvelcinematicuniverse.wikia.com/resource/Category:Dancers	http://dbkwik.webdatacommons.org/marvel.wikia.com/resource/Category:Dancers	=	1.0000
http://dbkwik.webdatacommons.org/marvelcinematicuniverse.wikia.com/resource/Todd_McFarlane	http://dbkwik.webdatacommons.org/marvel.wikia.com/resource/Todd_McFarlane	=	1.0000
http://dbkwik.webdatacommons.org/marvelcinematicuniverse.wikia.com/resource/Iron_Monger_Armor	http://dbkwik.webdatacommons.org/marvel.wikia.com/resource/Iron_Monger_Armor	=	1.0000
http://marvelcinematicuniverse.wikia.com/wiki/Special:FilePath/Jennifer_Lynch.jpg	http://marvel.wikia.com/wiki/Special:FilePath/Jennifer_Lynch.jpg	=	1.0000
http://dbkwik.webdatacommons.org/marvelcinematicuniverse.wikia.com/resource/South_Bend	http://dbkwik.webdatacommons.org/marvel.wikia.com/resource/South_Bend	=	1.0000
http://dbkwik.webdatacommons.org/marvelcinematicuniverse.wikia.com/resource/Long_Beach	http://dbkwik.webdatacommons.org/marvel.wikia.com/resource/Long_Beach	=	1.0000
http://dbkwik.webdatacommons.org/marvelcinematicuniverse.wikia.com/resource/Toro	http://dbkwik.webdatacommons.org/marvel.wikia.com/resource/Toro	=	1.0000
http://dbkwik.webdatacommons.org/marvelcinematicuniverse.wikia.com/resource/Wormhole	http://dbkwik.webdatacommons.org/marvel.wikia.com/resource/Wormhole	=	1.0000
http://dbkwik.webdatacommons.org/marvelcinematicuniverse.wikia.com/resource/Ragnarök	http://dbkwik.webdatacommons.org/marvel.wikia.com/resource/Ragnarok	=	1.0000
http://marvelcinematicuniverse.wikia.com/wiki/Special:FilePath/Wai-Go_Industries.png	http://marvel.wikia.com/wiki/Special:FilePath/Wai-Go_Industries.png	=	1.0000
http://dbkwik.webdatacommons.org/marvelcinematicuniverse.wikia.com/resource/Sharla_Oliver	http://dbkwik.webdatacommons.org/marvel.wikia.com/resource/Sharla_Oliver	=	1.0000
http://dbkwik.webdatacommons.org/marvelcinematicuniverse.wikia.com/resource/Category:Advanced_Threat_Containment_Unit_Members	http://dbkwik.webdatacommons.org/marvel.wikia.com/resource/Category:Advanced_Threat_Containment_Unit_members	=	1.0000
http://dbkwik.webdatacommons.org/marvelcinematicuniverse.wikia.com/resource/Category:Jabari_Tribe_Members	http://dbkwik.webdatacommons.org/marvel.wikia.com/resource/Category:Jabari_Tribe_members	=	1.0000
http://dbkwik.webdatacommons.org/marvelcinematicuniverse.wikia.com/resource/Category:Kree_Vehicles	http://dbkwik.webdatacommons.org/marvel.wikia.com/resource/Category:Kree_Vehicles	=	1.0000
http://dbkwik.webdatacommons.org/marvelcinematicuniverse.wikia.com/resource/Category:Howling_Commandos_Members	http://dbkwik.webdatacommons.org/marvel.wikia.com/resource/Category:Howling_Commandos_members	=	1.0000
http://dbkwik.webdatacommons.org/marvelcinematicuniverse.wikia.com/resource/Triskelion/Gallery	http://dbkwik.webdatacommons.org/marvel.wikia.com/resource/Triskelion/Gallery	=	1.0000
http://dbkwik.webdatacommons.org/marvelcinematicuniverse.wikia.com/resource/Pearl_Harbor	http://dbkwik.webdatacommons.org/marvel.wikia.com/resource/Pearl_Harbor	=	1.0000
http://dbkwik.webdatacommons.org/marvelcinematicuniverse.wikia.com/resource/Stuart_Vandal	http://dbkwik.webdatacommons.org/marvel.wikia.com/resource/Stuart_Vandal	=	1.0000
http://marvelcinematicuniverse.wikia.com/wiki/Special:FilePath/Andrea_Di_Vito.jpg	http://marvel.wikia.com/wiki/Special:FilePath/Andrea_DiVito.jpg	=	1.0000
http://dbkwik.webdatacommons.org/marvelcinematicuniverse.wikia.com/resource/Avengers:_Assemble!	http://dbkwik.webdatacommons.org/marvel.wikia.com/resource/Avengers_Assemble	=	1.0000
http://dbkwik.webdatacommons.org/marvelcinematicuniverse.wikia.com/resource/Ry_Russo-Young	http://dbkwik.webdatacommons.org/marvel.wikia.com/resource/Ry_Russo-Young	=	1.0000
http://marvelcinematicuniverse.wikia.com/wiki/Special:FilePath/Rose.jpg?width=300	http://marvel.wikia.com/wiki/Special:FilePath/rose.jpg?width=300	=	1.0000
http://dbkwik.webdatacommons.org/marvelcinematicuniverse.wikia.com/resource/Christopher_Allen	http://dbkwik.webdatacommons.org/marvel.wikia.com/resource/Christopher_Allen	=	1.0000
http://dbkwik.webdatacommons.org/marvelcinematicuniverse.wikia.com/resource/Narobia	http://dbkwik.webdatacommons.org/marvel.wikia.com/resource/Narobia	=	1.0000
http://marvelcinematicuniverse.wikia.com/wiki/Special:FilePath/Dana_Baratta.jpg	http://marvel.wikia.com/wiki/Special:FilePath/Dana_Baratta.jpg	=	1.0000
http://dbkwik.webdatacommons.org/marvelcinematicuniverse.wikia.com/resource/Category:Serpent_Society	http://dbkwik.webdatacommons.org/marvel.wikia.com/resource/Category:Serpent_Society	=	1.0000
http://dbkwik.webdatacommons.org/marvelcinematicuniverse.wikia.com/resource/Luke_Cage%27s_Apartment	http://dbkwik.webdatacommons.org/marvel.wikia.com/resource/Luke_Cage%27s_Apartment	=	1.0000
http://dbkwik.webdatacommons.org/marvelcinematicuniverse.wikia.com/resource/Iron_Cross	http://dbkwik.webdatacommons.org/marvel.wikia.com/resource/Iron_Cross	=	1.0000
http://dbkwik.webdatacommons.org/marvelcinematicuniverse.wikia.com/resource/Raft/Gallery	http://dbkwik.webdatacommons.org/marvel.wikia.com/resource/Raft/Gallery	=	1.0000
http://marvelcinematicuniverse.wikia.com/wiki/Special:FilePath/John_C._Kelley.jpg	http://marvel.wikia.com/wiki/Special:FilePath/John_C._Kelley.jpg	=	1.0000
http://dbkwik.webdatacommons.org/marvelcinematicuniverse.wikia.com/resource/Yaka_Arrow_Controller/Gallery	http://dbkwik.webdatacommons.org/marvel.wikia.com/resource/Yaka_Arrow_Controller/Gallery	=	1.0000
http://dbkwik.webdatacommons.org/marvelcinematicuniverse.wikia.com/resource/Category:S.H.I.E.L.D._Equipment	http://dbkwik.webdatacommons.org/marvel.wikia.com/resource/Category:S.H.I.E.L.D._Equipment	=	1.0000
http://marvelcinematicuniverse.wikia.com/wiki/Special:FilePath/Night-Night_Pistol.png?width=300	http://marvel.wikia.com/wiki/Special:FilePath/NightNightPistol.png?width=300	=	1.0000
http://dbkwik.webdatacommons.org/marvelcinematicuniverse.wikia.com/resource/Watts	http://dbkwik.webdatacommons.org/marvel.wikia.com/resource/Watts	=	1.0000
http://dbkwik.webdatacommons.org/marvelcinematicuniverse.wikia.com/resource/Echidna_Capital_Management	http://dbkwik.webdatacommons.org/marvel.wikia.com/resource/Echidna_Capital_Management	=	1.0000
http://marvelcinematicuniverse.wikia.com/wiki/Special:FilePath/Chris_Fisher.jpg	http://marvel.wikia.com/wiki/Special:FilePath/Chris_Fisher.jpg	=	1.0000
http://dbkwik.webdatacommons.org/marvelcinematicuniverse.wikia.com/resource/Hugo_Petrus	http://dbkwik.webdatacommons.org/marvel.wikia.com/resource/Hugo_Petrus	=	1.0000
http://marvelcinematicuniverse.wikia.com/wiki/Special:FilePath/Craig_Kyle.jpg	http://marvel.wikia.com/wiki/Special:FilePath/Craig_Kyle.jpg	=	1.0000
http://dbkwik.webdatacommons.org/marvelcinematicuniverse.wikia.com/resource/Rosemary_Rodriguez	http://dbkwik.webdatacommons.org/marvel.wikia.com/resource/Rosemary_Rodriguez	=	1.0000
http://marvelcinematicuniverse.wikia.com/wiki/Special:FilePath/Hulk.png	http://marvel.wikia.com/wiki/Special:FilePath/Hulk.png	=	1.0000
http://dbkwik.webdatacommons.org/marvelcinematicuniverse.wikia.com/resource/Stark_Industries	http://dbkwik.webdatacommons.org/marvel.wikia.com/resource/Stark_Industries	=	1.0000
http://dbkwik.webdatacommons.org/marvelcinematicuniverse.wikia.com/resource/Dover	http://dbkwik.webdatacommons.org/marvel.wikia.com/resource/Dover	=	1.0000
http://dbkwik.webdatacommons.org/marvelcinematicuniverse.wikia.com/resource/Lisbon	http://dbkwik.webdatacommons.org/marvel.wikia.com/resource/Lisbon	=	1.0000
http://dbkwik.webdatacommons.org/marvelcinematicuniverse.wikia.com/property/war	http://dbkwik.webdatacommons.org/marvel.wikia.com/resource/War	=	1.0000
http://dbkwik.webdatacommons.org/marvelcinematicuniverse.wikia.com/resource/Luke_Ross	http://dbkwik.webdatacommons.org/marvel.wikia.com/resource/Luke_Ross	=	1.0000
http://dbkwik.webdatacommons.org/marvelcinematicuniverse.wikia.com/resource/Quake	http://dbkwik.webdatacommons.org/marvel.wikia.com/resource/Quake	=	1.0000
http://dbkwik.webdatacommons.org/marvelcinematicuniverse.wikia.com/resource/Heinrich_Himmler	http://dbkwik.webdatacommons.org/marvel.wikia.com/resource/Heinrich_Himmler	=	1.0000
http://dbkwik.webdatacommons.org/marvelcinematicuniverse.wikia.com/resource/Guernica	http://dbkwik.webdatacommons.org/marvel.wikia.com/resource/Guernica	=	1.0000
http://dbkwik.webdatacommons.org/marvelcinematicuniverse.wikia.com/resource/Dwarves	http://dbkwik.webdatacommons.org/marvel.wikia.com/resource/Dwarves	=	1.0000
http://dbkwik.webdatacommons.org/marvelcinematicuniverse.wikia.com/resource/Knowhere/Gallery	http://dbkwik.webdatacommons.org/marvel.wikia.com/resource/Knowhere/Gallery	=	1.0000
http://dbkwik.webdatacommons.org/marvelcinematicuniverse.wikia.com/resource/New_Warriors	http://dbkwik.webdatacommons.org/marvel.wikia.com/resource/New_Warriors	=	1.0000
http://dbkwik.webdatacommons.org/marvelcinematicuniverse.wikia.com/resource/Rat	http://dbkwik.webdatacommons.org/marvel.wikia.com/resource/Rat	=	1.0000
http://marvelcinematicuniverse.wikia.com/wiki/Special:FilePath/Flag_of_Syria.png?width=300	http://marvel.wikia.com/wiki/Special:FilePath/Flag_of_Syria.png?width=300	=	1.0000
http://dbkwik.webdatacommons.org/marvelcinematicuniverse.wikia.com/resource/Grandmaster	http://dbkwik.webdatacommons.org/marvel.wikia.com/resource/Grandmaster	=	1.0000
http://marvelcinematicuniverse.wikia.com/wiki/Special:FilePath/David_Platt.jpg?width=300	http://marvel.wikia.com/wiki/Special:FilePath/David_Platt.jpg?width=300	=	1.0000
http://dbkwik.webdatacommons.org/marvelcinematicuniverse.wikia.com/resource/Crimson_Bands_of_Cyttorak/Gallery	http://dbkwik.webdatacommons.org/marvel.wikia.com/resource/Crimson_Bands_of_Cyttorak/Gallery	=	1.0000
http://marvelcinematicuniverse.wikia.com/wiki/Special:FilePath/Lisa_Lassek.jpg?width=300	http://marvel.wikia.com/wiki/Special:FilePath/Lisa_Lassek.jpg?width=300	=	1.0000
http://dbkwik.webdatacommons.org/marvelcinematicuniverse.wikia.com/resource/Broxton	http://dbkwik.webdatacommons.org/marvel.wikia.com/resource/Broxton	=	1.0000
http://dbkwik.webdatacommons.org/marvelcinematicuniverse.wikia.com/resource/Sleipnir	http://dbkwik.webdatacommons.org/marvel.wikia.com/resource/Sleipnir	=	1.0000
http://marvelcinematicuniverse.wikia.com/wiki/Special:FilePath/Elektra.png	http://marvel.wikia.com/wiki/Special:FilePath/Elektra.png	=	1.0000
http://dbkwik.webdatacommons.org/marvelcinematicuniverse.wikia.com/resource/Category:Criminals	http://dbkwik.webdatacommons.org/marvel.wikia.com/resource/Category:Criminals	=	1.0000
http://marvelcinematicuniverse.wikia.com/wiki/Special:FilePath/Neil_Edwards.jpg	http://marvel.wikia.com/wiki/Special:FilePath/Neil_Edwards.jpg	=	1.0000
http://marvelcinematicuniverse.wikia.com/wiki/Special:FilePath/Patsy_Walker,_A.K.A._Hellcat!_Vol_1_7_Tedesco_Variant.jpg?width=300	http://marvel.wikia.com/wiki/Special:FilePath/Patsy_Walker,_A.K.A._Hellcat!_Vol_1_7_Tedesco_Variant.jpg?width=300	=	1.0000
http://dbkwik.webdatacommons.org/marvelcinematicuniverse.wikia.com/resource/Stamford	http://dbkwik.webdatacommons.org/marvel.wikia.com/resource/Stamford	=	1.0000
http://dbkwik.webdatacommons.org/marvelcinematicuniverse.wikia.com/resource/Centipede_Device/Gallery	http://dbkwik.webdatacommons.org/marvel.wikia.com/resource/Centipede_Device/Gallery	=	1.0000
http://dbkwik.webdatacommons.org/marvelcinematicuniverse.wikia.com/resource/Category:Warriors_Three_Members	http://dbkwik.webdatacommons.org/marvel.wikia.com/resource/Category:Warriors_Three_members	=	1.0000
http://dbkwik.webdatacommons.org/marvelcinematicuniverse.wikia.com/resource/Herman_Zemo	http://dbkwik.webdatacommons.org/marvel.wikia.com/resource/Herman_Zemo	=	1.0000
http://marvelcinematicuniverse.wikia.com/wiki/Special:FilePath/Flag_of_Colombia.png?width=300	http://marvel.wikia.com/wiki/Special:FilePath/Flag_of_Colombia.png?width=300	=	1.0000
http://dbkwik.webdatacommons.org/marvelcinematicuniverse.wikia.com/resource/Category:Videos	http://dbkwik.webdatacommons.org/marvel.wikia.com/resource/Category:Videos	=	1.0000
http://dbkwik.webdatacommons.org/marvelcinematicuniverse.wikia.com/resource/Laura_Villari	http://dbkwik.webdatacommons.org/marvel.wikia.com/resource/Laura_Villari	=	1.0000
http://dbkwik.webdatacommons.org/marvelcinematicuniverse.wikia.com/resource/Guatemala	http://dbkwik.webdatacommons.org/marvel.wikia.com/resource/Guatemala	=	1.0000
http://dbkwik.webdatacommons.org/marvelcinematicuniverse.wikia.com/resource/Ryan_Meinerding	http://dbkwik.webdatacommons.org/marvel.wikia.com/resource/Ryan_Meinerding	=	1.0000
http://dbkwik.webdatacommons.org/marvelcinematicuniverse.wikia.com/resource/Kuwait	http://dbkwik.webdatacommons.org/marvel.wikia.com/resource/Kuwait	=	1.0000
http://dbkwik.webdatacommons.org/marvelcinematicuniverse.wikia.com/resource/Matt_Owens	http://dbkwik.webdatacommons.org/marvel.wikia.com/resource/Matt_Owens	=	1.0000
http://dbkwik.webdatacommons.org/marvelcinematicuniverse.wikia.com/resource/Otis_Johnson	http://dbkwik.webdatacommons.org/marvel.wikia.com/resource/Otis_Johnson	=	1.0000
http://dbkwik.webdatacommons.org/marvelcinematicuniverse.wikia.com/resource/Madrid	http://dbkwik.webdatacommons.org/marvel.wikia.com/resource/Madrid	=	1.0000
http://dbkwik.webdatacommons.org/marvelcinematicuniverse.wikia.com/property/builder	http://dbkwik.webdatacommons.org/marvel.wikia.com/resource/Builder	=	1.0000
http://dbkwik.webdatacommons.org/marvelcinematicuniverse.wikia.com/resource/Ikaris	http://dbkwik.webdatacommons.org/marvel.wikia.com/resource/Ikaris	=	1.0000
http://dbkwik.webdatacommons.org/marvelcinematicuniverse.wikia.com/resource/Salli_Richardson-Whitfield	http://dbkwik.webdatacommons.org/marvel.wikia.com/resource/Salli_Richardson-Whitfield	=	1.0000
http://dbkwik.webdatacommons.org/marvelcinematicuniverse.wikia.com/resource/Georgi_Luchkov	http://dbkwik.webdatacommons.org/marvel.wikia.com/resource/Georgi_Luchkov	=	1.0000
http://dbkwik.webdatacommons.org/marvelcinematicuniverse.wikia.com/resource/Kansas_City	http://dbkwik.webdatacommons.org/marvel.wikia.com/resource/Kansas_City	=	1.0000
http://dbkwik.webdatacommons.org/marvelcinematicuniverse.wikia.com/resource/Christian_Taylor	http://dbkwik.webdatacommons.org/marvel.wikia.com/resource/Christian_Taylor	=	1.0000
http://dbkwik.webdatacommons.org/marvelcinematicuniverse.wikia.com/resource/Patrick_Olliffe	http://dbkwik.webdatacommons.org/marvel.wikia.com/resource/Patrick_Olliffe	=	1.0000
http://dbkwik.webdatacommons.org/marvelcinematicuniverse.wikia.com/resource/John_Buscema	http://dbkwik.webdatacommons.org/marvel.wikia.com/resource/John_Buscema	=	1.0000
http://dbkwik.webdatacommons.org/marvelcinematicuniverse.wikia.com/resource/Cube	http://dbkwik.webdatacommons.org/marvel.wikia.com/resource/Cube	=	1.0000
http://dbkwik.webdatacommons.org/marvelcinematicuniverse.wikia.com/resource/Nicole_Perlman	http://dbkwik.webdatacommons.org/marvel.wikia.com/resource/Nicole_Perlman	=	1.0000
http://marvelcinematicuniverse.wikia.com/wiki/Special:FilePath/Patrick_Norris.jpg?width=300	http://marvel.wikia.com/wiki/Special:FilePath/Patrick_Norris.jpg?width=300	=	1.0000
http://dbkwik.webdatacommons.org/marvelcinematicuniverse.wikia.com/resource/Mangog	http://dbkwik.webdatacommons.org/marvel.wikia.com/resource/Mangog	=	1.0000
http://dbkwik.webdatacommons.org/marvelcinematicuniverse.wikia.com/resource/Vega	http://dbkwik.webdatacommons.org/marvel.wikia.com/resource/Vega	=	1.0000
http://marvelcinematicuniverse.wikia.com/wiki/Special:FilePath/Iden_Baghdadchi.jpg	http://marvel.wikia.com/wiki/Special:FilePath/Iden_Baghdadchi.jpg	=	1.0000
http://dbkwik.webdatacommons.org/marvelcinematicuniverse.wikia.com/resource/Argentina	http://dbkwik.webdatacommons.org/marvel.wikia.com/resource/Argentina	=	1.0000
http://dbkwik.webdatacommons.org/marvelcinematicuniverse.wikia.com/resource/Vanir	http://dbkwik.webdatacommons.org/marvel.wikia.com/resource/Vanir	=	1.0000
http://dbkwik.webdatacommons.org/marvelcinematicuniverse.wikia.com/resource/Port-au-Prince	http://dbkwik.webdatacommons.org/marvel.wikia.com/resource/Port-au-Prince	=	1.0000
http://dbkwik.webdatacommons.org/marvelcinematicuniverse.wikia.com/resource/Black_Mariah	http://dbkwik.webdatacommons.org/marvel.wikia.com/resource/Black_Mariah	=	1.0000
http://marvelcinematicuniverse.wikia.com/wiki/Special:FilePath/Flag_of_Croatia.png?width=300	http://marvel.wikia.com/wiki/Special:FilePath/Flag_of_Croatia.png?width=300	=	1.0000
http://dbkwik.webdatacommons.org/marvelcinematicuniverse.wikia.com/resource/Bahrain	http://dbkwik.webdatacommons.org/marvel.wikia.com/resource/Bahrain	=	1.0000
http://marvelcinematicuniverse.wikia.com/wiki/Special:FilePath/John_Rauch.jpg?width=300	http://marvel.wikia.com/wiki/Special:FilePath/John_Rauch.jpg?width=300	=	1.0000
http://dbkwik.webdatacommons.org/marvelcinematicuniverse.wikia.com/resource/Andrea_Di_Vito	http://dbkwik.webdatacommons.org/marvel.wikia.com/resource/Andrea_Di_Vito	=	1.0000
http://dbkwik.webdatacommons.org/marvelcinematicuniverse.wikia.com/resource/Joe_Caramagna	http://dbkwik.webdatacommons.org/marvel.wikia.com/resource/Joe_Caramagna	=	1.0000
http://dbkwik.webdatacommons.org/marvelcinematicuniverse.wikia.com/resource/Osiris	http://dbkwik.webdatacommons.org/marvel.wikia.com/resource/Osiris	=	1.0000
http://marvelcinematicuniverse.wikia.com/wiki/Special:FilePath/Budapest.png?width=300	http://marvel.wikia.com/wiki/Special:FilePath/Budapest.png?width=300	=	1.0000
http://marvelcinematicuniverse.wikia.com/wiki/Special:FilePath/Flag_of_Scotland.png	http://marvel.wikia.com/wiki/Special:FilePath/Flag_of_Scotland.png	=	1.0000
http://marvelcinematicuniverse.wikia.com/wiki/Special:FilePath/Elektra.png?width=300	http://marvel.wikia.com/wiki/Special:FilePath/Elektra.png?width=300	=	1.0000
http://dbkwik.webdatacommons.org/marvelcinematicuniverse.wikia.com/resource/Terma	http://dbkwik.webdatacommons.org/marvel.wikia.com/resource/Terma	=	1.0000
http://dbkwik.webdatacommons.org/marvelcinematicuniverse.wikia.com/resource/Silicon_Valley	http://dbkwik.webdatacommons.org/marvel.wikia.com/resource/Silicon_Valley	=	1.0000
http://dbkwik.webdatacommons.org/marvelcinematicuniverse.wikia.com/resource/Stewart_Schmidt	http://dbkwik.webdatacommons.org/marvel.wikia.com/resource/Stewart_Schmidt	=	1.0000
http://dbkwik.webdatacommons.org/marvelcinematicuniverse.wikia.com/resource/Seymour_O%27Reilly	http://dbkwik.webdatacommons.org/marvel.wikia.com/resource/Seymour_O%27Reilly	=	1.0000
http://marvelcinematicuniverse.wikia.com/wiki/Special:FilePath/Topaz.jpg?width=300	http://marvel.wikia.com/wiki/Special:FilePath/Topaz.jpg?width=300	=	1.0000
http://dbkwik.webdatacommons.org/marvelcinematicuniverse.wikia.com/resource/Francis_Xavier_Delgado	http://dbkwik.webdatacommons.org/marvel.wikia.com/resource/Francis_Xavier_Delgado	=	1.0000
http://dbkwik.webdatacommons.org/marvelcinematicuniverse.wikia.com/resource/Richard_Wagner	http://dbkwik.webdatacommons.org/marvel.wikia.com/resource/Richard_Wagner	=	1.0000
http://marvelcinematicuniverse.wikia.com/wiki/Special:FilePath/Patriot.jpg	http://marvel.wikia.com/wiki/Special:FilePath/Patriot.jpg	=	1.0000
http://marvelcinematicuniverse.wikia.com/wiki/Special:FilePath/Death.jpg	http://marvel.wikia.com/wiki/Special:FilePath/Death.jpg	=	1.0000
http://dbkwik.webdatacommons.org/marvelcinematicuniverse.wikia.com/resource/Roel_Reiné	http://dbkwik.webdatacommons.org/marvel.wikia.com/resource/Roel_Reiné	=	1.0000
http://dbkwik.webdatacommons.org/marvelcinematicuniverse.wikia.com/resource/Armenia	http://dbkwik.webdatacommons.org/marvel.wikia.com/resource/Armenia	=	1.0000
http://dbkwik.webdatacommons.org/marvelcinematicuniverse.wikia.com/resource/Daredevil%27s_Billy_Club	http://dbkwik.webdatacommons.org/marvel.wikia.com/resource/Daredevil%27s_Billy_Club	=	1.0000
http://dbkwik.webdatacommons.org/marvelcinematicuniverse.wikia.com/resource/Bast	http://dbkwik.webdatacommons.org/marvel.wikia.com/resource/Bast	=	1.0000
http://dbkwik.webdatacommons.org/marvelcinematicuniverse.wikia.com/resource/Brent_Fletcher	http://dbkwik.webdatacommons.org/marvel.wikia.com/resource/Brent_Fletcher	=	1.0000
http://dbkwik.webdatacommons.org/marvelcinematicuniverse.wikia.com/resource/Christian_Ward	http://dbkwik.webdatacommons.org/marvel.wikia.com/resource/Christian_Ward	=	1.0000
http://dbkwik.webdatacommons.org/marvelcinematicuniverse.wikia.com/resource/Celestials	http://dbkwik.webdatacommons.org/marvel.wikia.com/resource/Celestials	=	1.0000
http://marvelcinematicuniverse.wikia.com/wiki/Special:FilePath/Hive_(Earth-199999)_from_Marvel%27s_Agents_of_S.H.I.E.L.D._Season_3_22_001.jpg?width=300	http://marvel.wikia.com/wiki/Special:FilePath/Hive_(Earth-199999)_from_Marvel%27s_Agents_of_S.H.I.E.L.D._Season_3_22_001.jpg?width=300	=	1.0000
http://marvelcinematicuniverse.wikia.com/wiki/Special:FilePath/Flag_of_Italy.png	http://marvel.wikia.com/wiki/Special:FilePath/Flag_of_Italy.png	=	1.0000
http://marvelcinematicuniverse.wikia.com/wiki/Special:FilePath/Salli_Richardson-Whitfield.jpg	http://marvel.wikia.com/wiki/Special:FilePath/Salli_Richardson-Whitfield.jpg	=	1.0000
http://dbkwik.webdatacommons.org/marvelcinematicuniverse.wikia.com/resource/Reginald_Hudlin	http://dbkwik.webdatacommons.org/marvel.wikia.com/resource/Reginald_Hudlin	=	1.0000
http://dbkwik.webdatacommons.org/marvelcinematicuniverse.wikia.com/resource/Tucson	http://dbkwik.webdatacommons.org/marvel.wikia.com/resource/Tucson	=	1.0000
http://dbkwik.webdatacommons.org/marvelcinematicuniverse.wikia.com/resource/Noah_Burstein	http://dbkwik.webdatacommons.org/marvel.wikia.com/resource/Noah_Burstein	=	1.0000
http://dbkwik.webdatacommons.org/marvelcinematicuniverse.wikia.com/resource/Maston-Dar	http://dbkwik.webdatacommons.org/marvel.wikia.com/resource/Maston-Dar	=	1.0000
http://dbkwik.webdatacommons.org/marvelcinematicuniverse.wikia.com/resource/Pym_Particles	http://dbkwik.webdatacommons.org/marvel.wikia.com/resource/Pym_Particles	=	1.0000
http://dbkwik.webdatacommons.org/marvelcinematicuniverse.wikia.com/resource/São_Paulo	http://dbkwik.webdatacommons.org/marvel.wikia.com/resource/São_Paulo	=	1.0000
http://dbkwik.webdatacommons.org/marvelcinematicuniverse.wikia.com/resource/Pentagon	http://dbkwik.webdatacommons.org/marvel.wikia.com/resource/Pentagon	=	1.0000
http://dbkwik.webdatacommons.org/marvelcinematicuniverse.wikia.com/resource/Constrictor	http://dbkwik.webdatacommons.org/marvel.wikia.com/resource/Constrictor	=	1.0000
http://marvelcinematicuniverse.wikia.com/wiki/Special:FilePath/Roxon_Norco.jpg?width=300	http://marvel.wikia.com/wiki/Special:FilePath/RoxonNorco.jpg?width=300	=	1.0000
http://dbkwik.webdatacommons.org/marvelcinematicuniverse.wikia.com/resource/Algiers	http://dbkwik.webdatacommons.org/marvel.wikia.com/resource/Algiers	=	1.0000
http://dbkwik.webdatacommons.org/marvelcinematicuniverse.wikia.com/resource/Luke_Kalteux	http://dbkwik.webdatacommons.org/marvel.wikia.com/resource/Luke_Kalteux	=	1.0000
http://dbkwik.webdatacommons.org/marvelcinematicuniverse.wikia.com/resource/Garry_A._Brown	http://dbkwik.webdatacommons.org/marvel.wikia.com/resource/Garry_A._Brown	=	1.0000
http://dbkwik.webdatacommons.org/marvelcinematicuniverse.wikia.com/resource/Quinton_Peeples	http://dbkwik.webdatacommons.org/marvel.wikia.com/resource/Quinton_Peeples	=	1.0000
http://dbkwik.webdatacommons.org/marvelcinematicuniverse.wikia.com/resource/Controller	http://dbkwik.webdatacommons.org/marvel.wikia.com/resource/Controller	=	1.0000
http://dbkwik.webdatacommons.org/marvelcinematicuniverse.wikia.com/resource/Nova_Corps	http://dbkwik.webdatacommons.org/marvel.wikia.com/resource/Nova_Corps	=	1.0000
http://dbkwik.webdatacommons.org/marvelcinematicuniverse.wikia.com/property/first	http://dbkwik.webdatacommons.org/marvel.wikia.com/property/first	=	1.0000
http://marvelcinematicuniverse.wikia.com/wiki/Special:FilePath/Chris_Wyatt.jpg?width=300	http://marvel.wikia.com/wiki/Special:FilePath/Chris_Wyatt.jpg?width=300	=	1.0000
http://dbkwik.webdatacommons.org/marvelcinematicuniverse.wikia.com/resource/Captain_America%27s_Motorcycle	http://dbkwik.webdatacommons.org/marvel.wikia.com/resource/Captain_America%27s_Motorcycle	=	1.0000
http://marvelcinematicuniverse.wikia.com/wiki/Special:FilePath/Marcus_J._Guillory.jpg	http://marvel.wikia.com/wiki/Special:FilePath/Marcus_J._Guillory.jpg	=	1.0000
http://marvelcinematicuniverse.wikia.com/wiki/Special:FilePath/Q-Ship_from_Avengers_Infinity_War_003.jpg	http://marvel.wikia.com/wiki/Special:FilePath/Q-Ship_from_Avengers_Infinity_War_003.jpg	=	1.0000
http://marvelcinematicuniverse.wikia.com/wiki/Special:FilePath/fff.png?width=300	http://marvel.wikia.com/wiki/Special:FilePath/fff.png?width=300	=	1.0000
http://dbkwik.webdatacommons.org/marvelcinematicuniverse.wikia.com/resource/Daron_Jensen	http://dbkwik.webdatacommons.org/marvel.wikia.com/resource/Daron_Jensen	=	1.0000
http://marvelcinematicuniverse.wikia.com/wiki/Special:FilePath/Sabrina_Plisco.jpg?width=300	http://marvel.wikia.com/wiki/Special:FilePath/Sabrina_Plisco.jpg?width=300	=	1.0000
http://dbkwik.webdatacommons.org/marvelcinematicuniverse.wikia.com/resource/Juan_Doe	http://dbkwik.webdatacommons.org/marvel.wikia.com/resource/Juan_Doe	=	1.0000
http://dbkwik.webdatacommons.org/marvelcinematicuniverse.wikia.com/resource/Minnesota	http://dbkwik.webdatacommons.org/marvel.wikia.com/resource/Minnesota	=	1.0000
http://dbkwik.webdatacommons.org/marvelcinematicuniverse.wikia.com/resource/Category:Characters_by_Gender	http://dbkwik.webdatacommons.org/marvel.wikia.com/resource/Category:Characters_by_Gender	=	1.0000
http://dbkwik.webdatacommons.org/marvelcinematicuniverse.wikia.com/resource/Category:Guardians_of_the_Galaxy	http://dbkwik.webdatacommons.org/marvel.wikia.com/resource/Category:Guardians_of_the_Galaxy	=	1.0000
http://marvelcinematicuniverse.wikia.com/wiki/Special:FilePath/Ellen_Brandt.jpg?width=300	http://marvel.wikia.com/wiki/Special:FilePath/Ellen_Brandt.jpg?width=300	=	1.0000
http://marvelcinematicuniverse.wikia.com/wiki/Special:FilePath/David_Straiton.jpg	http://marvel.wikia.com/wiki/Special:FilePath/David_Straiton.jpg	=	1.0000
http://marvelcinematicuniverse.wikia.com/wiki/Special:FilePath/Ben_Thompson.jpg?width=300	http://marvel.wikia.com/wiki/Special:FilePath/Ben_Thompson.jpg?width=300	=	1.0000
http://marvelcinematicuniverse.wikia.com/wiki/Special:FilePath/Will_Corona_Pilgrim.jpg?width=300	http://marvel.wikia.com/wiki/Special:FilePath/Will_Corona_Pilgrim.jpg?width=300	=	1.0000
http://dbkwik.webdatacommons.org/marvelcinematicuniverse.wikia.com/resource/Shannon	http://dbkwik.webdatacommons.org/marvel.wikia.com/resource/Shannon	=	1.0000
http://dbkwik.webdatacommons.org/marvelcinematicuniverse.wikia.com/resource/S.H.I.E.L.D._Academy	http://dbkwik.webdatacommons.org/marvel.wikia.com/resource/S.H.I.E.L.D._Academy	=	1.0000
http://dbkwik.webdatacommons.org/marvelcinematicuniverse.wikia.com/resource/Heart-Shaped_Herb	http://dbkwik.webdatacommons.org/marvel.wikia.com/resource/Heart-Shaped_Herb	=	1.0000
http://marvelcinematicuniverse.wikia.com/wiki/Special:FilePath/Brad_Turner.jpg	http://marvel.wikia.com/wiki/Special:FilePath/Brad_Turner.jpg	=	1.0000
http://marvelcinematicuniverse.wikia.com/wiki/Special:FilePath/Iron-man-2.jpg?width=300	http://marvel.wikia.com/wiki/Special:FilePath/Iron_Man_2.jpg?width=300	=	1.0000
http://dbkwik.webdatacommons.org/marvelcinematicuniverse.wikia.com/resource/Captain_Marvel_(film)	http://dbkwik.webdatacommons.org/marvel.wikia.com/resource/Captain_Marvel_(film)	=	1.0000
http://marvelcinematicuniverse.wikia.com/wiki/Special:FilePath/Flag_of_Serbia.png?width=300	http://marvel.wikia.com/wiki/Special:FilePath/Flag_of_Serbia.png?width=300	=	1.0000
http://marvelcinematicuniverse.wikia.com/wiki/Special:FilePath/Jones.jpg	http://marvel.wikia.com/wiki/Special:FilePath/Jones.jpg	=	1.0000
http://marvelcinematicuniverse.wikia.com/wiki/Special:FilePath/What_If...19.jpg?width=300	http://marvel.wikia.com/wiki/Special:FilePath/What_If_19.jpg?width=300	=	1.0000
http://dbkwik.webdatacommons.org/marvelcinematicuniverse.wikia.com/resource/Tyson	http://dbkwik.webdatacommons.org/marvel.wikia.com/resource/Tyson	=	1.0000
http://dbkwik.webdatacommons.org/marvelcinematicuniverse.wikia.com/resource/Mount_Everest	http://dbkwik.webdatacommons.org/marvel.wikia.com/resource/Mount_Everest	=	1.0000
http://dbkwik.webdatacommons.org/marvelcinematicuniverse.wikia.com/resource/2014	http://dbkwik.webdatacommons.org/marvel.wikia.com/resource/2014	=	1.0000
http://dbkwik.webdatacommons.org/marvelcinematicuniverse.wikia.com/resource/Curtis_Hoyle	http://dbkwik.webdatacommons.org/marvel.wikia.com/resource/Curtis_Hoyle	=	1.0000
http://marvelcinematicuniverse.wikia.com/wiki/Special:FilePath/Chris_McKenna.jpg?width=300	http://marvel.wikia.com/wiki/Special:FilePath/Chris_McKenna.jpg?width=300	=	1.0000
http://dbkwik.webdatacommons.org/marvelcinematicuniverse.wikia.com/resource/Stephen_McFeely	http://dbkwik.webdatacommons.org/marvel.wikia.com/resource/Stephen_McFeely	=	1.0000
http://dbkwik.webdatacommons.org/marvelcinematicuniverse.wikia.com/resource/Carbone_Crime_Family	http://dbkwik.webdatacommons.org/marvel.wikia.com/resource/Carbone_Crime_Family	=	1.0000
http://marvelcinematicuniverse.wikia.com/wiki/Special:FilePath/Marvel%27s_Agents_of_S.H.I.E.L.D._Season_3_4_poster.jpg	http://marvel.wikia.com/wiki/Special:FilePath/Marvel%27s_Agents_of_S.H.I.E.L.D._Season_3_4_poster.jpg	=	1.0000
http://dbkwik.webdatacommons.org/marvelcinematicuniverse.wikia.com/resource/Iron_Man_Armor:_Mark_XLII	http://dbkwik.webdatacommons.org/marvel.wikia.com/resource/Iron_Man_Armor_Mark_XLII	=	1.0000
http://dbkwik.webdatacommons.org/marvelcinematicuniverse.wikia.com/resource/GOOSE	http://dbkwik.webdatacommons.org/marvel.wikia.com/resource/Goose	=	1.0000
http://dbkwik.webdatacommons.org/marvelcinematicuniverse.wikia.com/resource/M.O.D.O.K.	http://dbkwik.webdatacommons.org/marvel.wikia.com/resource/M.O.D.O.K.	=	1.0000
http://dbkwik.webdatacommons.org/marvelcinematicuniverse.wikia.com/resource/Category:Countries	http://dbkwik.webdatacommons.org/marvel.wikia.com/resource/Category:Countries	=	1.0000
http://dbkwik.webdatacommons.org/marvelcinematicuniverse.wikia.com/resource/David_Mack	http://dbkwik.webdatacommons.org/marvel.wikia.com/resource/David_Mack	=	1.0000
http://dbkwik.webdatacommons.org/marvelcinematicuniverse.wikia.com/resource/Howling_Commandos	http://dbkwik.webdatacommons.org/marvel.wikia.com/resource/Howling_Commandos	=	1.0000
http://dbkwik.webdatacommons.org/marvelcinematicuniverse.wikia.com/resource/Saint_Petersburg	http://dbkwik.webdatacommons.org/marvel.wikia.com/resource/Saint_Petersburg	=	1.0000
http://dbkwik.webdatacommons.org/marvelcinematicuniverse.wikia.com/resource/Mark_Protosevich	http://dbkwik.webdatacommons.org/marvel.wikia.com/resource/Mark_Protosevich	=	1.0000
http://marvelcinematicuniverse.wikia.com/wiki/Special:FilePath/Frigga_(Earth-199999)_003.jpg?width=300	http://marvel.wikia.com/wiki/Special:FilePath/Frigga_(Earth-199999)_003.jpg?width=300	=	1.0000
http://marvelcinematicuniverse.wikia.com/wiki/Special:FilePath/James_Gunn.jpg?width=300	http://marvel.wikia.com/wiki/Special:FilePath/James_Gunn.jpg?width=300	=	1.0000
http://marvelcinematicuniverse.wikia.com/wiki/Special:FilePath/Wendy_West.jpg?width=300	http://marvel.wikia.com/wiki/Special:FilePath/Wendy_West.jpg?width=300	=	1.0000
http://dbkwik.webdatacommons.org/marvelcinematicuniverse.wikia.com/resource/Stone	http://dbkwik.webdatacommons.org/marvel.wikia.com/resource/Stone	=	1.0000
http://dbkwik.webdatacommons.org/marvelcinematicuniverse.wikia.com/resource/Mark_Kolpack	http://dbkwik.webdatacommons.org/marvel.wikia.com/resource/Mark_Kolpack	=	1.0000
http://dbkwik.webdatacommons.org/marvelcinematicuniverse.wikia.com/resource/Stormbreaker	http://dbkwik.webdatacommons.org/marvel.wikia.com/resource/Stormbreaker	=	1.0000
http://dbkwik.webdatacommons.org/marvelcinematicuniverse.wikia.com/class/quote	http://dbkwik.webdatacommons.org/marvel.wikia.com/class/quote	=	1.0000
http://dbkwik.webdatacommons.org/marvelcinematicuniverse.wikia.com/resource/Monte_Carlo	http://dbkwik.webdatacommons.org/marvel.wikia.com/resource/Monte_Carlo	=	1.0000
http://marvelcinematicuniverse.wikia.com/wiki/Special:FilePath/Richard_Elson.jpg?width=300	http://marvel.wikia.com/wiki/Special:FilePath/Richard_Elson.jpg?width=300	=	1.0000
http://dbkwik.webdatacommons.org/marvelcinematicuniverse.wikia.com/resource/Eternal_Flame	http://dbkwik.webdatacommons.org/marvel.wikia.com/resource/Eternal_Flame	=	1.0000
http://marvelcinematicuniverse.wikia.com/wiki/Special:FilePath/Fff.png?width=300	http://marvel.wikia.com/wiki/Special:FilePath/Fff.png?width=300	=	1.0000
http://dbkwik.webdatacommons.org/marvelcinematicuniverse.wikia.com/resource/Manhattan_Project	http://dbkwik.webdatacommons.org/marvel.wikia.com/resource/Manhattan_Project	=	1.0000
http://dbkwik.webdatacommons.org/marvelcinematicuniverse.wikia.com/resource/John_Terlesky	http://dbkwik.webdatacommons.org/marvel.wikia.com/resource/John_Terlesky	=	1.0000
http://dbkwik.webdatacommons.org/marvelcinematicuniverse.wikia.com/resource/Tiny_McKeever	http://dbkwik.webdatacommons.org/marvel.wikia.com/resource/Tiny_McKeever	=	1.0000
http://dbkwik.webdatacommons.org/marvelcinematicuniverse.wikia.com/resource/Monolith	http://dbkwik.webdatacommons.org/marvel.wikia.com/resource/Monolith	=	1.0000
http://dbkwik.webdatacommons.org/marvelcinematicuniverse.wikia.com/resource/Kabul	http://dbkwik.webdatacommons.org/marvel.wikia.com/resource/Kabul	=	1.0000
http://dbkwik.webdatacommons.org/marvelcinematicuniverse.wikia.com/resource/Grundroth	http://dbkwik.webdatacommons.org/marvel.wikia.com/resource/Grundroth	=	1.0000
http://dbkwik.webdatacommons.org/marvelcinematicuniverse.wikia.com/resource/Titans	http://dbkwik.webdatacommons.org/marvel.wikia.com/resource/Titans	=	1.0000
http://dbkwik.webdatacommons.org/marvelcinematicuniverse.wikia.com/resource/Melinda_May	http://dbkwik.webdatacommons.org/marvel.wikia.com/resource/Melinda_May	=	1.0000
http://dbkwik.webdatacommons.org/marvelcinematicuniverse.wikia.com/resource/Fogwell%27s_Gym	http://dbkwik.webdatacommons.org/marvel.wikia.com/resource/Fogwell%27s_Gym	=	1.0000
http://dbkwik.webdatacommons.org/marvelcinematicuniverse.wikia.com/resource/Darkhold/Gallery	http://dbkwik.webdatacommons.org/marvel.wikia.com/resource/Darkhold/Gallery	=	1.0000
http://dbkwik.webdatacommons.org/marvelcinematicuniverse.wikia.com/resource/Craig_Zisk	http://dbkwik.webdatacommons.org/marvel.wikia.com/resource/Craig_Zisk	=	1.0000
http://dbkwik.webdatacommons.org/marvelcinematicuniverse.wikia.com/resource/Dum_Dum_Dugan	http://dbkwik.webdatacommons.org/marvel.wikia.com/resource/Dum-Dum_Dugan	=	1.0000
http://dbkwik.webdatacommons.org/marvelcinematicuniverse.wikia.com/resource/Collector	http://dbkwik.webdatacommons.org/marvel.wikia.com/resource/Collector	=	1.0000
http://marvelcinematicuniverse.wikia.com/wiki/Special:FilePath/Millicent_Shelton.jpg	http://marvel.wikia.com/wiki/Special:FilePath/Millicent_Shelton.jpg	=	1.0000
http://marvelcinematicuniverse.wikia.com/wiki/Special:FilePath/Michael_Vukadinovich.jpg	http://marvel.wikia.com/wiki/Special:FilePath/Michael_Vukadinovich.jpg	=	1.0000
http://dbkwik.webdatacommons.org/marvelcinematicuniverse.wikia.com/resource/Glenn_Talbot	http://dbkwik.webdatacommons.org/marvel.wikia.com/resource/Glenn_Talbot	=	1.0000
http://dbkwik.webdatacommons.org/marvelcinematicuniverse.wikia.com/resource/Hel/Gallery	http://dbkwik.webdatacommons.org/marvel.wikia.com/resource/Hel/Gallery	=	1.0000
http://marvelcinematicuniverse.wikia.com/wiki/Special:FilePath/Flag_of_Bahrain.png	http://marvel.wikia.com/wiki/Special:FilePath/Flag_of_Bahrain.png	=	1.0000
http://marvelcinematicuniverse.wikia.com/wiki/Special:FilePath/Flag_of_the_Netherlands.png?width=300	http://marvel.wikia.com/wiki/Special:FilePath/Flag_of_the_Netherlands.png?width=300	=	1.0000
http://dbkwik.webdatacommons.org/marvelcinematicuniverse.wikia.com/resource/Ring_Blades	http://dbkwik.webdatacommons.org/marvel.wikia.com/resource/Ring_Blades	=	1.0000
http://dbkwik.webdatacommons.org/marvelcinematicuniverse.wikia.com/resource/Cuba	http://dbkwik.webdatacommons.org/marvel.wikia.com/resource/Cuba	=	1.0000
http://dbkwik.webdatacommons.org/marvelcinematicuniverse.wikia.com/resource/Black_Widow%27s_Batons	http://dbkwik.webdatacommons.org/marvel.wikia.com/resource/Black_Widow%27s_Batons	=	1.0000
http://dbkwik.webdatacommons.org/marvelcinematicuniverse.wikia.com/resource/Gilbert_O%27Conner	http://dbkwik.webdatacommons.org/marvel.wikia.com/resource/Gilbert_O%27Conner	=	1.0000
http://dbkwik.webdatacommons.org/marvelcinematicuniverse.wikia.com/resource/Emma_Fleischer	http://dbkwik.webdatacommons.org/marvel.wikia.com/resource/Emma_Fleischer	=	1.0000
http://dbkwik.webdatacommons.org/marvelcinematicuniverse.wikia.com/resource/Karen_Page	http://dbkwik.webdatacommons.org/marvel.wikia.com/resource/Karen_Page	=	1.0000
http://dbkwik.webdatacommons.org/marvelcinematicuniverse.wikia.com/resource/Alexander_Irvine	http://dbkwik.webdatacommons.org/marvel.wikia.com/resource/Alexander_Irvine	=	1.0000
http://dbkwik.webdatacommons.org/marvelcinematicuniverse.wikia.com/resource/Morag	http://dbkwik.webdatacommons.org/marvel.wikia.com/resource/Morag	=	1.0000
http://dbkwik.webdatacommons.org/marvelcinematicuniverse.wikia.com/resource/United_Kingdom	http://dbkwik.webdatacommons.org/marvel.wikia.com/resource/United_Kingdom	=	1.0000
http://dbkwik.webdatacommons.org/marvelcinematicuniverse.wikia.com/resource/Tony_Moore	http://dbkwik.webdatacommons.org/marvel.wikia.com/resource/Tony_Moore	=	1.0000
http://dbkwik.webdatacommons.org/marvelcinematicuniverse.wikia.com/resource/Salt_Lake_City	http://dbkwik.webdatacommons.org/marvel.wikia.com/resource/Salt_Lake_City	=	1.0000
http://dbkwik.webdatacommons.org/marvelcinematicuniverse.wikia.com/resource/Thor:_The_Dark_World_-_The_Official_Game	http://dbkwik.webdatacommons.org/marvel.wikia.com/resource/Thor:_The_Dark_World_-_The_Official_Game	=	1.0000
http://dbkwik.webdatacommons.org/marvelcinematicuniverse.wikia.com/resource/Category:Regions	http://dbkwik.webdatacommons.org/marvel.wikia.com/resource/Category:Regions	=	1.0000
http://dbkwik.webdatacommons.org/marvelcinematicuniverse.wikia.com/resource/Sweden	http://dbkwik.webdatacommons.org/marvel.wikia.com/resource/Sweden	=	1.0000
http://dbkwik.webdatacommons.org/marvelcinematicuniverse.wikia.com/resource/Agent_33	http://dbkwik.webdatacommons.org/marvel.wikia.com/resource/Agent_33	=	1.0000
http://marvelcinematicuniverse.wikia.com/wiki/Special:FilePath/Josie%27s_Bar.png?width=300	http://marvel.wikia.com/wiki/Special:FilePath/;_Josie%27s_Bar.png?width=300	=	1.0000
http://dbkwik.webdatacommons.org/marvelcinematicuniverse.wikia.com/resource/Edinburgh	http://dbkwik.webdatacommons.org/marvel.wikia.com/resource/Edinburgh	=	1.0000
http://dbkwik.webdatacommons.org/marvelcinematicuniverse.wikia.com/resource/Times_Square	http://dbkwik.webdatacommons.org/marvel.wikia.com/resource/Times_Square	=	1.0000
http://dbkwik.webdatacommons.org/marvelcinematicuniverse.wikia.com/resource/Lei_Kung	http://dbkwik.webdatacommons.org/marvel.wikia.com/resource/Lei-Kung	=	1.0000
http://marvelcinematicuniverse.wikia.com/wiki/Special:FilePath/Leslie_Dean.png	http://marvel.wikia.com/wiki/Special:FilePath/Leslie_Dean.png	=	1.0000
http://marvelcinematicuniverse.wikia.com/wiki/Special:FilePath/Joe_Robert_Cole.jpg	http://marvel.wikia.com/wiki/Special:FilePath/Joe_Robert_Cole.jpg	=	1.0000
http://dbkwik.webdatacommons.org/marvelcinematicuniverse.wikia.com/resource/Rafael_Scarfe	http://dbkwik.webdatacommons.org/marvel.wikia.com/resource/Rafael_Scarfe	=	1.0000
http://dbkwik.webdatacommons.org/marvelcinematicuniverse.wikia.com/resource/Joy_Meachum	http://dbkwik.webdatacommons.org/marvel.wikia.com/resource/Joy_Meachum	=	1.0000
http://dbkwik.webdatacommons.org/marvelcinematicuniverse.wikia.com/resource/Trevor_Slattery	http://dbkwik.webdatacommons.org/marvel.wikia.com/resource/Trevor_Slattery	=	1.0000
http://dbkwik.webdatacommons.org/marvelcinematicuniverse.wikia.com/resource/San_Francisco_Police_Department	http://dbkwik.webdatacommons.org/marvel.wikia.com/resource/San_Francisco_Police_Department	=	1.0000
http://marvelcinematicuniverse.wikia.com/wiki/Special:FilePath/Flag_of_Australia.png?width=300	http://marvel.wikia.com/wiki/Special:FilePath/Flag_of_Australia.png?width=300	=	1.0000
http://dbkwik.webdatacommons.org/marvelcinematicuniverse.wikia.com/resource/Wakanda/Gallery	http://dbkwik.webdatacommons.org/marvel.wikia.com/resource/Wakanda/Gallery	=	1.0000
http://dbkwik.webdatacommons.org/marvelcinematicuniverse.wikia.com/resource/Copenhagen	http://dbkwik.webdatacommons.org/marvel.wikia.com/resource/Copenhagen	=	1.0000
http://dbkwik.webdatacommons.org/marvelcinematicuniverse.wikia.com/resource/Casket_of_Ancient_Winters/Gallery	http://dbkwik.webdatacommons.org/marvel.wikia.com/resource/Casket_of_Ancient_Winters/Gallery	=	1.0000
http://dbkwik.webdatacommons.org/marvelcinematicuniverse.wikia.com/resource/Arvell_Jones	http://dbkwik.webdatacommons.org/marvel.wikia.com/resource/Arvell_Jones	=	1.0000
http://marvelcinematicuniverse.wikia.com/wiki/Special:FilePath/Brian_Michael_Bendis.jpg	http://marvel.wikia.com/wiki/Special:FilePath/;_Brian_Michael_Bendis.jpg	=	1.0000
http://dbkwik.webdatacommons.org/marvelcinematicuniverse.wikia.com/resource/Category:Hand	http://dbkwik.webdatacommons.org/marvel.wikia.com/resource/Category:Hand	=	1.0000
http://dbkwik.webdatacommons.org/marvelcinematicuniverse.wikia.com/resource/Darkforce_Dimension	http://dbkwik.webdatacommons.org/marvel.wikia.com/resource/Darkforce_Dimension	=	1.0000
http://marvelcinematicuniverse.wikia.com/wiki/Special:FilePath/Ron_Lim.jpg?width=300	http://marvel.wikia.com/wiki/Special:FilePath/Ron_Lim.jpg?width=300	=	1.0000
http://dbkwik.webdatacommons.org/marvelcinematicuniverse.wikia.com/resource/Zodiac	http://dbkwik.webdatacommons.org/marvel.wikia.com/resource/Zodiac	=	1.0000
http://dbkwik.webdatacommons.org/marvelcinematicuniverse.wikia.com/resource/Laufey	http://dbkwik.webdatacommons.org/marvel.wikia.com/resource/Laufey	=	1.0000
http://dbkwik.webdatacommons.org/marvelcinematicuniverse.wikia.com/resource/Czech_Republic	http://dbkwik.webdatacommons.org/marvel.wikia.com/resource/Czech_Republic	=	1.0000
http://dbkwik.webdatacommons.org/marvelcinematicuniverse.wikia.com/resource/John_Ross	http://dbkwik.webdatacommons.org/marvel.wikia.com/resource/John_Ross	=	1.0000
http://dbkwik.webdatacommons.org/marvelcinematicuniverse.wikia.com/resource/Ellen_King	http://dbkwik.webdatacommons.org/marvel.wikia.com/resource/Ellen_King	=	1.0000
http://dbkwik.webdatacommons.org/marvelcinematicuniverse.wikia.com/resource/Heimdall%27s_Observatory	http://dbkwik.webdatacommons.org/marvel.wikia.com/resource/Heimdall%27s_Observatory	=	1.0000
http://dbkwik.webdatacommons.org/marvelcinematicuniverse.wikia.com/resource/Karolina_Dean	http://dbkwik.webdatacommons.org/marvel.wikia.com/resource/Karolina_Dean	=	1.0000
http://dbkwik.webdatacommons.org/marvelcinematicuniverse.wikia.com/resource/Category:Dark_Elves	http://dbkwik.webdatacommons.org/marvel.wikia.com/resource/Category:Dark_Elves	=	1.0000
http://dbkwik.webdatacommons.org/marvelcinematicuniverse.wikia.com/resource/U.L.T.I.M.A.T.U.M.	http://dbkwik.webdatacommons.org/marvel.wikia.com/resource/U.L.T.I.M.A.T.U.M.	=	1.0000
http://marvelcinematicuniverse.wikia.com/wiki/Special:FilePath/Jeremy_Webb.jpg	http://marvel.wikia.com/wiki/Special:FilePath/Jeremy_Webb.jpg	=	1.0000
http://dbkwik.webdatacommons.org/marvelcinematicuniverse.wikia.com/resource/Norway	http://dbkwik.webdatacommons.org/marvel.wikia.com/resource/Norway	=	1.0000
http://marvelcinematicuniverse.wikia.com/wiki/Special:FilePath/Flag_of_Hong_Kong.png	http://marvel.wikia.com/wiki/Special:FilePath/Flag_of_Hong_Kong.png	=	1.0000
http://dbkwik.webdatacommons.org/marvelcinematicuniverse.wikia.com/resource/Category:Images	http://dbkwik.webdatacommons.org/marvel.wikia.com/resource/Category:Images	=	1.0000
http://marvelcinematicuniverse.wikia.com/wiki/Special:FilePath/Marc_Jobst.jpg?width=300	http://marvel.wikia.com/wiki/Special:FilePath/Marc_Jobst.jpg?width=300	=	1.0000
http://dbkwik.webdatacommons.org/marvelcinematicuniverse.wikia.com/resource/Jed_Whedon	http://dbkwik.webdatacommons.org/marvel.wikia.com/resource/Jed_Whedon	=	1.0000
http://dbkwik.webdatacommons.org/marvelcinematicuniverse.wikia.com/resource/Warrior_Falls	http://dbkwik.webdatacommons.org/marvel.wikia.com/resource/Warrior_Falls	=	1.0000
http://dbkwik.webdatacommons.org/marvelcinematicuniverse.wikia.com/resource/Wall_of_the_Chaste	http://dbkwik.webdatacommons.org/marvel.wikia.com/resource/Wall_of_the_Chaste	=	1.0000
http://marvelcinematicuniverse.wikia.com/wiki/Special:FilePath/Luke_Ross.jpg?width=300	http://marvel.wikia.com/wiki/Special:FilePath/Luke_Ross.jpg?width=300	=	1.0000
http://marvelcinematicuniverse.wikia.com/wiki/Special:FilePath/Volstagg.jpg?width=300	http://marvel.wikia.com/wiki/Special:FilePath/Volstagg.jpg?width=300	=	1.0000
http://dbkwik.webdatacommons.org/marvelcinematicuniverse.wikia.com/resource/AccuTech	http://dbkwik.webdatacommons.org/marvel.wikia.com/resource/AccuTech	=	1.0000
http://marvelcinematicuniverse.wikia.com/wiki/Special:FilePath/Michele_Fazekas.jpg	http://marvel.wikia.com/wiki/Special:FilePath/Michele_Fazekas.jpg	=	1.0000
http://dbkwik.webdatacommons.org/marvelcinematicuniverse.wikia.com/resource/Ring_Blades/Gallery	http://dbkwik.webdatacommons.org/marvel.wikia.com/resource/Ring_Blades/Gallery	=	1.0000
http://dbkwik.webdatacommons.org/marvelcinematicuniverse.wikia.com/resource/Berlin	http://dbkwik.webdatacommons.org/marvel.wikia.com/resource/Berlin	=	1.0000
http://dbkwik.webdatacommons.org/marvelcinematicuniverse.wikia.com/resource/Joseph_Pike	http://dbkwik.webdatacommons.org/marvel.wikia.com/resource/Joseph_Pike	=	1.0000
http://dbkwik.webdatacommons.org/marvelcinematicuniverse.wikia.com/resource/Miles_Morales	http://dbkwik.webdatacommons.org/marvel.wikia.com/resource/Miles_Morales	=	1.0000
http://dbkwik.webdatacommons.org/marvelcinematicuniverse.wikia.com/resource/Zephyr_One	http://dbkwik.webdatacommons.org/marvel.wikia.com/resource/Zephyr_One	=	1.0000
http://dbkwik.webdatacommons.org/marvelcinematicuniverse.wikia.com/resource/Jonathan_Frakes	http://dbkwik.webdatacommons.org/marvel.wikia.com/resource/Jonathan_Frakes	=	1.0000
http://marvelcinematicuniverse.wikia.com/wiki/Special:FilePath/Paolo_Rivera.jpg	http://marvel.wikia.com/wiki/Special:FilePath/Paolo_Rivera.jpg	=	1.0000
http://dbkwik.webdatacommons.org/marvelcinematicuniverse.wikia.com/resource/Category:S.H.I.E.L.D._Projects	http://dbkwik.webdatacommons.org/marvel.wikia.com/resource/Category:S.H.I.E.L.D._Projects	=	1.0000
http://dbkwik.webdatacommons.org/marvelcinematicuniverse.wikia.com/resource/Roxann_Dawson	http://dbkwik.webdatacommons.org/marvel.wikia.com/resource/Roxann_Dawson	=	1.0000
http://dbkwik.webdatacommons.org/marvelcinematicuniverse.wikia.com/resource/EKO_Scorpion	http://dbkwik.webdatacommons.org/marvel.wikia.com/resource/EKO_Scorpion	=	1.0000
http://dbkwik.webdatacommons.org/marvelcinematicuniverse.wikia.com/resource/Albuquerque	http://dbkwik.webdatacommons.org/marvel.wikia.com/resource/Albuquerque	=	1.0000
http://marvelcinematicuniverse.wikia.com/wiki/Special:FilePath/Hive_(Earth-199999)_from_Marvel%27s_Agents_of_S.H.I.E.L.D._Season_3_22_001.jpg	http://marvel.wikia.com/wiki/Special:FilePath/Hive_(Earth-199999)_from_Marvel%27s_Agents_of_S.H.I.E.L.D._Season_3_22_001.jpg	=	1.0000
http://dbkwik.webdatacommons.org/marvelcinematicuniverse.wikia.com/resource/Khoi_Pham	http://dbkwik.webdatacommons.org/marvel.wikia.com/resource/Khoi_Pham	=	1.0000
http://dbkwik.webdatacommons.org/marvelcinematicuniverse.wikia.com/resource/Badoon	http://dbkwik.webdatacommons.org/marvel.wikia.com/resource/Badoon	=	1.0000
http://dbkwik.webdatacommons.org/marvelcinematicuniverse.wikia.com/resource/Darkforce	http://dbkwik.webdatacommons.org/marvel.wikia.com/resource/Darkforce	=	1.0000
http://dbkwik.webdatacommons.org/marvelcinematicuniverse.wikia.com/resource/Dogs_of_Hell	http://dbkwik.webdatacommons.org/marvel.wikia.com/resource/Dogs_of_Hell	=	1.0000
http://dbkwik.webdatacommons.org/marvelcinematicuniverse.wikia.com/resource/Egypt	http://dbkwik.webdatacommons.org/marvel.wikia.com/resource/Egypt	=	1.0000
http://dbkwik.webdatacommons.org/marvelcinematicuniverse.wikia.com/resource/Wolfgang_Brenner	http://dbkwik.webdatacommons.org/marvel.wikia.com/resource/Wolfgang_Brenner	=	1.0000
http://marvelcinematicuniverse.wikia.com/wiki/Special:FilePath/Kenneth_Branagh.jpg?width=300	http://marvel.wikia.com/wiki/Special:FilePath/Kenneth_Branagh.jpg?width=300	=	1.0000
http://dbkwik.webdatacommons.org/marvelcinematicuniverse.wikia.com/resource/John_Rhett_Thomas	http://dbkwik.webdatacommons.org/marvel.wikia.com/resource/John_Rhett_Thomas	=	1.0000
http://dbkwik.webdatacommons.org/marvelcinematicuniverse.wikia.com/resource/Wayne_Yip	http://dbkwik.webdatacommons.org/marvel.wikia.com/resource/Wayne_Yip	=	1.0000
http://marvelcinematicuniverse.wikia.com/wiki/Special:FilePath/Marc_Scarlotti.jpg	http://marvel.wikia.com/wiki/Special:FilePath/Marc_Scarlotti.jpg	=	1.0000
http://dbkwik.webdatacommons.org/marvelcinematicuniverse.wikia.com/resource/Bill_Foster	http://dbkwik.webdatacommons.org/marvel.wikia.com/resource/Bill_Foster	=	1.0000
http://dbkwik.webdatacommons.org/marvelcinematicuniverse.wikia.com/resource/Lucy_Liu	http://dbkwik.webdatacommons.org/marvel.wikia.com/resource/Lucy_Liu	=	1.0000
http://dbkwik.webdatacommons.org/marvelcinematicuniverse.wikia.com/resource/Destroyer	http://dbkwik.webdatacommons.org/marvel.wikia.com/resource/Destroyer	=	1.0000
http://marvelcinematicuniverse.wikia.com/wiki/Special:FilePath/What_If...5.jpg	http://marvel.wikia.com/wiki/Special:FilePath/What_If_5.jpg	=	1.0000
http://marvelcinematicuniverse.wikia.com/wiki/Special:FilePath/Steve_Scott.jpg	http://marvel.wikia.com/wiki/Special:FilePath/Steve_Scott.jpg	=	1.0000
http://marvelcinematicuniverse.wikia.com/wiki/Special:FilePath/Andy_Goddard.jpg	http://marvel.wikia.com/wiki/Special:FilePath/Andy_Goddard.jpg	=	1.0000
http://dbkwik.webdatacommons.org/marvelcinematicuniverse.wikia.com/resource/Uta_Briesewitz	http://dbkwik.webdatacommons.org/marvel.wikia.com/resource/Uta_Briesewitz	=	1.0000
http://dbkwik.webdatacommons.org/marvelcinematicuniverse.wikia.com/resource/Jacques_Dernier	http://dbkwik.webdatacommons.org/marvel.wikia.com/resource/Jacques_Dernier	=	1.0000
http://dbkwik.webdatacommons.org/marvelcinematicuniverse.wikia.com/resource/Category:Kallusians	http://dbkwik.webdatacommons.org/marvel.wikia.com/resource/Category:Kallusians	=	1.0000
http://dbkwik.webdatacommons.org/marvelcinematicuniverse.wikia.com/resource/Hilly_Hicks,_Jr.	http://dbkwik.webdatacommons.org/marvel.wikia.com/resource/Hilly_Hicks,_Jr.	=	1.0000
http://marvelcinematicuniverse.wikia.com/wiki/Special:FilePath/Jeffrey_Ford.jpg	http://marvel.wikia.com/wiki/Special:FilePath/Jeffrey_Ford.jpg	=	1.0000
http://dbkwik.webdatacommons.org/marvelcinematicuniverse.wikia.com/resource/Dubai	http://dbkwik.webdatacommons.org/marvel.wikia.com/resource/Dubai	=	1.0000
http://dbkwik.webdatacommons.org/marvelcinematicuniverse.wikia.com/class/youtube	http://dbkwik.webdatacommons.org/marvel.wikia.com/class/youtube	=	1.0000
http://dbkwik.webdatacommons.org/marvelcinematicuniverse.wikia.com/resource/Berhert	http://dbkwik.webdatacommons.org/marvel.wikia.com/resource/Berhert	=	1.0000
http://dbkwik.webdatacommons.org/marvelcinematicuniverse.wikia.com/resource/Category:Purple_Eyes	http://dbkwik.webdatacommons.org/marvel.wikia.com/resource/Category:Purple_Eyes	=	1.0000
http://marvelcinematicuniverse.wikia.com/wiki/Special:FilePath/Tyson.png	http://marvel.wikia.com/wiki/Special:FilePath/Tyson.png	=	1.0000
http://dbkwik.webdatacommons.org/marvelcinematicuniverse.wikia.com/resource/George_Harrison	http://dbkwik.webdatacommons.org/marvel.wikia.com/resource/George_Harrison	=	1.0000
http://dbkwik.webdatacommons.org/marvelcinematicuniverse.wikia.com/resource/Boot_of_Jemiah/Gallery	http://dbkwik.webdatacommons.org/marvel.wikia.com/resource/Boot_of_Jemiah/Gallery	=	1.0000
http://dbkwik.webdatacommons.org/marvelcinematicuniverse.wikia.com/resource/Alfheim	http://dbkwik.webdatacommons.org/marvel.wikia.com/resource/Alfheim	=	1.0000
http://marvelcinematicuniverse.wikia.com/wiki/Special:FilePath/Neasa_Hardiman.jpg?width=300	http://marvel.wikia.com/wiki/Special:FilePath/Neasa_Hardiman.jpg?width=300	=	1.0000
http://dbkwik.webdatacommons.org/marvelcinematicuniverse.wikia.com/resource/Eternal_Flame/Gallery	http://dbkwik.webdatacommons.org/marvel.wikia.com/resource/Eternal_Flame/Gallery	=	1.0000
http://marvelcinematicuniverse.wikia.com/wiki/Special:FilePath/David_Petrarca.jpg?width=300	http://marvel.wikia.com/wiki/Special:FilePath/David_Petrarca.jpg?width=300	=	1.0000
http://dbkwik.webdatacommons.org/marvelcinematicuniverse.wikia.com/resource/Destroyer_Armor_Prototype_Gun/Gallery	http://dbkwik.webdatacommons.org/marvel.wikia.com/resource/Destroyer_Armor_Prototype_Gun/Gallery	=	1.0000
http://dbkwik.webdatacommons.org/marvelcinematicuniverse.wikia.com/resource/Deacon	http://dbkwik.webdatacommons.org/marvel.wikia.com/resource/Deacon	=	1.0000
http://dbkwik.webdatacommons.org/marvelcinematicuniverse.wikia.com/resource/Hildegund	http://dbkwik.webdatacommons.org/marvel.wikia.com/resource/Hildegund	=	1.0000
http://marvelcinematicuniverse.wikia.com/wiki/Special:FilePath/Jessica_Jones_logo.png	http://marvel.wikia.com/wiki/Special:FilePath/Jessica_Jones_logo.png	=	1.0000
http://marvelcinematicuniverse.wikia.com/wiki/Special:FilePath/Mairzee_Almas.jpg?width=300	http://marvel.wikia.com/wiki/Special:FilePath/Mairzee_Almas.jpg?width=300	=	1.0000
http://dbkwik.webdatacommons.org/marvelcinematicuniverse.wikia.com/resource/George_R.R._Martin	http://dbkwik.webdatacommons.org/marvel.wikia.com/resource/George_R.R._Martin	=	1.0000
http://dbkwik.webdatacommons.org/marvelcinematicuniverse.wikia.com/resource/Arizona	http://dbkwik.webdatacommons.org/marvel.wikia.com/resource/Arizona	=	1.0000
http://dbkwik.webdatacommons.org/marvelcinematicuniverse.wikia.com/resource/Louisiana	http://dbkwik.webdatacommons.org/marvel.wikia.com/resource/Louisiana	=	1.0000
http://marvelcinematicuniverse.wikia.com/wiki/Special:FilePath/Matt_Camp.jpg?width=300	http://marvel.wikia.com/wiki/Special:FilePath/Matt_Camp.jpg?width=300	=	1.0000
http://dbkwik.webdatacommons.org/marvelcinematicuniverse.wikia.com/resource/Winston	http://dbkwik.webdatacommons.org/marvel.wikia.com/resource/Winston	=	1.0000
http://dbkwik.webdatacommons.org/marvelcinematicuniverse.wikia.com/resource/Super_Soldier_Serum/Gallery	http://dbkwik.webdatacommons.org/marvel.wikia.com/resource/Super-Soldier_Serum/Gallery	=	1.0000
http://dbkwik.webdatacommons.org/marvelcinematicuniverse.wikia.com/resource/Oceania	http://dbkwik.webdatacommons.org/marvel.wikia.com/resource/Oceania	=	1.0000
http://dbkwik.webdatacommons.org/marvelcinematicuniverse.wikia.com/resource/Cloak_of_Levitation	http://dbkwik.webdatacommons.org/marvel.wikia.com/resource/Cloak_of_Levitation	=	1.0000
http://dbkwik.webdatacommons.org/marvelcinematicuniverse.wikia.com/resource/Daredevil%27s_Billy_Club/Gallery	http://dbkwik.webdatacommons.org/marvel.wikia.com/resource/Daredevil%27s_Billy_Club/Gallery	=	1.0000
http://dbkwik.webdatacommons.org/marvelcinematicuniverse.wikia.com/resource/Daniel_HDR	http://dbkwik.webdatacommons.org/marvel.wikia.com/resource/Daniel_Hdr	=	1.0000
http://dbkwik.webdatacommons.org/marvelcinematicuniverse.wikia.com/resource/Category:Avengers	http://dbkwik.webdatacommons.org/marvel.wikia.com/resource/Category:Avengers	=	1.0000
http://dbkwik.webdatacommons.org/marvelcinematicuniverse.wikia.com/resource/Q-Ship/Gallery	http://dbkwik.webdatacommons.org/marvel.wikia.com/resource/Q-Ship/Gallery	=	1.0000
http://dbkwik.webdatacommons.org/marvelcinematicuniverse.wikia.com/resource/Jasper_Sitwell	http://dbkwik.webdatacommons.org/marvel.wikia.com/resource/Jasper_Sitwell	=	1.0000
http://dbkwik.webdatacommons.org/marvelcinematicuniverse.wikia.com/resource/Ironclad	http://dbkwik.webdatacommons.org/marvel.wikia.com/resource/Ironclad	=	1.0000
http://dbkwik.webdatacommons.org/marvelcinematicuniverse.wikia.com/resource/Category:Korbinites	http://dbkwik.webdatacommons.org/marvel.wikia.com/resource/Category:Korbinites	=	1.0000
http://dbkwik.webdatacommons.org/marvelcinematicuniverse.wikia.com/resource/Mainframe	http://dbkwik.webdatacommons.org/marvel.wikia.com/resource/Mainframe	=	1.0000
http://marvelcinematicuniverse.wikia.com/wiki/Special:FilePath/Sabrina_Plisco.jpg	http://marvel.wikia.com/wiki/Special:FilePath/Sabrina_Plisco.jpg	=	1.0000
http://dbkwik.webdatacommons.org/marvelcinematicuniverse.wikia.com/resource/Crimson_Bands_of_Cyttorak	http://dbkwik.webdatacommons.org/marvel.wikia.com/resource/Crimson_Bands_of_Cyttorak	=	1.0000
http://dbkwik.webdatacommons.org/marvelcinematicuniverse.wikia.com/resource/Gjallerhorn	http://dbkwik.webdatacommons.org/marvel.wikia.com/resource/Gjallerhorn	=	1.0000
http://marvelcinematicuniverse.wikia.com/wiki/Special:FilePath/Tyson.png?width=300	http://marvel.wikia.com/wiki/Special:FilePath/Tyson.png?width=300	=	1.0000
http://dbkwik.webdatacommons.org/marvelcinematicuniverse.wikia.com/resource/Category:Site_maintenance	http://dbkwik.webdatacommons.org/marvel.wikia.com/resource/Category:Site_maintenance	=	1.0000
http://dbkwik.webdatacommons.org/marvelcinematicuniverse.wikia.com/resource/DJ_Doyle	http://dbkwik.webdatacommons.org/marvel.wikia.com/resource/DJ_Doyle	=	1.0000
http://dbkwik.webdatacommons.org/marvelcinematicuniverse.wikia.com/resource/Indonesia	http://dbkwik.webdatacommons.org/marvel.wikia.com/resource/Indonesia	=	1.0000
http://dbkwik.webdatacommons.org/marvelcinematicuniverse.wikia.com/resource/Grotto	http://dbkwik.webdatacommons.org/marvel.wikia.com/resource/Grotto	=	1.0000
http://dbkwik.webdatacommons.org/marvelcinematicuniverse.wikia.com/resource/Scotland	http://dbkwik.webdatacommons.org/marvel.wikia.com/resource/Scotland	=	1.0000
http://dbkwik.webdatacommons.org/marvelcinematicuniverse.wikia.com/resource/Category:Purple_Hair	http://dbkwik.webdatacommons.org/marvel.wikia.com/resource/Category:Purple_Hair	=	1.0000
http://dbkwik.webdatacommons.org/marvelcinematicuniverse.wikia.com/resource/Atlanta	http://dbkwik.webdatacommons.org/marvel.wikia.com/resource/Atlanta	=	1.0000
http://marvelcinematicuniverse.wikia.com/wiki/Special:FilePath/Chris_Eliopoulos.jpg?width=300	http://marvel.wikia.com/wiki/Special:FilePath/Chris_eliopoulos.jpg?width=300	=	1.0000
http://dbkwik.webdatacommons.org/marvelcinematicuniverse.wikia.com/resource/Pat_Charles	http://dbkwik.webdatacommons.org/marvel.wikia.com/resource/Pat_Charles	=	1.0000
http://dbkwik.webdatacommons.org/marvelcinematicuniverse.wikia.com/resource/Matt_Holloway	http://dbkwik.webdatacommons.org/marvel.wikia.com/resource/Matt_Holloway	=	1.0000
http://marvelcinematicuniverse.wikia.com/wiki/Special:FilePath/Howard_duck.png	http://marvel.wikia.com/wiki/Special:FilePath/Howard_duck.png	=	1.0000
http://dbkwik.webdatacommons.org/marvelcinematicuniverse.wikia.com/resource/Christos_N._Gage	http://dbkwik.webdatacommons.org/marvel.wikia.com/resource/Christos_N._Gage	=	1.0000
http://dbkwik.webdatacommons.org/marvelcinematicuniverse.wikia.com/resource/South_Dakota	http://dbkwik.webdatacommons.org/marvel.wikia.com/resource/South_Dakota	=	1.0000
http://dbkwik.webdatacommons.org/marvelcinematicuniverse.wikia.com/resource/Category:Black_Hair	http://dbkwik.webdatacommons.org/marvel.wikia.com/resource/Category:Black_Hair	=	1.0000
http://dbkwik.webdatacommons.org/marvelcinematicuniverse.wikia.com/resource/Lisa_Lassek	http://dbkwik.webdatacommons.org/marvel.wikia.com/resource/Lisa_Lassek	=	1.0000
http://dbkwik.webdatacommons.org/marvelcinematicuniverse.wikia.com/resource/Firepower_Armor	http://dbkwik.webdatacommons.org/marvel.wikia.com/resource/Firepower_Armor	=	1.0000
http://marvelcinematicuniverse.wikia.com/wiki/Special:FilePath/Ss1.jpg?width=300	http://marvel.wikia.com/wiki/Special:FilePath/Ss1.jpg?width=300	=	1.0000
http://marvelcinematicuniverse.wikia.com/wiki/Special:FilePath/Liz_Friedlander.jpg	http://marvel.wikia.com/wiki/Special:FilePath/Liz_Friedlander.jpg	=	1.0000
http://dbkwik.webdatacommons.org/marvelcinematicuniverse.wikia.com/resource/Hand	http://dbkwik.webdatacommons.org/marvel.wikia.com/resource/Hand	=	1.0000
http://dbkwik.webdatacommons.org/marvelcinematicuniverse.wikia.com/resource/Dawn_Kamoche	http://dbkwik.webdatacommons.org/marvel.wikia.com/resource/Dawn_Kamoche	=	1.0000
http://dbkwik.webdatacommons.org/marvelcinematicuniverse.wikia.com/resource/Category:Dimensions	http://dbkwik.webdatacommons.org/marvel.wikia.com/resource/Category:Dimensions	=	1.0000
http://dbkwik.webdatacommons.org/marvelcinematicuniverse.wikia.com/resource/Frost_Giants	http://dbkwik.webdatacommons.org/marvel.wikia.com/resource/Frost_Giants	=	1.0000
http://dbkwik.webdatacommons.org/marvelcinematicuniverse.wikia.com/resource/Beta	http://dbkwik.webdatacommons.org/marvel.wikia.com/resource/Beta	=	1.0000
http://marvelcinematicuniverse.wikia.com/wiki/Special:FilePath/Flag_of_Belgium.png	http://marvel.wikia.com/wiki/Special:FilePath/Flag_of_Belgium.png	=	1.0000
http://dbkwik.webdatacommons.org/marvelcinematicuniverse.wikia.com/resource/Neasa_Hardiman	http://dbkwik.webdatacommons.org/marvel.wikia.com/resource/Neasa_Hardiman	=	1.0000
http://dbkwik.webdatacommons.org/marvelcinematicuniverse.wikia.com/resource/Jiehae_Park	http://dbkwik.webdatacommons.org/marvel.wikia.com/resource/Jiehae_Park	=	1.0000
http://dbkwik.webdatacommons.org/marvelcinematicuniverse.wikia.com/resource/Chicago_Police_Department	http://dbkwik.webdatacommons.org/marvel.wikia.com/resource/Chicago_Police_Department	=	1.0000
http://dbkwik.webdatacommons.org/marvelcinematicuniverse.wikia.com/resource/Miek	http://dbkwik.webdatacommons.org/marvel.wikia.com/resource/Miek	=	1.0000
http://marvelcinematicuniverse.wikia.com/wiki/Special:FilePath/Jeremy_Webb.jpg?width=300	http://marvel.wikia.com/wiki/Special:FilePath/Jeremy_Webb.jpg?width=300	=	1.0000
http://dbkwik.webdatacommons.org/marvelcinematicuniverse.wikia.com/resource/Metro-General_Hospital	http://dbkwik.webdatacommons.org/marvel.wikia.com/resource/Metro-General_Hospital	=	1.0000
http://dbkwik.webdatacommons.org/marvelcinematicuniverse.wikia.com/resource/Betty_Ross	http://dbkwik.webdatacommons.org/marvel.wikia.com/resource/Betty_Ross	=	1.0000
http://dbkwik.webdatacommons.org/marvelcinematicuniverse.wikia.com/property/actor	http://dbkwik.webdatacommons.org/marvel.wikia.com/resource/Actor	=	1.0000
http://marvelcinematicuniverse.wikia.com/wiki/Special:FilePath/Luke_Kalteux.jpg?width=300	http://marvel.wikia.com/wiki/Special:FilePath/Luke_Kalteux.jpg?width=300	=	1.0000
http://dbkwik.webdatacommons.org/marvelcinematicuniverse.wikia.com/resource/Price	http://dbkwik.webdatacommons.org/marvel.wikia.com/resource/Price	=	1.0000
http://dbkwik.webdatacommons.org/marvelcinematicuniverse.wikia.com/resource/Ants	http://dbkwik.webdatacommons.org/marvel.wikia.com/resource/Ants	=	1.0000
http://dbkwik.webdatacommons.org/marvelcinematicuniverse.wikia.com/resource/Red_Room_Academy	http://dbkwik.webdatacommons.org/marvel.wikia.com/resource/Red_Room_Academy	=	1.0000
http://marvelcinematicuniverse.wikia.com/wiki/Special:FilePath/Daniel_HDR.jpg?width=300	http://marvel.wikia.com/wiki/Special:FilePath/Daniel_Hdr.jpg?width=300	=	1.0000
http://dbkwik.webdatacommons.org/marvelcinematicuniverse.wikia.com/resource/Sri_Lanka	http://dbkwik.webdatacommons.org/marvel.wikia.com/resource/Sri_Lanka	=	1.0000
http://marvelcinematicuniverse.wikia.com/wiki/Special:FilePath/Steven_S._DeKnight.jpg?width=300	http://marvel.wikia.com/wiki/Special:FilePath/Steven_S._DeKnight.jpg?width=300	=	1.0000
http://dbkwik.webdatacommons.org/marvelcinematicuniverse.wikia.com/resource/French_Polynesia	http://dbkwik.webdatacommons.org/marvel.wikia.com/resource/French_Polynesia	=	1.0000
http://marvelcinematicuniverse.wikia.com/wiki/Special:FilePath/C._Robert_Cargill.jpg	http://marvel.wikia.com/wiki/Special:FilePath/C._Robert_Cargill.jpg	=	1.0000
http://dbkwik.webdatacommons.org/marvelcinematicuniverse.wikia.com/resource/Okinawa	http://dbkwik.webdatacommons.org/marvel.wikia.com/resource/Okinawa	=	1.0000
http://marvelcinematicuniverse.wikia.com/wiki/Special:FilePath/Director_Fury.jpg	http://marvel.wikia.com/wiki/Special:FilePath/DirectorFury.jpg	=	1.0000
http://dbkwik.webdatacommons.org/marvelcinematicuniverse.wikia.com/resource/Tom_Kenny	http://dbkwik.webdatacommons.org/marvel.wikia.com/resource/Tom_Kenny	=	1.0000
http://dbkwik.webdatacommons.org/marvelcinematicuniverse.wikia.com/resource/Austria	http://dbkwik.webdatacommons.org/marvel.wikia.com/resource/Austria	=	1.0000
http://marvelcinematicuniverse.wikia.com/wiki/Special:FilePath/Jenny_Klein.jpg?width=300	http://marvel.wikia.com/wiki/Special:FilePath/Jenny_Klein.jpg?width=300	=	1.0000
http://dbkwik.webdatacommons.org/marvelcinematicuniverse.wikia.com/resource/Cory_Hamscher	http://dbkwik.webdatacommons.org/marvel.wikia.com/resource/Cory_Hamscher	=	1.0000
http://dbkwik.webdatacommons.org/marvelcinematicuniverse.wikia.com/resource/Pepper_Potts	http://dbkwik.webdatacommons.org/marvel.wikia.com/resource/Pepper_Potts	=	1.0000
http://marvelcinematicuniverse.wikia.com/wiki/Special:FilePath/Wintersoldier.jpg?width=300	http://marvel.wikia.com/wiki/Special:FilePath/Wintersoldier.jpg?width=300	=	1.0000
http://marvelcinematicuniverse.wikia.com/wiki/Special:FilePath/Project_Distant_Star_Return.png	http://marvel.wikia.com/wiki/Special:FilePath/Project_Distant_Star_Return.png	=	1.0000
http://marvelcinematicuniverse.wikia.com/wiki/Special:FilePath/Gotgstill-pratt03.jpg?width=300	http://marvel.wikia.com/wiki/Special:FilePath/Gotgstill-pratt03.jpg?width=300	=	1.0000
http://dbkwik.webdatacommons.org/marvelcinematicuniverse.wikia.com/resource/Category:Runaways_Members	http://dbkwik.webdatacommons.org/marvel.wikia.com/resource/Category:Runaways_members	=	1.0000
http://marvelcinematicuniverse.wikia.com/wiki/Special:FilePath/Jet_Wilkinson.jpg	http://marvel.wikia.com/wiki/Special:FilePath/Jet_Wilkinson.jpg	=	1.0000
http://dbkwik.webdatacommons.org/marvelcinematicuniverse.wikia.com/resource/Quinjet	http://dbkwik.webdatacommons.org/marvel.wikia.com/resource/Quinjet	=	1.0000
http://dbkwik.webdatacommons.org/marvelcinematicuniverse.wikia.com/resource/Adam_Warlock	http://dbkwik.webdatacommons.org/marvel.wikia.com/resource/Adam_Warlock	=	1.0000
http://dbkwik.webdatacommons.org/marvelcinematicuniverse.wikia.com/resource/Jaime_Mendoza	http://dbkwik.webdatacommons.org/marvel.wikia.com/resource/Jaime_Mendoza	=	1.0000
http://dbkwik.webdatacommons.org/marvelcinematicuniverse.wikia.com/resource/Leviathan	http://dbkwik.webdatacommons.org/marvel.wikia.com/resource/Leviathan	=	1.0000
http://dbkwik.webdatacommons.org/marvelcinematicuniverse.wikia.com/resource/Category:Writers	http://dbkwik.webdatacommons.org/marvel.wikia.com/resource/Category:Writers	=	1.0000
http://dbkwik.webdatacommons.org/marvelcinematicuniverse.wikia.com/resource/Miriam_Sharpe	http://dbkwik.webdatacommons.org/marvel.wikia.com/resource/Miriam_Sharpe	=	1.0000
http://marvelcinematicuniverse.wikia.com/wiki/Special:FilePath/Captain_America_Road_to_War_Vol_1_1_Textless.jpg	http://marvel.wikia.com/wiki/Special:FilePath/Captain_America_Road_to_War_Vol_1_1_Textless.jpg	=	1.0000
http://dbkwik.webdatacommons.org/marvelcinematicuniverse.wikia.com/resource/Runaways	http://dbkwik.webdatacommons.org/marvel.wikia.com/resource/Runaways	=	1.0000
http://dbkwik.webdatacommons.org/marvelcinematicuniverse.wikia.com/property/citizenship	http://dbkwik.webdatacommons.org/marvel.wikia.com/property/citizenship	=	1.0000
http://dbkwik.webdatacommons.org/marvelcinematicuniverse.wikia.com/resource/Detroit	http://dbkwik.webdatacommons.org/marvel.wikia.com/resource/Detroit	=	1.0000
http://marvelcinematicuniverse.wikia.com/wiki/Special:FilePath/Flag_of_Uruguay.png?width=300	http://marvel.wikia.com/wiki/Special:FilePath/Flag_of_Uruguay.png?width=300	=	1.0000
http://marvelcinematicuniverse.wikia.com/wiki/Special:FilePath/Marie_Javins.jpg	http://marvel.wikia.com/wiki/Special:FilePath/Marie_Javins.jpg	=	1.0000
http://dbkwik.webdatacommons.org/marvelcinematicuniverse.wikia.com/resource/Happy_Hogan	http://dbkwik.webdatacommons.org/marvel.wikia.com/resource/Happy_Hogan	=	1.0000
http://dbkwik.webdatacommons.org/marvelcinematicuniverse.wikia.com/resource/Ariella_Blejer	http://dbkwik.webdatacommons.org/marvel.wikia.com/resource/Ariella_Blejer	=	1.0000
http://marvelcinematicuniverse.wikia.com/wiki/Special:FilePath/Miguel_Ferrer.jpg?width=300	http://marvel.wikia.com/wiki/Special:FilePath/Miguel_Ferrer.jpg?width=300	=	1.0000
http://dbkwik.webdatacommons.org/marvelcinematicuniverse.wikia.com/resource/Stygians	http://dbkwik.webdatacommons.org/marvel.wikia.com/resource/Stygians	=	1.0000
http://dbkwik.webdatacommons.org/marvelcinematicuniverse.wikia.com/resource/Fridge/Gallery	http://dbkwik.webdatacommons.org/marvel.wikia.com/resource/Fridge/Gallery	=	1.0000
http://dbkwik.webdatacommons.org/marvelcinematicuniverse.wikia.com/resource/Dana_Baratta	http://dbkwik.webdatacommons.org/marvel.wikia.com/resource/Dana_Baratta	=	1.0000
http://dbkwik.webdatacommons.org/marvelcinematicuniverse.wikia.com/resource/Brett_Mahoney	http://dbkwik.webdatacommons.org/marvel.wikia.com/resource/Brett_Mahoney	=	1.0000
http://dbkwik.webdatacommons.org/marvelcinematicuniverse.wikia.com/resource/Jessica_Jones	http://dbkwik.webdatacommons.org/marvel.wikia.com/resource/Jessica_Jones	=	1.0000
http://marvelcinematicuniverse.wikia.com/wiki/Special:FilePath/Flag_of_Norway.png?width=300	http://marvel.wikia.com/wiki/Special:FilePath/Flag_of_Norway.png?width=300	=	1.0000
http://marvelcinematicuniverse.wikia.com/wiki/Special:FilePath/Flag_of_China.png?width=300	http://marvel.wikia.com/wiki/Special:FilePath/Flag_of_China.png?width=300	=	1.0000
http://dbkwik.webdatacommons.org/marvelcinematicuniverse.wikia.com/resource/Necrocraft	http://dbkwik.webdatacommons.org/marvel.wikia.com/resource/Necrocraft	=	1.0000
http://dbkwik.webdatacommons.org/marvelcinematicuniverse.wikia.com/resource/Craig_Rousseau	http://dbkwik.webdatacommons.org/marvel.wikia.com/resource/Craig_Rousseau	=	1.0000
http://dbkwik.webdatacommons.org/marvelcinematicuniverse.wikia.com/resource/Wakandan_Maglev_Train	http://dbkwik.webdatacommons.org/marvel.wikia.com/resource/Wakandan_Maglev_Train	=	1.0000
http://dbkwik.webdatacommons.org/marvelcinematicuniverse.wikia.com/resource/Leslie_Dean	http://dbkwik.webdatacommons.org/marvel.wikia.com/resource/Leslie_Dean	=	1.0000
http://dbkwik.webdatacommons.org/marvelcinematicuniverse.wikia.com/resource/Hong_Kong_Sanctum/Gallery	http://dbkwik.webdatacommons.org/marvel.wikia.com/resource/Hong_Kong_Sanctum/Gallery	=	1.0000
http://marvelcinematicuniverse.wikia.com/wiki/Special:FilePath/Stark_Expo_1954.jpg?width=300	http://marvel.wikia.com/wiki/Special:FilePath/Stark_Expo_1954.jpg?width=300	=	1.0000
http://marvelcinematicuniverse.wikia.com/wiki/Special:FilePath/Flag_of_the_Netherlands.png	http://marvel.wikia.com/wiki/Special:FilePath/Flag_of_the_Netherlands.png	=	1.0000
http://dbkwik.webdatacommons.org/marvelcinematicuniverse.wikia.com/resource/Nebraska	http://dbkwik.webdatacommons.org/marvel.wikia.com/resource/Nebraska	=	1.0000
http://dbkwik.webdatacommons.org/marvelcinematicuniverse.wikia.com/resource/Iowa	http://dbkwik.webdatacommons.org/marvel.wikia.com/resource/Iowa	=	1.0000
http://dbkwik.webdatacommons.org/marvelcinematicuniverse.wikia.com/resource/Bullseye	http://dbkwik.webdatacommons.org/marvel.wikia.com/resource/Bullseye	=	1.0000
http://dbkwik.webdatacommons.org/marvelcinematicuniverse.wikia.com/resource/X-Ray_Specs/Gallery	http://dbkwik.webdatacommons.org/marvel.wikia.com/resource/X-Ray_Specs/Gallery	=	1.0000
http://marvelcinematicuniverse.wikia.com/wiki/Special:FilePath/Flag_of_Iraq.png?width=300	http://marvel.wikia.com/wiki/Special:FilePath/Flag_of_Iraq.png?width=300	=	1.0000
http://marvelcinematicuniverse.wikia.com/wiki/Special:FilePath/Flag_of_Japan.png	http://marvel.wikia.com/wiki/Special:FilePath/Flag_of_Japan.png	=	1.0000
http://marvelcinematicuniverse.wikia.com/wiki/Special:FilePath/Matt_Camp.jpg	http://marvel.wikia.com/wiki/Special:FilePath/Matt_Camp.jpg	=	1.0000
http://marvelcinematicuniverse.wikia.com/wiki/Special:FilePath/Joss_Whedon.jpg?width=300	http://marvel.wikia.com/wiki/Special:FilePath/Joss_whedon.jpg?width=300	=	1.0000
http://marvelcinematicuniverse.wikia.com/wiki/Special:FilePath/Micah_Schraft.jpg	http://marvel.wikia.com/wiki/Special:FilePath/Micah_Schraft.jpg	=	1.0000
http://marvelcinematicuniverse.wikia.com/wiki/Special:FilePath/Deathlok.png?width=300	http://marvel.wikia.com/wiki/Special:FilePath/Deathlok.png?width=300	=	1.0000
http://dbkwik.webdatacommons.org/marvelcinematicuniverse.wikia.com/resource/Black_Bolt	http://dbkwik.webdatacommons.org/marvel.wikia.com/resource/Black_Bolt	=	1.0000
http://dbkwik.webdatacommons.org/marvelcinematicuniverse.wikia.com/resource/Schkeuditz	http://dbkwik.webdatacommons.org/marvel.wikia.com/resource/Schkeuditz	=	1.0000
http://dbkwik.webdatacommons.org/marvelcinematicuniverse.wikia.com/resource/Category:Vigilantes	http://dbkwik.webdatacommons.org/marvel.wikia.com/resource/Category:Vigilantes	=	1.0000
http://marvelcinematicuniverse.wikia.com/wiki/Special:FilePath/Jennifer_Phang.jpg	http://marvel.wikia.com/wiki/Special:FilePath/Jennifer_Phang.jpg	=	1.0000
http://marvelcinematicuniverse.wikia.com/wiki/Special:FilePath/Flag_of_Serbia.png	http://marvel.wikia.com/wiki/Special:FilePath/Flag_of_Serbia.png	=	1.0000
http://marvelcinematicuniverse.wikia.com/wiki/Special:FilePath/Flag_of_Cambodia.png?width=300	http://marvel.wikia.com/wiki/Special:FilePath/Flag_of_Cambodia.png?width=300	=	1.0000
http://dbkwik.webdatacommons.org/marvelcinematicuniverse.wikia.com/resource/Havana	http://dbkwik.webdatacommons.org/marvel.wikia.com/resource/Havana	=	1.0000
http://dbkwik.webdatacommons.org/marvelcinematicuniverse.wikia.com/resource/Chris_Buchner	http://dbkwik.webdatacommons.org/marvel.wikia.com/resource/Chris_Buchner	=	1.0000
http://dbkwik.webdatacommons.org/marvelcinematicuniverse.wikia.com/resource/Powell	http://dbkwik.webdatacommons.org/marvel.wikia.com/resource/Powell	=	1.0000
http://dbkwik.webdatacommons.org/marvelcinematicuniverse.wikia.com/resource/Spider-Man:_Homecoming	http://dbkwik.webdatacommons.org/marvel.wikia.com/resource/Spider-Man:_Homecoming	=	1.0000
http://dbkwik.webdatacommons.org/marvelcinematicuniverse.wikia.com/resource/Sam_Miller	http://dbkwik.webdatacommons.org/marvel.wikia.com/resource/Sam_Miller	=	1.0000
http://dbkwik.webdatacommons.org/marvelcinematicuniverse.wikia.com/resource/Mojave_Desert	http://dbkwik.webdatacommons.org/marvel.wikia.com/resource/Mojave_Desert	=	1.0000
http://dbkwik.webdatacommons.org/marvelcinematicuniverse.wikia.com/resource/Vulture	http://dbkwik.webdatacommons.org/marvel.wikia.com/resource/Vulture	=	1.0000
http://dbkwik.webdatacommons.org/marvelcinematicuniverse.wikia.com/resource/Energy_Shield	http://dbkwik.webdatacommons.org/marvel.wikia.com/resource/Energy_Shield	=	1.0000
http://dbkwik.webdatacommons.org/marvelcinematicuniverse.wikia.com/resource/Zen-Whoberi	http://dbkwik.webdatacommons.org/marvel.wikia.com/resource/Zen-Whoberi	=	1.0000
http://marvelcinematicuniverse.wikia.com/wiki/Special:FilePath/Georgi_Luchkov.jpg	http://marvel.wikia.com/wiki/Special:FilePath/;_Georgi-Luchkov.jpg	=	1.0000
http://marvelcinematicuniverse.wikia.com/wiki/Special:FilePath/Incredible_Hulk_The_Fury_Files_Vol_1_1.jpg?width=300	http://marvel.wikia.com/wiki/Special:FilePath/Incredible_Hulk_The_Fury_Files_Vol_1_1.jpg?width=300	=	1.0000
http://marvelcinematicuniverse.wikia.com/wiki/Special:FilePath/Flag_of_Portugal.png	http://marvel.wikia.com/wiki/Special:FilePath/Flag_of_Portugal.png	=	1.0000
http://dbkwik.webdatacommons.org/marvelcinematicuniverse.wikia.com/resource/Zhang	http://dbkwik.webdatacommons.org/marvel.wikia.com/resource/Zhang	=	1.0000
http://marvelcinematicuniverse.wikia.com/wiki/Special:FilePath/Flag_of_Algeria.png?width=300	http://marvel.wikia.com/wiki/Special:FilePath/Flag_of_Algeria.png?width=300	=	1.0000
http://marvelcinematicuniverse.wikia.com/wiki/Special:FilePath/Flag_of_Singapore.png?width=300	http://marvel.wikia.com/wiki/Special:FilePath/Flag_of_Singapore.png?width=300	=	1.0000
http://marvelcinematicuniverse.wikia.com/wiki/Special:FilePath/Jennifer_Getzinger.jpg?width=300	http://marvel.wikia.com/wiki/Special:FilePath/Jennifer_Getzinger.jpg?width=300	=	1.0000
http://dbkwik.webdatacommons.org/marvelcinematicuniverse.wikia.com/resource/Carlos_Lopez	http://dbkwik.webdatacommons.org/marvel.wikia.com/resource/Carlos_Lopez	=	1.0000
http://dbkwik.webdatacommons.org/marvelcinematicuniverse.wikia.com/resource/Christopher_Yost	http://dbkwik.webdatacommons.org/marvel.wikia.com/resource/Christopher_Yost	=	1.0000
http://dbkwik.webdatacommons.org/marvelcinematicuniverse.wikia.com/resource/Helen_Cho	http://dbkwik.webdatacommons.org/marvel.wikia.com/resource/Helen_Cho	=	1.0000
http://dbkwik.webdatacommons.org/marvelcinematicuniverse.wikia.com/resource/Joe_Harnell	http://dbkwik.webdatacommons.org/marvel.wikia.com/resource/Joe_Harnell	=	1.0000
http://marvelcinematicuniverse.wikia.com/wiki/Special:FilePath/Flag_of_Nigeria.png	http://marvel.wikia.com/wiki/Special:FilePath/Flag_of_Nigeria.png	=	1.0000
http://marvelcinematicuniverse.wikia.com/wiki/Special:FilePath/Garry_A._Brown.jpg	http://marvel.wikia.com/wiki/Special:FilePath/Garry_A._Brown.jpg	=	1.0000
http://dbkwik.webdatacommons.org/marvelcinematicuniverse.wikia.com/resource/New_Jersey	http://dbkwik.webdatacommons.org/marvel.wikia.com/resource/New_Jersey	=	1.0000
http://dbkwik.webdatacommons.org/marvelcinematicuniverse.wikia.com/resource/Saul	http://dbkwik.webdatacommons.org/marvel.wikia.com/resource/Saul	=	1.0000
http://dbkwik.webdatacommons.org/marvelcinematicuniverse.wikia.com/resource/Bryan_J._L._Glass	http://dbkwik.webdatacommons.org/marvel.wikia.com/resource/Bryan_J.L._Glass	=	1.0000
http://dbkwik.webdatacommons.org/marvelcinematicuniverse.wikia.com/resource/Veronica	http://dbkwik.webdatacommons.org/marvel.wikia.com/resource/Veronica	=	1.0000
http://dbkwik.webdatacommons.org/marvelcinematicuniverse.wikia.com/resource/June	http://dbkwik.webdatacommons.org/marvel.wikia.com/resource/June	=	1.0000
http://dbkwik.webdatacommons.org/marvelcinematicuniverse.wikia.com/resource/Cotati	http://dbkwik.webdatacommons.org/marvel.wikia.com/resource/Cotati	=	1.0000
http://dbkwik.webdatacommons.org/marvelcinematicuniverse.wikia.com/resource/Metrobank	http://dbkwik.webdatacommons.org/marvel.wikia.com/resource/Metrobank	=	1.0000
http://dbkwik.webdatacommons.org/marvelcinematicuniverse.wikia.com/resource/Marvel_One-Shot:_A_Funny_Thing_Happened_on_the_Way_to_Thor%27s_Hammer	http://dbkwik.webdatacommons.org/marvel.wikia.com/resource/Marvel_One-Shot:_A_Funny_Thing_Happened_on_the_Way_to_Thor%27s_Hammer	=	1.0000
http://dbkwik.webdatacommons.org/marvelcinematicuniverse.wikia.com/resource/Vision	http://dbkwik.webdatacommons.org/marvel.wikia.com/resource/Vision	=	1.0000
http://marvelcinematicuniverse.wikia.com/wiki/Special:FilePath/Mike_Miller.jpg	http://marvel.wikia.com/wiki/Special:FilePath/Mike_Miller.jpg	=	1.0000
http://dbkwik.webdatacommons.org/marvelcinematicuniverse.wikia.com/resource/Drew_Z._Greenberg	http://dbkwik.webdatacommons.org/marvel.wikia.com/resource/Drew_Z._Greenberg	=	1.0000
http://dbkwik.webdatacommons.org/marvelcinematicuniverse.wikia.com/property/creator	http://dbkwik.webdatacommons.org/marvel.wikia.com/resource/Raven_Software/Creator	=	1.0000
http://dbkwik.webdatacommons.org/marvelcinematicuniverse.wikia.com/resource/Nate_Piekos	http://dbkwik.webdatacommons.org/marvel.wikia.com/resource/Nate_Piekos	=	1.0000
http://dbkwik.webdatacommons.org/marvelcinematicuniverse.wikia.com/resource/Mark_Fergus	http://dbkwik.webdatacommons.org/marvel.wikia.com/resource/Mark_Fergus	=	1.0000
http://dbkwik.webdatacommons.org/marvelcinematicuniverse.wikia.com/resource/Fabian_Nicieza	http://dbkwik.webdatacommons.org/marvel.wikia.com/resource/Fabian_Nicieza	=	1.0000
http://dbkwik.webdatacommons.org/marvelcinematicuniverse.wikia.com/resource/Red_Room	http://dbkwik.webdatacommons.org/marvel.wikia.com/resource/Red_Room	=	1.0000
http://marvelcinematicuniverse.wikia.com/wiki/Special:FilePath/Joe_Casey.jpg?width=300	http://marvel.wikia.com/wiki/Special:FilePath/Joe_Casey.jpg?width=300	=	1.0000
http://dbkwik.webdatacommons.org/marvelcinematicuniverse.wikia.com/resource/Hugh_Jones	http://dbkwik.webdatacommons.org/marvel.wikia.com/resource/Hugh_Jones	=	1.0000
http://dbkwik.webdatacommons.org/marvelcinematicuniverse.wikia.com/resource/Category:Asgardians	http://dbkwik.webdatacommons.org/marvel.wikia.com/resource/Category:Asgardians	=	1.0000
http://marvelcinematicuniverse.wikia.com/wiki/Special:FilePath/Pearl_Harbor.png?width=300	http://marvel.wikia.com/wiki/Special:FilePath/Pearl_Harbor.png?width=300	=	1.0000
http://marvelcinematicuniverse.wikia.com/wiki/Special:FilePath/Wyatt_Smith.jpg?width=300	http://marvel.wikia.com/wiki/Special:FilePath/Wyatt_Smith.jpg?width=300	=	1.0000
http://dbkwik.webdatacommons.org/marvelcinematicuniverse.wikia.com/resource/Richie_Parker	http://dbkwik.webdatacommons.org/marvel.wikia.com/resource/Richie_Parker	=	1.0000
http://dbkwik.webdatacommons.org/marvelcinematicuniverse.wikia.com/resource/Category:Companies	http://dbkwik.webdatacommons.org/marvel.wikia.com/resource/Category:Companies	=	1.0000
http://marvelcinematicuniverse.wikia.com/wiki/Special:FilePath/May.jpg	http://marvel.wikia.com/wiki/Special:FilePath/May.jpg	=	1.0000
http://dbkwik.webdatacommons.org/marvelcinematicuniverse.wikia.com/resource/Ant-Man_(film)	http://dbkwik.webdatacommons.org/marvel.wikia.com/resource/Ant-Man_(film)	=	1.0000
http://dbkwik.webdatacommons.org/marvelcinematicuniverse.wikia.com/resource/Black_Panther	http://dbkwik.webdatacommons.org/marvel.wikia.com/resource/Black_Panther	=	1.0000
http://marvelcinematicuniverse.wikia.com/wiki/Special:FilePath/Jeffrey_W._Byrd.jpg	http://marvel.wikia.com/wiki/Special:FilePath/Jeffrey_W._Byrd.jpg	=	1.0000
http://dbkwik.webdatacommons.org/marvelcinematicuniverse.wikia.com/resource/Eye-Spy	http://dbkwik.webdatacommons.org/marvel.wikia.com/resource/Eye-Spy	=	1.0000
http://dbkwik.webdatacommons.org/marvelcinematicuniverse.wikia.com/resource/Madripoor	http://dbkwik.webdatacommons.org/marvel.wikia.com/resource/Madripoor	=	1.0000
http://dbkwik.webdatacommons.org/marvelcinematicuniverse.wikia.com/resource/Utah	http://dbkwik.webdatacommons.org/marvel.wikia.com/resource/Utah	=	1.0000
http://dbkwik.webdatacommons.org/marvelcinematicuniverse.wikia.com/resource/Matt_Baker	http://dbkwik.webdatacommons.org/marvel.wikia.com/resource/Matt_Baker	=	1.0000
http://dbkwik.webdatacommons.org/marvelcinematicuniverse.wikia.com/resource/S.J._Clarkson	http://dbkwik.webdatacommons.org/marvel.wikia.com/resource/S._J._Clarkson	=	1.0000
http://marvelcinematicuniverse.wikia.com/wiki/Special:FilePath/Captain_America_Civil_War_Logo.png	http://marvel.wikia.com/wiki/Special:FilePath/Captain_America_Civil_War_Logo.png	=	1.0000
http://dbkwik.webdatacommons.org/marvelcinematicuniverse.wikia.com/resource/Daredevil%27s_Suit	http://dbkwik.webdatacommons.org/marvel.wikia.com/resource/Daredevil%27s_Suit	=	1.0000
http://dbkwik.webdatacommons.org/marvelcinematicuniverse.wikia.com/resource/Chitauri	http://dbkwik.webdatacommons.org/marvel.wikia.com/resource/Chitauri	=	1.0000
http://dbkwik.webdatacommons.org/marvelcinematicuniverse.wikia.com/resource/Centaurians	http://dbkwik.webdatacommons.org/marvel.wikia.com/resource/Centaurians	=	1.0000
http://dbkwik.webdatacommons.org/marvelcinematicuniverse.wikia.com/resource/Brett_Smith	http://dbkwik.webdatacommons.org/marvel.wikia.com/resource/Brett_Smith	=	1.0000
http://dbkwik.webdatacommons.org/marvelcinematicuniverse.wikia.com/resource/Ukraine	http://dbkwik.webdatacommons.org/marvel.wikia.com/resource/Ukraine	=	1.0000
http://dbkwik.webdatacommons.org/marvelcinematicuniverse.wikia.com/resource/Project_Rebirth	http://dbkwik.webdatacommons.org/marvel.wikia.com/resource/Project_Rebirth	=	1.0000
http://dbkwik.webdatacommons.org/marvelcinematicuniverse.wikia.com/resource/David_Petrarca	http://dbkwik.webdatacommons.org/marvel.wikia.com/resource/David_Petrarca	=	1.0000
http://marvelcinematicuniverse.wikia.com/wiki/Special:FilePath/Mike_Fichera.jpg?width=300	http://marvel.wikia.com/wiki/Special:FilePath/Mike_Fichera.jpg?width=300	=	1.0000
http://marvelcinematicuniverse.wikia.com/wiki/Special:FilePath/Flag_of_Iraq.png	http://marvel.wikia.com/wiki/Special:FilePath/Flag_of_Iraq.png	=	1.0000
http://marvelcinematicuniverse.wikia.com/wiki/Special:FilePath/Michael_Rymer.jpg?width=300	http://marvel.wikia.com/wiki/Special:FilePath/Michael_Rymer.jpg?width=300	=	1.0000
http://dbkwik.webdatacommons.org/marvelcinematicuniverse.wikia.com/resource/Dan_Abnett	http://dbkwik.webdatacommons.org/marvel.wikia.com/resource/Dan_Abnett	=	1.0000
http://marvelcinematicuniverse.wikia.com/wiki/Special:FilePath/Charles_Murray.jpg?width=300	http://marvel.wikia.com/wiki/Special:FilePath/Charles_Murray.jpg?width=300	=	1.0000
http://dbkwik.webdatacommons.org/marvelcinematicuniverse.wikia.com/resource/Szymon_Kudranski	http://dbkwik.webdatacommons.org/marvel.wikia.com/resource/Szymon_Kudranski	=	1.0000
http://dbkwik.webdatacommons.org/marvelcinematicuniverse.wikia.com/resource/Walter_Simonson	http://dbkwik.webdatacommons.org/marvel.wikia.com/resource/Walter_Simonson	=	1.0000
http://marvelcinematicuniverse.wikia.com/wiki/Special:FilePath/Real_Deathlok.png?width=300	http://marvel.wikia.com/wiki/Special:FilePath/Real_Deathlok.png?width=300	=	1.0000
http://dbkwik.webdatacommons.org/marvelcinematicuniverse.wikia.com/property/writer	http://dbkwik.webdatacommons.org/marvel.wikia.com/resource/Writer	=	1.0000
http://marvelcinematicuniverse.wikia.com/wiki/Special:FilePath/Joe_Harnell.jpg?width=300	http://marvel.wikia.com/wiki/Special:FilePath/Joe_Harnell.jpg?width=300	=	1.0000
http://marvelcinematicuniverse.wikia.com/wiki/Special:FilePath/Flag_of_Thailand.png?width=300	http://marvel.wikia.com/wiki/Special:FilePath/Flag_of_Thailand.png?width=300	=	1.0000
http://dbkwik.webdatacommons.org/marvelcinematicuniverse.wikia.com/resource/Redwing	http://dbkwik.webdatacommons.org/marvel.wikia.com/resource/Redwing	=	1.0000
http://marvelcinematicuniverse.wikia.com/wiki/Special:FilePath/Patriot.jpg?width=300	http://marvel.wikia.com/wiki/Special:FilePath/Patriot.jpg?width=300	=	1.0000
http://dbkwik.webdatacommons.org/marvelcinematicuniverse.wikia.com/resource/Executioner	http://dbkwik.webdatacommons.org/marvel.wikia.com/resource/Executioner	=	1.0000
http://marvelcinematicuniverse.wikia.com/wiki/Special:FilePath/Flag_of_Brazil.png	http://marvel.wikia.com/wiki/Special:FilePath/Flag_of_Brazil.png	=	1.0000
http://marvelcinematicuniverse.wikia.com/wiki/Special:FilePath/Marie_Javins.jpg?width=300	http://marvel.wikia.com/wiki/Special:FilePath/Marie_Javins.jpg?width=300	=	1.0000
http://dbkwik.webdatacommons.org/marvelcinematicuniverse.wikia.com/resource/Raleigh	http://dbkwik.webdatacommons.org/marvel.wikia.com/resource/Raleigh	=	1.0000
http://dbkwik.webdatacommons.org/marvelcinematicuniverse.wikia.com/resource/Kiev	http://dbkwik.webdatacommons.org/marvel.wikia.com/resource/Kiev	=	1.0000
http://dbkwik.webdatacommons.org/marvelcinematicuniverse.wikia.com/resource/Vienna	http://dbkwik.webdatacommons.org/marvel.wikia.com/resource/Vienna	=	1.0000
http://dbkwik.webdatacommons.org/marvelcinematicuniverse.wikia.com/resource/Markus_Raymond	http://dbkwik.webdatacommons.org/marvel.wikia.com/resource/Markus_Raymond	=	1.0000
http://dbkwik.webdatacommons.org/marvelcinematicuniverse.wikia.com/resource/Staff_of_the_Living_Tribunal/Gallery	http://dbkwik.webdatacommons.org/marvel.wikia.com/resource/Staff_of_the_Living_Tribunal/Gallery	=	1.0000
http://dbkwik.webdatacommons.org/marvelcinematicuniverse.wikia.com/resource/Stormbreaker/Gallery	http://dbkwik.webdatacommons.org/marvel.wikia.com/resource/Stormbreaker/Gallery	=	1.0000
http://dbkwik.webdatacommons.org/marvelcinematicuniverse.wikia.com/resource/Category:Halfworlders	http://dbkwik.webdatacommons.org/marvel.wikia.com/resource/Category:Halfworlders	=	1.0000
http://marvelcinematicuniverse.wikia.com/wiki/Special:FilePath/Paul_Edwards.jpg?width=300	http://marvel.wikia.com/wiki/Special:FilePath/;_Paul_Edwards.jpg?width=300	=	1.0000
http://dbkwik.webdatacommons.org/marvelcinematicuniverse.wikia.com/resource/Captain_America:_The_Winter_Soldier_-_The_Official_Game	http://dbkwik.webdatacommons.org/marvel.wikia.com/resource/Captain_America:_The_Winter_Soldier_-_The_Official_Game	=	1.0000
http://dbkwik.webdatacommons.org/marvelcinematicuniverse.wikia.com/resource/A.I.M.	http://dbkwik.webdatacommons.org/marvel.wikia.com/resource/A.I.M.	=	1.0000
http://dbkwik.webdatacommons.org/marvelcinematicuniverse.wikia.com/resource/Steve_Kurth	http://dbkwik.webdatacommons.org/marvel.wikia.com/resource/Steve_Kurth	=	1.0000
http://marvelcinematicuniverse.wikia.com/wiki/Special:FilePath/HYDRA_Cannon.png	http://marvel.wikia.com/wiki/Special:FilePath/Hydra_Cannon.png	=	1.0000
http://dbkwik.webdatacommons.org/marvelcinematicuniverse.wikia.com/resource/IGH	http://dbkwik.webdatacommons.org/marvel.wikia.com/resource/IGH	=	1.0000
http://dbkwik.webdatacommons.org/marvelcinematicuniverse.wikia.com/resource/Christopher_Ford	http://dbkwik.webdatacommons.org/marvel.wikia.com/resource/Christopher_Ford	=	1.0000
http://dbkwik.webdatacommons.org/marvelcinematicuniverse.wikia.com/resource/Robert_Minoru	http://dbkwik.webdatacommons.org/marvel.wikia.com/resource/Robert_Minoru	=	1.0000
http://marvelcinematicuniverse.wikia.com/wiki/Special:FilePath/Maggia.jpg	http://marvel.wikia.com/wiki/Special:FilePath/Maggia.jpg	=	1.0000
http://dbkwik.webdatacommons.org/marvelcinematicuniverse.wikia.com/resource/Arago-7	http://dbkwik.webdatacommons.org/marvel.wikia.com/resource/Arago-7	=	1.0000
http://marvelcinematicuniverse.wikia.com/wiki/Special:FilePath/Paul_Zbyszewski.jpg?width=300	http://marvel.wikia.com/wiki/Special:FilePath/Paul_Zbyszewski.jpg?width=300	=	1.0000
http://dbkwik.webdatacommons.org/marvelcinematicuniverse.wikia.com/resource/Don_Rigoletto	http://dbkwik.webdatacommons.org/marvel.wikia.com/resource/Don_Rigoletto	=	1.0000
http://dbkwik.webdatacommons.org/marvelcinematicuniverse.wikia.com/resource/Alan_Davis	http://dbkwik.webdatacommons.org/marvel.wikia.com/resource/Alan_Davis	=	1.0000
http://dbkwik.webdatacommons.org/marvelcinematicuniverse.wikia.com/resource/Axel_Alonso	http://dbkwik.webdatacommons.org/marvel.wikia.com/resource/Axel_Alonso	=	1.0000
http://dbkwik.webdatacommons.org/marvelcinematicuniverse.wikia.com/resource/David_Platt	http://dbkwik.webdatacommons.org/marvel.wikia.com/resource/David_Platt	=	1.0000
http://dbkwik.webdatacommons.org/marvelcinematicuniverse.wikia.com/resource/New_York_City_Police_Department	http://dbkwik.webdatacommons.org/marvel.wikia.com/resource/New_York_City_Police_Department	=	1.0000
http://dbkwik.webdatacommons.org/marvelcinematicuniverse.wikia.com/resource/2012	http://dbkwik.webdatacommons.org/marvel.wikia.com/resource/2012	=	1.0000
http://marvelcinematicuniverse.wikia.com/wiki/Special:FilePath/Patrick_Norris.jpg	http://marvel.wikia.com/wiki/Special:FilePath/Patrick_Norris.jpg	=	1.0000
http://marvelcinematicuniverse.wikia.com/wiki/Special:FilePath/Medusa.jpg?width=300	http://marvel.wikia.com/wiki/Special:FilePath/Medusa.jpg?width=300	=	1.0000
http://dbkwik.webdatacommons.org/marvelcinematicuniverse.wikia.com/resource/MI6	http://dbkwik.webdatacommons.org/marvel.wikia.com/resource/MI6	=	1.0000
http://dbkwik.webdatacommons.org/marvelcinematicuniverse.wikia.com/resource/Scott_Buck	http://dbkwik.webdatacommons.org/marvel.wikia.com/resource/Scott_Buck	=	1.0000
http://dbkwik.webdatacommons.org/marvelcinematicuniverse.wikia.com/resource/Patrick_Duke	http://dbkwik.webdatacommons.org/marvel.wikia.com/resource/Patrick_Duke	=	1.0000
http://dbkwik.webdatacommons.org/marvelcinematicuniverse.wikia.com/resource/WJBP-TV	http://dbkwik.webdatacommons.org/marvel.wikia.com/resource/WJBP-TV	=	1.0000
http://marvelcinematicuniverse.wikia.com/wiki/Special:FilePath/Christopher_Markus.jpg?width=300	http://marvel.wikia.com/wiki/Special:FilePath/Christopher_Markus.jpg?width=300	=	1.0000
http://dbkwik.webdatacommons.org/marvelcinematicuniverse.wikia.com/resource/Oregon	http://dbkwik.webdatacommons.org/marvel.wikia.com/resource/Oregon	=	1.0000
http://dbkwik.webdatacommons.org/marvelcinematicuniverse.wikia.com/resource/Johnny_Blaze	http://dbkwik.webdatacommons.org/marvel.wikia.com/resource/Johnny_Blaze	=	1.0000
http://dbkwik.webdatacommons.org/marvelcinematicuniverse.wikia.com/resource/George_Pérez	http://dbkwik.webdatacommons.org/marvel.wikia.com/resource/George_Pérez	=	1.0000
http://marvelcinematicuniverse.wikia.com/wiki/Special:FilePath/Betty.jpg?width=300	http://marvel.wikia.com/wiki/Special:FilePath/Betty.jpg?width=300	=	1.0000
http://marvelcinematicuniverse.wikia.com/wiki/Special:FilePath/DeathlokHQ.png?width=300	http://marvel.wikia.com/wiki/Special:FilePath/DeathlokHQ.png?width=300	=	1.0000
http://dbkwik.webdatacommons.org/marvelcinematicuniverse.wikia.com/resource/Tom_Brevoort	http://dbkwik.webdatacommons.org/marvel.wikia.com/resource/Tom_Brevoort	=	1.0000
http://dbkwik.webdatacommons.org/marvelcinematicuniverse.wikia.com/resource/Harold_Meachum	http://dbkwik.webdatacommons.org/marvel.wikia.com/resource/Harold_Meachum	=	1.0000
http://marvelcinematicuniverse.wikia.com/wiki/Special:FilePath/Flag_of_Saudi_Arabia.png	http://marvel.wikia.com/wiki/Special:FilePath/Flag_of_Saudi_Arabia.png	=	1.0000
http://dbkwik.webdatacommons.org/marvelcinematicuniverse.wikia.com/resource/Taskmaster	http://dbkwik.webdatacommons.org/marvel.wikia.com/resource/Taskmaster	=	1.0000
http://dbkwik.webdatacommons.org/marvelcinematicuniverse.wikia.com/property/after	http://dbkwik.webdatacommons.org/marvel.wikia.com/property/after	=	1.0000
http://marvelcinematicuniverse.wikia.com/wiki/Special:FilePath/Marvel_One-Shot_A_Funny_Thing_Happened_on_the_Way_to_Thor%27s_Hammer.jpg	http://marvel.wikia.com/wiki/Special:FilePath/Marvel_One-Shot_A_Funny_Thing_Happened_on_the_Way_to_Thor%27s_Hammer.jpg	=	1.0000
http://marvelcinematicuniverse.wikia.com/wiki/Special:FilePath/Rosemary_Rodriguez.jpg	http://marvel.wikia.com/wiki/Special:FilePath/Rosemary_Rodriguez.jpg	=	1.0000
http://dbkwik.webdatacommons.org/marvelcinematicuniverse.wikia.com/resource/Ruthie%27s_Skillet	http://dbkwik.webdatacommons.org/marvel.wikia.com/resource/Ruthie%27s_Skillet	=	1.0000
http://dbkwik.webdatacommons.org/marvelcinematicuniverse.wikia.com/resource/Category:Guardians_of_the_Galaxy_Equipment	http://dbkwik.webdatacommons.org/marvel.wikia.com/resource/Category:Guardians_of_the_Galaxy_Equipment	=	1.0000
http://dbkwik.webdatacommons.org/marvelcinematicuniverse.wikia.com/resource/Chernobyl	http://dbkwik.webdatacommons.org/marvel.wikia.com/resource/Chernobyl	=	1.0000
http://marvelcinematicuniverse.wikia.com/wiki/Special:FilePath/Iron_patriot_2.jpg	http://marvel.wikia.com/wiki/Special:FilePath/Iron_Patriot_2.jpg	=	1.0000
http://dbkwik.webdatacommons.org/marvelcinematicuniverse.wikia.com/resource/Palo_Alto	http://dbkwik.webdatacommons.org/marvel.wikia.com/resource/Palo_Alto	=	1.0000
http://marvelcinematicuniverse.wikia.com/wiki/Special:FilePath/Christine.jpg	http://marvel.wikia.com/wiki/Special:FilePath/Christine.jpg	=	1.0000
http://dbkwik.webdatacommons.org/marvelcinematicuniverse.wikia.com/resource/Amanda_Carter	http://dbkwik.webdatacommons.org/marvel.wikia.com/resource/Amanda_Carter	=	1.0000
http://dbkwik.webdatacommons.org/marvelcinematicuniverse.wikia.com/resource/Garthan_Saal	http://dbkwik.webdatacommons.org/marvel.wikia.com/resource/Garthan_Saal	=	1.0000
http://marvelcinematicuniverse.wikia.com/wiki/Special:FilePath/Wyatt_Smith.jpg	http://marvel.wikia.com/wiki/Special:FilePath/Wyatt_Smith.jpg	=	1.0000
http://dbkwik.webdatacommons.org/marvelcinematicuniverse.wikia.com/resource/Scott_Koblish	http://dbkwik.webdatacommons.org/marvel.wikia.com/resource/Scott_Koblish	=	1.0000
http://dbkwik.webdatacommons.org/marvelcinematicuniverse.wikia.com/resource/Greg_Land	http://dbkwik.webdatacommons.org/marvel.wikia.com/resource/Greg_Land	=	1.0000
http://marvelcinematicuniverse.wikia.com/wiki/Special:FilePath/Mark_Fergus.jpg?width=300	http://marvel.wikia.com/wiki/Special:FilePath/Mark_Fergus.jpg?width=300	=	1.0000
http://dbkwik.webdatacommons.org/marvelcinematicuniverse.wikia.com/resource/Punisher%27s_Arsenal	http://dbkwik.webdatacommons.org/marvel.wikia.com/resource/Punisher%27s_Arsenal	=	1.0000
http://dbkwik.webdatacommons.org/marvelcinematicuniverse.wikia.com/resource/Anvil	http://dbkwik.webdatacommons.org/marvel.wikia.com/resource/Anvil	=	1.0000
http://dbkwik.webdatacommons.org/marvelcinematicuniverse.wikia.com/resource/Anderson_Silva	http://dbkwik.webdatacommons.org/marvel.wikia.com/resource/Anderson_Silva	=	1.0000
http://marvelcinematicuniverse.wikia.com/wiki/Special:FilePath/Rodney_Barnes.jpg	http://marvel.wikia.com/wiki/Special:FilePath/Rodney_Barnes.jpg	=	1.0000
http://dbkwik.webdatacommons.org/marvelcinematicuniverse.wikia.com/resource/Frank_Tieri	http://dbkwik.webdatacommons.org/marvel.wikia.com/resource/Frank_Tieri	=	1.0000
http://dbkwik.webdatacommons.org/marvelcinematicuniverse.wikia.com/resource/Category:NASA	http://dbkwik.webdatacommons.org/marvel.wikia.com/resource/Category:NASA	=	1.0000
http://dbkwik.webdatacommons.org/marvelcinematicuniverse.wikia.com/resource/Maggia	http://dbkwik.webdatacommons.org/marvel.wikia.com/resource/Maggia	=	1.0000
http://dbkwik.webdatacommons.org/marvelcinematicuniverse.wikia.com/resource/Nirvana	http://dbkwik.webdatacommons.org/marvel.wikia.com/resource/Nirvana	=	1.0000
http://dbkwik.webdatacommons.org/marvelcinematicuniverse.wikia.com/resource/Andrew_Leung	http://dbkwik.webdatacommons.org/marvel.wikia.com/resource/Andrew_Leung	=	1.0000
http://dbkwik.webdatacommons.org/marvelcinematicuniverse.wikia.com/resource/Speedball	http://dbkwik.webdatacommons.org/marvel.wikia.com/resource/Speedball	=	1.0000
http://dbkwik.webdatacommons.org/marvelcinematicuniverse.wikia.com/resource/Category:Category_templates	http://dbkwik.webdatacommons.org/marvel.wikia.com/resource/Category:Category_Templates	=	1.0000
http://dbkwik.webdatacommons.org/marvelcinematicuniverse.wikia.com/resource/Josh_Schwartz	http://dbkwik.webdatacommons.org/marvel.wikia.com/resource/Josh_Schwartz	=	1.0000
http://dbkwik.webdatacommons.org/marvelcinematicuniverse.wikia.com/resource/Andy_Goddard	http://dbkwik.webdatacommons.org/marvel.wikia.com/resource/Andy_Goddard	=	1.0000
http://marvelcinematicuniverse.wikia.com/wiki/Special:FilePath/Raze.jpg?width=300	http://marvel.wikia.com/wiki/Special:FilePath/;_Raze.jpg?width=300	=	1.0000
http://dbkwik.webdatacommons.org/marvelcinematicuniverse.wikia.com/resource/Svartalfheim/Gallery	http://dbkwik.webdatacommons.org/marvel.wikia.com/resource/Svartalfheim/Gallery	=	1.0000
http://marvelcinematicuniverse.wikia.com/wiki/Special:FilePath/Brad_Turner.jpg?width=300	http://marvel.wikia.com/wiki/Special:FilePath/Brad_Turner.jpg?width=300	=	1.0000
http://dbkwik.webdatacommons.org/marvelcinematicuniverse.wikia.com/resource/Destroyer_Armor_Prototype_Gun	http://dbkwik.webdatacommons.org/marvel.wikia.com/resource/Destroyer_Armor_Prototype_Gun	=	1.0000
http://dbkwik.webdatacommons.org/marvelcinematicuniverse.wikia.com/resource/Rus_Wooton	http://dbkwik.webdatacommons.org/marvel.wikia.com/resource/Rus_Wooton	=	1.0000
http://dbkwik.webdatacommons.org/marvelcinematicuniverse.wikia.com/resource/Chris_Cheramie	http://dbkwik.webdatacommons.org/marvel.wikia.com/resource/Chris_Cheramie	=	1.0000
http://dbkwik.webdatacommons.org/marvelcinematicuniverse.wikia.com/resource/Krylorians	http://dbkwik.webdatacommons.org/marvel.wikia.com/resource/Krylorians	=	1.0000
http://marvelcinematicuniverse.wikia.com/wiki/Special:FilePath/Richard_Elson.jpg	http://marvel.wikia.com/wiki/Special:FilePath/Richard_Elson.jpg	=	1.0000
http://dbkwik.webdatacommons.org/marvelcinematicuniverse.wikia.com/resource/Vibranium/Gallery	http://dbkwik.webdatacommons.org/marvel.wikia.com/resource/Vibranium/Gallery	=	1.0000
http://dbkwik.webdatacommons.org/marvelcinematicuniverse.wikia.com/resource/Guardians_of_the_Galaxy:_Awesome_Mix_Vol._1	http://dbkwik.webdatacommons.org/marvel.wikia.com/resource/Guardians_of_the_Galaxy:_Awesome_Mix_Vol._1	=	1.0000
http://marvelcinematicuniverse.wikia.com/wiki/Special:FilePath/Whit_Anderson.jpg	http://marvel.wikia.com/wiki/Special:FilePath/Whit_Anderson.jpg	=	1.0000
http://dbkwik.webdatacommons.org/marvelcinematicuniverse.wikia.com/resource/Infinity	http://dbkwik.webdatacommons.org/marvel.wikia.com/resource/Infinity	=	1.0000
http://dbkwik.webdatacommons.org/marvelcinematicuniverse.wikia.com/resource/Canada	http://dbkwik.webdatacommons.org/marvel.wikia.com/resource/Canada	=	1.0000
http://dbkwik.webdatacommons.org/marvelcinematicuniverse.wikia.com/property/name	http://dbkwik.webdatacommons.org/marvel.wikia.com/property/name	=	1.0000
http://marvelcinematicuniverse.wikia.com/wiki/Special:FilePath/C._Robert_Cargill.jpg?width=300	http://marvel.wikia.com/wiki/Special:FilePath/C._Robert_Cargill.jpg?width=300	=	1.0000
http://dbkwik.webdatacommons.org/marvelcinematicuniverse.wikia.com/resource/Mindless_Ones/Gallery	http://dbkwik.webdatacommons.org/marvel.wikia.com/resource/Mindless_Ones/Gallery	=	1.0000
http://dbkwik.webdatacommons.org/marvelcinematicuniverse.wikia.com/resource/Joe_Casey	http://dbkwik.webdatacommons.org/marvel.wikia.com/resource/Joe_Casey	=	1.0000
http://dbkwik.webdatacommons.org/marvelcinematicuniverse.wikia.com/resource/Whizzer	http://dbkwik.webdatacommons.org/marvel.wikia.com/resource/Whizzer	=	1.0000
http://dbkwik.webdatacommons.org/marvelcinematicuniverse.wikia.com/resource/Mauler	http://dbkwik.webdatacommons.org/marvel.wikia.com/resource/Mauler	=	1.0000
http://dbkwik.webdatacommons.org/marvelcinematicuniverse.wikia.com/resource/Godslayer	http://dbkwik.webdatacommons.org/marvel.wikia.com/resource/Godslayer	=	1.0000
http://dbkwik.webdatacommons.org/marvelcinematicuniverse.wikia.com/resource/Category:Actors	http://dbkwik.webdatacommons.org/marvel.wikia.com/resource/Category:Actors	=	1.0000
http://dbkwik.webdatacommons.org/marvelcinematicuniverse.wikia.com/resource/Taserface	http://dbkwik.webdatacommons.org/marvel.wikia.com/resource/Taserface	=	1.0000
http://marvelcinematicuniverse.wikia.com/wiki/Special:FilePath/Paul_Tobin.jpg?width=300	http://marvel.wikia.com/wiki/Special:FilePath/Paul_Tobin.jpg?width=300	=	1.0000
http://dbkwik.webdatacommons.org/marvelcinematicuniverse.wikia.com/resource/Tokyo	http://dbkwik.webdatacommons.org/marvel.wikia.com/resource/Tokyo	=	1.0000
http://dbkwik.webdatacommons.org/marvelcinematicuniverse.wikia.com/resource/Jamaica	http://dbkwik.webdatacommons.org/marvel.wikia.com/resource/Jamaica	=	1.0000
http://dbkwik.webdatacommons.org/marvelcinematicuniverse.wikia.com/resource/Milwaukee	http://dbkwik.webdatacommons.org/marvel.wikia.com/resource/Milwaukee	=	1.0000
http://dbkwik.webdatacommons.org/marvelcinematicuniverse.wikia.com/resource/Mexico_City	http://dbkwik.webdatacommons.org/marvel.wikia.com/resource/Mexico_City	=	1.0000
http://marvelcinematicuniverse.wikia.com/wiki/Special:FilePath/Stephen_McFeely.jpg	http://marvel.wikia.com/wiki/Special:FilePath/Stephen_McFeely.jpg	=	1.0000
http://dbkwik.webdatacommons.org/marvelcinematicuniverse.wikia.com/resource/Taipei	http://dbkwik.webdatacommons.org/marvel.wikia.com/resource/Taipei	=	1.0000
http://dbkwik.webdatacommons.org/marvelcinematicuniverse.wikia.com/resource/Maryland	http://dbkwik.webdatacommons.org/marvel.wikia.com/resource/Maryland	=	1.0000
http://dbkwik.webdatacommons.org/marvelcinematicuniverse.wikia.com/resource/Category:Red_Hair	http://dbkwik.webdatacommons.org/marvel.wikia.com/resource/Category:Red_Hair	=	1.0000
http://marvelcinematicuniverse.wikia.com/wiki/Special:FilePath/Nelson_McCormick.jpg	http://marvel.wikia.com/wiki/Special:FilePath/Nelson_McCormick.jpg	=	1.0000
http://dbkwik.webdatacommons.org/marvelcinematicuniverse.wikia.com/resource/Paris	http://dbkwik.webdatacommons.org/marvel.wikia.com/resource/Paris	=	1.0000
http://dbkwik.webdatacommons.org/marvelcinematicuniverse.wikia.com/resource/Luphomoids	http://dbkwik.webdatacommons.org/marvel.wikia.com/resource/Luphomoids	=	1.0000
http://dbkwik.webdatacommons.org/marvelcinematicuniverse.wikia.com/resource/Iraq	http://dbkwik.webdatacommons.org/marvel.wikia.com/resource/Iraq	=	1.0000
http://dbkwik.webdatacommons.org/marvelcinematicuniverse.wikia.com/resource/Reno	http://dbkwik.webdatacommons.org/marvel.wikia.com/resource/Reno	=	1.0000
http://dbkwik.webdatacommons.org/marvelcinematicuniverse.wikia.com/resource/Einherjar	http://dbkwik.webdatacommons.org/marvel.wikia.com/resource/Einherjar	=	1.0000
http://marvelcinematicuniverse.wikia.com/wiki/Special:FilePath/Victor_Olazaba.jpg	http://marvel.wikia.com/wiki/Special:FilePath/Victor_Olazaba.jpg	=	1.0000
http://dbkwik.webdatacommons.org/marvelcinematicuniverse.wikia.com/resource/Liz_Friedman	http://dbkwik.webdatacommons.org/marvel.wikia.com/resource/Liz_Friedman	=	1.0000
http://marvelcinematicuniverse.wikia.com/wiki/Special:FilePath/Dana_Baratta.jpg?width=300	http://marvel.wikia.com/wiki/Special:FilePath/Dana_Baratta.jpg?width=300	=	1.0000
http://dbkwik.webdatacommons.org/marvelcinematicuniverse.wikia.com/resource/Neil_Edwards	http://dbkwik.webdatacommons.org/marvel.wikia.com/resource/Neil_Edwards	=	1.0000
http://marvelcinematicuniverse.wikia.com/wiki/Special:FilePath/Ariella_Blejer.jpg?width=300	http://marvel.wikia.com/wiki/Special:FilePath/Ariella_Blejer.jpg?width=300	=	1.0000
http://marvelcinematicuniverse.wikia.com/wiki/Special:FilePath/Lola.jpg?width=300	http://marvel.wikia.com/wiki/Special:FilePath/Lola.jpg?width=300	=	1.0000
http://marvelcinematicuniverse.wikia.com/wiki/Special:FilePath/DeathlokHQ.png	http://marvel.wikia.com/wiki/Special:FilePath/DeathlokHQ.png	=	1.0000
http://dbkwik.webdatacommons.org/marvelcinematicuniverse.wikia.com/resource/Delaware	http://dbkwik.webdatacommons.org/marvel.wikia.com/resource/Delaware	=	1.0000
http://marvelcinematicuniverse.wikia.com/wiki/Special:FilePath/Flag_of_Romania.png	http://marvel.wikia.com/wiki/Special:FilePath/Flag_of_Romania.png	=	1.0000
http://dbkwik.webdatacommons.org/marvelcinematicuniverse.wikia.com/resource/Tyler_Stuart	http://dbkwik.webdatacommons.org/marvel.wikia.com/resource/Tyler_Stuart	=	1.0000
http://dbkwik.webdatacommons.org/marvelcinematicuniverse.wikia.com/resource/Category:Dogs	http://dbkwik.webdatacommons.org/marvel.wikia.com/resource/Category:Dogs	=	1.0000
http://dbkwik.webdatacommons.org/marvelcinematicuniverse.wikia.com/resource/Knowhere	http://dbkwik.webdatacommons.org/marvel.wikia.com/resource/Knowhere	=	1.0000
http://marvelcinematicuniverse.wikia.com/wiki/Special:FilePath/Gotgstill-pratt03.jpg	http://marvel.wikia.com/wiki/Special:FilePath/Gotgstill-pratt03.jpg	=	1.0000
http://marvelcinematicuniverse.wikia.com/wiki/Special:FilePath/Sean_Chen.jpg	http://marvel.wikia.com/wiki/Special:FilePath/Sean_Chen.jpg	=	1.0000
http://dbkwik.webdatacommons.org/marvelcinematicuniverse.wikia.com/resource/Star	http://dbkwik.webdatacommons.org/marvel.wikia.com/resource/Star	=	1.0000
http://marvelcinematicuniverse.wikia.com/wiki/Special:FilePath/Dan_Jolley.jpg?width=300	http://marvel.wikia.com/wiki/Special:FilePath/Dan_Jolley.jpg?width=300	=	1.0000
http://dbkwik.webdatacommons.org/marvelcinematicuniverse.wikia.com/resource/Team_Darryl	http://dbkwik.webdatacommons.org/marvel.wikia.com/resource/Team_Darryl	=	1.0000
http://dbkwik.webdatacommons.org/marvelcinematicuniverse.wikia.com/resource/Spokane	http://dbkwik.webdatacommons.org/marvel.wikia.com/resource/Spokane	=	1.0000
http://marvelcinematicuniverse.wikia.com/wiki/Special:FilePath/Maggia.jpg?width=300	http://marvel.wikia.com/wiki/Special:FilePath/Maggia.jpg?width=300	=	1.0000
http://marvelcinematicuniverse.wikia.com/wiki/Special:FilePath/Miguel_Sapochnik.jpg	http://marvel.wikia.com/wiki/Special:FilePath/Miguel_Sapochnik.jpg	=	1.0000
http://dbkwik.webdatacommons.org/marvelcinematicuniverse.wikia.com/resource/Metropolitan_Police_Department	http://dbkwik.webdatacommons.org/marvel.wikia.com/resource/Metropolitan_Police_Department	=	1.0000
http://dbkwik.webdatacommons.org/marvelcinematicuniverse.wikia.com/resource/Gamma_Ray_Projector	http://dbkwik.webdatacommons.org/marvel.wikia.com/resource/Gamma_Ray_Projector	=	1.0000
http://marvelcinematicuniverse.wikia.com/wiki/Special:FilePath/Anna_Foerster.jpg	http://marvel.wikia.com/wiki/Special:FilePath/Anna_Foerster.jpg	=	1.0000
http://marvelcinematicuniverse.wikia.com/wiki/Special:FilePath/Siege_Aftermath.jpg	http://marvel.wikia.com/wiki/Special:FilePath/Siege-aftermath.jpg	=	1.0000
http://marvelcinematicuniverse.wikia.com/wiki/Special:FilePath/Craig_Kyle.jpg?width=300	http://marvel.wikia.com/wiki/Special:FilePath/Craig_Kyle.jpg?width=300	=	1.0000
http://dbkwik.webdatacommons.org/marvelcinematicuniverse.wikia.com/resource/Asgard-Jotunheim_War	http://dbkwik.webdatacommons.org/marvel.wikia.com/resource/Asgard-Jotunheim_War	=	1.0000
http://dbkwik.webdatacommons.org/marvelcinematicuniverse.wikia.com/resource/Captain_America:_Civil_War	http://dbkwik.webdatacommons.org/marvel.wikia.com/resource/Captain_America:_Civil_War	=	1.0000
http://marvelcinematicuniverse.wikia.com/wiki/Special:FilePath/David_Angar.png?width=300	http://marvel.wikia.com/wiki/Special:FilePath/David_Angar.png?width=300	=	1.0000
http://dbkwik.webdatacommons.org/marvelcinematicuniverse.wikia.com/resource/Morocco	http://dbkwik.webdatacommons.org/marvel.wikia.com/resource/Morocco	=	1.0000
http://dbkwik.webdatacommons.org/marvelcinematicuniverse.wikia.com/resource/Iron_Man:_The_Junior_Novel	http://dbkwik.webdatacommons.org/marvel.wikia.com/resource/Iron_Man:_The_Junior_Novel	=	1.0000
http://marvelcinematicuniverse.wikia.com/wiki/Special:FilePath/timthumb.jpg?width=300	http://marvel.wikia.com/wiki/Special:FilePath/Timthumb.jpg?width=300	=	1.0000
http://dbkwik.webdatacommons.org/marvelcinematicuniverse.wikia.com/resource/Albany	http://dbkwik.webdatacommons.org/marvel.wikia.com/resource/Albany	=	1.0000
http://dbkwik.webdatacommons.org/marvelcinematicuniverse.wikia.com/resource/Dearbhla_Walsh	http://dbkwik.webdatacommons.org/marvel.wikia.com/resource/Dearbhla_Walsh	=	1.0000
http://marvelcinematicuniverse.wikia.com/wiki/Special:FilePath/Director_Fury.jpg?width=300	http://marvel.wikia.com/wiki/Special:FilePath/DirectorFury.jpg?width=300	=	1.0000
http://dbkwik.webdatacommons.org/marvelcinematicuniverse.wikia.com/resource/Catherine_Wilder	http://dbkwik.webdatacommons.org/marvel.wikia.com/resource/Catherine_Wilder	=	1.0000
http://dbkwik.webdatacommons.org/marvelcinematicuniverse.wikia.com/resource/Quicksilver	http://dbkwik.webdatacommons.org/marvel.wikia.com/resource/Quicksilver	=	1.0000
http://dbkwik.webdatacommons.org/marvelcinematicuniverse.wikia.com/resource/Berserker_Staff	http://dbkwik.webdatacommons.org/marvel.wikia.com/resource/Berserker_Staff	=	1.0000
http://dbkwik.webdatacommons.org/marvelcinematicuniverse.wikia.com/property/type	http://dbkwik.webdatacommons.org/marvel.wikia.com/property/type	=	1.0000
http://dbkwik.webdatacommons.org/marvelcinematicuniverse.wikia.com/resource/Guido_Carboni	http://dbkwik.webdatacommons.org/marvel.wikia.com/resource/Guido_Carboni	=	1.0000
http://marvelcinematicuniverse.wikia.com/wiki/Special:FilePath/Jason_Horwitch.jpg?width=300	http://marvel.wikia.com/wiki/Special:FilePath/Jason_Horwitch.jpg?width=300	=	1.0000
http://dbkwik.webdatacommons.org/marvelcinematicuniverse.wikia.com/resource/New_York_Bulletin	http://dbkwik.webdatacommons.org/marvel.wikia.com/resource/New_York_Bulletin	=	1.0000
http://dbkwik.webdatacommons.org/marvelcinematicuniverse.wikia.com/resource/Manny_Clark	http://dbkwik.webdatacommons.org/marvel.wikia.com/resource/Manny_Clark	=	1.0000
http://dbkwik.webdatacommons.org/marvelcinematicuniverse.wikia.com/resource/San_Diego	http://dbkwik.webdatacommons.org/marvel.wikia.com/resource/San_Diego	=	1.0000
http://dbkwik.webdatacommons.org/marvelcinematicuniverse.wikia.com/resource/Sean_Chen	http://dbkwik.webdatacommons.org/marvel.wikia.com/resource/Sean_Chen	=	1.0000
http://dbkwik.webdatacommons.org/marvelcinematicuniverse.wikia.com/resource/Barack_Obama	http://dbkwik.webdatacommons.org/marvel.wikia.com/resource/Barack_Obama	=	1.0000
http://dbkwik.webdatacommons.org/marvelcinematicuniverse.wikia.com/resource/Elodie_Keene	http://dbkwik.webdatacommons.org/marvel.wikia.com/resource/Elodie_Keene	=	1.0000
http://dbkwik.webdatacommons.org/marvelcinematicuniverse.wikia.com/resource/Category:No_Hair	http://dbkwik.webdatacommons.org/marvel.wikia.com/resource/Category:No_Hair	=	1.0000
http://marvelcinematicuniverse.wikia.com/wiki/Special:FilePath/Classic_Iron_Man.jpg	http://marvel.wikia.com/wiki/Special:FilePath/classic-iron-man.jpg	=	1.0000
http://dbkwik.webdatacommons.org/marvelcinematicuniverse.wikia.com/resource/Giancarlo_Caracuzzo	http://dbkwik.webdatacommons.org/marvel.wikia.com/resource/Giancarlo_Caracuzzo	=	1.0000
http://dbkwik.webdatacommons.org/marvelcinematicuniverse.wikia.com/resource/Jim_Morita	http://dbkwik.webdatacommons.org/marvel.wikia.com/resource/Jim_Morita	=	1.0000
http://dbkwik.webdatacommons.org/marvelcinematicuniverse.wikia.com/resource/Category:Wakandan_Tribes	http://dbkwik.webdatacommons.org/marvel.wikia.com/resource/Category:Wakandan_Tribes	=	1.0000
http://marvelcinematicuniverse.wikia.com/wiki/Special:FilePath/Joe_Sabino.jpg	http://marvel.wikia.com/wiki/Special:FilePath/Joe_Sabino.jpg	=	1.0000
http://dbkwik.webdatacommons.org/marvelcinematicuniverse.wikia.com/resource/Category:Students	http://dbkwik.webdatacommons.org/marvel.wikia.com/resource/Category:Students	=	1.0000
http://dbkwik.webdatacommons.org/marvelcinematicuniverse.wikia.com/resource/Bride_of_Nine_Spiders	http://dbkwik.webdatacommons.org/marvel.wikia.com/resource/Bride_of_Nine_Spiders	=	1.0000
http://marvelcinematicuniverse.wikia.com/wiki/Special:FilePath/Iden_Baghdadchi.jpg?width=300	http://marvel.wikia.com/wiki/Special:FilePath/Iden_Baghdadchi.jpg?width=300	=	1.0000
http://dbkwik.webdatacommons.org/marvelcinematicuniverse.wikia.com/resource/Craig_Kyle	http://dbkwik.webdatacommons.org/marvel.wikia.com/resource/Craig_Kyle	=	1.0000
http://marvelcinematicuniverse.wikia.com/wiki/Special:FilePath/CaptainAmericaTheFirstAvengerPoster.jpg?width=300	http://marvel.wikia.com/wiki/Special:FilePath/Captain_America_The_First_Avenger_poster.jpg?width=300	=	1.0000
http://dbkwik.webdatacommons.org/marvelcinematicuniverse.wikia.com/resource/Ernst_Mueller	http://dbkwik.webdatacommons.org/marvel.wikia.com/resource/Ernst_Mueller	=	1.0000
http://dbkwik.webdatacommons.org/marvelcinematicuniverse.wikia.com/resource/Captain_America%27s_Motorcycle/Gallery	http://dbkwik.webdatacommons.org/marvel.wikia.com/resource/Captain_America%27s_Motorcycle/Gallery	=	1.0000
http://dbkwik.webdatacommons.org/marvelcinematicuniverse.wikia.com/resource/Lockjaw	http://dbkwik.webdatacommons.org/marvel.wikia.com/resource/Lockjaw	=	1.0000
http://dbkwik.webdatacommons.org/marvelcinematicuniverse.wikia.com/resource/United_States_Department_of_Homeland_Security	http://dbkwik.webdatacommons.org/marvel.wikia.com/resource/United_States_Department_of_Homeland_Security	=	1.0000
http://dbkwik.webdatacommons.org/marvelcinematicuniverse.wikia.com/resource/Odessa	http://dbkwik.webdatacommons.org/marvel.wikia.com/resource/Odessa	=	1.0000
http://dbkwik.webdatacommons.org/marvelcinematicuniverse.wikia.com/resource/United_States_of_America	http://dbkwik.webdatacommons.org/marvel.wikia.com/resource/United_States_of_America	=	1.0000
http://dbkwik.webdatacommons.org/marvelcinematicuniverse.wikia.com/resource/Nesbitt	http://dbkwik.webdatacommons.org/marvel.wikia.com/resource/Nesbitt	=	1.0000
http://dbkwik.webdatacommons.org/marvelcinematicuniverse.wikia.com/resource/Cave_of_Ages	http://dbkwik.webdatacommons.org/marvel.wikia.com/resource/Cave_of_Ages	=	1.0000
http://dbkwik.webdatacommons.org/marvelcinematicuniverse.wikia.com/resource/Melissa_Bowen	http://dbkwik.webdatacommons.org/marvel.wikia.com/resource/Melissa_Bowen	=	1.0000
http://dbkwik.webdatacommons.org/marvelcinematicuniverse.wikia.com/resource/Marc_Sumerak	http://dbkwik.webdatacommons.org/marvel.wikia.com/resource/Marc_Sumerak	=	1.0000
http://dbkwik.webdatacommons.org/marvelcinematicuniverse.wikia.com/resource/Cave_of_the_Dragon	http://dbkwik.webdatacommons.org/marvel.wikia.com/resource/Cave_of_the_Dragon	=	1.0000
http://dbkwik.webdatacommons.org/marvelcinematicuniverse.wikia.com/resource/Category:Enclave	http://dbkwik.webdatacommons.org/marvel.wikia.com/resource/Category:Enclave	=	1.0000
http://dbkwik.webdatacommons.org/marvelcinematicuniverse.wikia.com/resource/Vrellnexians	http://dbkwik.webdatacommons.org/marvel.wikia.com/resource/Vrellnexians	=	1.0000
http://marvelcinematicuniverse.wikia.com/wiki/Special:FilePath/Joe_Pokaski.jpg?width=300	http://marvel.wikia.com/wiki/Special:FilePath/Joe_Pokaski.jpg?width=300	=	1.0000
http://dbkwik.webdatacommons.org/marvelcinematicuniverse.wikia.com/resource/Hijacker	http://dbkwik.webdatacommons.org/marvel.wikia.com/resource/Hijacker	=	1.0000
http://dbkwik.webdatacommons.org/marvelcinematicuniverse.wikia.com/resource/Auran	http://dbkwik.webdatacommons.org/marvel.wikia.com/resource/Auran	=	1.0000
http://dbkwik.webdatacommons.org/marvelcinematicuniverse.wikia.com/resource/Milan_Cheylov	http://dbkwik.webdatacommons.org/marvel.wikia.com/resource/Milan_Cheylov	=	1.0000
http://dbkwik.webdatacommons.org/marvelcinematicuniverse.wikia.com/resource/Josie	http://dbkwik.webdatacommons.org/marvel.wikia.com/resource/Josie	=	1.0000
http://dbkwik.webdatacommons.org/marvelcinematicuniverse.wikia.com/resource/Montana	http://dbkwik.webdatacommons.org/marvel.wikia.com/resource/Montana	=	1.0000
http://dbkwik.webdatacommons.org/marvelcinematicuniverse.wikia.com/resource/Mosul	http://dbkwik.webdatacommons.org/marvel.wikia.com/resource/Mosul	=	1.0000
http://dbkwik.webdatacommons.org/marvelcinematicuniverse.wikia.com/resource/Lauren_Schmidt_Hissrich	http://dbkwik.webdatacommons.org/marvel.wikia.com/resource/Lauren_Schmidt_Hissrich	=	1.0000
http://dbkwik.webdatacommons.org/marvelcinematicuniverse.wikia.com/resource/Marvel_One-Shot:_Agent_Carter	http://dbkwik.webdatacommons.org/marvel.wikia.com/resource/Marvel_One-Shot:_Agent_Carter	=	1.0000
http://dbkwik.webdatacommons.org/marvelcinematicuniverse.wikia.com/resource/Thailand	http://dbkwik.webdatacommons.org/marvel.wikia.com/resource/Thailand	=	1.0000
http://dbkwik.webdatacommons.org/marvelcinematicuniverse.wikia.com/resource/Category:Revengers_Members	http://dbkwik.webdatacommons.org/marvel.wikia.com/resource/Category:Revengers_members	=	1.0000
http://dbkwik.webdatacommons.org/marvelcinematicuniverse.wikia.com/resource/Category:Avengers_Equipment	http://dbkwik.webdatacommons.org/marvel.wikia.com/resource/Category:Avengers_Equipment	=	1.0000
http://dbkwik.webdatacommons.org/marvelcinematicuniverse.wikia.com/resource/Ohio	http://dbkwik.webdatacommons.org/marvel.wikia.com/resource/Ohio	=	1.0000
http://dbkwik.webdatacommons.org/marvelcinematicuniverse.wikia.com/resource/Magic	http://dbkwik.webdatacommons.org/marvel.wikia.com/resource/Magic	=	1.0000
http://dbkwik.webdatacommons.org/marvelcinematicuniverse.wikia.com/resource/Maria_Hill	http://dbkwik.webdatacommons.org/marvel.wikia.com/resource/Maria_Hill	=	1.0000
http://dbkwik.webdatacommons.org/marvelcinematicuniverse.wikia.com/resource/Maria_Castle	http://dbkwik.webdatacommons.org/marvel.wikia.com/resource/Maria_Castle	=	1.0000
http://dbkwik.webdatacommons.org/marvelcinematicuniverse.wikia.com/resource/Kamar-Taj	http://dbkwik.webdatacommons.org/marvel.wikia.com/resource/Kamar-Taj	=	1.0000
http://dbkwik.webdatacommons.org/marvelcinematicuniverse.wikia.com/resource/Loki	http://dbkwik.webdatacommons.org/marvel.wikia.com/resource/Loki	=	1.0000
http://dbkwik.webdatacommons.org/marvelcinematicuniverse.wikia.com/resource/Casket_of_Ancient_Winters	http://dbkwik.webdatacommons.org/marvel.wikia.com/resource/Casket_of_Ancient_Winters	=	1.0000
http://dbkwik.webdatacommons.org/marvelcinematicuniverse.wikia.com/resource/Dan_Brown	http://dbkwik.webdatacommons.org/marvel.wikia.com/resource/Dan_Brown	=	1.0000
http://dbkwik.webdatacommons.org/marvelcinematicuniverse.wikia.com/resource/San_Juan	http://dbkwik.webdatacommons.org/marvel.wikia.com/resource/San_Juan	=	1.0000
http://dbkwik.webdatacommons.org/marvelcinematicuniverse.wikia.com/resource/Sana_Amanat	http://dbkwik.webdatacommons.org/marvel.wikia.com/resource/Sana_Amanat	=	1.0000
http://dbkwik.webdatacommons.org/marvelcinematicuniverse.wikia.com/resource/Gert_Yorkes	http://dbkwik.webdatacommons.org/marvel.wikia.com/resource/Gert_Yorkes	=	1.0000
http://marvelcinematicuniverse.wikia.com/wiki/Special:FilePath/Screenshot_(7).png?width=300	http://marvel.wikia.com/wiki/Special:FilePath/Screenshot_7.png?width=300	=	1.0000
http://dbkwik.webdatacommons.org/marvelcinematicuniverse.wikia.com/resource/Douglas_Petrie	http://dbkwik.webdatacommons.org/marvel.wikia.com/resource/Douglas_Petrie	=	1.0000
http://dbkwik.webdatacommons.org/marvelcinematicuniverse.wikia.com/resource/Brahl	http://dbkwik.webdatacommons.org/marvel.wikia.com/resource/Brahl	=	1.0000
http://dbkwik.webdatacommons.org/marvelcinematicuniverse.wikia.com/resource/Category:Templates	http://dbkwik.webdatacommons.org/marvel.wikia.com/resource/Category:Templates	=	1.0000
http://dbkwik.webdatacommons.org/marvelcinematicuniverse.wikia.com/class/wp	http://dbkwik.webdatacommons.org/marvel.wikia.com/class/wp	=	1.0000
http://dbkwik.webdatacommons.org/marvelcinematicuniverse.wikia.com/resource/Howard_the_Duck	http://dbkwik.webdatacommons.org/marvel.wikia.com/resource/Howard_the_Duck	=	1.0000
http://dbkwik.webdatacommons.org/marvelcinematicuniverse.wikia.com/resource/Hilda_Zemo	http://dbkwik.webdatacommons.org/marvel.wikia.com/resource/Hilda_Zemo	=	1.0000
http://marvelcinematicuniverse.wikia.com/wiki/Special:FilePath/Night-Night_Pistol.png	http://marvel.wikia.com/wiki/Special:FilePath/NightNightPistol.png	=	1.0000
http://dbkwik.webdatacommons.org/marvelcinematicuniverse.wikia.com/resource/Zuri	http://dbkwik.webdatacommons.org/marvel.wikia.com/resource/Zuri	=	1.0000
http://marvelcinematicuniverse.wikia.com/wiki/Special:FilePath/Mark_Protosevich.jpg?width=300	http://marvel.wikia.com/wiki/Special:FilePath/Mark_Protosevich.jpg?width=300	=	1.0000
http://dbkwik.webdatacommons.org/marvelcinematicuniverse.wikia.com/resource/Stockholm	http://dbkwik.webdatacommons.org/marvel.wikia.com/resource/Stockholm	=	1.0000
http://dbkwik.webdatacommons.org/marvelcinematicuniverse.wikia.com/resource/Tara_Butters	http://dbkwik.webdatacommons.org/marvel.wikia.com/resource/Tara_Butters	=	1.0000
http://dbkwik.webdatacommons.org/marvelcinematicuniverse.wikia.com/resource/Chris_Sims	http://dbkwik.webdatacommons.org/marvel.wikia.com/resource/Chris_Sims	=	1.0000
http://dbkwik.webdatacommons.org/marvelcinematicuniverse.wikia.com/resource/Stonehenge	http://dbkwik.webdatacommons.org/marvel.wikia.com/resource/Stonehenge	=	1.0000
http://dbkwik.webdatacommons.org/marvelcinematicuniverse.wikia.com/resource/Aida_Mashaka_Croal	http://dbkwik.webdatacommons.org/marvel.wikia.com/resource/Aïda_Mashaka_Croal	=	1.0000
http://marvelcinematicuniverse.wikia.com/wiki/Special:FilePath/Flag_of_United_Arab_Emirates.png	http://marvel.wikia.com/wiki/Special:FilePath/Flag_of_United_Arab_Emirates.png	=	1.0000
http://dbkwik.webdatacommons.org/marvelcinematicuniverse.wikia.com/resource/Wyatt_Smith	http://dbkwik.webdatacommons.org/marvel.wikia.com/resource/Wyatt_Smith	=	1.0000
http://dbkwik.webdatacommons.org/marvelcinematicuniverse.wikia.com/resource/Category:Nurses	http://dbkwik.webdatacommons.org/marvel.wikia.com/resource/Category:Nurses	=	1.0000
http://dbkwik.webdatacommons.org/marvelcinematicuniverse.wikia.com/resource/Puff_Adder	http://dbkwik.webdatacommons.org/marvel.wikia.com/resource/Puff_Adder	=	1.0000
http://dbkwik.webdatacommons.org/marvelcinematicuniverse.wikia.com/resource/Art_Marcum	http://dbkwik.webdatacommons.org/marvel.wikia.com/resource/Art_Marcum	=	1.0000
http://dbkwik.webdatacommons.org/marvelcinematicuniverse.wikia.com/resource/Category:British_Armed_Forces	http://dbkwik.webdatacommons.org/marvel.wikia.com/resource/Category:British_Armed_Forces	=	1.0000
http://marvelcinematicuniverse.wikia.com/wiki/Special:FilePath/Stark_expo.jpg?width=300	http://marvel.wikia.com/wiki/Special:FilePath/Stark_Expo.jpg?width=300	=	1.0000
http://dbkwik.webdatacommons.org/marvelcinematicuniverse.wikia.com/resource/Wisconsin	http://dbkwik.webdatacommons.org/marvel.wikia.com/resource/Wisconsin	=	1.0000
http://dbkwik.webdatacommons.org/marvelcinematicuniverse.wikia.com/resource/Criminal_Avengers	http://dbkwik.webdatacommons.org/marvel.wikia.com/resource/Criminal_Avengers	=	1.0000
http://marvelcinematicuniverse.wikia.com/wiki/Special:FilePath/Flag_of_Puerto_Rico.png	http://marvel.wikia.com/wiki/Special:FilePath/Flag_of_Puerto_Rico.png	=	1.0000
http://marvelcinematicuniverse.wikia.com/wiki/Special:FilePath/J.E._Bright.jpg	http://marvel.wikia.com/wiki/Special:FilePath/J.E._Bright.jpg	=	1.0000
http://dbkwik.webdatacommons.org/marvelcinematicuniverse.wikia.com/resource/Latvia	http://dbkwik.webdatacommons.org/marvel.wikia.com/resource/Latvia	=	1.0000
http://dbkwik.webdatacommons.org/marvelcinematicuniverse.wikia.com/resource/Category:States	http://dbkwik.webdatacommons.org/marvel.wikia.com/resource/Category:States	=	1.0000
http://dbkwik.webdatacommons.org/marvelcinematicuniverse.wikia.com/resource/Special_Operations_Executive	http://dbkwik.webdatacommons.org/marvel.wikia.com/resource/Special_Operations_Executive	=	1.0000
http://marvelcinematicuniverse.wikia.com/wiki/Special:FilePath/Thor_Concept_Art_-_Frigga_001.jpg	http://marvel.wikia.com/wiki/Special:FilePath/Thor_Concept_Art_-_Frigga_001.jpg	=	1.0000
http://dbkwik.webdatacommons.org/marvelcinematicuniverse.wikia.com/resource/Fistigons	http://dbkwik.webdatacommons.org/marvel.wikia.com/resource/Fistigons	=	1.0000
http://dbkwik.webdatacommons.org/marvelcinematicuniverse.wikia.com/resource/Category:Physicians	http://dbkwik.webdatacommons.org/marvel.wikia.com/resource/Category:Physicians	=	1.0000
http://dbkwik.webdatacommons.org/marvelcinematicuniverse.wikia.com/resource/Category:TV_Series	http://dbkwik.webdatacommons.org/marvel.wikia.com/resource/Category:Television_Series	=	1.0000
http://dbkwik.webdatacommons.org/marvelcinematicuniverse.wikia.com/resource/Álex_García_López	http://dbkwik.webdatacommons.org/marvel.wikia.com/resource/Alex_Garcia_Lopez	=	1.0000
http://marvelcinematicuniverse.wikia.com/wiki/Special:FilePath/Jonathan_Frakes.jpg	http://marvel.wikia.com/wiki/Special:FilePath/Jonathan_Frakes.jpg	=	1.0000
http://dbkwik.webdatacommons.org/marvelcinematicuniverse.wikia.com/resource/Melvin_Potter	http://dbkwik.webdatacommons.org/marvel.wikia.com/resource/Melvin_Potter	=	1.0000
http://marvelcinematicuniverse.wikia.com/wiki/Special:FilePath/Eric_Pearson.jpg	http://marvel.wikia.com/wiki/Special:FilePath/Eric_Pearson.jpg	=	1.0000
http://dbkwik.webdatacommons.org/marvelcinematicuniverse.wikia.com/resource/Humans	http://dbkwik.webdatacommons.org/marvel.wikia.com/resource/Humans	=	1.0000
http://marvelcinematicuniverse.wikia.com/wiki/Special:FilePath/Hydra_logo.png	http://marvel.wikia.com/wiki/Special:FilePath/Hydra_logo.png	=	1.0000
http://dbkwik.webdatacommons.org/marvelcinematicuniverse.wikia.com/resource/Category:White_Hair	http://dbkwik.webdatacommons.org/marvel.wikia.com/resource/Category:White_Hair	=	1.0000
http://dbkwik.webdatacommons.org/marvelcinematicuniverse.wikia.com/resource/Levians	http://dbkwik.webdatacommons.org/marvel.wikia.com/resource/Levians	=	1.0000
http://dbkwik.webdatacommons.org/marvelcinematicuniverse.wikia.com/resource/Derec_Aucoin	http://dbkwik.webdatacommons.org/marvel.wikia.com/resource/Derec_Aucoin	=	1.0000
http://dbkwik.webdatacommons.org/marvelcinematicuniverse.wikia.com/resource/Aakon	http://dbkwik.webdatacommons.org/marvel.wikia.com/resource/Aakon	=	1.0000
http://dbkwik.webdatacommons.org/marvelcinematicuniverse.wikia.com/resource/Jay_David_Ramos	http://dbkwik.webdatacommons.org/marvel.wikia.com/resource/Jay_David_Ramos	=	1.0000
http://dbkwik.webdatacommons.org/marvelcinematicuniverse.wikia.com/resource/Tijuana	http://dbkwik.webdatacommons.org/marvel.wikia.com/resource/Tijuana	=	1.0000
http://marvelcinematicuniverse.wikia.com/wiki/Special:FilePath/Stark_expo.jpg	http://marvel.wikia.com/wiki/Special:FilePath/Stark_Expo.jpg	=	1.0000
http://marvelcinematicuniverse.wikia.com/wiki/Special:FilePath/Whiplash.jpg	http://marvel.wikia.com/wiki/Special:FilePath/Whiplash.jpg	=	1.0000
http://dbkwik.webdatacommons.org/marvelcinematicuniverse.wikia.com/resource/Nelson_Pereira	http://dbkwik.webdatacommons.org/marvel.wikia.com/resource/Nelson_Pereira	=	1.0000
http://dbkwik.webdatacommons.org/marvelcinematicuniverse.wikia.com/resource/Bruno_Hang	http://dbkwik.webdatacommons.org/marvel.wikia.com/resource/Bruno_Hang	=	1.0000
http://marvelcinematicuniverse.wikia.com/wiki/Special:FilePath/Rus_Wooton.jpg?width=300	http://marvel.wikia.com/wiki/Special:FilePath/Rus_Wooton.jpg?width=300	=	1.0000
http://marvelcinematicuniverse.wikia.com/wiki/Special:FilePath/Nelson_McCormick.jpg?width=300	http://marvel.wikia.com/wiki/Special:FilePath/Nelson_McCormick.jpg?width=300	=	1.0000
http://dbkwik.webdatacommons.org/marvelcinematicuniverse.wikia.com/resource/Matt_Milla	http://dbkwik.webdatacommons.org/marvel.wikia.com/resource/Matt_Milla	=	1.0000
http://dbkwik.webdatacommons.org/marvelcinematicuniverse.wikia.com/resource/John_F._Kennedy	http://dbkwik.webdatacommons.org/marvel.wikia.com/resource/John_F._Kennedy	=	1.0000
http://marvelcinematicuniverse.wikia.com/wiki/Special:FilePath/Chris_Fisher.jpg?width=300	http://marvel.wikia.com/wiki/Special:FilePath/Chris_Fisher.jpg?width=300	=	1.0000
http://dbkwik.webdatacommons.org/marvelcinematicuniverse.wikia.com/resource/Madame_B.	http://dbkwik.webdatacommons.org/marvel.wikia.com/resource/Madame_B	=	1.0000
http://dbkwik.webdatacommons.org/marvelcinematicuniverse.wikia.com/resource/Dwight_Frye	http://dbkwik.webdatacommons.org/marvel.wikia.com/resource/Dwight_Frye	=	1.0000
http://marvelcinematicuniverse.wikia.com/wiki/Special:FilePath/Michele_Fazekas.jpg?width=300	http://marvel.wikia.com/wiki/Special:FilePath/Michele_Fazekas.jpg?width=300	=	1.0000
http://dbkwik.webdatacommons.org/marvelcinematicuniverse.wikia.com/resource/Slate	http://dbkwik.webdatacommons.org/marvel.wikia.com/resource/Slate	=	1.0000
http://dbkwik.webdatacommons.org/marvelcinematicuniverse.wikia.com/resource/Lisa_Castle	http://dbkwik.webdatacommons.org/marvel.wikia.com/resource/Lisa_Castle	=	1.0000
http://dbkwik.webdatacommons.org/marvelcinematicuniverse.wikia.com/resource/Category:Avengers_Members	http://dbkwik.webdatacommons.org/marvel.wikia.com/resource/Category:Avengers_members	=	1.0000
http://marvelcinematicuniverse.wikia.com/wiki/Special:FilePath/Jeff_Woolnough.jpg?width=300	http://marvel.wikia.com/wiki/Special:FilePath/Jeff_Woolnough.jpg?width=300	=	1.0000
http://dbkwik.webdatacommons.org/marvelcinematicuniverse.wikia.com/resource/A%27Lars	http://dbkwik.webdatacommons.org/marvel.wikia.com/resource/A%27Lars	=	1.0000
http://marvelcinematicuniverse.wikia.com/wiki/Special:FilePath/Shalisha_Francis.jpg?width=300	http://marvel.wikia.com/wiki/Special:FilePath/Shalisha_Francis.jpg?width=300	=	1.0000
http://marvelcinematicuniverse.wikia.com/wiki/Special:FilePath/Вооруженные_силы.png	http://marvel.wikia.com/wiki/Special:FilePath/.png	=	1.0000
http://marvelcinematicuniverse.wikia.com/wiki/Special:FilePath/Jeff_Woolnough.jpg	http://marvel.wikia.com/wiki/Special:FilePath/Jeff_Woolnough.jpg	=	1.0000
http://dbkwik.webdatacommons.org/marvelcinematicuniverse.wikia.com/resource/William_Rawlins	http://dbkwik.webdatacommons.org/marvel.wikia.com/resource/William_Rawlins	=	1.0000
http://dbkwik.webdatacommons.org/marvelcinematicuniverse.wikia.com/resource/Puente_Antiguo	http://dbkwik.webdatacommons.org/marvel.wikia.com/resource/Puente_Antiguo	=	1.0000
http://marvelcinematicuniverse.wikia.com/wiki/Special:FilePath/Crimson_Dynamo.jpg?width=300	http://marvel.wikia.com/wiki/Special:FilePath/Crimson_Dynamo.jpg?width=300	=	1.0000
http://dbkwik.webdatacommons.org/marvelcinematicuniverse.wikia.com/resource/Jim_Steranko	http://dbkwik.webdatacommons.org/marvel.wikia.com/resource/Jim_Steranko	=	1.0000
http://dbkwik.webdatacommons.org/marvelcinematicuniverse.wikia.com/resource/Zack_Stentz	http://dbkwik.webdatacommons.org/marvel.wikia.com/resource/Zack_Stentz	=	1.0000
http://dbkwik.webdatacommons.org/marvelcinematicuniverse.wikia.com/resource/Locus	http://dbkwik.webdatacommons.org/marvel.wikia.com/resource/Locus	=	1.0000
http://dbkwik.webdatacommons.org/marvelcinematicuniverse.wikia.com/resource/Jenny_Klein	http://dbkwik.webdatacommons.org/marvel.wikia.com/resource/Jenny_Klein	=	1.0000
http://dbkwik.webdatacommons.org/marvelcinematicuniverse.wikia.com/resource/Zealots	http://dbkwik.webdatacommons.org/marvel.wikia.com/resource/Zealots	=	1.0000
http://dbkwik.webdatacommons.org/marvelcinematicuniverse.wikia.com/resource/Category:Nova_Corps_Members	http://dbkwik.webdatacommons.org/marvel.wikia.com/resource/Category:Nova_Corps_members	=	1.0000
http://dbkwik.webdatacommons.org/marvelcinematicuniverse.wikia.com/resource/Calgary	http://dbkwik.webdatacommons.org/marvel.wikia.com/resource/Calgary	=	1.0000
http://dbkwik.webdatacommons.org/marvelcinematicuniverse.wikia.com/resource/Citadel	http://dbkwik.webdatacommons.org/marvel.wikia.com/resource/Citadel	=	1.0000
http://marvelcinematicuniverse.wikia.com/wiki/Special:FilePath/ICER.png	http://marvel.wikia.com/wiki/Special:FilePath/ICER.png	=	1.0000
http://dbkwik.webdatacommons.org/marvelcinematicuniverse.wikia.com/resource/Vermont	http://dbkwik.webdatacommons.org/marvel.wikia.com/resource/Vermont	=	1.0000
http://dbkwik.webdatacommons.org/marvelcinematicuniverse.wikia.com/resource/Shocker	http://dbkwik.webdatacommons.org/marvel.wikia.com/resource/Shocker	=	1.0000
http://dbkwik.webdatacommons.org/marvelcinematicuniverse.wikia.com/resource/Joe_Quesada	http://dbkwik.webdatacommons.org/marvel.wikia.com/resource/Joe_Quesada	=	1.0000
http://dbkwik.webdatacommons.org/marvelcinematicuniverse.wikia.com/resource/Wendy_West	http://dbkwik.webdatacommons.org/marvel.wikia.com/resource/Wendy_West	=	1.0000
http://marvelcinematicuniverse.wikia.com/wiki/Special:FilePath/Grandmaster.jpg?width=300	http://marvel.wikia.com/wiki/Special:FilePath/Grandmaster.jpg?width=300	=	1.0000
http://dbkwik.webdatacommons.org/marvelcinematicuniverse.wikia.com/resource/Langley	http://dbkwik.webdatacommons.org/marvel.wikia.com/resource/Langley	=	1.0000
http://dbkwik.webdatacommons.org/marvelcinematicuniverse.wikia.com/resource/Heimdall	http://dbkwik.webdatacommons.org/marvel.wikia.com/resource/Heimdall	=	1.0000
http://dbkwik.webdatacommons.org/marvelcinematicuniverse.wikia.com/resource/Mar-Vell	http://dbkwik.webdatacommons.org/marvel.wikia.com/resource/Mar-Vell	=	1.0000
http://dbkwik.webdatacommons.org/marvelcinematicuniverse.wikia.com/resource/Benatar/Gallery	http://dbkwik.webdatacommons.org/marvel.wikia.com/resource/Benatar/Gallery	=	1.0000
http://dbkwik.webdatacommons.org/marvelcinematicuniverse.wikia.com/resource/Stan_Ori	http://dbkwik.webdatacommons.org/marvel.wikia.com/resource/Stan_Ori	=	1.0000
http://dbkwik.webdatacommons.org/marvelcinematicuniverse.wikia.com/resource/Greenland	http://dbkwik.webdatacommons.org/marvel.wikia.com/resource/Greenland	=	1.0000
http://dbkwik.webdatacommons.org/marvelcinematicuniverse.wikia.com/resource/Carina	http://dbkwik.webdatacommons.org/marvel.wikia.com/resource/Carina	=	1.0000
http://dbkwik.webdatacommons.org/marvelcinematicuniverse.wikia.com/resource/Lindsey_Allen	http://dbkwik.webdatacommons.org/marvel.wikia.com/resource/Lindsey_Allen	=	1.0000
http://dbkwik.webdatacommons.org/marvelcinematicuniverse.wikia.com/resource/Wu_Ao-Shi	http://dbkwik.webdatacommons.org/marvel.wikia.com/resource/Wu_Ao-Shi	=	1.0000
http://dbkwik.webdatacommons.org/marvelcinematicuniverse.wikia.com/resource/Category:Watchdogs_Members	http://dbkwik.webdatacommons.org/marvel.wikia.com/resource/Category:Watchdogs_members	=	1.0000
http://dbkwik.webdatacommons.org/marvelcinematicuniverse.wikia.com/resource/Tyr	http://dbkwik.webdatacommons.org/marvel.wikia.com/resource/Tyr	=	1.0000
http://dbkwik.webdatacommons.org/marvelcinematicuniverse.wikia.com/resource/Milano	http://dbkwik.webdatacommons.org/marvel.wikia.com/resource/Milano	=	1.0000
http://dbkwik.webdatacommons.org/marvelcinematicuniverse.wikia.com/resource/John_Eaves	http://dbkwik.webdatacommons.org/marvel.wikia.com/resource/John_Eaves	=	1.0000
http://dbkwik.webdatacommons.org/marvelcinematicuniverse.wikia.com/resource/Mike_Miller	http://dbkwik.webdatacommons.org/marvel.wikia.com/resource/Mike_Miller	=	1.0000
http://dbkwik.webdatacommons.org/marvelcinematicuniverse.wikia.com/resource/Clayton_Cowles	http://dbkwik.webdatacommons.org/marvel.wikia.com/resource/Clayton_Cowles	=	1.0000
http://dbkwik.webdatacommons.org/marvelcinematicuniverse.wikia.com/resource/Everett_Ross	http://dbkwik.webdatacommons.org/marvel.wikia.com/resource/Everett_Ross	=	1.0000
http://dbkwik.webdatacommons.org/marvelcinematicuniverse.wikia.com/resource/Rajaks	http://dbkwik.webdatacommons.org/marvel.wikia.com/resource/Rajaks	=	1.0000
http://marvelcinematicuniverse.wikia.com/wiki/Special:FilePath/J._Holtham.jpg	http://marvel.wikia.com/wiki/Special:FilePath/J._Holtham.jpg	=	1.0000
http://dbkwik.webdatacommons.org/marvelcinematicuniverse.wikia.com/resource/Dave_Bullock	http://dbkwik.webdatacommons.org/marvel.wikia.com/resource/Dave_Bullock	=	1.0000
http://dbkwik.webdatacommons.org/marvelcinematicuniverse.wikia.com/resource/Sarajevo	http://dbkwik.webdatacommons.org/marvel.wikia.com/resource/Sarajevo	=	1.0000
http://marvelcinematicuniverse.wikia.com/wiki/Special:FilePath/Simon_Cellan_Jones.jpg?width=300	http://marvel.wikia.com/wiki/Special:FilePath/Simon_Cellan_Jones.jpg?width=300	=	1.0000
http://dbkwik.webdatacommons.org/marvelcinematicuniverse.wikia.com/resource/Category:KGB	http://dbkwik.webdatacommons.org/marvel.wikia.com/resource/Category:KGB	=	1.0000
http://dbkwik.webdatacommons.org/marvelcinematicuniverse.wikia.com/resource/Eternity	http://dbkwik.webdatacommons.org/marvel.wikia.com/resource/Eternity	=	1.0000
http://marvelcinematicuniverse.wikia.com/wiki/Special:FilePath/Neil_Edwards.jpg?width=300	http://marvel.wikia.com/wiki/Special:FilePath/Neil_Edwards.jpg?width=300	=	1.0000
http://dbkwik.webdatacommons.org/marvelcinematicuniverse.wikia.com/resource/Chris_McCarver	http://dbkwik.webdatacommons.org/marvel.wikia.com/resource/Chris_McCarver	=	1.0000
http://dbkwik.webdatacommons.org/marvelcinematicuniverse.wikia.com/resource/Rocket_Raccoon	http://dbkwik.webdatacommons.org/marvel.wikia.com/resource/Rocket_Raccoon	=	1.0000
http://dbkwik.webdatacommons.org/marvelcinematicuniverse.wikia.com/resource/Overkill_Device	http://dbkwik.webdatacommons.org/marvel.wikia.com/resource/Overkill_Device	=	1.0000
http://dbkwik.webdatacommons.org/marvelcinematicuniverse.wikia.com/resource/Stephen_Williams	http://dbkwik.webdatacommons.org/marvel.wikia.com/resource/Stephen_Williams	=	1.0000
http://dbkwik.webdatacommons.org/marvelcinematicuniverse.wikia.com/resource/James_Gunn	http://dbkwik.webdatacommons.org/marvel.wikia.com/resource/James_Gunn	=	1.0000
http://dbkwik.webdatacommons.org/marvelcinematicuniverse.wikia.com/resource/Simon_Cellan_Jones	http://dbkwik.webdatacommons.org/marvel.wikia.com/resource/Simon_Cellan_Jones	=	1.0000
http://dbkwik.webdatacommons.org/marvelcinematicuniverse.wikia.com/resource/Hell_Charger/Gallery	http://dbkwik.webdatacommons.org/marvel.wikia.com/resource/Hell_Charger/Gallery	=	1.0000
http://marvelcinematicuniverse.wikia.com/wiki/Special:FilePath/Paul_Rubell.jpg?width=300	http://marvel.wikia.com/wiki/Special:FilePath/Paul_Rubell.jpg?width=300	=	1.0000
http://dbkwik.webdatacommons.org/marvelcinematicuniverse.wikia.com/resource/Slingshot	http://dbkwik.webdatacommons.org/marvel.wikia.com/resource/Slingshot	=	1.0000
http://dbkwik.webdatacommons.org/marvelcinematicuniverse.wikia.com/resource/Karen_Harris	http://dbkwik.webdatacommons.org/marvel.wikia.com/resource/Karen_Harris	=	1.0000
http://dbkwik.webdatacommons.org/marvelcinematicuniverse.wikia.com/resource/Nightshade	http://dbkwik.webdatacommons.org/marvel.wikia.com/resource/Nightshade	=	1.0000
http://dbkwik.webdatacommons.org/marvelcinematicuniverse.wikia.com/resource/Eitri	http://dbkwik.webdatacommons.org/marvel.wikia.com/resource/Eitri	=	1.0000
http://marvelcinematicuniverse.wikia.com/wiki/Special:FilePath/Ron_Lim.jpg	http://marvel.wikia.com/wiki/Special:FilePath/Ron_Lim.jpg	=	1.0000
http://marvelcinematicuniverse.wikia.com/wiki/Special:FilePath/Flag_of_South_Korea.png?width=300	http://marvel.wikia.com/wiki/Special:FilePath/Flag_of_South_Korea.png?width=300	=	1.0000
http://dbkwik.webdatacommons.org/marvelcinematicuniverse.wikia.com/resource/Angola	http://dbkwik.webdatacommons.org/marvel.wikia.com/resource/Angola	=	1.0000
http://dbkwik.webdatacommons.org/marvelcinematicuniverse.wikia.com/resource/Plaza_Hotel	http://dbkwik.webdatacommons.org/marvel.wikia.com/resource/Plaza_Hotel	=	1.0000
http://dbkwik.webdatacommons.org/marvelcinematicuniverse.wikia.com/resource/Angela_del_Toro	http://dbkwik.webdatacommons.org/marvel.wikia.com/resource/Angela_del_Toro	=	1.0000
http://marvelcinematicuniverse.wikia.com/wiki/Special:FilePath/Alan_Taylor.jpg	http://marvel.wikia.com/wiki/Special:FilePath/Alan_Taylor.jpg	=	1.0000
http://dbkwik.webdatacommons.org/marvelcinematicuniverse.wikia.com/resource/Rachel_Leighton	http://dbkwik.webdatacommons.org/marvel.wikia.com/resource/Rachel_Leighton	=	1.0000
http://dbkwik.webdatacommons.org/marvelcinematicuniverse.wikia.com/resource/Torfa	http://dbkwik.webdatacommons.org/marvel.wikia.com/resource/Torfa	=	1.0000
http://dbkwik.webdatacommons.org/marvelcinematicuniverse.wikia.com/resource/Ireland	http://dbkwik.webdatacommons.org/marvel.wikia.com/resource/Ireland	=	1.0000
http://dbkwik.webdatacommons.org/marvelcinematicuniverse.wikia.com/resource/Canelo%27s_Auto_and_Body	http://dbkwik.webdatacommons.org/marvel.wikia.com/resource/Canelo%27s_Auto_and_Body	=	1.0000
http://dbkwik.webdatacommons.org/marvelcinematicuniverse.wikia.com/resource/Twilight_Sword	http://dbkwik.webdatacommons.org/marvel.wikia.com/resource/Twilight_Sword	=	1.0000
http://marvelcinematicuniverse.wikia.com/wiki/Special:FilePath/Kenneth_Branagh.jpg	http://marvel.wikia.com/wiki/Special:FilePath/Kenneth_Branagh.jpg	=	1.0000
http://dbkwik.webdatacommons.org/marvelcinematicuniverse.wikia.com/resource/Magic_Window	http://dbkwik.webdatacommons.org/marvel.wikia.com/resource/Magic_Window	=	1.0000
http://dbkwik.webdatacommons.org/marvelcinematicuniverse.wikia.com/resource/Rico_Renzi	http://dbkwik.webdatacommons.org/marvel.wikia.com/resource/Rico_Renzi	=	1.0000
http://marvelcinematicuniverse.wikia.com/wiki/Special:FilePath/War_Machine.png?width=300	http://marvel.wikia.com/wiki/Special:FilePath/War_machine.png?width=300	=	1.0000
http://dbkwik.webdatacommons.org/marvelcinematicuniverse.wikia.com/resource/Phoenix	http://dbkwik.webdatacommons.org/marvel.wikia.com/resource/Phoenix	=	1.0000
http://dbkwik.webdatacommons.org/marvelcinematicuniverse.wikia.com/resource/Jacob_Rougemont	http://dbkwik.webdatacommons.org/marvel.wikia.com/resource/Jacob_Rougemont	=	1.0000
http://dbkwik.webdatacommons.org/marvelcinematicuniverse.wikia.com/resource/Andi_Bushell	http://dbkwik.webdatacommons.org/marvel.wikia.com/resource/Andi_Bushell	=	1.0000
http://marvelcinematicuniverse.wikia.com/wiki/Special:FilePath/Frigga_(Earth-199999)_003.jpg	http://marvel.wikia.com/wiki/Special:FilePath/Frigga_(Earth-199999)_003.jpg	=	1.0000
http://dbkwik.webdatacommons.org/marvelcinematicuniverse.wikia.com/resource/Revengers	http://dbkwik.webdatacommons.org/marvel.wikia.com/resource/Revengers	=	1.0000
http://dbkwik.webdatacommons.org/marvelcinematicuniverse.wikia.com/resource/Korg	http://dbkwik.webdatacommons.org/marvel.wikia.com/resource/Korg	=	1.0000
http://dbkwik.webdatacommons.org/marvelcinematicuniverse.wikia.com/resource/Staff_of_the_Living_Tribunal	http://dbkwik.webdatacommons.org/marvel.wikia.com/resource/Staff_of_the_Living_Tribunal	=	1.0000
http://dbkwik.webdatacommons.org/marvelcinematicuniverse.wikia.com/resource/Wand_of_Watoomb/Gallery	http://dbkwik.webdatacommons.org/marvel.wikia.com/resource/Wand_of_Watoomb/Gallery	=	1.0000
http://marvelcinematicuniverse.wikia.com/wiki/Special:FilePath/Paul_Zbyszewski.jpg	http://marvel.wikia.com/wiki/Special:FilePath/Paul_Zbyszewski.jpg	=	1.0000
http://dbkwik.webdatacommons.org/marvelcinematicuniverse.wikia.com/resource/Hridgandr/Gallery	http://dbkwik.webdatacommons.org/marvel.wikia.com/resource/Hridgandr/Gallery	=	1.0000
http://dbkwik.webdatacommons.org/marvelcinematicuniverse.wikia.com/resource/Spain	http://dbkwik.webdatacommons.org/marvel.wikia.com/resource/Spain	=	1.0000
http://dbkwik.webdatacommons.org/marvelcinematicuniverse.wikia.com/property/planner	http://dbkwik.webdatacommons.org/marvel.wikia.com/resource/Planner	=	1.0000
http://dbkwik.webdatacommons.org/marvelcinematicuniverse.wikia.com/resource/KGB	http://dbkwik.webdatacommons.org/marvel.wikia.com/resource/KGB	=	1.0000
http://dbkwik.webdatacommons.org/marvelcinematicuniverse.wikia.com/resource/Night-Night_Gun	http://dbkwik.webdatacommons.org/marvel.wikia.com/resource/Night-Night_Gun	=	1.0000
http://dbkwik.webdatacommons.org/marvelcinematicuniverse.wikia.com/resource/S.H.I.E.L.D.	http://dbkwik.webdatacommons.org/marvel.wikia.com/resource/S.H.I.E.L.D.	=	1.0000
http://dbkwik.webdatacommons.org/marvelcinematicuniverse.wikia.com/resource/Maria_Stark	http://dbkwik.webdatacommons.org/marvel.wikia.com/resource/Maria_Stark	=	1.0000
http://dbkwik.webdatacommons.org/marvelcinematicuniverse.wikia.com/resource/Marcos_Martín	http://dbkwik.webdatacommons.org/marvel.wikia.com/resource/Marcos_Martin	=	1.0000
http://marvelcinematicuniverse.wikia.com/wiki/Special:FilePath/Guest_House.png?width=300	http://marvel.wikia.com/wiki/Special:FilePath/Guest_House.png?width=300	=	1.0000
http://marvelcinematicuniverse.wikia.com/wiki/Special:FilePath/Marc_Sumerak.jpg	http://marvel.wikia.com/wiki/Special:FilePath/Marc_Sumerak.jpg	=	1.0000
http://dbkwik.webdatacommons.org/marvelcinematicuniverse.wikia.com/resource/Category:Runaways	http://dbkwik.webdatacommons.org/marvel.wikia.com/resource/Category:Runaways	=	1.0000
http://dbkwik.webdatacommons.org/marvelcinematicuniverse.wikia.com/resource/Maurissa_Tancharoen	http://dbkwik.webdatacommons.org/marvel.wikia.com/resource/Maurissa_Tancharoen	=	1.0000
http://dbkwik.webdatacommons.org/marvelcinematicuniverse.wikia.com/resource/Team_Thor:_Part_2	http://dbkwik.webdatacommons.org/marvel.wikia.com/resource/Team_Thor:_Part_2	=	1.0000
http://dbkwik.webdatacommons.org/marvelcinematicuniverse.wikia.com/resource/Kazakhstan	http://dbkwik.webdatacommons.org/marvel.wikia.com/resource/Kazakhstan	=	1.0000
http://dbkwik.webdatacommons.org/marvelcinematicuniverse.wikia.com/resource/Istanbul	http://dbkwik.webdatacommons.org/marvel.wikia.com/resource/Istanbul	=	1.0000
http://marvelcinematicuniverse.wikia.com/wiki/Special:FilePath/Death_Valley.png	http://marvel.wikia.com/wiki/Special:FilePath/Death_Valley.png	=	1.0000
http://dbkwik.webdatacommons.org/marvelcinematicuniverse.wikia.com/resource/Ryan_Sands	http://dbkwik.webdatacommons.org/marvel.wikia.com/resource/Ryan_Sands	=	1.0000
http://dbkwik.webdatacommons.org/marvelcinematicuniverse.wikia.com/resource/Berserker_Staff/Gallery	http://dbkwik.webdatacommons.org/marvel.wikia.com/resource/Berserker_Staff/Gallery	=	1.0000
http://dbkwik.webdatacommons.org/marvelcinematicuniverse.wikia.com/resource/HYDRA_Cannon	http://dbkwik.webdatacommons.org/marvel.wikia.com/resource/Hydra_Cannon	=	1.0000
http://dbkwik.webdatacommons.org/marvelcinematicuniverse.wikia.com/resource/True_Believers	http://dbkwik.webdatacommons.org/marvel.wikia.com/resource/True_Believers	=	1.0000
http://dbkwik.webdatacommons.org/marvelcinematicuniverse.wikia.com/resource/Daniel_Drumm	http://dbkwik.webdatacommons.org/marvel.wikia.com/resource/Daniel_Drumm	=	1.0000
http://dbkwik.webdatacommons.org/marvelcinematicuniverse.wikia.com/resource/Category:Brown_Hair	http://dbkwik.webdatacommons.org/marvel.wikia.com/resource/Category:Brown_Hair	=	1.0000
http://dbkwik.webdatacommons.org/marvelcinematicuniverse.wikia.com/resource/Category:Prisons	http://dbkwik.webdatacommons.org/marvel.wikia.com/resource/Category:Prisons	=	1.0000
http://marvelcinematicuniverse.wikia.com/wiki/Special:FilePath/Michael_Uppendahl.jpg	http://marvel.wikia.com/wiki/Special:FilePath/Michael_Uppendahl.jpg	=	1.0000
http://marvelcinematicuniverse.wikia.com/wiki/Special:FilePath/Kurt_Busiek.jpg	http://marvel.wikia.com/wiki/Special:FilePath/Kurt_Busiek.jpg	=	1.0000
http://dbkwik.webdatacommons.org/marvelcinematicuniverse.wikia.com/resource/Ghana	http://dbkwik.webdatacommons.org/marvel.wikia.com/resource/Ghana	=	1.0000
http://dbkwik.webdatacommons.org/marvelcinematicuniverse.wikia.com/resource/Hoboken	http://dbkwik.webdatacommons.org/marvel.wikia.com/resource/Hoboken	=	1.0000
http://marvelcinematicuniverse.wikia.com/wiki/Special:FilePath/Triskelion.png?width=300	http://marvel.wikia.com/wiki/Special:FilePath/Triskelion.png?width=300	=	1.0000
http://marvelcinematicuniverse.wikia.com/wiki/Special:FilePath/Liz_Friedman.jpg	http://marvel.wikia.com/wiki/Special:FilePath/Liz_Friedman.jpg	=	1.0000
http://marvelcinematicuniverse.wikia.com/wiki/Special:FilePath/Marc_Sumerak.jpg?width=300	http://marvel.wikia.com/wiki/Special:FilePath/Marc_Sumerak.jpg?width=300	=	1.0000
http://dbkwik.webdatacommons.org/marvelcinematicuniverse.wikia.com/resource/Madison_Carter	http://dbkwik.webdatacommons.org/marvel.wikia.com/resource/Madison_Carter	=	1.0000
http://dbkwik.webdatacommons.org/marvelcinematicuniverse.wikia.com/resource/Nashville	http://dbkwik.webdatacommons.org/marvel.wikia.com/resource/Nashville	=	1.0000
http://dbkwik.webdatacommons.org/marvelcinematicuniverse.wikia.com/resource/Huntington	http://dbkwik.webdatacommons.org/marvel.wikia.com/resource/Huntington	=	1.0000
http://dbkwik.webdatacommons.org/marvelcinematicuniverse.wikia.com/resource/James_Wesley	http://dbkwik.webdatacommons.org/marvel.wikia.com/resource/James_Wesley	=	1.0000
http://dbkwik.webdatacommons.org/marvelcinematicuniverse.wikia.com/resource/Synthetic_Man	http://dbkwik.webdatacommons.org/marvel.wikia.com/resource/Synthetic_Man	=	1.0000
http://marvelcinematicuniverse.wikia.com/wiki/Special:FilePath/Louis_D%27Esposito.jpg	http://marvel.wikia.com/wiki/Special:FilePath/Louis_D%27Esposito.jpg	=	1.0000
http://dbkwik.webdatacommons.org/marvelcinematicuniverse.wikia.com/resource/S.H.I.E.L.D._Helicopter	http://dbkwik.webdatacommons.org/marvel.wikia.com/resource/S.H.I.E.L.D._Helicopter	=	1.0000
http://dbkwik.webdatacommons.org/marvelcinematicuniverse.wikia.com/resource/Atlantis	http://dbkwik.webdatacommons.org/marvel.wikia.com/resource/Atlantis	=	1.0000
http://marvelcinematicuniverse.wikia.com/wiki/Special:FilePath/Scott_Winant.jpg?width=300	http://marvel.wikia.com/wiki/Special:FilePath/Scott_Winant.jpg?width=300	=	1.0000
http://dbkwik.webdatacommons.org/marvelcinematicuniverse.wikia.com/resource/Starforce	http://dbkwik.webdatacommons.org/marvel.wikia.com/resource/Starforce	=	1.0000
http://dbkwik.webdatacommons.org/marvelcinematicuniverse.wikia.com/resource/Kevin_Smith	http://dbkwik.webdatacommons.org/marvel.wikia.com/resource/Kevin_Smith	=	1.0000
http://dbkwik.webdatacommons.org/marvelcinematicuniverse.wikia.com/resource/Volstagg	http://dbkwik.webdatacommons.org/marvel.wikia.com/resource/Volstagg	=	1.0000
http://dbkwik.webdatacommons.org/marvelcinematicuniverse.wikia.com/resource/Valkyries	http://dbkwik.webdatacommons.org/marvel.wikia.com/resource/Valkyries	=	1.0000
http://dbkwik.webdatacommons.org/marvelcinematicuniverse.wikia.com/resource/Brown	http://dbkwik.webdatacommons.org/marvel.wikia.com/resource/Brown	=	1.0000
http://dbkwik.webdatacommons.org/marvelcinematicuniverse.wikia.com/resource/Scott_Derrickson	http://dbkwik.webdatacommons.org/marvel.wikia.com/resource/Scott_Derrickson	=	1.0000
http://dbkwik.webdatacommons.org/marvelcinematicuniverse.wikia.com/resource/Justin_Theroux	http://dbkwik.webdatacommons.org/marvel.wikia.com/resource/Justin_Theroux	=	1.0000
http://dbkwik.webdatacommons.org/marvelcinematicuniverse.wikia.com/resource/Vormir	http://dbkwik.webdatacommons.org/marvel.wikia.com/resource/Vormir	=	1.0000
http://marvelcinematicuniverse.wikia.com/wiki/Special:FilePath/Screenshot_(6).png	http://marvel.wikia.com/wiki/Special:FilePath/Screenshot_6.png	=	1.0000
http://dbkwik.webdatacommons.org/marvelcinematicuniverse.wikia.com/resource/Category:Dwarves	http://dbkwik.webdatacommons.org/marvel.wikia.com/resource/Category:Dwarves	=	1.0000
http://dbkwik.webdatacommons.org/marvelcinematicuniverse.wikia.com/resource/China	http://dbkwik.webdatacommons.org/marvel.wikia.com/resource/China	=	1.0000
http://dbkwik.webdatacommons.org/marvelcinematicuniverse.wikia.com/resource/Nevada	http://dbkwik.webdatacommons.org/marvel.wikia.com/resource/Nevada	=	1.0000
http://dbkwik.webdatacommons.org/marvelcinematicuniverse.wikia.com/resource/Bob_Brown	http://dbkwik.webdatacommons.org/marvel.wikia.com/resource/Bob_Brown	=	1.0000
http://marvelcinematicuniverse.wikia.com/wiki/Special:FilePath/Flag_of_Denmark.png	http://marvel.wikia.com/wiki/Special:FilePath/Flag_of_Denmark.png	=	1.0000
http://dbkwik.webdatacommons.org/marvelcinematicuniverse.wikia.com/resource/Iron_Legion	http://dbkwik.webdatacommons.org/marvel.wikia.com/resource/Iron_Legion	=	1.0000
http://dbkwik.webdatacommons.org/marvelcinematicuniverse.wikia.com/resource/Ronda_Kramer	http://dbkwik.webdatacommons.org/marvel.wikia.com/resource/Ronda_Kramer	=	1.0000
http://dbkwik.webdatacommons.org/marvelcinematicuniverse.wikia.com/resource/Piranha_Jones	http://dbkwik.webdatacommons.org/marvel.wikia.com/resource/Piranha_Jones	=	1.0000
http://dbkwik.webdatacommons.org/marvelcinematicuniverse.wikia.com/resource/Tiny	http://dbkwik.webdatacommons.org/marvel.wikia.com/resource/Tiny	=	1.0000
http://dbkwik.webdatacommons.org/marvelcinematicuniverse.wikia.com/resource/Bereet	http://dbkwik.webdatacommons.org/marvel.wikia.com/resource/Bereet	=	1.0000
http://dbkwik.webdatacommons.org/marvelcinematicuniverse.wikia.com/resource/Adam_McKay	http://dbkwik.webdatacommons.org/marvel.wikia.com/resource/Adam_McKay	=	1.0000
http://dbkwik.webdatacommons.org/marvelcinematicuniverse.wikia.com/resource/James_Lucas	http://dbkwik.webdatacommons.org/marvel.wikia.com/resource/James_Lucas	=	1.0000
http://dbkwik.webdatacommons.org/marvelcinematicuniverse.wikia.com/resource/Shadows	http://dbkwik.webdatacommons.org/marvel.wikia.com/resource/Shadows	=	1.0000
http://dbkwik.webdatacommons.org/marvelcinematicuniverse.wikia.com/resource/Star_Blaster	http://dbkwik.webdatacommons.org/marvel.wikia.com/resource/Star_Blaster	=	1.0000
http://dbkwik.webdatacommons.org/marvelcinematicuniverse.wikia.com/resource/Albania	http://dbkwik.webdatacommons.org/marvel.wikia.com/resource/Albania	=	1.0000
http://marvelcinematicuniverse.wikia.com/wiki/Special:FilePath/Kelly_Van_Horn.jpg	http://marvel.wikia.com/wiki/Special:FilePath/Kelly_Van_Horn.jpg	=	1.0000
http://dbkwik.webdatacommons.org/marvelcinematicuniverse.wikia.com/resource/Captain_America:_The_Winter_Soldier	http://dbkwik.webdatacommons.org/marvel.wikia.com/resource/Captain_America:_The_Winter_Soldier	=	1.0000
http://marvelcinematicuniverse.wikia.com/wiki/Special:FilePath/Mark_Fergus.jpg	http://marvel.wikia.com/wiki/Special:FilePath/Mark_Fergus.jpg	=	1.0000
http://marvelcinematicuniverse.wikia.com/wiki/Special:FilePath/Luke_Kalteux.jpg	http://marvel.wikia.com/wiki/Special:FilePath/Luke_Kalteux.jpg	=	1.0000
http://dbkwik.webdatacommons.org/marvelcinematicuniverse.wikia.com/resource/Iron_Cross_Armor	http://dbkwik.webdatacommons.org/marvel.wikia.com/resource/Iron_Cross_Armor	=	1.0000
http://dbkwik.webdatacommons.org/marvelcinematicuniverse.wikia.com/resource/Steven_S._DeKnight	http://dbkwik.webdatacommons.org/marvel.wikia.com/resource/Steven_S._DeKnight	=	1.0000
http://marvelcinematicuniverse.wikia.com/wiki/Special:FilePath/Miguel_Sapochnik.jpg?width=300	http://marvel.wikia.com/wiki/Special:FilePath/Miguel_Sapochnik.jpg?width=300	=	1.0000
http://dbkwik.webdatacommons.org/marvelcinematicuniverse.wikia.com/resource/Tom_Grummett	http://dbkwik.webdatacommons.org/marvel.wikia.com/resource/Tom_Grummett	=	1.0000
http://dbkwik.webdatacommons.org/marvelcinematicuniverse.wikia.com/resource/Michael_Vukadinovich	http://dbkwik.webdatacommons.org/marvel.wikia.com/resource/Michael_Vukadinovich	=	1.0000
http://dbkwik.webdatacommons.org/marvelcinematicuniverse.wikia.com/resource/Iron_Man_3_-_The_Official_Game	http://dbkwik.webdatacommons.org/marvel.wikia.com/resource/Iron_Man_3:_The_Official_Game	=	1.0000
http://dbkwik.webdatacommons.org/marvelcinematicuniverse.wikia.com/resource/Milan	http://dbkwik.webdatacommons.org/marvel.wikia.com/resource/Milan	=	1.0000
http://dbkwik.webdatacommons.org/marvelcinematicuniverse.wikia.com/resource/Larry_Hama	http://dbkwik.webdatacommons.org/marvel.wikia.com/resource/Larry_Hama	=	1.0000
http://dbkwik.webdatacommons.org/marvelcinematicuniverse.wikia.com/resource/Algeria	http://dbkwik.webdatacommons.org/marvel.wikia.com/resource/Algeria	=	1.0000
http://dbkwik.webdatacommons.org/marvelcinematicuniverse.wikia.com/resource/Athens	http://dbkwik.webdatacommons.org/marvel.wikia.com/resource/Athens	=	1.0000
http://dbkwik.webdatacommons.org/marvelcinematicuniverse.wikia.com/resource/Madagascar	http://dbkwik.webdatacommons.org/marvel.wikia.com/resource/Madagascar	=	1.0000
http://dbkwik.webdatacommons.org/marvelcinematicuniverse.wikia.com/resource/Turkey	http://dbkwik.webdatacommons.org/marvel.wikia.com/resource/Turkey	=	1.0000
http://dbkwik.webdatacommons.org/marvelcinematicuniverse.wikia.com/resource/Category:Hammer_Industries	http://dbkwik.webdatacommons.org/marvel.wikia.com/resource/Category:Hammer_Industries	=	1.0000
http://dbkwik.webdatacommons.org/marvelcinematicuniverse.wikia.com/resource/Oakland	http://dbkwik.webdatacommons.org/marvel.wikia.com/resource/Oakland	=	1.0000
http://dbkwik.webdatacommons.org/marvelcinematicuniverse.wikia.com/resource/Xandarians	http://dbkwik.webdatacommons.org/marvel.wikia.com/resource/Xandarians	=	1.0000
http://dbkwik.webdatacommons.org/marvelcinematicuniverse.wikia.com/resource/Gabe_Fonseca	http://dbkwik.webdatacommons.org/marvel.wikia.com/resource/Gabe_Fonseca	=	1.0000
http://dbkwik.webdatacommons.org/marvelcinematicuniverse.wikia.com/resource/Elektra%27s_Twin_Sai/Gallery	http://dbkwik.webdatacommons.org/marvel.wikia.com/resource/Elektra%27s_Twin_Sai/Gallery	=	1.0000
http://dbkwik.webdatacommons.org/marvelcinematicuniverse.wikia.com/resource/Nome	http://dbkwik.webdatacommons.org/marvel.wikia.com/resource/Nome	=	1.0000
http://dbkwik.webdatacommons.org/marvelcinematicuniverse.wikia.com/resource/Cloak_of_Levitation/Gallery	http://dbkwik.webdatacommons.org/marvel.wikia.com/resource/Cloak_of_Levitation/Gallery	=	1.0000
http://dbkwik.webdatacommons.org/marvelcinematicuniverse.wikia.com/resource/2011	http://dbkwik.webdatacommons.org/marvel.wikia.com/resource/2011	=	1.0000
http://dbkwik.webdatacommons.org/marvelcinematicuniverse.wikia.com/resource/Jakarta	http://dbkwik.webdatacommons.org/marvel.wikia.com/resource/Jakarta	=	1.0000
http://dbkwik.webdatacommons.org/marvelcinematicuniverse.wikia.com/resource/Rick_Ketcham	http://dbkwik.webdatacommons.org/marvel.wikia.com/resource/Rick_Ketcham	=	1.0000
http://dbkwik.webdatacommons.org/marvelcinematicuniverse.wikia.com/resource/John_C._Kelley	http://dbkwik.webdatacommons.org/marvel.wikia.com/resource/John_C._Kelley	=	1.0000
http://dbkwik.webdatacommons.org/marvelcinematicuniverse.wikia.com/resource/Newark	http://dbkwik.webdatacommons.org/marvel.wikia.com/resource/Newark	=	1.0000
http://dbkwik.webdatacommons.org/marvelcinematicuniverse.wikia.com/resource/Moose	http://dbkwik.webdatacommons.org/marvel.wikia.com/resource/Moose	=	1.0000
http://dbkwik.webdatacommons.org/marvelcinematicuniverse.wikia.com/resource/Gravitonium	http://dbkwik.webdatacommons.org/marvel.wikia.com/resource/Gravitonium	=	1.0000
http://dbkwik.webdatacommons.org/marvelcinematicuniverse.wikia.com/resource/Hadron_Enforcer	http://dbkwik.webdatacommons.org/marvel.wikia.com/resource/Hadron_Enforcer	=	1.0000
http://marvelcinematicuniverse.wikia.com/wiki/Special:FilePath/Shane_Black.jpg?width=300	http://marvel.wikia.com/wiki/Special:FilePath/Shane_Black.jpg?width=300	=	1.0000
http://dbkwik.webdatacommons.org/marvelcinematicuniverse.wikia.com/resource/Noah	http://dbkwik.webdatacommons.org/marvel.wikia.com/resource/Noah	=	1.0000
http://dbkwik.webdatacommons.org/marvelcinematicuniverse.wikia.com/resource/Category:Mechanics	http://dbkwik.webdatacommons.org/marvel.wikia.com/resource/Category:Mechanics	=	1.0000
http://dbkwik.webdatacommons.org/marvelcinematicuniverse.wikia.com/resource/Category:Prostitutes	http://dbkwik.webdatacommons.org/marvel.wikia.com/resource/Category:Prostitutes	=	1.0000
http://dbkwik.webdatacommons.org/marvelcinematicuniverse.wikia.com/resource/Iden_Baghdadchi	http://dbkwik.webdatacommons.org/marvel.wikia.com/resource/Iden_Baghdadchi	=	1.0000
http://dbkwik.webdatacommons.org/marvelcinematicuniverse.wikia.com/resource/Thomas_Gloucester	http://dbkwik.webdatacommons.org/marvel.wikia.com/resource/Thomas_Gloucester	=	1.0000
http://dbkwik.webdatacommons.org/marvelcinematicuniverse.wikia.com/resource/Dormammu	http://dbkwik.webdatacommons.org/marvel.wikia.com/resource/Dormammu	=	1.0000
http://dbkwik.webdatacommons.org/marvelcinematicuniverse.wikia.com/resource/Alamogordo	http://dbkwik.webdatacommons.org/marvel.wikia.com/resource/Alamogordo	=	1.0000
http://dbkwik.webdatacommons.org/marvelcinematicuniverse.wikia.com/resource/Rose_Hill	http://dbkwik.webdatacommons.org/marvel.wikia.com/resource/Rose_Hill	=	1.0000
http://dbkwik.webdatacommons.org/marvelcinematicuniverse.wikia.com/resource/James_C._Oliver	http://dbkwik.webdatacommons.org/marvel.wikia.com/resource/James_C._Oliver	=	1.0000
http://dbkwik.webdatacommons.org/marvelcinematicuniverse.wikia.com/resource/Maveth	http://dbkwik.webdatacommons.org/marvel.wikia.com/resource/Maveth	=	1.0000
http://marvelcinematicuniverse.wikia.com/wiki/Special:FilePath/Flag_of_France.png	http://marvel.wikia.com/wiki/Special:FilePath/Flag_of_France.png	=	1.0000
http://dbkwik.webdatacommons.org/marvelcinematicuniverse.wikia.com/resource/New_Orleans	http://dbkwik.webdatacommons.org/marvel.wikia.com/resource/New_Orleans	=	1.0000
http://dbkwik.webdatacommons.org/marvelcinematicuniverse.wikia.com/resource/Ernst_Erskine	http://dbkwik.webdatacommons.org/marvel.wikia.com/resource/Ernst_Erskine	=	1.0000
http://dbkwik.webdatacommons.org/marvelcinematicuniverse.wikia.com/resource/Serbia	http://dbkwik.webdatacommons.org/marvel.wikia.com/resource/Serbia	=	1.0000
http://dbkwik.webdatacommons.org/marvelcinematicuniverse.wikia.com/resource/Tinkerer	http://dbkwik.webdatacommons.org/marvel.wikia.com/resource/Tinkerer	=	1.0000
http://dbkwik.webdatacommons.org/marvelcinematicuniverse.wikia.com/resource/Whiplash	http://dbkwik.webdatacommons.org/marvel.wikia.com/resource/Whiplash	=	1.0000
http://dbkwik.webdatacommons.org/marvelcinematicuniverse.wikia.com/resource/Paul_Rubell	http://dbkwik.webdatacommons.org/marvel.wikia.com/resource/Paul_Rubell	=	1.0000
http://marvelcinematicuniverse.wikia.com/wiki/Special:FilePath/Ramon_Rosanas.jpg	http://marvel.wikia.com/wiki/Special:FilePath/Ramon_Rosanas.jpg	=	1.0000
http://dbkwik.webdatacommons.org/marvelcinematicuniverse.wikia.com/resource/Lagos	http://dbkwik.webdatacommons.org/marvel.wikia.com/resource/Lagos	=	1.0000
http://dbkwik.webdatacommons.org/marvelcinematicuniverse.wikia.com/resource/Golden_City	http://dbkwik.webdatacommons.org/marvel.wikia.com/resource/Golden_City	=	1.0000
http://marvelcinematicuniverse.wikia.com/wiki/Special:FilePath/John_Terlesky.jpg?width=300	http://marvel.wikia.com/wiki/Special:FilePath/John_Terlesky.jpg?width=300	=	1.0000
http://dbkwik.webdatacommons.org/marvelcinematicuniverse.wikia.com/resource/Vaulting_Boots_of_Valtorr	http://dbkwik.webdatacommons.org/marvel.wikia.com/resource/Vaulting_Boots_of_Valtorr	=	1.0000
http://dbkwik.webdatacommons.org/marvelcinematicuniverse.wikia.com/resource/Walker	http://dbkwik.webdatacommons.org/marvel.wikia.com/resource/Walker	=	1.0000
http://dbkwik.webdatacommons.org/marvelcinematicuniverse.wikia.com/resource/Vasquez	http://dbkwik.webdatacommons.org/marvel.wikia.com/resource/Vasquez	=	1.0000
http://marvelcinematicuniverse.wikia.com/wiki/Special:FilePath/Stark_Expo_1974.jpg?width=300	http://marvel.wikia.com/wiki/Special:FilePath/Stark_Expo_1974.jpg?width=300	=	1.0000
http://dbkwik.webdatacommons.org/marvelcinematicuniverse.wikia.com/resource/Sturmabteilung	http://dbkwik.webdatacommons.org/marvel.wikia.com/resource/Sturmabteilung	=	1.0000
http://dbkwik.webdatacommons.org/marvelcinematicuniverse.wikia.com/resource/S%27Yan	http://dbkwik.webdatacommons.org/marvel.wikia.com/resource/S%27Yan	=	1.0000
http://dbkwik.webdatacommons.org/marvelcinematicuniverse.wikia.com/resource/2015	http://dbkwik.webdatacommons.org/marvel.wikia.com/resource/2015	=	1.0000
http://dbkwik.webdatacommons.org/marvelcinematicuniverse.wikia.com/resource/Category:Video_Games	http://dbkwik.webdatacommons.org/marvel.wikia.com/resource/Category:Video_Games	=	1.0000
http://dbkwik.webdatacommons.org/marvelcinematicuniverse.wikia.com/resource/T%27Chaka	http://dbkwik.webdatacommons.org/marvel.wikia.com/resource/T%27Chaka	=	1.0000
http://dbkwik.webdatacommons.org/marvelcinematicuniverse.wikia.com/resource/Reva_Connors	http://dbkwik.webdatacommons.org/marvel.wikia.com/resource/Reva_Connors	=	1.0000
http://dbkwik.webdatacommons.org/marvelcinematicuniverse.wikia.com/resource/Adria	http://dbkwik.webdatacommons.org/marvel.wikia.com/resource/Adria	=	1.0000
http://dbkwik.webdatacommons.org/marvelcinematicuniverse.wikia.com/resource/Taiwan	http://dbkwik.webdatacommons.org/marvel.wikia.com/resource/Taiwan	=	1.0000
http://dbkwik.webdatacommons.org/marvelcinematicuniverse.wikia.com/resource/Terrigen_Mist	http://dbkwik.webdatacommons.org/marvel.wikia.com/resource/Terrigen_Mist	=	1.0000
http://dbkwik.webdatacommons.org/marvelcinematicuniverse.wikia.com/resource/Tamara_Becher-Wilkinson	http://dbkwik.webdatacommons.org/marvel.wikia.com/resource/Tamara_Becher-Wilkinson	=	1.0000
http://dbkwik.webdatacommons.org/marvelcinematicuniverse.wikia.com/resource/Colleen_Wing%27s_Katana	http://dbkwik.webdatacommons.org/marvel.wikia.com/resource/Colleen_Wing%27s_Katana	=	1.0000
http://marvelcinematicuniverse.wikia.com/wiki/Special:FilePath/Standoff.jpg?width=300	http://marvel.wikia.com/wiki/Special:FilePath/Standoff.jpg?width=300	=	1.0000
http://dbkwik.webdatacommons.org/marvelcinematicuniverse.wikia.com/resource/Aldrich_Killian	http://dbkwik.webdatacommons.org/marvel.wikia.com/resource/Aldrich_Killian	=	1.0000
http://dbkwik.webdatacommons.org/marvelcinematicuniverse.wikia.com/resource/Mandarin	http://dbkwik.webdatacommons.org/marvel.wikia.com/resource/Mandarin	=	1.0000
http://dbkwik.webdatacommons.org/marvelcinematicuniverse.wikia.com/resource/Abstract	http://dbkwik.webdatacommons.org/marvel.wikia.com/resource/Abstract	=	1.0000
http://dbkwik.webdatacommons.org/marvelcinematicuniverse.wikia.com/resource/J.E._Bright	http://dbkwik.webdatacommons.org/marvel.wikia.com/resource/J.E._Bright	=	1.0000
http://dbkwik.webdatacommons.org/marvelcinematicuniverse.wikia.com/resource/Roger_Ott	http://dbkwik.webdatacommons.org/marvel.wikia.com/resource/Roger_Ott	=	1.0000
http://dbkwik.webdatacommons.org/marvelcinematicuniverse.wikia.com/resource/Orb	http://dbkwik.webdatacommons.org/marvel.wikia.com/resource/Orb	=	1.0000
http://dbkwik.webdatacommons.org/marvelcinematicuniverse.wikia.com/resource/Category:Comic_Collections	http://dbkwik.webdatacommons.org/marvel.wikia.com/resource/Category:Comic_Collections	=	1.0000
http://dbkwik.webdatacommons.org/marvelcinematicuniverse.wikia.com/resource/Alias_Investigations	http://dbkwik.webdatacommons.org/marvel.wikia.com/resource/Alias_Investigations	=	1.0000
http://dbkwik.webdatacommons.org/marvelcinematicuniverse.wikia.com/resource/Tuan	http://dbkwik.webdatacommons.org/marvel.wikia.com/resource/Tuan	=	1.0000
http://dbkwik.webdatacommons.org/marvelcinematicuniverse.wikia.com/resource/Camp_Lehigh	http://dbkwik.webdatacommons.org/marvel.wikia.com/resource/Camp_Lehigh	=	1.0000
http://marvelcinematicuniverse.wikia.com/wiki/Special:FilePath/Paul_Rudd.jpg	http://marvel.wikia.com/wiki/Special:FilePath/Paul_Rudd.jpg	=	1.0000
http://dbkwik.webdatacommons.org/marvelcinematicuniverse.wikia.com/resource/Thanos	http://dbkwik.webdatacommons.org/marvel.wikia.com/resource/Thanos	=	1.0000
http://marvelcinematicuniverse.wikia.com/wiki/Special:FilePath/Flag_of_Kazakhstan.png?width=300	http://marvel.wikia.com/wiki/Special:FilePath/Flag_of_Kazakhstan.png?width=300	=	1.0000
http://marvelcinematicuniverse.wikia.com/wiki/Special:FilePath/Flag_of_Guatemala.png?width=300	http://marvel.wikia.com/wiki/Special:FilePath/Flag_of_Guatemala.png?width=300	=	1.0000
http://dbkwik.webdatacommons.org/marvelcinematicuniverse.wikia.com/resource/Category:PRIDE_Members	http://dbkwik.webdatacommons.org/marvel.wikia.com/resource/Category:Pride_members	=	1.0000
http://marvelcinematicuniverse.wikia.com/wiki/Special:FilePath/Leslie_Dean.png?width=300	http://marvel.wikia.com/wiki/Special:FilePath/Leslie_Dean.png?width=300	=	1.0000
http://marvelcinematicuniverse.wikia.com/wiki/Special:FilePath/Ken_Girotti.jpg?width=300	http://marvel.wikia.com/wiki/Special:FilePath/Ken_Girotti.jpg?width=300	=	1.0000
http://dbkwik.webdatacommons.org/marvelcinematicuniverse.wikia.com/resource/Adrian_Gonzales	http://dbkwik.webdatacommons.org/marvel.wikia.com/resource/Adrian_Gonzales	=	1.0000
http://marvelcinematicuniverse.wikia.com/wiki/Special:FilePath/Flag_of_Ukraine.png?width=300	http://marvel.wikia.com/wiki/Special:FilePath/Flag_of_Ukraine.png?width=300	=	1.0000
http://dbkwik.webdatacommons.org/marvelcinematicuniverse.wikia.com/resource/Jo_Duffy	http://dbkwik.webdatacommons.org/marvel.wikia.com/resource/Jo_Duffy	=	1.0000
http://dbkwik.webdatacommons.org/marvelcinematicuniverse.wikia.com/resource/Captain_America%27s_Shield	http://dbkwik.webdatacommons.org/marvel.wikia.com/resource/Captain_America%27s_Shield	=	1.0000
http://dbkwik.webdatacommons.org/marvelcinematicuniverse.wikia.com/resource/Novi_Grad	http://dbkwik.webdatacommons.org/marvel.wikia.com/resource/Novi_Grad	=	1.0000
http://marvelcinematicuniverse.wikia.com/wiki/Special:FilePath/Chester.jpg?width=300	http://marvel.wikia.com/wiki/Special:FilePath/Chester.jpg?width=300	=	1.0000
http://dbkwik.webdatacommons.org/marvelcinematicuniverse.wikia.com/resource/Pascal_Campion	http://dbkwik.webdatacommons.org/marvel.wikia.com/resource/Pascal_Campion	=	1.0000
http://dbkwik.webdatacommons.org/marvelcinematicuniverse.wikia.com/resource/Johannesburg	http://dbkwik.webdatacommons.org/marvel.wikia.com/resource/Johannesburg	=	1.0000
http://dbkwik.webdatacommons.org/marvelcinematicuniverse.wikia.com/resource/Rodney_Barnes	http://dbkwik.webdatacommons.org/marvel.wikia.com/resource/Rodney_Barnes	=	1.0000
http://dbkwik.webdatacommons.org/marvelcinematicuniverse.wikia.com/resource/Birmingham	http://dbkwik.webdatacommons.org/marvel.wikia.com/resource/Birmingham	=	1.0000
http://dbkwik.webdatacommons.org/marvelcinematicuniverse.wikia.com/resource/Rynda	http://dbkwik.webdatacommons.org/marvel.wikia.com/resource/Rynda	=	1.0000
http://dbkwik.webdatacommons.org/marvelcinematicuniverse.wikia.com/resource/Category:Defenders_Members	http://dbkwik.webdatacommons.org/marvel.wikia.com/resource/Category:Defenders_members	=	1.0000
http://dbkwik.webdatacommons.org/marvelcinematicuniverse.wikia.com/resource/Mark_Verheiden	http://dbkwik.webdatacommons.org/marvel.wikia.com/resource/Mark_Verheiden	=	1.0000
http://dbkwik.webdatacommons.org/marvelcinematicuniverse.wikia.com/resource/Crawford	http://dbkwik.webdatacommons.org/marvel.wikia.com/resource/Crawford	=	1.0000
http://dbkwik.webdatacommons.org/marvelcinematicuniverse.wikia.com/resource/Iron_Spider_Armor	http://dbkwik.webdatacommons.org/marvel.wikia.com/resource/Iron_Spider_Armor	=	1.0000
http://dbkwik.webdatacommons.org/marvelcinematicuniverse.wikia.com/resource/Ayesha	http://dbkwik.webdatacommons.org/marvel.wikia.com/resource/Ayesha	=	1.0000
http://dbkwik.webdatacommons.org/marvelcinematicuniverse.wikia.com/resource/Edgar_Wright	http://dbkwik.webdatacommons.org/marvel.wikia.com/resource/Edgar_Wright	=	1.0000
http://dbkwik.webdatacommons.org/marvelcinematicuniverse.wikia.com/resource/Quantico	http://dbkwik.webdatacommons.org/marvel.wikia.com/resource/Quantico	=	1.0000
http://dbkwik.webdatacommons.org/marvelcinematicuniverse.wikia.com/resource/Sokovia	http://dbkwik.webdatacommons.org/marvel.wikia.com/resource/Sokovia	=	1.0000
http://dbkwik.webdatacommons.org/marvelcinematicuniverse.wikia.com/resource/Lighthouse	http://dbkwik.webdatacommons.org/marvel.wikia.com/resource/Lighthouse	=	1.0000
http://dbkwik.webdatacommons.org/marvelcinematicuniverse.wikia.com/resource/Cordco	http://dbkwik.webdatacommons.org/marvel.wikia.com/resource/Cordco	=	1.0000
http://dbkwik.webdatacommons.org/marvelcinematicuniverse.wikia.com/resource/London	http://dbkwik.webdatacommons.org/marvel.wikia.com/resource/London	=	1.0000
http://dbkwik.webdatacommons.org/marvelcinematicuniverse.wikia.com/resource/Miguel_Sapochnik	http://dbkwik.webdatacommons.org/marvel.wikia.com/resource/Miguel_Sapochnik	=	1.0000
http://dbkwik.webdatacommons.org/marvelcinematicuniverse.wikia.com/resource/Hulk	http://dbkwik.webdatacommons.org/marvel.wikia.com/resource/Hulk	=	1.0000
http://dbkwik.webdatacommons.org/marvelcinematicuniverse.wikia.com/resource/Eye_of_Agamotto	http://dbkwik.webdatacommons.org/marvel.wikia.com/resource/Eye_of_Agamotto	=	1.0000
http://marvelcinematicuniverse.wikia.com/wiki/Special:FilePath/Deborah_Chow.jpg	http://marvel.wikia.com/wiki/Special:FilePath/Deborah_Chow.jpg	=	1.0000
http://dbkwik.webdatacommons.org/marvelcinematicuniverse.wikia.com/resource/United_States_Congress	http://dbkwik.webdatacommons.org/marvel.wikia.com/resource/United_States_Congress	=	1.0000
http://marvelcinematicuniverse.wikia.com/wiki/Special:FilePath/Sean_Chen.jpg?width=300	http://marvel.wikia.com/wiki/Special:FilePath/Sean_Chen.jpg?width=300	=	1.0000
http://marvelcinematicuniverse.wikia.com/wiki/Special:FilePath/Ellen_Brandt.jpg	http://marvel.wikia.com/wiki/Special:FilePath/Ellen_Brandt.jpg	=	1.0000
http://marvelcinematicuniverse.wikia.com/wiki/Special:FilePath/Stephen_Williams.jpg?width=300	http://marvel.wikia.com/wiki/Special:FilePath/Stephen_Williams.jpg?width=300	=	1.0000
http://dbkwik.webdatacommons.org/marvelcinematicuniverse.wikia.com/resource/Valhalla	http://dbkwik.webdatacommons.org/marvel.wikia.com/resource/Valhalla	=	1.0000
http://dbkwik.webdatacommons.org/marvelcinematicuniverse.wikia.com/property/previous	http://dbkwik.webdatacommons.org/marvel.wikia.com/property/previous	=	1.0000
http://dbkwik.webdatacommons.org/marvelcinematicuniverse.wikia.com/resource/Kamar-Taj/Gallery	http://dbkwik.webdatacommons.org/marvel.wikia.com/resource/Kamar-Taj/Gallery	=	1.0000
http://marvelcinematicuniverse.wikia.com/wiki/Special:FilePath/Gotgstill-03.jpg	http://marvel.wikia.com/wiki/Special:FilePath/Gotgstill-03.jpg	=	1.0000
http://dbkwik.webdatacommons.org/marvelcinematicuniverse.wikia.com/resource/Enclave	http://dbkwik.webdatacommons.org/marvel.wikia.com/resource/Enclave	=	1.0000
http://dbkwik.webdatacommons.org/marvelcinematicuniverse.wikia.com/resource/Erik_Selvig	http://dbkwik.webdatacommons.org/marvel.wikia.com/resource/Erik_Selvig	=	1.0000
http://dbkwik.webdatacommons.org/marvelcinematicuniverse.wikia.com/resource/Liz_Friedlander	http://dbkwik.webdatacommons.org/marvel.wikia.com/resource/Liz_Friedlander	=	1.0000
http://dbkwik.webdatacommons.org/marvelcinematicuniverse.wikia.com/resource/Monica_Owusu-Breen	http://dbkwik.webdatacommons.org/marvel.wikia.com/resource/Monica_Owusu-Breen	=	1.0000
http://marvelcinematicuniverse.wikia.com/wiki/Special:FilePath/Oakland.png?width=300	http://marvel.wikia.com/wiki/Special:FilePath/Oakland.png?width=300	=	1.0000
http://dbkwik.webdatacommons.org/marvelcinematicuniverse.wikia.com/resource/David_Curiel	http://dbkwik.webdatacommons.org/marvel.wikia.com/resource/David_Curiel	=	1.0000
http://dbkwik.webdatacommons.org/marvelcinematicuniverse.wikia.com/property/title	http://dbkwik.webdatacommons.org/marvel.wikia.com/property/title	=	1.0000
http://dbkwik.webdatacommons.org/marvelcinematicuniverse.wikia.com/resource/Halfworld	http://dbkwik.webdatacommons.org/marvel.wikia.com/resource/Halfworld	=	1.0000
http://dbkwik.webdatacommons.org/marvelcinematicuniverse.wikia.com/resource/Arnim_Zola	http://dbkwik.webdatacommons.org/marvel.wikia.com/resource/Arnim_Zola	=	1.0000
http://dbkwik.webdatacommons.org/marvelcinematicuniverse.wikia.com/resource/Tuning_Fork	http://dbkwik.webdatacommons.org/marvel.wikia.com/resource/Tuning_Fork	=	1.0000
http://dbkwik.webdatacommons.org/marvelcinematicuniverse.wikia.com/resource/Nelson_and_Murdock_Law_Office	http://dbkwik.webdatacommons.org/marvel.wikia.com/resource/Nelson_and_Murdock_Law_Office	=	1.0000
http://marvelcinematicuniverse.wikia.com/wiki/Special:FilePath/Flag_of_Sweden.png	http://marvel.wikia.com/wiki/Special:FilePath/Flag_of_Sweden.png	=	1.0000
http://dbkwik.webdatacommons.org/marvelcinematicuniverse.wikia.com/resource/Sammy_Silke	http://dbkwik.webdatacommons.org/marvel.wikia.com/resource/Sammy_Silke	=	1.0000
http://marvelcinematicuniverse.wikia.com/wiki/Special:FilePath/Flag_of_China.png	http://marvel.wikia.com/wiki/Special:FilePath/Flag_of_China.png	=	1.0000
http://marvelcinematicuniverse.wikia.com/wiki/Special:FilePath/Mark_Protosevich.jpg	http://marvel.wikia.com/wiki/Special:FilePath/Mark_Protosevich.jpg	=	1.0000
http://dbkwik.webdatacommons.org/marvelcinematicuniverse.wikia.com/resource/Tony_Isabella	http://dbkwik.webdatacommons.org/marvel.wikia.com/resource/Tony_Isabella	=	1.0000
http://dbkwik.webdatacommons.org/marvelcinematicuniverse.wikia.com/resource/Iron_Man_2	http://dbkwik.webdatacommons.org/marvel.wikia.com/resource/Iron_Man_2	=	1.0000
http://dbkwik.webdatacommons.org/marvelcinematicuniverse.wikia.com/resource/Tim_Iacofano	http://dbkwik.webdatacommons.org/marvel.wikia.com/resource/Tim_Iacofano	=	1.0000
http://marvelcinematicuniverse.wikia.com/wiki/Special:FilePath/LOLA.jpg?width=300	http://marvel.wikia.com/wiki/Special:FilePath/;_Lola.jpg?width=300	=	1.0000
http://dbkwik.webdatacommons.org/marvelcinematicuniverse.wikia.com/resource/Saint_Patrick%27s_Cathedral	http://dbkwik.webdatacommons.org/marvel.wikia.com/resource/Saint_Patrick%27s_Cathedral	=	1.0000
http://dbkwik.webdatacommons.org/marvelcinematicuniverse.wikia.com/resource/Avengers:_Age_of_Ultron	http://dbkwik.webdatacommons.org/marvel.wikia.com/resource/Avengers:_Age_of_Ultron	=	1.0000
http://marvelcinematicuniverse.wikia.com/wiki/Special:FilePath/Rising_Tide.png?width=300	http://marvel.wikia.com/wiki/Special:FilePath/Rising_tide.png?width=300	=	1.0000
http://dbkwik.webdatacommons.org/marvelcinematicuniverse.wikia.com/resource/Ultron	http://dbkwik.webdatacommons.org/marvel.wikia.com/resource/Ultron	=	1.0000
http://dbkwik.webdatacommons.org/marvelcinematicuniverse.wikia.com/resource/Meredith_Quill	http://dbkwik.webdatacommons.org/marvel.wikia.com/resource/Meredith_Quill	=	1.0000
http://dbkwik.webdatacommons.org/marvelcinematicuniverse.wikia.com/resource/Chase_Stein	http://dbkwik.webdatacommons.org/marvel.wikia.com/resource/Chase_Stein	=	1.0000
http://dbkwik.webdatacommons.org/marvelcinematicuniverse.wikia.com/resource/Paul_Edmonds	http://dbkwik.webdatacommons.org/marvel.wikia.com/resource/Paul_Edmonds	=	1.0000
http://dbkwik.webdatacommons.org/marvelcinematicuniverse.wikia.com/resource/Yellowjacket	http://dbkwik.webdatacommons.org/marvel.wikia.com/resource/Yellowjacket	=	1.0000
http://dbkwik.webdatacommons.org/marvelcinematicuniverse.wikia.com/resource/Italy	http://dbkwik.webdatacommons.org/marvel.wikia.com/resource/Italy	=	1.0000
http://marvelcinematicuniverse.wikia.com/wiki/Special:FilePath/Q-Ship_from_Avengers_Infinity_War_003.jpg?width=300	http://marvel.wikia.com/wiki/Special:FilePath/Q-Ship_from_Avengers_Infinity_War_003.jpg?width=300	=	1.0000
http://dbkwik.webdatacommons.org/marvelcinematicuniverse.wikia.com/property/next	http://dbkwik.webdatacommons.org/marvel.wikia.com/property/next	=	1.0000
http://dbkwik.webdatacommons.org/marvelcinematicuniverse.wikia.com/resource/Specialist	http://dbkwik.webdatacommons.org/marvel.wikia.com/resource/Specialist	=	1.0000
http://dbkwik.webdatacommons.org/marvelcinematicuniverse.wikia.com/resource/Hong_Kong_Sanctum	http://dbkwik.webdatacommons.org/marvel.wikia.com/resource/Hong_Kong_Sanctum	=	1.0000
http://marvelcinematicuniverse.wikia.com/wiki/Special:FilePath/Micah_Schraft.jpg?width=300	http://marvel.wikia.com/wiki/Special:FilePath/Micah_Schraft.jpg?width=300	=	1.0000
http://marvelcinematicuniverse.wikia.com/wiki/Special:FilePath/Matt_Baker.jpg?width=300	http://marvel.wikia.com/wiki/Special:FilePath/Matt_Baker.jpg?width=300	=	1.0000
http://marvelcinematicuniverse.wikia.com/wiki/Special:FilePath/Alex_Garcia_Lopez.jpg?width=300	http://marvel.wikia.com/wiki/Special:FilePath/Alex_Garcia_Lopez.jpg?width=300	=	1.0000
http://marvelcinematicuniverse.wikia.com/wiki/Special:FilePath/Chris_Wyatt.jpg	http://marvel.wikia.com/wiki/Special:FilePath/Chris_Wyatt.jpg	=	1.0000
http://dbkwik.webdatacommons.org/marvelcinematicuniverse.wikia.com/resource/Captain_America	http://dbkwik.webdatacommons.org/marvel.wikia.com/resource/Captain_America	=	1.0000
http://marvelcinematicuniverse.wikia.com/wiki/Special:FilePath/Flag_of_Kazakhstan.png	http://marvel.wikia.com/wiki/Special:FilePath/Flag_of_Kazakhstan.png	=	1.0000
http://dbkwik.webdatacommons.org/marvelcinematicuniverse.wikia.com/resource/Mirko_Colak	http://dbkwik.webdatacommons.org/marvel.wikia.com/resource/Mirko_Colak	=	1.0000
http://dbkwik.webdatacommons.org/marvelcinematicuniverse.wikia.com/resource/Donald_Blake	http://dbkwik.webdatacommons.org/marvel.wikia.com/resource/Donald_Blake	=	1.0000
http://marvelcinematicuniverse.wikia.com/wiki/Special:FilePath/John_Francis_Daley.jpg?width=300	http://marvel.wikia.com/wiki/Special:FilePath/John_Francis_Daley.jpg?width=300	=	1.0000
http://dbkwik.webdatacommons.org/marvelcinematicuniverse.wikia.com/resource/Department_H	http://dbkwik.webdatacommons.org/marvel.wikia.com/resource/Department_H	=	1.0000
http://dbkwik.webdatacommons.org/marvelcinematicuniverse.wikia.com/resource/The_End	http://dbkwik.webdatacommons.org/marvel.wikia.com/resource/The_End	=	1.0000
http://dbkwik.webdatacommons.org/marvelcinematicuniverse.wikia.com/resource/Category:White_Eyes	http://dbkwik.webdatacommons.org/marvel.wikia.com/resource/Category:White_Eyes	=	1.0000
http://dbkwik.webdatacommons.org/marvelcinematicuniverse.wikia.com/resource/Stick	http://dbkwik.webdatacommons.org/marvel.wikia.com/resource/Stick	=	1.0000
http://dbkwik.webdatacommons.org/marvelcinematicuniverse.wikia.com/resource/John_Carter	http://dbkwik.webdatacommons.org/marvel.wikia.com/resource/John_Carter	=	1.0000
http://dbkwik.webdatacommons.org/marvelcinematicuniverse.wikia.com/resource/Crystal	http://dbkwik.webdatacommons.org/marvel.wikia.com/resource/Crystal	=	1.0000
http://marvelcinematicuniverse.wikia.com/wiki/Special:FilePath/Hulk_Betty.jpg	http://marvel.wikia.com/wiki/Special:FilePath/Hulk_&_Betty.jpg	=	1.0000
http://dbkwik.webdatacommons.org/marvelcinematicuniverse.wikia.com/resource/Warsong	http://dbkwik.webdatacommons.org/marvel.wikia.com/resource/Warsong	=	1.0000
http://marvelcinematicuniverse.wikia.com/wiki/Special:FilePath/Iron_patriot_2.jpg?width=300	http://marvel.wikia.com/wiki/Special:FilePath/Iron_Patriot_2.jpg?width=300	=	1.0000
http://marvelcinematicuniverse.wikia.com/wiki/Special:FilePath/Fridge.png?width=300	http://marvel.wikia.com/wiki/Special:FilePath/Fridge.png?width=300	=	1.0000
http://dbkwik.webdatacommons.org/marvelcinematicuniverse.wikia.com/resource/Avalon	http://dbkwik.webdatacommons.org/marvel.wikia.com/resource/Avalon	=	1.0000
http://dbkwik.webdatacommons.org/marvelcinematicuniverse.wikia.com/resource/Infinity_Gauntlet	http://dbkwik.webdatacommons.org/marvel.wikia.com/resource/Infinity_Gauntlet	=	1.0000
http://dbkwik.webdatacommons.org/marvelcinematicuniverse.wikia.com/resource/New_Haven	http://dbkwik.webdatacommons.org/marvel.wikia.com/resource/New_Haven	=	1.0000
http://dbkwik.webdatacommons.org/marvelcinematicuniverse.wikia.com/resource/Staff_of_One/Gallery	http://dbkwik.webdatacommons.org/marvel.wikia.com/resource/Staff_of_One/Gallery	=	1.0000
http://marvelcinematicuniverse.wikia.com/wiki/Special:FilePath/Joe_Robert_Cole.jpg?width=300	http://marvel.wikia.com/wiki/Special:FilePath/Joe_Robert_Cole.jpg?width=300	=	1.0000
http://marvelcinematicuniverse.wikia.com/wiki/Special:FilePath/Rosemary_Rodriguez.jpg?width=300	http://marvel.wikia.com/wiki/Special:FilePath/Rosemary_Rodriguez.jpg?width=300	=	1.0000
http://dbkwik.webdatacommons.org/marvelcinematicuniverse.wikia.com/resource/Stark_Expo	http://dbkwik.webdatacommons.org/marvel.wikia.com/resource/Stark_Expo	=	1.0000
http://dbkwik.webdatacommons.org/marvelcinematicuniverse.wikia.com/resource/Michael_Ryan	http://dbkwik.webdatacommons.org/marvel.wikia.com/resource/Michael_Ryan	=	1.0000
http://dbkwik.webdatacommons.org/marvelcinematicuniverse.wikia.com/resource/Ryker%27s_Island	http://dbkwik.webdatacommons.org/marvel.wikia.com/resource/Ryker%27s_Island	=	1.0000
http://marvelcinematicuniverse.wikia.com/wiki/Special:FilePath/Mike_Fichera.jpg	http://marvel.wikia.com/wiki/Special:FilePath/Mike_Fichera.jpg	=	1.0000
http://dbkwik.webdatacommons.org/marvelcinematicuniverse.wikia.com/resource/Wendey_Stanzler	http://dbkwik.webdatacommons.org/marvel.wikia.com/resource/Wendey_Stanzler	=	1.0000
http://dbkwik.webdatacommons.org/marvelcinematicuniverse.wikia.com/resource/Massachusetts	http://dbkwik.webdatacommons.org/marvel.wikia.com/resource/Massachusetts	=	1.0000
http://dbkwik.webdatacommons.org/marvelcinematicuniverse.wikia.com/resource/Ghost_Rider	http://dbkwik.webdatacommons.org/marvel.wikia.com/resource/Ghost_Rider	=	1.0000
http://dbkwik.webdatacommons.org/marvelcinematicuniverse.wikia.com/resource/Flint	http://dbkwik.webdatacommons.org/marvel.wikia.com/resource/Flint	=	1.0000
http://dbkwik.webdatacommons.org/marvelcinematicuniverse.wikia.com/resource/Category:Infobox_templates	http://dbkwik.webdatacommons.org/marvel.wikia.com/resource/Category:Infobox_Templates	=	1.0000
http://dbkwik.webdatacommons.org/marvelcinematicuniverse.wikia.com/resource/Daisy_Johnson%27s_Van	http://dbkwik.webdatacommons.org/marvel.wikia.com/resource/Daisy_Johnson%27s_Van	=	1.0000
http://dbkwik.webdatacommons.org/marvelcinematicuniverse.wikia.com/resource/Masters_of_the_Mystic_Arts	http://dbkwik.webdatacommons.org/marvel.wikia.com/resource/Masters_of_the_Mystic_Arts	=	1.0000
http://dbkwik.webdatacommons.org/marvelcinematicuniverse.wikia.com/resource/Minsk	http://dbkwik.webdatacommons.org/marvel.wikia.com/resource/Minsk	=	1.0000
http://dbkwik.webdatacommons.org/marvelcinematicuniverse.wikia.com/resource/Iron_Man_2_(video_game)	http://dbkwik.webdatacommons.org/marvel.wikia.com/resource/Iron_Man_2_(video_game)	=	1.0000
http://dbkwik.webdatacommons.org/marvelcinematicuniverse.wikia.com/resource/Uganda	http://dbkwik.webdatacommons.org/marvel.wikia.com/resource/Uganda	=	1.0000
http://dbkwik.webdatacommons.org/marvelcinematicuniverse.wikia.com/resource/Mike_Fichera	http://dbkwik.webdatacommons.org/marvel.wikia.com/resource/Mike_Fichera	=	1.0000
http://dbkwik.webdatacommons.org/marvelcinematicuniverse.wikia.com/resource/Bangkok	http://dbkwik.webdatacommons.org/marvel.wikia.com/resource/Bangkok	=	1.0000
http://dbkwik.webdatacommons.org/marvelcinematicuniverse.wikia.com/resource/Lash	http://dbkwik.webdatacommons.org/marvel.wikia.com/resource/Lash	=	1.0000
http://dbkwik.webdatacommons.org/marvelcinematicuniverse.wikia.com/resource/David_Weiss	http://dbkwik.webdatacommons.org/marvel.wikia.com/resource/David_Weiss	=	1.0000
http://dbkwik.webdatacommons.org/marvelcinematicuniverse.wikia.com/resource/Stark_HUD_2020	http://dbkwik.webdatacommons.org/marvel.wikia.com/resource/Stark_HUD_2020	=	1.0000
http://dbkwik.webdatacommons.org/marvelcinematicuniverse.wikia.com/resource/Priestesses_of_the_Sovereign	http://dbkwik.webdatacommons.org/marvel.wikia.com/resource/Priestesses_of_the_Sovereign	=	1.0000
http://marvelcinematicuniverse.wikia.com/wiki/Special:FilePath/What_If...5.jpg?width=300	http://marvel.wikia.com/wiki/Special:FilePath/What_If_5.jpg?width=300	=	1.0000
http://dbkwik.webdatacommons.org/marvelcinematicuniverse.wikia.com/resource/Avengers:_Infinity_War	http://dbkwik.webdatacommons.org/marvel.wikia.com/resource/Avengers:_Infinity_War	=	1.0000
http://dbkwik.webdatacommons.org/marvelcinematicuniverse.wikia.com/class/clear	http://dbkwik.webdatacommons.org/marvel.wikia.com/class/clear	=	1.0000
http://dbkwik.webdatacommons.org/marvelcinematicuniverse.wikia.com/resource/North_Korea	http://dbkwik.webdatacommons.org/marvel.wikia.com/resource/North_Korea	=	1.0000
http://marvelcinematicuniverse.wikia.com/wiki/Special:FilePath/Edward_Ricourt.jpg?width=300	http://marvel.wikia.com/wiki/Special:FilePath/Edward_Ricourt.jpg?width=300	=	1.0000
http://dbkwik.webdatacommons.org/marvelcinematicuniverse.wikia.com/resource/Marcus_J._Guillory	http://dbkwik.webdatacommons.org/marvel.wikia.com/resource/Marcus_J._Guillory	=	1.0000
http://dbkwik.webdatacommons.org/marvelcinematicuniverse.wikia.com/resource/Brant_Englestein	http://dbkwik.webdatacommons.org/marvel.wikia.com/resource/Brant_Englestein	=	1.0000
http://dbkwik.webdatacommons.org/marvelcinematicuniverse.wikia.com/resource/Cambodia	http://dbkwik.webdatacommons.org/marvel.wikia.com/resource/Cambodia	=	1.0000
http://dbkwik.webdatacommons.org/marvelcinematicuniverse.wikia.com/resource/Monaco	http://dbkwik.webdatacommons.org/marvel.wikia.com/resource/Monaco	=	1.0000
http://dbkwik.webdatacommons.org/marvelcinematicuniverse.wikia.com/resource/Alex_Wilder	http://dbkwik.webdatacommons.org/marvel.wikia.com/resource/Alex_Wilder	=	1.0000
http://dbkwik.webdatacommons.org/marvelcinematicuniverse.wikia.com/resource/Dark-Crawler	http://dbkwik.webdatacommons.org/marvel.wikia.com/resource/Dark-Crawler	=	1.0000
http://dbkwik.webdatacommons.org/marvelcinematicuniverse.wikia.com/resource/Micah_Schraft	http://dbkwik.webdatacommons.org/marvel.wikia.com/resource/Micah_Schraft	=	1.0000
http://marvelcinematicuniverse.wikia.com/wiki/Special:FilePath/Chris_McCoy.jpg	http://marvel.wikia.com/wiki/Special:FilePath/Chris_McCoy.jpg	=	1.0000
http://marvelcinematicuniverse.wikia.com/wiki/Special:FilePath/Mairzee_Almas.jpg	http://marvel.wikia.com/wiki/Special:FilePath/Mairzee_Almas.jpg	=	1.0000
http://marvelcinematicuniverse.wikia.com/wiki/Special:FilePath/images.jpg	http://marvel.wikia.com/wiki/Special:FilePath/images.jpg	=	1.0000
http://dbkwik.webdatacommons.org/marvelcinematicuniverse.wikia.com/resource/Gabe_Jones	http://dbkwik.webdatacommons.org/marvel.wikia.com/resource/Gabe_Jones	=	1.0000
http://dbkwik.webdatacommons.org/marvelcinematicuniverse.wikia.com/resource/Darkhold	http://dbkwik.webdatacommons.org/marvel.wikia.com/resource/Darkhold	=	1.0000
http://dbkwik.webdatacommons.org/marvelcinematicuniverse.wikia.com/resource/Hostel	http://dbkwik.webdatacommons.org/marvel.wikia.com/resource/Hostel	=	1.0000
http://marvelcinematicuniverse.wikia.com/wiki/Special:FilePath/Flag_of_Iran.png	http://marvel.wikia.com/wiki/Special:FilePath/Flag_of_Iran.png	=	1.0000
http://dbkwik.webdatacommons.org/marvelcinematicuniverse.wikia.com/resource/Ed_Brubaker	http://dbkwik.webdatacommons.org/marvel.wikia.com/resource/Ed_Brubaker	=	1.0000
http://dbkwik.webdatacommons.org/marvelcinematicuniverse.wikia.com/resource/Sovereign_(Planet)/Gallery	http://dbkwik.webdatacommons.org/marvel.wikia.com/resource/Sovereign_(Planet)/Gallery	=	1.0000
http://dbkwik.webdatacommons.org/marvelcinematicuniverse.wikia.com/resource/Category:Terrorists	http://dbkwik.webdatacommons.org/marvel.wikia.com/resource/Category:Terrorists	=	1.0000
http://marvelcinematicuniverse.wikia.com/wiki/Special:FilePath/Marcos_Martín.jpg	http://marvel.wikia.com/wiki/Special:FilePath/Marcos_Martin.jpg	=	1.0000
http://marvelcinematicuniverse.wikia.com/wiki/Special:FilePath/Craig_Zisk.jpg?width=300	http://marvel.wikia.com/wiki/Special:FilePath/Craig_Zisk.jpg?width=300	=	1.0000
http://marvelcinematicuniverse.wikia.com/wiki/Special:FilePath/Nora_Zuckerman.jpg	http://marvel.wikia.com/wiki/Special:FilePath/Nora_Zuckerman.jpg	=	1.0000
http://marvelcinematicuniverse.wikia.com/wiki/Special:FilePath/Civil_War_Final_Poster.jpg?width=300	http://marvel.wikia.com/wiki/Special:FilePath/Civil_War_Final_Poster.jpg?width=300	=	1.0000
http://dbkwik.webdatacommons.org/marvelcinematicuniverse.wikia.com/resource/Category:Hand_Members	http://dbkwik.webdatacommons.org/marvel.wikia.com/resource/Category:Hand_members	=	1.0000
http://dbkwik.webdatacommons.org/marvelcinematicuniverse.wikia.com/resource/Dwain_Worrell	http://dbkwik.webdatacommons.org/marvel.wikia.com/resource/Dwain_Worrell	=	1.0000
http://dbkwik.webdatacommons.org/marvelcinematicuniverse.wikia.com/resource/Elektra	http://dbkwik.webdatacommons.org/marvel.wikia.com/resource/Elektra	=	1.0000
http://dbkwik.webdatacommons.org/marvelcinematicuniverse.wikia.com/resource/Rhomann_Dey	http://dbkwik.webdatacommons.org/marvel.wikia.com/resource/Rhomann_Dey	=	1.0000
http://dbkwik.webdatacommons.org/marvelcinematicuniverse.wikia.com/resource/Contest_of_Champions	http://dbkwik.webdatacommons.org/marvel.wikia.com/resource/Contest_of_Champions	=	1.0000
http://dbkwik.webdatacommons.org/marvelcinematicuniverse.wikia.com/resource/Ancient_One	http://dbkwik.webdatacommons.org/marvel.wikia.com/resource/Ancient_One	=	1.0000
http://marvelcinematicuniverse.wikia.com/wiki/Special:FilePath/Chris_McKenna.jpg	http://marvel.wikia.com/wiki/Special:FilePath/Chris_McKenna.jpg	=	1.0000
http://dbkwik.webdatacommons.org/marvelcinematicuniverse.wikia.com/resource/Category:Rajaks	http://dbkwik.webdatacommons.org/marvel.wikia.com/resource/Category:Rajaks	=	1.0000
http://dbkwik.webdatacommons.org/marvelcinematicuniverse.wikia.com/resource/Jennifer_Phang	http://dbkwik.webdatacommons.org/marvel.wikia.com/resource/Jennifer_Phang	=	1.0000
http://dbkwik.webdatacommons.org/marvelcinematicuniverse.wikia.com/resource/Bosnia_and_Herzegovina	http://dbkwik.webdatacommons.org/marvel.wikia.com/resource/Bosnia_and_Herzegovina	=	1.0000
http://dbkwik.webdatacommons.org/marvelcinematicuniverse.wikia.com/resource/Sakaar	http://dbkwik.webdatacommons.org/marvel.wikia.com/resource/Sakaar	=	1.0000
http://dbkwik.webdatacommons.org/marvelcinematicuniverse.wikia.com/resource/Melt_Stick/Gallery	http://dbkwik.webdatacommons.org/marvel.wikia.com/resource/Melt_Stick/Gallery	=	1.0000
http://marvelcinematicuniverse.wikia.com/wiki/Special:FilePath/Sleeper.png?width=300	http://marvel.wikia.com/wiki/Special:FilePath/Sleeper.png?width=300	=	1.0000
http://dbkwik.webdatacommons.org/marvelcinematicuniverse.wikia.com/resource/Phil_Coulson	http://dbkwik.webdatacommons.org/marvel.wikia.com/resource/Phil_Coulson	=	1.0000
http://marvelcinematicuniverse.wikia.com/wiki/Special:FilePath/David_Mack.jpg	http://marvel.wikia.com/wiki/Special:FilePath/David_Mack.jpg	=	1.0000
http://dbkwik.webdatacommons.org/marvelcinematicuniverse.wikia.com/resource/Paramus	http://dbkwik.webdatacommons.org/marvel.wikia.com/resource/Paramus	=	1.0000
http://marvelcinematicuniverse.wikia.com/wiki/Special:FilePath/Ss2.jpg?width=300	http://marvel.wikia.com/wiki/Special:FilePath/ss2.jpg?width=300	=	1.0000
http://dbkwik.webdatacommons.org/marvelcinematicuniverse.wikia.com/resource/South_Beach	http://dbkwik.webdatacommons.org/marvel.wikia.com/resource/South_Beach	=	1.0000
http://dbkwik.webdatacommons.org/marvelcinematicuniverse.wikia.com/resource/Luis_Allegre	http://dbkwik.webdatacommons.org/marvel.wikia.com/resource/Luis_Allegre	=	1.0000
http://dbkwik.webdatacommons.org/marvelcinematicuniverse.wikia.com/resource/Seychelles	http://dbkwik.webdatacommons.org/marvel.wikia.com/resource/Seychelles	=	1.0000
http://dbkwik.webdatacommons.org/marvelcinematicuniverse.wikia.com/resource/Hofund	http://dbkwik.webdatacommons.org/marvel.wikia.com/resource/Hofund	=	1.0000
http://marvelcinematicuniverse.wikia.com/wiki/Special:FilePath/Aether.png	http://marvel.wikia.com/wiki/Special:FilePath/Aether.png	=	1.0000
http://dbkwik.webdatacommons.org/marvelcinematicuniverse.wikia.com/resource/Diamondback	http://dbkwik.webdatacommons.org/marvel.wikia.com/resource/Diamondback	=	1.0000
http://dbkwik.webdatacommons.org/marvelcinematicuniverse.wikia.com/resource/Fistigons/Gallery	http://dbkwik.webdatacommons.org/marvel.wikia.com/resource/Fistigons/Gallery	=	1.0000
http://dbkwik.webdatacommons.org/marvelcinematicuniverse.wikia.com/resource/Satan_Claw	http://dbkwik.webdatacommons.org/marvel.wikia.com/resource/Satan_Claw	=	1.0000
http://marvelcinematicuniverse.wikia.com/wiki/Special:FilePath/Screenshot_(7).png	http://marvel.wikia.com/wiki/Special:FilePath/Screenshot_7.png	=	1.0000
http://dbkwik.webdatacommons.org/marvelcinematicuniverse.wikia.com/resource/Anthony_Russo	http://dbkwik.webdatacommons.org/marvel.wikia.com/resource/Anthony_Russo	=	1.0000
http://marvelcinematicuniverse.wikia.com/wiki/Special:FilePath/Marvel_One-Shot_The_Consultant.jpg?width=300	http://marvel.wikia.com/wiki/Special:FilePath/Marvel_One-Shot_The_Consultant.jpg?width=300	=	1.0000
http://dbkwik.webdatacommons.org/marvelcinematicuniverse.wikia.com/resource/Birch_Psychiatric_Hospital	http://dbkwik.webdatacommons.org/marvel.wikia.com/resource/Birch_Psychiatric_Hospital	=	1.0000
http://marvelcinematicuniverse.wikia.com/wiki/Special:FilePath/EliMorrow-Profile.jpg?width=300	http://marvel.wikia.com/wiki/Special:FilePath/EliMorrow-Profile.jpg?width=300	=	1.0000
http://marvelcinematicuniverse.wikia.com/wiki/Special:FilePath/TBPcover.png?width=300	http://marvel.wikia.com/wiki/Special:FilePath/TBPcover.png?width=300	=	1.0000
http://dbkwik.webdatacommons.org/marvelcinematicuniverse.wikia.com/resource/Sersi	http://dbkwik.webdatacommons.org/marvel.wikia.com/resource/Sersi	=	1.0000
http://dbkwik.webdatacommons.org/marvelcinematicuniverse.wikia.com/resource/Nick_Fury	http://dbkwik.webdatacommons.org/marvel.wikia.com/resource/Nick_Fury	=	1.0000
http://marvelcinematicuniverse.wikia.com/wiki/Special:FilePath/Wendy_West.jpg	http://marvel.wikia.com/wiki/Special:FilePath/Wendy_West.jpg	=	1.0000
http://dbkwik.webdatacommons.org/marvelcinematicuniverse.wikia.com/resource/Death_Valley	http://dbkwik.webdatacommons.org/marvel.wikia.com/resource/Death_Valley	=	1.0000
http://dbkwik.webdatacommons.org/marvelcinematicuniverse.wikia.com/class/character	http://dbkwik.webdatacommons.org/marvel.wikia.com/class/character	=	1.0000
http://dbkwik.webdatacommons.org/marvelcinematicuniverse.wikia.com/resource/Obedience_Disk	http://dbkwik.webdatacommons.org/marvel.wikia.com/resource/Obedience_Disk	=	1.0000
http://dbkwik.webdatacommons.org/marvelcinematicuniverse.wikia.com/resource/Moon	http://dbkwik.webdatacommons.org/marvel.wikia.com/resource/Moon	=	1.0000
http://dbkwik.webdatacommons.org/marvelcinematicuniverse.wikia.com/resource/Jennifer_Lynch	http://dbkwik.webdatacommons.org/marvel.wikia.com/resource/Jennifer_Lynch	=	1.0000
http://marvelcinematicuniverse.wikia.com/wiki/Special:FilePath/Michael_Zinberg.jpg?width=300	http://marvel.wikia.com/wiki/Special:FilePath/Michael_Zinberg.jpg?width=300	=	1.0000
http://dbkwik.webdatacommons.org/marvelcinematicuniverse.wikia.com/resource/Chris_Wyatt	http://dbkwik.webdatacommons.org/marvel.wikia.com/resource/Chris_Wyatt	=	1.0000
http://marvelcinematicuniverse.wikia.com/wiki/Special:FilePath/Mangog-TGT.jpg	http://marvel.wikia.com/wiki/Special:FilePath/Mangog-TGT.jpg	=	1.0000
http://dbkwik.webdatacommons.org/marvelcinematicuniverse.wikia.com/resource/Odin	http://dbkwik.webdatacommons.org/marvel.wikia.com/resource/Odin	=	1.0000
http://dbkwik.webdatacommons.org/marvelcinematicuniverse.wikia.com/resource/Kronans	http://dbkwik.webdatacommons.org/marvel.wikia.com/resource/Kronans	=	1.0000
http://marvelcinematicuniverse.wikia.com/wiki/Special:FilePath/Wai-Go_Industries.png?width=300	http://marvel.wikia.com/wiki/Special:FilePath/Wai-Go_Industries.png?width=300	=	1.0000
http://dbkwik.webdatacommons.org/marvelcinematicuniverse.wikia.com/resource/Doris_Urich	http://dbkwik.webdatacommons.org/marvel.wikia.com/resource/Doris_Urich	=	1.0000
http://dbkwik.webdatacommons.org/marvelcinematicuniverse.wikia.com/resource/Gina_Prince-Bythewood	http://dbkwik.webdatacommons.org/marvel.wikia.com/resource/Gina_Prince-Bythewood	=	1.0000
http://dbkwik.webdatacommons.org/marvelcinematicuniverse.wikia.com/resource/Northern_Ireland	http://dbkwik.webdatacommons.org/marvel.wikia.com/resource/Northern_Ireland	=	1.0000
http://dbkwik.webdatacommons.org/marvelcinematicuniverse.wikia.com/resource/Cull_Obsidian	http://dbkwik.webdatacommons.org/marvel.wikia.com/resource/Cull_Obsidian	=	1.0000
http://dbkwik.webdatacommons.org/marvelcinematicuniverse.wikia.com/resource/Category:Blue_Hair	http://dbkwik.webdatacommons.org/marvel.wikia.com/resource/Category:Blue_Hair	=	1.0000
http://dbkwik.webdatacommons.org/marvelcinematicuniverse.wikia.com/resource/U-Foes	http://dbkwik.webdatacommons.org/marvel.wikia.com/resource/U-Foes	=	1.0000
http://marvelcinematicuniverse.wikia.com/wiki/Special:FilePath/Ry_Russo-Young.jpg	http://marvel.wikia.com/wiki/Special:FilePath/Ry_Russo-Young.jpg	=	1.0000
http://dbkwik.webdatacommons.org/marvelcinematicuniverse.wikia.com/resource/Category:Pages_with_broken_file_links	http://dbkwik.webdatacommons.org/marvel.wikia.com/resource/Category:Pages_with_broken_file_links	=	1.0000
http://marvelcinematicuniverse.wikia.com/wiki/Special:FilePath/Project_Distant_Star_Return.png?width=300	http://marvel.wikia.com/wiki/Special:FilePath/Project_Distant_Star_Return.png?width=300	=	1.0000
http://dbkwik.webdatacommons.org/marvelcinematicuniverse.wikia.com/resource/Peggy_Carter	http://dbkwik.webdatacommons.org/marvel.wikia.com/resource/Peggy_Carter	=	1.0000
http://dbkwik.webdatacommons.org/marvelcinematicuniverse.wikia.com/resource/Daniel_Whitehall	http://dbkwik.webdatacommons.org/marvel.wikia.com/resource/Daniel_Whitehall	=	1.0000
http://marvelcinematicuniverse.wikia.com/wiki/Special:FilePath/Flag_of_Uruguay.png	http://marvel.wikia.com/wiki/Special:FilePath/Flag_of_Uruguay.png	=	1.0000
http://dbkwik.webdatacommons.org/marvelcinematicuniverse.wikia.com/resource/Daggers_of_Daveroth	http://dbkwik.webdatacommons.org/marvel.wikia.com/resource/Daggers_of_Daveroth	=	1.0000
http://dbkwik.webdatacommons.org/marvelcinematicuniverse.wikia.com/resource/Claire_Temple	http://dbkwik.webdatacommons.org/marvel.wikia.com/resource/Claire_Temple	=	1.0000
http://dbkwik.webdatacommons.org/marvelcinematicuniverse.wikia.com/property/species	http://dbkwik.webdatacommons.org/marvel.wikia.com/resource/Species	=	1.0000
http://dbkwik.webdatacommons.org/marvelcinematicuniverse.wikia.com/resource/Heinrich_Zemo	http://dbkwik.webdatacommons.org/marvel.wikia.com/resource/Heinrich_Zemo	=	1.0000
http://marvelcinematicuniverse.wikia.com/wiki/Special:FilePath/Incredible_Hulk_The_Fury_Files_Vol_1_1.jpg	http://marvel.wikia.com/wiki/Special:FilePath/Incredible_Hulk_The_Fury_Files_Vol_1_1.jpg	=	1.0000
http://dbkwik.webdatacommons.org/marvelcinematicuniverse.wikia.com/resource/Hala	http://dbkwik.webdatacommons.org/marvel.wikia.com/resource/Hala	=	1.0000
http://dbkwik.webdatacommons.org/marvelcinematicuniverse.wikia.com/resource/Bryan_Hitch	http://dbkwik.webdatacommons.org/marvel.wikia.com/resource/Bryan_Hitch	=	1.0000
http://marvelcinematicuniverse.wikia.com/wiki/Special:FilePath/Ken_Girotti.jpg	http://marvel.wikia.com/wiki/Special:FilePath/Ken_Girotti.jpg	=	1.0000
http://marvelcinematicuniverse.wikia.com/wiki/Special:FilePath/Emma_Fleischer.jpg?width=300	http://marvel.wikia.com/wiki/Special:FilePath/Emma_Fleischer.jpg?width=300	=	1.0000
http://dbkwik.webdatacommons.org/marvelcinematicuniverse.wikia.com/resource/Kevin_Tancharoen	http://dbkwik.webdatacommons.org/marvel.wikia.com/resource/Kevin_Tancharoen	=	1.0000
http://dbkwik.webdatacommons.org/marvelcinematicuniverse.wikia.com/resource/Nico_Minoru	http://dbkwik.webdatacommons.org/marvel.wikia.com/resource/Nico_Minoru	=	1.0000
http://dbkwik.webdatacommons.org/marvelcinematicuniverse.wikia.com/resource/Jeffrey_Bell	http://dbkwik.webdatacommons.org/marvel.wikia.com/resource/Jeffrey_Bell	=	1.0000
http://dbkwik.webdatacommons.org/marvelcinematicuniverse.wikia.com/resource/Category:Planets	http://dbkwik.webdatacommons.org/marvel.wikia.com/resource/Category:Planets	=	1.0000
http://dbkwik.webdatacommons.org/marvelcinematicuniverse.wikia.com/resource/Bambi_Arbogast	http://dbkwik.webdatacommons.org/marvel.wikia.com/resource/Bambi_Arbogast	=	1.0000
http://dbkwik.webdatacommons.org/marvelcinematicuniverse.wikia.com/resource/Brett_Morgen	http://dbkwik.webdatacommons.org/marvel.wikia.com/resource/Brett_Morgen	=	1.0000
http://marvelcinematicuniverse.wikia.com/wiki/Special:FilePath/Derec_Aucoin.jpg	http://marvel.wikia.com/wiki/Special:FilePath/Derec_Aucoin.jpg	=	1.0000
http://marvelcinematicuniverse.wikia.com/wiki/Special:FilePath/HYDRA_Cannon.png?width=300	http://marvel.wikia.com/wiki/Special:FilePath/Hydra_Cannon.png?width=300	=	1.0000
http://dbkwik.webdatacommons.org/marvelcinematicuniverse.wikia.com/resource/Hadron_Enforcer/Gallery	http://dbkwik.webdatacommons.org/marvel.wikia.com/resource/Hadron_Enforcer/Gallery	=	1.0000
http://dbkwik.webdatacommons.org/marvelcinematicuniverse.wikia.com/resource/Oklahoma	http://dbkwik.webdatacommons.org/marvel.wikia.com/resource/Oklahoma	=	1.0000
http://dbkwik.webdatacommons.org/marvelcinematicuniverse.wikia.com/resource/Lauren_LeFranc	http://dbkwik.webdatacommons.org/marvel.wikia.com/resource/Lauren_LeFranc	=	1.0000
http://dbkwik.webdatacommons.org/marvelcinematicuniverse.wikia.com/resource/Savannah	http://dbkwik.webdatacommons.org/marvel.wikia.com/resource/Savannah	=	1.0000
http://dbkwik.webdatacommons.org/marvelcinematicuniverse.wikia.com/resource/Melissa_Rosenberg	http://dbkwik.webdatacommons.org/marvel.wikia.com/resource/Melissa_Rosenberg	=	1.0000
http://dbkwik.webdatacommons.org/marvelcinematicuniverse.wikia.com/resource/Category:Wars	http://dbkwik.webdatacommons.org/marvel.wikia.com/resource/Category:Wars	=	1.0000
http://marvelcinematicuniverse.wikia.com/wiki/Special:FilePath/John_C._Kelley.jpg?width=300	http://marvel.wikia.com/wiki/Special:FilePath/John_C._Kelley.jpg?width=300	=	1.0000
http://dbkwik.webdatacommons.org/marvelcinematicuniverse.wikia.com/resource/Avengers_Initiative	http://dbkwik.webdatacommons.org/marvel.wikia.com/resource/Avengers_Initiative	=	1.0000
http://dbkwik.webdatacommons.org/marvelcinematicuniverse.wikia.com/resource/Raft	http://dbkwik.webdatacommons.org/marvel.wikia.com/resource/Raft	=	1.0000
http://marvelcinematicuniverse.wikia.com/wiki/Special:FilePath/Ultron.jpg	http://marvel.wikia.com/wiki/Special:FilePath/Ultron.jpg	=	1.0000
http://dbkwik.webdatacommons.org/marvelcinematicuniverse.wikia.com/resource/Hamir	http://dbkwik.webdatacommons.org/marvel.wikia.com/resource/Hamir	=	1.0000
http://dbkwik.webdatacommons.org/marvelcinematicuniverse.wikia.com/resource/Hungary	http://dbkwik.webdatacommons.org/marvel.wikia.com/resource/Hungary	=	1.0000
http://dbkwik.webdatacommons.org/marvelcinematicuniverse.wikia.com/resource/Hawkeye	http://dbkwik.webdatacommons.org/marvel.wikia.com/resource/Hawkeye	=	1.0000
http://dbkwik.webdatacommons.org/marvelcinematicuniverse.wikia.com/resource/Steve_Saffel	http://dbkwik.webdatacommons.org/marvel.wikia.com/resource/Steve_Saffel	=	1.0000
http://dbkwik.webdatacommons.org/marvelcinematicuniverse.wikia.com/resource/Chikara_Dojo/Gallery	http://dbkwik.webdatacommons.org/marvel.wikia.com/resource/Chikara_Dojo/Gallery	=	1.0000
http://dbkwik.webdatacommons.org/marvelcinematicuniverse.wikia.com/resource/Brand_Corporation	http://dbkwik.webdatacommons.org/marvel.wikia.com/resource/Brand_Corporation	=	1.0000
http://dbkwik.webdatacommons.org/marvelcinematicuniverse.wikia.com/resource/Joe_Bennett	http://dbkwik.webdatacommons.org/marvel.wikia.com/resource/Joe_Bennett	=	1.0000
http://dbkwik.webdatacommons.org/marvelcinematicuniverse.wikia.com/resource/Eldrac	http://dbkwik.webdatacommons.org/marvel.wikia.com/resource/Eldrac	=	1.0000
http://dbkwik.webdatacommons.org/marvelcinematicuniverse.wikia.com/resource/Category:Inhumans	http://dbkwik.webdatacommons.org/marvel.wikia.com/resource/Category:Inhumans	=	1.0000
http://dbkwik.webdatacommons.org/marvelcinematicuniverse.wikia.com/resource/Maya_Hansen	http://dbkwik.webdatacommons.org/marvel.wikia.com/resource/Maya_Hansen	=	1.0000
http://marvelcinematicuniverse.wikia.com/wiki/Special:FilePath/Flag_of_Turkey.png?width=300	http://marvel.wikia.com/wiki/Special:FilePath/Flag_of_Turkey.png?width=300	=	1.0000
http://marvelcinematicuniverse.wikia.com/wiki/Special:FilePath/Jack_Kenny.jpg?width=300	http://marvel.wikia.com/wiki/Special:FilePath/Jack_Kenny.jpg?width=300	=	1.0000
http://dbkwik.webdatacommons.org/marvelcinematicuniverse.wikia.com/resource/Scott_Winant	http://dbkwik.webdatacommons.org/marvel.wikia.com/resource/Scott_Winant	=	1.0000
http://marvelcinematicuniverse.wikia.com/wiki/Special:FilePath/Ry_Russo-Young.jpg?width=300	http://marvel.wikia.com/wiki/Special:FilePath/Ry_Russo-Young.jpg?width=300	=	1.0000
http://dbkwik.webdatacommons.org/marvelcinematicuniverse.wikia.com/resource/Vladivostok	http://dbkwik.webdatacommons.org/marvel.wikia.com/resource/Vladivostok	=	1.0000
http://dbkwik.webdatacommons.org/marvelcinematicuniverse.wikia.com/resource/Category:Astronauts	http://dbkwik.webdatacommons.org/marvel.wikia.com/resource/Category:Astronauts	=	1.0000
http://dbkwik.webdatacommons.org/marvelcinematicuniverse.wikia.com/resource/Anthony_Cotilletta	http://dbkwik.webdatacommons.org/marvel.wikia.com/resource/Anthony_Cotilletta	=	1.0000
http://dbkwik.webdatacommons.org/marvelcinematicuniverse.wikia.com/resource/Interdites	http://dbkwik.webdatacommons.org/marvel.wikia.com/resource/Interdites	=	1.0000
http://marvelcinematicuniverse.wikia.com/wiki/Special:FilePath/Raven_Metzner.jpg	http://marvel.wikia.com/wiki/Special:FilePath/Raven_Metzner.jpg	=	1.0000
http://marvelcinematicuniverse.wikia.com/wiki/Special:FilePath/Flag_of_Egypt.png	http://marvel.wikia.com/wiki/Special:FilePath/Flag_of_Egypt.png	=	1.0000
http://dbkwik.webdatacommons.org/marvelcinematicuniverse.wikia.com/resource/Titanium_Man_Armor	http://dbkwik.webdatacommons.org/marvel.wikia.com/resource/Titanium_Man_Armor	=	1.0000
http://dbkwik.webdatacommons.org/marvelcinematicuniverse.wikia.com/resource/Bulgaria	http://dbkwik.webdatacommons.org/marvel.wikia.com/resource/Bulgaria	=	1.0000
http://dbkwik.webdatacommons.org/marvelcinematicuniverse.wikia.com/resource/Bern	http://dbkwik.webdatacommons.org/marvel.wikia.com/resource/Bern	=	1.0000
http://dbkwik.webdatacommons.org/marvelcinematicuniverse.wikia.com/resource/Guardians_Inferno	http://dbkwik.webdatacommons.org/marvel.wikia.com/resource/Guardians%27_Inferno	=	1.0000
http://dbkwik.webdatacommons.org/marvelcinematicuniverse.wikia.com/resource/Brian_Michael_Bendis	http://dbkwik.webdatacommons.org/marvel.wikia.com/resource/Brian_Michael_Bendis	=	1.0000
http://dbkwik.webdatacommons.org/marvelcinematicuniverse.wikia.com/resource/New_Delhi	http://dbkwik.webdatacommons.org/marvel.wikia.com/resource/New_Delhi	=	1.0000
http://dbkwik.webdatacommons.org/marvelcinematicuniverse.wikia.com/resource/Canelo	http://dbkwik.webdatacommons.org/marvel.wikia.com/resource/Canelo	=	1.0000
http://marvelcinematicuniverse.wikia.com/wiki/Special:FilePath/Mark_Verheiden.jpg?width=300	http://marvel.wikia.com/wiki/Special:FilePath/Mark_Verheiden.jpg?width=300	=	1.0000
http://marvelcinematicuniverse.wikia.com/wiki/Special:FilePath/Jeffrey_W._Byrd.jpg?width=300	http://marvel.wikia.com/wiki/Special:FilePath/Jeffrey_W._Byrd.jpg?width=300	=	1.0000
http://dbkwik.webdatacommons.org/marvelcinematicuniverse.wikia.com/resource/Moscow	http://dbkwik.webdatacommons.org/marvel.wikia.com/resource/Moscow	=	1.0000
http://dbkwik.webdatacommons.org/marvelcinematicuniverse.wikia.com/resource/Marco_Ramirez	http://dbkwik.webdatacommons.org/marvel.wikia.com/resource/Marco_Ramirez	=	1.0000
http://dbkwik.webdatacommons.org/marvelcinematicuniverse.wikia.com/resource/Category:Luphomoids	http://dbkwik.webdatacommons.org/marvel.wikia.com/resource/Category:Luphomoids	=	1.0000
http://marvelcinematicuniverse.wikia.com/wiki/Special:FilePath/Jason_Horwitch.jpg	http://marvel.wikia.com/wiki/Special:FilePath/Jason_Horwitch.jpg	=	1.0000
http://dbkwik.webdatacommons.org/marvelcinematicuniverse.wikia.com/resource/Category:Kree	http://dbkwik.webdatacommons.org/marvel.wikia.com/resource/Category:Kree	=	1.0000
http://dbkwik.webdatacommons.org/marvelcinematicuniverse.wikia.com/resource/Iridia	http://dbkwik.webdatacommons.org/marvel.wikia.com/resource/Iridia	=	1.0000
http://dbkwik.webdatacommons.org/marvelcinematicuniverse.wikia.com/resource/Warlock%27s_Eye	http://dbkwik.webdatacommons.org/marvel.wikia.com/resource/Warlock%27s_Eye	=	1.0000
http://marvelcinematicuniverse.wikia.com/wiki/Special:FilePath/Chester.jpg	http://marvel.wikia.com/wiki/Special:FilePath/Chester.jpg	=	1.0000
http://dbkwik.webdatacommons.org/marvelcinematicuniverse.wikia.com/resource/Providence	http://dbkwik.webdatacommons.org/marvel.wikia.com/resource/Providence	=	1.0000
http://dbkwik.webdatacommons.org/marvelcinematicuniverse.wikia.com/resource/Sydney	http://dbkwik.webdatacommons.org/marvel.wikia.com/resource/Sydney	=	1.0000
http://dbkwik.webdatacommons.org/marvelcinematicuniverse.wikia.com/resource/Zhou_Cheng	http://dbkwik.webdatacommons.org/marvel.wikia.com/resource/Zhou_Cheng	=	1.0000
http://marvelcinematicuniverse.wikia.com/wiki/Special:FilePath/Triskelion.png	http://marvel.wikia.com/wiki/Special:FilePath/Triskelion.png	=	1.0000
http://dbkwik.webdatacommons.org/marvelcinematicuniverse.wikia.com/resource/Category:New_Warriors_Members	http://dbkwik.webdatacommons.org/marvel.wikia.com/resource/Category:New_Warriors_members	=	1.0000
http://dbkwik.webdatacommons.org/marvelcinematicuniverse.wikia.com/resource/Invaders	http://dbkwik.webdatacommons.org/marvel.wikia.com/resource/Invaders	=	1.0000
http://dbkwik.webdatacommons.org/marvelcinematicuniverse.wikia.com/resource/Jeph_Loeb	http://dbkwik.webdatacommons.org/marvel.wikia.com/resource/Jeph_Loeb	=	1.0000
http://dbkwik.webdatacommons.org/marvelcinematicuniverse.wikia.com/resource/Damascus	http://dbkwik.webdatacommons.org/marvel.wikia.com/resource/Damascus	=	1.0000
http://dbkwik.webdatacommons.org/marvelcinematicuniverse.wikia.com/resource/Jon_Watts	http://dbkwik.webdatacommons.org/marvel.wikia.com/resource/Jon_Watts	=	1.0000
http://dbkwik.webdatacommons.org/marvelcinematicuniverse.wikia.com/resource/Cairo	http://dbkwik.webdatacommons.org/marvel.wikia.com/resource/Cairo	=	1.0000
http://dbkwik.webdatacommons.org/marvelcinematicuniverse.wikia.com/resource/Nelson_and_Murdock	http://dbkwik.webdatacommons.org/marvel.wikia.com/resource/Nelson_and_Murdock	=	1.0000
http://marvelcinematicuniverse.wikia.com/wiki/Special:FilePath/Medusa.jpg	http://marvel.wikia.com/wiki/Special:FilePath/Medusa.jpg	=	1.0000
http://marvelcinematicuniverse.wikia.com/wiki/Special:FilePath/Des14.jpg?width=300	http://marvel.wikia.com/wiki/Special:FilePath/Des14.jpg?width=300	=	1.0000
http://dbkwik.webdatacommons.org/marvelcinematicuniverse.wikia.com/resource/Tesseract	http://dbkwik.webdatacommons.org/marvel.wikia.com/resource/Tesseract	=	1.0000
http://dbkwik.webdatacommons.org/marvelcinematicuniverse.wikia.com/resource/Category:Producers	http://dbkwik.webdatacommons.org/marvel.wikia.com/resource/Category:Producers	=	1.0000
http://dbkwik.webdatacommons.org/marvelcinematicuniverse.wikia.com/resource/Buri	http://dbkwik.webdatacommons.org/marvel.wikia.com/resource/Buri	=	1.0000
http://dbkwik.webdatacommons.org/marvelcinematicuniverse.wikia.com/resource/Kate_Woods	http://dbkwik.webdatacommons.org/marvel.wikia.com/resource/Kate_Woods	=	1.0000
http://marvelcinematicuniverse.wikia.com/wiki/Special:FilePath/Flag_of_Australia.png	http://marvel.wikia.com/wiki/Special:FilePath/Flag_of_Australia.png	=	1.0000
http://dbkwik.webdatacommons.org/marvelcinematicuniverse.wikia.com/resource/Operation_Paperclip	http://dbkwik.webdatacommons.org/marvel.wikia.com/resource/Operation_Paperclip	=	1.0000
http://marvelcinematicuniverse.wikia.com/wiki/Special:FilePath/Flag_of_Mexico.png?width=300	http://marvel.wikia.com/wiki/Special:FilePath/Flag_of_Mexico.png?width=300	=	1.0000
http://dbkwik.webdatacommons.org/marvelcinematicuniverse.wikia.com/resource/Foster	http://dbkwik.webdatacommons.org/marvel.wikia.com/resource/Foster	=	1.0000
http://dbkwik.webdatacommons.org/marvelcinematicuniverse.wikia.com/resource/Melter	http://dbkwik.webdatacommons.org/marvel.wikia.com/resource/Melter	=	1.0000
http://dbkwik.webdatacommons.org/marvelcinematicuniverse.wikia.com/resource/Massachusetts_Institute_of_Technology	http://dbkwik.webdatacommons.org/marvel.wikia.com/resource/Massachusetts_Institute_of_Technology	=	1.0000
http://dbkwik.webdatacommons.org/marvelcinematicuniverse.wikia.com/resource/Kursk	http://dbkwik.webdatacommons.org/marvel.wikia.com/resource/Kursk	=	1.0000
http://dbkwik.webdatacommons.org/marvelcinematicuniverse.wikia.com/resource/Michele_Fazekas	http://dbkwik.webdatacommons.org/marvel.wikia.com/resource/Michele_Fazekas	=	1.0000
http://marvelcinematicuniverse.wikia.com/wiki/Special:FilePath/Mangog-TGT.jpg?width=300	http://marvel.wikia.com/wiki/Special:FilePath/Mangog-TGT.jpg?width=300	=	1.0000
http://dbkwik.webdatacommons.org/marvelcinematicuniverse.wikia.com/resource/Staff_of_One	http://dbkwik.webdatacommons.org/marvel.wikia.com/resource/Staff_of_One	=	1.0000
http://dbkwik.webdatacommons.org/marvelcinematicuniverse.wikia.com/resource/Book_of_Cagliostro/Gallery	http://dbkwik.webdatacommons.org/marvel.wikia.com/resource/Book_of_Cagliostro/Gallery	=	1.0000
http://dbkwik.webdatacommons.org/marvelcinematicuniverse.wikia.com/resource/Vincent_Misiano	http://dbkwik.webdatacommons.org/marvel.wikia.com/resource/Vincent_Misiano	=	1.0000
http://dbkwik.webdatacommons.org/marvelcinematicuniverse.wikia.com/resource/Frost_Giants/Gallery	http://dbkwik.webdatacommons.org/marvel.wikia.com/resource/Frost_Giants/Gallery	=	1.0000
http://dbkwik.webdatacommons.org/marvelcinematicuniverse.wikia.com/resource/Inhumans	http://dbkwik.webdatacommons.org/marvel.wikia.com/resource/Inhumans	=	1.0000
http://dbkwik.webdatacommons.org/marvelcinematicuniverse.wikia.com/resource/Deborah_Chow	http://dbkwik.webdatacommons.org/marvel.wikia.com/resource/Deborah_Chow	=	1.0000
http://dbkwik.webdatacommons.org/marvelcinematicuniverse.wikia.com/resource/Nathan_Louis_Jackson	http://dbkwik.webdatacommons.org/marvel.wikia.com/resource/Nathan_Louis_Jackson	=	1.0000
http://dbkwik.webdatacommons.org/marvelcinematicuniverse.wikia.com/resource/Alaska	http://dbkwik.webdatacommons.org/marvel.wikia.com/resource/Alaska	=	1.0000
http://dbkwik.webdatacommons.org/marvelcinematicuniverse.wikia.com/resource/Kitang	http://dbkwik.webdatacommons.org/marvel.wikia.com/resource/Kitang	=	1.0000
http://dbkwik.webdatacommons.org/marvelcinematicuniverse.wikia.com/resource/Cauldron_of_the_Cosmos	http://dbkwik.webdatacommons.org/marvel.wikia.com/resource/Cauldron_of_the_Cosmos	=	1.0000
http://dbkwik.webdatacommons.org/marvelcinematicuniverse.wikia.com/resource/Jon_Favreau	http://dbkwik.webdatacommons.org/marvel.wikia.com/resource/Jon_Favreau	=	1.0000
http://dbkwik.webdatacommons.org/marvelcinematicuniverse.wikia.com/resource/Kalinda_Vazquez	http://dbkwik.webdatacommons.org/marvel.wikia.com/resource/Kalinda_Vazquez	=	1.0000
http://dbkwik.webdatacommons.org/marvelcinematicuniverse.wikia.com/resource/Nornheim	http://dbkwik.webdatacommons.org/marvel.wikia.com/resource/Nornheim	=	1.0000
http://dbkwik.webdatacommons.org/marvelcinematicuniverse.wikia.com/resource/Chikara_Dojo	http://dbkwik.webdatacommons.org/marvel.wikia.com/resource/Chikara_Dojo	=	1.0000
http://dbkwik.webdatacommons.org/marvelcinematicuniverse.wikia.com/resource/Cosmo	http://dbkwik.webdatacommons.org/marvel.wikia.com/resource/Cosmo	=	1.0000
http://dbkwik.webdatacommons.org/marvelcinematicuniverse.wikia.com/resource/Yaka	http://dbkwik.webdatacommons.org/marvel.wikia.com/resource/Yaka	=	1.0000
http://dbkwik.webdatacommons.org/marvelcinematicuniverse.wikia.com/resource/Marvel_One-Shot:_The_Consultant	http://dbkwik.webdatacommons.org/marvel.wikia.com/resource/Marvel_One-Shot:_The_Consultant	=	1.0000
http://dbkwik.webdatacommons.org/marvelcinematicuniverse.wikia.com/resource/Thor:_God_of_Thunder	http://dbkwik.webdatacommons.org/marvel.wikia.com/resource/Thor:_God_of_Thunder	=	1.0000
http://dbkwik.webdatacommons.org/marvelcinematicuniverse.wikia.com/resource/Tony_Stark%27s_New_Element	http://dbkwik.webdatacommons.org/marvel.wikia.com/resource/Tony_Stark%27s_New_Element	=	1.0000
http://dbkwik.webdatacommons.org/marvelcinematicuniverse.wikia.com/resource/Eric_Pearson	http://dbkwik.webdatacommons.org/marvel.wikia.com/resource/Eric_Pearson	=	1.0000
http://dbkwik.webdatacommons.org/marvelcinematicuniverse.wikia.com/resource/Thor:_The_Dark_World	http://dbkwik.webdatacommons.org/marvel.wikia.com/resource/Thor:_The_Dark_World	=	1.0000
http://dbkwik.webdatacommons.org/marvelcinematicuniverse.wikia.com/resource/New_Avengers_Facility	http://dbkwik.webdatacommons.org/marvel.wikia.com/resource/New_Avengers_Facility	=	1.0000
http://dbkwik.webdatacommons.org/marvelcinematicuniverse.wikia.com/resource/Norco	http://dbkwik.webdatacommons.org/marvel.wikia.com/resource/Norco	=	1.0000
http://dbkwik.webdatacommons.org/marvelcinematicuniverse.wikia.com/resource/Guyana	http://dbkwik.webdatacommons.org/marvel.wikia.com/resource/Guyana	=	1.0000
http://dbkwik.webdatacommons.org/marvelcinematicuniverse.wikia.com/resource/Manchester	http://dbkwik.webdatacommons.org/marvel.wikia.com/resource/Manchester	=	1.0000
http://marvelcinematicuniverse.wikia.com/wiki/Special:FilePath/Stephen_Williams.jpg	http://marvel.wikia.com/wiki/Special:FilePath/Stephen_Williams.jpg	=	1.0000
http://dbkwik.webdatacommons.org/marvelcinematicuniverse.wikia.com/resource/Jack_Rollins	http://dbkwik.webdatacommons.org/marvel.wikia.com/resource/Jack_Rollins	=	1.0000
http://dbkwik.webdatacommons.org/marvelcinematicuniverse.wikia.com/resource/Stacey_Yorkes	http://dbkwik.webdatacommons.org/marvel.wikia.com/resource/Stacey_Yorkes	=	1.0000
http://dbkwik.webdatacommons.org/marvelcinematicuniverse.wikia.com/resource/Colombia	http://dbkwik.webdatacommons.org/marvel.wikia.com/resource/Colombia	=	1.0000
http://dbkwik.webdatacommons.org/marvelcinematicuniverse.wikia.com/resource/Jason_Rodriguez	http://dbkwik.webdatacommons.org/marvel.wikia.com/resource/Jason_Rodriguez	=	1.0000
http://dbkwik.webdatacommons.org/marvelcinematicuniverse.wikia.com/resource/Category:Xandarians	http://dbkwik.webdatacommons.org/marvel.wikia.com/resource/Category:Xandarians	=	1.0000
http://dbkwik.webdatacommons.org/marvelcinematicuniverse.wikia.com/resource/Augusta	http://dbkwik.webdatacommons.org/marvel.wikia.com/resource/Augusta	=	1.0000
http://dbkwik.webdatacommons.org/marvelcinematicuniverse.wikia.com/resource/Indiana	http://dbkwik.webdatacommons.org/marvel.wikia.com/resource/Indiana	=	1.0000
http://marvelcinematicuniverse.wikia.com/wiki/Special:FilePath/Anna_Foerster.jpg?width=300	http://marvel.wikia.com/wiki/Special:FilePath/Anna_Foerster.jpg?width=300	=	1.0000
http://dbkwik.webdatacommons.org/marvelcinematicuniverse.wikia.com/resource/Schutzstaffel	http://dbkwik.webdatacommons.org/marvel.wikia.com/resource/Schutzstaffel	=	1.0000
http://dbkwik.webdatacommons.org/marvelcinematicuniverse.wikia.com/resource/Whit_Anderson	http://dbkwik.webdatacommons.org/marvel.wikia.com/resource/Whit_Anderson	=	1.0000
http://dbkwik.webdatacommons.org/marvelcinematicuniverse.wikia.com/resource/Wand_of_Watoomb	http://dbkwik.webdatacommons.org/marvel.wikia.com/resource/Wand_of_Watoomb	=	1.0000
http://marvelcinematicuniverse.wikia.com/wiki/Special:FilePath/Scott_Hanna.jpg	http://marvel.wikia.com/wiki/Special:FilePath/Scott_Hanna.jpg	=	1.0000
http://dbkwik.webdatacommons.org/marvelcinematicuniverse.wikia.com/resource/Lylla	http://dbkwik.webdatacommons.org/marvel.wikia.com/resource/Lylla	=	1.0000
http://marvelcinematicuniverse.wikia.com/wiki/Special:FilePath/Aida_Mashaka_Croal.jpg?width=300	http://marvel.wikia.com/wiki/Special:FilePath/Aida_Mashaka_Croal.jpg?width=300	=	1.0000
http://dbkwik.webdatacommons.org/marvelcinematicuniverse.wikia.com/resource/Will_Simpson	http://dbkwik.webdatacommons.org/marvel.wikia.com/resource/Will_Simpson	=	1.0000
http://marvelcinematicuniverse.wikia.com/wiki/Special:FilePath/Fred_Van_Lente.jpg	http://marvel.wikia.com/wiki/Special:FilePath/Fred_Van_Lente.jpg	=	1.0000
http://dbkwik.webdatacommons.org/marvelcinematicuniverse.wikia.com/resource/David_de_Vries	http://dbkwik.webdatacommons.org/marvel.wikia.com/resource/David_DeVries	=	1.0000
http://dbkwik.webdatacommons.org/marvelcinematicuniverse.wikia.com/resource/Soulworld	http://dbkwik.webdatacommons.org/marvel.wikia.com/resource/Soulworld	=	1.0000
http://dbkwik.webdatacommons.org/marvelcinematicuniverse.wikia.com/resource/San_Jose	http://dbkwik.webdatacommons.org/marvel.wikia.com/resource/San_Jose	=	1.0000
http://dbkwik.webdatacommons.org/marvelcinematicuniverse.wikia.com/resource/Cagliostro	http://dbkwik.webdatacommons.org/marvel.wikia.com/resource/Cagliostro	=	1.0000
http://dbkwik.webdatacommons.org/marvelcinematicuniverse.wikia.com/resource/Don_Payne	http://dbkwik.webdatacommons.org/marvel.wikia.com/resource/Don_Payne	=	1.0000
http://dbkwik.webdatacommons.org/marvelcinematicuniverse.wikia.com/resource/Brad_Turner	http://dbkwik.webdatacommons.org/marvel.wikia.com/resource/Brad_Turner	=	1.0000
http://dbkwik.webdatacommons.org/marvelcinematicuniverse.wikia.com/resource/Wai-Go_Industries	http://dbkwik.webdatacommons.org/marvel.wikia.com/resource/Wai-Go_Industries	=	1.0000
http://dbkwik.webdatacommons.org/marvelcinematicuniverse.wikia.com/resource/Jeffrey_W._Byrd	http://dbkwik.webdatacommons.org/marvel.wikia.com/resource/Jeffrey_W._Byrd	=	1.0000
http://dbkwik.webdatacommons.org/marvelcinematicuniverse.wikia.com/resource/John_Anderson	http://dbkwik.webdatacommons.org/marvel.wikia.com/resource/John_Anderson	=	1.0000
http://marvelcinematicuniverse.wikia.com/wiki/Special:FilePath/Flag_of_Poland.png?width=300	http://marvel.wikia.com/wiki/Special:FilePath/Flag_of_Poland.png?width=300	=	1.0000
http://dbkwik.webdatacommons.org/marvelcinematicuniverse.wikia.com/resource/Judas_Bullet	http://dbkwik.webdatacommons.org/marvel.wikia.com/resource/Judas_Bullet	=	1.0000
http://dbkwik.webdatacommons.org/marvelcinematicuniverse.wikia.com/resource/Punisher	http://dbkwik.webdatacommons.org/marvel.wikia.com/resource/Punisher	=	1.0000
http://dbkwik.webdatacommons.org/marvelcinematicuniverse.wikia.com/resource/Venice	http://dbkwik.webdatacommons.org/marvel.wikia.com/resource/Venice	=	1.0000
http://dbkwik.webdatacommons.org/marvelcinematicuniverse.wikia.com/resource/Rafe_Judkins	http://dbkwik.webdatacommons.org/marvel.wikia.com/resource/Rafe_Judkins	=	1.0000
http://dbkwik.webdatacommons.org/marvelcinematicuniverse.wikia.com/resource/John_Cassaday	http://dbkwik.webdatacommons.org/marvel.wikia.com/resource/John_Cassaday	=	1.0000
http://dbkwik.webdatacommons.org/marvelcinematicuniverse.wikia.com/resource/Patrick_Scherberger	http://dbkwik.webdatacommons.org/marvel.wikia.com/resource/Patrick_Scherberger	=	1.0000
http://marvelcinematicuniverse.wikia.com/wiki/Special:FilePath/Dawn_Kamoche.jpg?width=300	http://marvel.wikia.com/wiki/Special:FilePath/Dawn_Kamoche.jpg?width=300	=	1.0000
http://dbkwik.webdatacommons.org/marvelcinematicuniverse.wikia.com/resource/Cloak	http://dbkwik.webdatacommons.org/marvel.wikia.com/resource/Cloak	=	1.0000
http://dbkwik.webdatacommons.org/marvelcinematicuniverse.wikia.com/resource/Guest_House	http://dbkwik.webdatacommons.org/marvel.wikia.com/resource/Guest_House	=	1.0000
http://marvelcinematicuniverse.wikia.com/wiki/Special:FilePath/Textless_Civil_War_Poster.jpg	http://marvel.wikia.com/wiki/Special:FilePath/Textless_Civil_War_Poster.jpg	=	1.0000
http://dbkwik.webdatacommons.org/marvelcinematicuniverse.wikia.com/resource/Geneva_Robertson-Dworet	http://dbkwik.webdatacommons.org/marvel.wikia.com/resource/Geneva_Robertson-Dworet	=	1.0000
http://dbkwik.webdatacommons.org/marvelcinematicuniverse.wikia.com/resource/Kansas	http://dbkwik.webdatacommons.org/marvel.wikia.com/resource/Kansas	=	1.0000
http://marvelcinematicuniverse.wikia.com/wiki/Special:FilePath/Marvel%27s_Agents_of_S.H.I.E.L.D._Season_3_4_poster.jpg?width=300	http://marvel.wikia.com/wiki/Special:FilePath/Marvel%27s_Agents_of_S.H.I.E.L.D._Season_3_4_poster.jpg?width=300	=	1.0000
http://dbkwik.webdatacommons.org/marvelcinematicuniverse.wikia.com/resource/Edwards_Air_Force_Base	http://dbkwik.webdatacommons.org/marvel.wikia.com/resource/Edwards_Air_Force_Base	=	1.0000
http://dbkwik.webdatacommons.org/marvelcinematicuniverse.wikia.com/resource/Nigeria	http://dbkwik.webdatacommons.org/marvel.wikia.com/resource/Nigeria	=	1.0000
http://dbkwik.webdatacommons.org/marvelcinematicuniverse.wikia.com/resource/Gabe_Reyes	http://dbkwik.webdatacommons.org/marvel.wikia.com/resource/Gabe_Reyes	=	1.0000
http://dbkwik.webdatacommons.org/marvelcinematicuniverse.wikia.com/resource/Blizzard	http://dbkwik.webdatacommons.org/marvel.wikia.com/resource/Blizzard	=	1.0000
http://dbkwik.webdatacommons.org/marvelcinematicuniverse.wikia.com/resource/Miami	http://dbkwik.webdatacommons.org/marvel.wikia.com/resource/Miami	=	1.0000
http://dbkwik.webdatacommons.org/marvelcinematicuniverse.wikia.com/resource/Aura	http://dbkwik.webdatacommons.org/marvel.wikia.com/resource/Aura	=	1.0000
http://dbkwik.webdatacommons.org/marvelcinematicuniverse.wikia.com/resource/Andres_Mossa	http://dbkwik.webdatacommons.org/marvel.wikia.com/resource/Andres_Mossa	=	1.0000
http://dbkwik.webdatacommons.org/marvelcinematicuniverse.wikia.com/resource/Muncie	http://dbkwik.webdatacommons.org/marvel.wikia.com/resource/Muncie	=	1.0000
http://dbkwik.webdatacommons.org/marvelcinematicuniverse.wikia.com/resource/Silver	http://dbkwik.webdatacommons.org/marvel.wikia.com/resource/Silver	=	1.0000
http://dbkwik.webdatacommons.org/marvelcinematicuniverse.wikia.com/resource/Alabama	http://dbkwik.webdatacommons.org/marvel.wikia.com/resource/Alabama	=	1.0000
http://dbkwik.webdatacommons.org/marvelcinematicuniverse.wikia.com/resource/Cambridge	http://dbkwik.webdatacommons.org/marvel.wikia.com/resource/Cambridge	=	1.0000
http://marvelcinematicuniverse.wikia.com/wiki/Special:FilePath/Flag_of_Norway.png	http://marvel.wikia.com/wiki/Special:FilePath/Flag_of_Norway.png	=	1.0000
http://dbkwik.webdatacommons.org/marvelcinematicuniverse.wikia.com/resource/Council_of_Nine	http://dbkwik.webdatacommons.org/marvel.wikia.com/resource/Council_of_Nine	=	1.0000
http://marvelcinematicuniverse.wikia.com/wiki/Special:FilePath/Wardhydra.jpg	http://marvel.wikia.com/wiki/Special:FilePath/Wardhydra.jpg	=	1.0000
http://dbkwik.webdatacommons.org/marvelcinematicuniverse.wikia.com/resource/Veronica_Gandini	http://dbkwik.webdatacommons.org/marvel.wikia.com/resource/Veronica_Gandini	=	1.0000
http://marvelcinematicuniverse.wikia.com/wiki/Special:FilePath/Flag_of_Scotland.png?width=300	http://marvel.wikia.com/wiki/Special:FilePath/Flag_of_Scotland.png?width=300	=	1.0000
http://dbkwik.webdatacommons.org/marvelcinematicuniverse.wikia.com/resource/Jack_McGee	http://dbkwik.webdatacommons.org/marvel.wikia.com/resource/Jack_McGee	=	1.0000
http://dbkwik.webdatacommons.org/marvelcinematicuniverse.wikia.com/resource/Andy_Troy	http://dbkwik.webdatacommons.org/marvel.wikia.com/resource/Andy_Troy	=	1.0000
http://marvelcinematicuniverse.wikia.com/wiki/Special:FilePath/Chris_Allen.jpg	http://marvel.wikia.com/wiki/Special:FilePath/Chris_Allen.jpg	=	1.0000
http://dbkwik.webdatacommons.org/marvelcinematicuniverse.wikia.com/resource/Category:Artificial_Intelligence	http://dbkwik.webdatacommons.org/marvel.wikia.com/resource/Category:Artificial_intelligence	=	1.0000
http://dbkwik.webdatacommons.org/marvelcinematicuniverse.wikia.com/resource/North_Dakota	http://dbkwik.webdatacommons.org/marvel.wikia.com/resource/North_Dakota	=	1.0000
http://dbkwik.webdatacommons.org/marvelcinematicuniverse.wikia.com/resource/Iron_Spider_Armor/Gallery	http://dbkwik.webdatacommons.org/marvel.wikia.com/resource/Iron_Spider_Armor/Gallery	=	1.0000
http://dbkwik.webdatacommons.org/marvelcinematicuniverse.wikia.com/resource/Australia	http://dbkwik.webdatacommons.org/marvel.wikia.com/resource/Australia	=	1.0000
http://dbkwik.webdatacommons.org/marvelcinematicuniverse.wikia.com/resource/Yaka_Arrow_Controller	http://dbkwik.webdatacommons.org/marvel.wikia.com/resource/Yaka_Arrow_Controller	=	1.0000
http://dbkwik.webdatacommons.org/marvelcinematicuniverse.wikia.com/resource/Piper	http://dbkwik.webdatacommons.org/marvel.wikia.com/resource/Piper	=	1.0000
http://marvelcinematicuniverse.wikia.com/wiki/Special:FilePath/Jeffrey_Ford.jpg?width=300	http://marvel.wikia.com/wiki/Special:FilePath/Jeffrey_Ford.jpg?width=300	=	1.0000
http://dbkwik.webdatacommons.org/marvelcinematicuniverse.wikia.com/resource/World_War_II	http://dbkwik.webdatacommons.org/marvel.wikia.com/resource/World_War_II	=	1.0000
http://dbkwik.webdatacommons.org/marvelcinematicuniverse.wikia.com/resource/Leet_Brannis	http://dbkwik.webdatacommons.org/marvel.wikia.com/resource/Leet_Brannis	=	1.0000
http://marvelcinematicuniverse.wikia.com/wiki/Special:FilePath/FreezingDevice.jpg	http://marvel.wikia.com/wiki/Special:FilePath/FreezingDevice.jpg	=	1.0000
http://dbkwik.webdatacommons.org/marvelcinematicuniverse.wikia.com/resource/Agents_of_S.H.I.E.L.D.	http://dbkwik.webdatacommons.org/marvel.wikia.com/resource/Agents_of_S.H.I.E.L.D.	=	1.0000
http://dbkwik.webdatacommons.org/marvelcinematicuniverse.wikia.com/resource/Iron_Man_Gauntlet/Gallery	http://dbkwik.webdatacommons.org/marvel.wikia.com/resource/Iron_Man_Gauntlet/Gallery	=	1.0000
http://dbkwik.webdatacommons.org/marvelcinematicuniverse.wikia.com/resource/Stephen_Surjik	http://dbkwik.webdatacommons.org/marvel.wikia.com/resource/Stephen_Surjik	=	1.0000
http://marvelcinematicuniverse.wikia.com/wiki/Special:FilePath/Dearbhla_Walsh.jpg	http://marvel.wikia.com/wiki/Special:FilePath/Dearbhla_Walsh.jpg	=	1.0000
http://dbkwik.webdatacommons.org/marvelcinematicuniverse.wikia.com/resource/Rick_Stoner	http://dbkwik.webdatacommons.org/marvel.wikia.com/resource/Rick_Stoner	=	1.0000
http://marvelcinematicuniverse.wikia.com/wiki/Special:FilePath/Nina_Lopez-Corrado.jpg?width=300	http://marvel.wikia.com/wiki/Special:FilePath/Nina_Lopez-Corrado.jpg?width=300	=	1.0000
http://dbkwik.webdatacommons.org/marvelcinematicuniverse.wikia.com/resource/Stephen_Cragg	http://dbkwik.webdatacommons.org/marvel.wikia.com/resource/Stephen_Cragg	=	1.0000
http://marvelcinematicuniverse.wikia.com/wiki/Special:FilePath/Flag_of_North_Korea.png	http://marvel.wikia.com/wiki/Special:FilePath/Flag_of_North_Korea.png	=	1.0000
http://dbkwik.webdatacommons.org/marvelcinematicuniverse.wikia.com/resource/Kronans/Gallery	http://dbkwik.webdatacommons.org/marvel.wikia.com/resource/Kronans/Gallery	=	1.0000
http://dbkwik.webdatacommons.org/marvelcinematicuniverse.wikia.com/resource/Tønsberg	http://dbkwik.webdatacommons.org/marvel.wikia.com/resource/Tønsberg	=	1.0000
http://dbkwik.webdatacommons.org/marvelcinematicuniverse.wikia.com/resource/Black_Widow	http://dbkwik.webdatacommons.org/marvel.wikia.com/resource/Black_Widow	=	1.0000
http://dbkwik.webdatacommons.org/marvelcinematicuniverse.wikia.com/resource/Raza	http://dbkwik.webdatacommons.org/marvel.wikia.com/resource/Raza	=	1.0000
http://dbkwik.webdatacommons.org/marvelcinematicuniverse.wikia.com/resource/Félix_Enríquez_Alcalá	http://dbkwik.webdatacommons.org/marvel.wikia.com/resource/Félix_Enríquez_Alcalá	=	1.0000
http://dbkwik.webdatacommons.org/marvelcinematicuniverse.wikia.com/resource/Bobby_Roth	http://dbkwik.webdatacommons.org/marvel.wikia.com/resource/Bobby_Roth	=	1.0000
http://marvelcinematicuniverse.wikia.com/wiki/Special:FilePath/Flag_of_Belgium.png?width=300	http://marvel.wikia.com/wiki/Special:FilePath/Flag_of_Belgium.png?width=300	=	1.0000
http://marvelcinematicuniverse.wikia.com/wiki/Special:FilePath/Geoff_Zorick.png	http://marvel.wikia.com/wiki/Special:FilePath/Geoff_Zorick.png	=	1.0000
http://dbkwik.webdatacommons.org/marvelcinematicuniverse.wikia.com/resource/Dark_Dimension/Gallery	http://dbkwik.webdatacommons.org/marvel.wikia.com/resource/Dark_Dimension/Gallery	=	1.0000
http://marvelcinematicuniverse.wikia.com/wiki/Special:FilePath/Dottie.jpg?width=300	http://marvel.wikia.com/wiki/Special:FilePath/;_Dottie.jpg?width=300	=	1.0000
http://dbkwik.webdatacommons.org/marvelcinematicuniverse.wikia.com/resource/Bor	http://dbkwik.webdatacommons.org/marvel.wikia.com/resource/Bor	=	1.0000
http://dbkwik.webdatacommons.org/marvelcinematicuniverse.wikia.com/resource/Vasily_Karpov	http://dbkwik.webdatacommons.org/marvel.wikia.com/resource/Vasily_Karpov	=	1.0000
http://marvelcinematicuniverse.wikia.com/wiki/Special:FilePath/Raelle_Tucker.jpg?width=300	http://marvel.wikia.com/wiki/Special:FilePath/Raelle_Tucker.jpg?width=300	=	1.0000
http://marvelcinematicuniverse.wikia.com/wiki/Special:FilePath/Andy_Goddard.jpg?width=300	http://marvel.wikia.com/wiki/Special:FilePath/Andy_Goddard.jpg?width=300	=	1.0000
http://marvelcinematicuniverse.wikia.com/wiki/Special:FilePath/Geneva_Robertson-Dworet.jpg	http://marvel.wikia.com/wiki/Special:FilePath/Geneva_Robertson-Dworet.jpg	=	1.0000
http://dbkwik.webdatacommons.org/marvelcinematicuniverse.wikia.com/resource/Spud	http://dbkwik.webdatacommons.org/marvel.wikia.com/resource/Spud	=	1.0000
http://marvelcinematicuniverse.wikia.com/wiki/Special:FilePath/Tom_Shankland.jpg	http://marvel.wikia.com/wiki/Special:FilePath/Tom_Shankland.jpg	=	1.0000
http://dbkwik.webdatacommons.org/marvelcinematicuniverse.wikia.com/resource/Category:Guardians_of_the_Galaxy_Vol._2	http://dbkwik.webdatacommons.org/marvel.wikia.com/resource/Category:Guardians_of_the_Galaxy_Vol_2	=	1.0000
http://dbkwik.webdatacommons.org/marvelcinematicuniverse.wikia.com/resource/Penelope_Page	http://dbkwik.webdatacommons.org/marvel.wikia.com/resource/Penelope_Page	=	1.0000
http://dbkwik.webdatacommons.org/marvelcinematicuniverse.wikia.com/resource/Terrigen_Crystals/Gallery	http://dbkwik.webdatacommons.org/marvel.wikia.com/resource/Terrigen_Crystals/Gallery	=	1.0000
http://marvelcinematicuniverse.wikia.com/wiki/Special:FilePath/Screenshot_(8).png	http://marvel.wikia.com/wiki/Special:FilePath/Screenshot_8.png	=	1.0000
http://dbkwik.webdatacommons.org/marvelcinematicuniverse.wikia.com/resource/Cayman_Islands	http://dbkwik.webdatacommons.org/marvel.wikia.com/resource/Cayman_Islands	=	1.0000
http://dbkwik.webdatacommons.org/marvelcinematicuniverse.wikia.com/resource/Vancouver	http://dbkwik.webdatacommons.org/marvel.wikia.com/resource/Vancouver	=	1.0000
http://marvelcinematicuniverse.wikia.com/wiki/Special:FilePath/Christopher_Markus.jpg	http://marvel.wikia.com/wiki/Special:FilePath/Christopher_Markus.jpg	=	1.0000
http://dbkwik.webdatacommons.org/marvelcinematicuniverse.wikia.com/resource/Category:Scientists	http://dbkwik.webdatacommons.org/marvel.wikia.com/resource/Category:Scientists	=	1.0000
http://dbkwik.webdatacommons.org/marvelcinematicuniverse.wikia.com/resource/Web-Shooters	http://dbkwik.webdatacommons.org/marvel.wikia.com/resource/Web-Shooters	=	1.0000
http://dbkwik.webdatacommons.org/marvelcinematicuniverse.wikia.com/resource/Quebec	http://dbkwik.webdatacommons.org/marvel.wikia.com/resource/Quebec	=	1.0000
http://dbkwik.webdatacommons.org/marvelcinematicuniverse.wikia.com/resource/Captain_Marvel	http://dbkwik.webdatacommons.org/marvel.wikia.com/resource/Captain_Marvel	=	1.0000
http://dbkwik.webdatacommons.org/marvelcinematicuniverse.wikia.com/resource/Saint_Bénézet_Retirement_Care	http://dbkwik.webdatacommons.org/marvel.wikia.com/resource/Saint_Bénézet_Retirement_Care	=	1.0000
http://dbkwik.webdatacommons.org/marvelcinematicuniverse.wikia.com/resource/Guardians_of_the_Galaxy	http://dbkwik.webdatacommons.org/marvel.wikia.com/resource/Guardians_of_the_Galaxy	=	1.0000
http://dbkwik.webdatacommons.org/marvelcinematicuniverse.wikia.com/resource/Tennessee	http://dbkwik.webdatacommons.org/marvel.wikia.com/resource/Tennessee	=	1.0000
http://dbkwik.webdatacommons.org/marvelcinematicuniverse.wikia.com/resource/Leo_Fitz	http://dbkwik.webdatacommons.org/marvel.wikia.com/resource/Leo_Fitz	=	1.0000
http://dbkwik.webdatacommons.org/marvelcinematicuniverse.wikia.com/resource/Ellen_Brandt	http://dbkwik.webdatacommons.org/marvel.wikia.com/resource/Ellen_Brandt	=	1.0000
http://dbkwik.webdatacommons.org/marvelcinematicuniverse.wikia.com/resource/Abner_Croit	http://dbkwik.webdatacommons.org/marvel.wikia.com/resource/Abner_Croit	=	1.0000
http://dbkwik.webdatacommons.org/marvelcinematicuniverse.wikia.com/resource/Madame_Gao	http://dbkwik.webdatacommons.org/marvel.wikia.com/resource/Madame_Gao	=	1.0000
http://dbkwik.webdatacommons.org/marvelcinematicuniverse.wikia.com/resource/Stephanie_Savage	http://dbkwik.webdatacommons.org/marvel.wikia.com/resource/Stephanie_Savage	=	1.0000
http://dbkwik.webdatacommons.org/marvelcinematicuniverse.wikia.com/resource/Xandar/Gallery	http://dbkwik.webdatacommons.org/marvel.wikia.com/resource/Xandar/Gallery	=	1.0000
http://dbkwik.webdatacommons.org/marvelcinematicuniverse.wikia.com/resource/War_Machine	http://dbkwik.webdatacommons.org/marvel.wikia.com/resource/War_Machine	=	1.0000
http://marvelcinematicuniverse.wikia.com/wiki/Special:FilePath/Tom_Kenny.jpg?width=300	http://marvel.wikia.com/wiki/Special:FilePath/Tom_Kenny.jpg?width=300	=	1.0000
http://dbkwik.webdatacommons.org/marvelcinematicuniverse.wikia.com/resource/Tibet	http://dbkwik.webdatacommons.org/marvel.wikia.com/resource/Tibet	=	1.0000
http://dbkwik.webdatacommons.org/marvelcinematicuniverse.wikia.com/resource/Category:Candidates_for_deletion	http://dbkwik.webdatacommons.org/marvel.wikia.com/resource/Category:Candidates_for_deletion	=	1.0000
http://marvelcinematicuniverse.wikia.com/wiki/Special:FilePath/Flag_of_Nicaragua.png	http://marvel.wikia.com/wiki/Special:FilePath/Flag_of_Nicaragua.png	=	1.0000
http://dbkwik.webdatacommons.org/marvelcinematicuniverse.wikia.com/resource/Gramosians	http://dbkwik.webdatacommons.org/marvel.wikia.com/resource/Gramosians	=	1.0000
http://marvelcinematicuniverse.wikia.com/wiki/Special:FilePath/Flag_of_France.png?width=300	http://marvel.wikia.com/wiki/Special:FilePath/Flag_of_France.png?width=300	=	1.0000
http://marvelcinematicuniverse.wikia.com/wiki/Special:FilePath/Screenshot_2.png	http://marvel.wikia.com/wiki/Special:FilePath/Screenshot_2.png	=	1.0000
http://dbkwik.webdatacommons.org/marvelcinematicuniverse.wikia.com/resource/Haiti	http://dbkwik.webdatacommons.org/marvel.wikia.com/resource/Haiti	=	1.0000
http://dbkwik.webdatacommons.org/marvelcinematicuniverse.wikia.com/resource/Category:Space_Stations	http://dbkwik.webdatacommons.org/marvel.wikia.com/resource/Category:Space_Stations	=	1.0000
http://dbkwik.webdatacommons.org/marvelcinematicuniverse.wikia.com/resource/Ken_Girotti	http://dbkwik.webdatacommons.org/marvel.wikia.com/resource/Ken_Girotti	=	1.0000
http://dbkwik.webdatacommons.org/marvelcinematicuniverse.wikia.com/resource/Eli_Morrow	http://dbkwik.webdatacommons.org/marvel.wikia.com/resource/Eli_Morrow	=	1.0000
http://marvelcinematicuniverse.wikia.com/wiki/Special:FilePath/Heimdall.jpg?width=300	http://marvel.wikia.com/wiki/Special:FilePath/;_Heimdall.jpg?width=300	=	1.0000
http://dbkwik.webdatacommons.org/marvelcinematicuniverse.wikia.com/resource/Category:Serpent_Society_Members	http://dbkwik.webdatacommons.org/marvel.wikia.com/resource/Category:Serpent_Society_members	=	1.0000
http://dbkwik.webdatacommons.org/marvelcinematicuniverse.wikia.com/resource/Fred_Van_Lente	http://dbkwik.webdatacommons.org/marvel.wikia.com/resource/Fred_Van_Lente	=	1.0000
http://dbkwik.webdatacommons.org/marvelcinematicuniverse.wikia.com/resource/Deathlok	http://dbkwik.webdatacommons.org/marvel.wikia.com/resource/Deathlok	=	1.0000
http://dbkwik.webdatacommons.org/marvelcinematicuniverse.wikia.com/resource/Scott_Hanna	http://dbkwik.webdatacommons.org/marvel.wikia.com/resource/Scott_Hanna	=	1.0000
http://dbkwik.webdatacommons.org/marvelcinematicuniverse.wikia.com/resource/New_York_City_Hall	http://dbkwik.webdatacommons.org/marvel.wikia.com/resource/New_York_City_Hall	=	1.0000
http://marvelcinematicuniverse.wikia.com/wiki/Special:FilePath/James_Brown.jpg	http://marvel.wikia.com/wiki/Special:FilePath/James_Brown.jpg	=	1.0000
http://dbkwik.webdatacommons.org/marvelcinematicuniverse.wikia.com/resource/Max	http://dbkwik.webdatacommons.org/marvel.wikia.com/resource/Max	=	1.0000
http://marvelcinematicuniverse.wikia.com/wiki/Special:FilePath/Minkie_Spiro.jpg?width=300	http://marvel.wikia.com/wiki/Special:FilePath/Minkie_Spiro.jpg?width=300	=	1.0000
http://dbkwik.webdatacommons.org/marvelcinematicuniverse.wikia.com/resource/Lima	http://dbkwik.webdatacommons.org/marvel.wikia.com/resource/Lima	=	1.0000
http://dbkwik.webdatacommons.org/marvelcinematicuniverse.wikia.com/resource/Edward_Norton	http://dbkwik.webdatacommons.org/marvel.wikia.com/resource/Edward_Norton	=	1.0000
http://marvelcinematicuniverse.wikia.com/wiki/Special:FilePath/Salli_Richardson-Whitfield.jpg?width=300	http://marvel.wikia.com/wiki/Special:FilePath/Salli_Richardson-Whitfield.jpg?width=300	=	1.0000
http://marvelcinematicuniverse.wikia.com/wiki/Special:FilePath/Pearl_Harbor.png	http://marvel.wikia.com/wiki/Special:FilePath/Pearl_Harbor.png	=	1.0000
http://dbkwik.webdatacommons.org/marvelcinematicuniverse.wikia.com/resource/Grayburn_College	http://dbkwik.webdatacommons.org/marvel.wikia.com/resource/Grayburn_College	=	1.0000
http://dbkwik.webdatacommons.org/marvelcinematicuniverse.wikia.com/resource/Ryan_Coogler	http://dbkwik.webdatacommons.org/marvel.wikia.com/resource/Ryan_Coogler	=	1.0000
http://dbkwik.webdatacommons.org/marvelcinematicuniverse.wikia.com/resource/Hilliard_Zemo	http://dbkwik.webdatacommons.org/marvel.wikia.com/resource/Hilliard_Zemo	=	1.0000
http://marvelcinematicuniverse.wikia.com/wiki/Special:FilePath/Ulik-TGT.jpg?width=300	http://marvel.wikia.com/wiki/Special:FilePath/ulik-TGT.jpg?width=300	=	1.0000
http://dbkwik.webdatacommons.org/marvelcinematicuniverse.wikia.com/resource/Cradle	http://dbkwik.webdatacommons.org/marvel.wikia.com/resource/Cradle	=	1.0000
http://dbkwik.webdatacommons.org/marvelcinematicuniverse.wikia.com/resource/Michael_Duffy	http://dbkwik.webdatacommons.org/marvel.wikia.com/resource/Michael_Duffy	=	1.0000
http://dbkwik.webdatacommons.org/marvelcinematicuniverse.wikia.com/resource/Salvador_Larroca	http://dbkwik.webdatacommons.org/marvel.wikia.com/resource/Salvador_Larroca	=	1.0000
http://marvelcinematicuniverse.wikia.com/wiki/Special:FilePath/Captain_America_Civil_War_Logo.png?width=300	http://marvel.wikia.com/wiki/Special:FilePath/Captain_America_Civil_War_Logo.png?width=300	=	1.0000
http://dbkwik.webdatacommons.org/marvelcinematicuniverse.wikia.com/resource/Malta	http://dbkwik.webdatacommons.org/marvel.wikia.com/resource/Malta	=	1.0000
http://dbkwik.webdatacommons.org/marvelcinematicuniverse.wikia.com/resource/Rio_de_Janeiro	http://dbkwik.webdatacommons.org/marvel.wikia.com/resource/Rio_de_Janeiro	=	1.0000
http://marvelcinematicuniverse.wikia.com/wiki/Special:FilePath/Marvel%27s_The_Avengers_film_poster_022.jpg?width=300	http://marvel.wikia.com/wiki/Special:FilePath/Marvel%27s_The_Avengers_film_poster_022.jpg?width=300	=	1.0000
http://marvelcinematicuniverse.wikia.com/wiki/Special:FilePath/Hilly_Hicks_Jr.jpg?width=300	http://marvel.wikia.com/wiki/Special:FilePath/Hilly_Hicks,_Jr..jpg?width=300	=	1.0000
http://dbkwik.webdatacommons.org/marvelcinematicuniverse.wikia.com/resource/Muspelheim/Gallery	http://dbkwik.webdatacommons.org/marvel.wikia.com/resource/Muspelheim/Gallery	=	1.0000
http://dbkwik.webdatacommons.org/marvelcinematicuniverse.wikia.com/resource/Moloka_Dar	http://dbkwik.webdatacommons.org/marvel.wikia.com/resource/Moloka_Dar	=	1.0000
http://marvelcinematicuniverse.wikia.com/wiki/Special:FilePath/Joe_Harnell.jpg	http://marvel.wikia.com/wiki/Special:FilePath/Joe_Harnell.jpg	=	1.0000
http://marvelcinematicuniverse.wikia.com/wiki/Special:FilePath/Stark_Expo_1964.jpg?width=300	http://marvel.wikia.com/wiki/Special:FilePath/Stark_Expo_1964.jpg?width=300	=	1.0000
http://marvelcinematicuniverse.wikia.com/wiki/Special:FilePath/Whit_Anderson.jpg?width=300	http://marvel.wikia.com/wiki/Special:FilePath/Whit_Anderson.jpg?width=300	=	1.0000
http://dbkwik.webdatacommons.org/marvelcinematicuniverse.wikia.com/resource/Bella_Coola	http://dbkwik.webdatacommons.org/marvel.wikia.com/resource/Bella_Coola	=	1.0000
http://marvelcinematicuniverse.wikia.com/wiki/Special:FilePath/Ian_Boothby.png?width=300	http://marvel.wikia.com/wiki/Special:FilePath/Ian_boothby.png?width=300	=	1.0000
http://dbkwik.webdatacommons.org/marvelcinematicuniverse.wikia.com/resource/Tehran	http://dbkwik.webdatacommons.org/marvel.wikia.com/resource/Tehran	=	1.0000
http://dbkwik.webdatacommons.org/marvelcinematicuniverse.wikia.com/resource/Category:Merchandise	http://dbkwik.webdatacommons.org/marvel.wikia.com/resource/Category:Merchandise	=	1.0000
http://marvelcinematicuniverse.wikia.com/wiki/Special:FilePath/Flag_of_Austria.png	http://marvel.wikia.com/wiki/Special:FilePath/Flag_of_Austria.png	=	1.0000
http://marvelcinematicuniverse.wikia.com/wiki/Special:FilePath/Flag_of_Italy.png?width=300	http://marvel.wikia.com/wiki/Special:FilePath/Flag_of_Italy.png?width=300	=	1.0000
http://dbkwik.webdatacommons.org/marvelcinematicuniverse.wikia.com/resource/Misty_Knight	http://dbkwik.webdatacommons.org/marvel.wikia.com/resource/Misty_Knight	=	1.0000
http://dbkwik.webdatacommons.org/marvelcinematicuniverse.wikia.com/resource/Netherlands	http://dbkwik.webdatacommons.org/marvel.wikia.com/resource/Netherlands	=	1.0000
http://dbkwik.webdatacommons.org/marvelcinematicuniverse.wikia.com/resource/Houston	http://dbkwik.webdatacommons.org/marvel.wikia.com/resource/Houston	=	1.0000
http://dbkwik.webdatacommons.org/marvelcinematicuniverse.wikia.com/resource/Bull	http://dbkwik.webdatacommons.org/marvel.wikia.com/resource/Bull	=	1.0000
http://dbkwik.webdatacommons.org/marvelcinematicuniverse.wikia.com/resource/Category:Users	http://dbkwik.webdatacommons.org/marvel.wikia.com/resource/Category:Users	=	1.0000
http://dbkwik.webdatacommons.org/marvelcinematicuniverse.wikia.com/resource/Texas	http://dbkwik.webdatacommons.org/marvel.wikia.com/resource/Texas	=	1.0000
http://dbkwik.webdatacommons.org/marvelcinematicuniverse.wikia.com/resource/Hogun	http://dbkwik.webdatacommons.org/marvel.wikia.com/resource/Hogun	=	1.0000
http://dbkwik.webdatacommons.org/marvelcinematicuniverse.wikia.com/resource/HYDRA_Pistol	http://dbkwik.webdatacommons.org/marvel.wikia.com/resource/Hydra_Pistol	=	1.0000
http://dbkwik.webdatacommons.org/marvelcinematicuniverse.wikia.com/resource/Superior	http://dbkwik.webdatacommons.org/marvel.wikia.com/resource/Superior	=	1.0000
http://dbkwik.webdatacommons.org/marvelcinematicuniverse.wikia.com/resource/Libya	http://dbkwik.webdatacommons.org/marvel.wikia.com/resource/Libya	=	1.0000
http://dbkwik.webdatacommons.org/marvelcinematicuniverse.wikia.com/resource/Ebony_Maw	http://dbkwik.webdatacommons.org/marvel.wikia.com/resource/Ebony_Maw	=	1.0000
http://marvelcinematicuniverse.wikia.com/wiki/Special:FilePath/Flag_of_Syria.png	http://marvel.wikia.com/wiki/Special:FilePath/Flag_of_Syria.png	=	1.0000
http://dbkwik.webdatacommons.org/marvelcinematicuniverse.wikia.com/resource/Category:Continents	http://dbkwik.webdatacommons.org/marvel.wikia.com/resource/Category:Continents	=	1.0000
http://dbkwik.webdatacommons.org/marvelcinematicuniverse.wikia.com/resource/Category:Forums	http://dbkwik.webdatacommons.org/marvel.wikia.com/resource/Category:Forums	=	1.0000
http://dbkwik.webdatacommons.org/marvelcinematicuniverse.wikia.com/resource/Meg_LeFauve	http://dbkwik.webdatacommons.org/marvel.wikia.com/resource/Meg_LeFauve	=	1.0000
http://marvelcinematicuniverse.wikia.com/wiki/Special:FilePath/Chris_McCoy.jpg?width=300	http://marvel.wikia.com/wiki/Special:FilePath/Chris_McCoy.jpg?width=300	=	1.0000
http://dbkwik.webdatacommons.org/marvelcinematicuniverse.wikia.com/resource/Scott_Reynolds	http://dbkwik.webdatacommons.org/marvel.wikia.com/resource/Scott_Reynolds	=	1.0000
http://dbkwik.webdatacommons.org/marvelcinematicuniverse.wikia.com/resource/Cortez	http://dbkwik.webdatacommons.org/marvel.wikia.com/resource/Cortez	=	1.0000
http://dbkwik.webdatacommons.org/marvelcinematicuniverse.wikia.com/resource/Light_Elves	http://dbkwik.webdatacommons.org/marvel.wikia.com/resource/Light_Elves	=	1.0000
http://dbkwik.webdatacommons.org/marvelcinematicuniverse.wikia.com/resource/Hank_Pym	http://dbkwik.webdatacommons.org/marvel.wikia.com/resource/Hank_Pym	=	1.0000
http://marvelcinematicuniverse.wikia.com/wiki/Special:FilePath/Real_Deathlok.png	http://marvel.wikia.com/wiki/Special:FilePath/Real_Deathlok.png	=	1.0000
http://dbkwik.webdatacommons.org/marvelcinematicuniverse.wikia.com/resource/Star-Lord	http://dbkwik.webdatacommons.org/marvel.wikia.com/resource/Star-Lord	=	1.0000
http://dbkwik.webdatacommons.org/marvelcinematicuniverse.wikia.com/resource/Connecticut	http://dbkwik.webdatacommons.org/marvel.wikia.com/resource/Connecticut	=	1.0000
http://dbkwik.webdatacommons.org/marvelcinematicuniverse.wikia.com/resource/Beetle	http://dbkwik.webdatacommons.org/marvel.wikia.com/resource/Beetle	=	1.0000
http://dbkwik.webdatacommons.org/marvelcinematicuniverse.wikia.com/resource/Professor	http://dbkwik.webdatacommons.org/marvel.wikia.com/resource/Professor	=	1.0000
http://dbkwik.webdatacommons.org/marvelcinematicuniverse.wikia.com/resource/Czechoslovakia	http://dbkwik.webdatacommons.org/marvel.wikia.com/resource/Czechoslovakia	=	1.0000
http://dbkwik.webdatacommons.org/marvelcinematicuniverse.wikia.com/resource/Syria	http://dbkwik.webdatacommons.org/marvel.wikia.com/resource/Syria	=	1.0000
http://marvelcinematicuniverse.wikia.com/wiki/Special:FilePath/Laura_Villari.jpg	http://marvel.wikia.com/wiki/Special:FilePath/Laura_Villari.jpg	=	1.0000
http://marvelcinematicuniverse.wikia.com/wiki/Special:FilePath/Tom_Kenny.jpg	http://marvel.wikia.com/wiki/Special:FilePath/Tom_Kenny.jpg	=	1.0000
http://dbkwik.webdatacommons.org/marvelcinematicuniverse.wikia.com/resource/Raze	http://dbkwik.webdatacommons.org/marvel.wikia.com/resource/Raze	=	1.0000
http://dbkwik.webdatacommons.org/marvelcinematicuniverse.wikia.com/resource/Demons	http://dbkwik.webdatacommons.org/marvel.wikia.com/resource/Demons	=	1.0000
http://dbkwik.webdatacommons.org/marvelcinematicuniverse.wikia.com/resource/Charles_Murray	http://dbkwik.webdatacommons.org/marvel.wikia.com/resource/Charles_Murray	=	1.0000
http://marvelcinematicuniverse.wikia.com/wiki/Special:FilePath/Captain_America_Road_to_War_Vol_1_1_Textless.jpg?width=300	http://marvel.wikia.com/wiki/Special:FilePath/;_Captain_America_Road_to_War_Vol_1_1_Textless.jpg?width=300	=	1.0000
http://dbkwik.webdatacommons.org/marvelcinematicuniverse.wikia.com/resource/Joe_Cornish	http://dbkwik.webdatacommons.org/marvel.wikia.com/resource/Joe_Cornish	=	1.0000
http://marvelcinematicuniverse.wikia.com/wiki/Special:FilePath/Victor_Olazaba.jpg?width=300	http://marvel.wikia.com/wiki/Special:FilePath/Victor_Olazaba.jpg?width=300	=	1.0000
http://dbkwik.webdatacommons.org/marvelcinematicuniverse.wikia.com/resource/Living_Laser	http://dbkwik.webdatacommons.org/marvel.wikia.com/resource/Living_Laser	=	1.0000
http://dbkwik.webdatacommons.org/marvelcinematicuniverse.wikia.com/resource/Holly_Dale	http://dbkwik.webdatacommons.org/marvel.wikia.com/resource/Holly_Dale	=	1.0000
http://marvelcinematicuniverse.wikia.com/wiki/Special:FilePath/Palladium_core.png	http://marvel.wikia.com/wiki/Special:FilePath/Palladium_Core.png	=	1.0000
http://dbkwik.webdatacommons.org/marvelcinematicuniverse.wikia.com/resource/Shangri-La	http://dbkwik.webdatacommons.org/marvel.wikia.com/resource/Shangri-La	=	1.0000
http://dbkwik.webdatacommons.org/marvelcinematicuniverse.wikia.com/resource/Yaka_Arrow	http://dbkwik.webdatacommons.org/marvel.wikia.com/resource/Yaka_Arrow	=	1.0000
http://dbkwik.webdatacommons.org/marvelcinematicuniverse.wikia.com/resource/Wehrmacht	http://dbkwik.webdatacommons.org/marvel.wikia.com/resource/Wehrmacht	=	1.0000
http://dbkwik.webdatacommons.org/marvelcinematicuniverse.wikia.com/resource/Ben_Urich	http://dbkwik.webdatacommons.org/marvel.wikia.com/resource/Ben_Urich	=	1.0000
http://marvelcinematicuniverse.wikia.com/wiki/Special:FilePath/Marvel-studios-logo.jpg	http://marvel.wikia.com/wiki/Special:FilePath/Marvel_Studios_Logo.jpg	=	1.0000
http://dbkwik.webdatacommons.org/marvelcinematicuniverse.wikia.com/resource/Los_Alamos	http://dbkwik.webdatacommons.org/marvel.wikia.com/resource/Los_Alamos	=	1.0000
http://marvelcinematicuniverse.wikia.com/wiki/Special:FilePath/Jack_Kenny.jpg	http://marvel.wikia.com/wiki/Special:FilePath/Jack_Kenny.jpg	=	1.0000
http://dbkwik.webdatacommons.org/marvelcinematicuniverse.wikia.com/resource/Gorgon	http://dbkwik.webdatacommons.org/marvel.wikia.com/resource/Gorgon	=	1.0000
http://dbkwik.webdatacommons.org/marvelcinematicuniverse.wikia.com/resource/Sokovia_Accords	http://dbkwik.webdatacommons.org/marvel.wikia.com/resource/Sokovia_Accords	=	1.0000
http://dbkwik.webdatacommons.org/marvelcinematicuniverse.wikia.com/resource/Sean_Phillips	http://dbkwik.webdatacommons.org/marvel.wikia.com/resource/Sean_Phillips	=	1.0000
http://dbkwik.webdatacommons.org/marvelcinematicuniverse.wikia.com/resource/Tina_Minoru	http://dbkwik.webdatacommons.org/marvel.wikia.com/resource/Tina_Minoru	=	1.0000
http://dbkwik.webdatacommons.org/marvelcinematicuniverse.wikia.com/resource/South_Africa	http://dbkwik.webdatacommons.org/marvel.wikia.com/resource/South_Africa	=	1.0000
http://dbkwik.webdatacommons.org/marvelcinematicuniverse.wikia.com/resource/Los_Angeles	http://dbkwik.webdatacommons.org/marvel.wikia.com/resource/Los_Angeles	=	1.0000
http://dbkwik.webdatacommons.org/marvelcinematicuniverse.wikia.com/resource/Joe_Pokaski	http://dbkwik.webdatacommons.org/marvel.wikia.com/resource/Joe_Pokaski	=	1.0000
http://dbkwik.webdatacommons.org/marvelcinematicuniverse.wikia.com/resource/Baghdad	http://dbkwik.webdatacommons.org/marvel.wikia.com/resource/Baghdad	=	1.0000
http://dbkwik.webdatacommons.org/marvelcinematicuniverse.wikia.com/resource/Broker	http://dbkwik.webdatacommons.org/marvel.wikia.com/resource/Broker	=	1.0000
http://dbkwik.webdatacommons.org/marvelcinematicuniverse.wikia.com/resource/Gungnir	http://dbkwik.webdatacommons.org/marvel.wikia.com/resource/Gungnir	=	1.0000
http://dbkwik.webdatacommons.org/marvelcinematicuniverse.wikia.com/resource/Death	http://dbkwik.webdatacommons.org/marvel.wikia.com/resource/Death	=	1.0000
http://dbkwik.webdatacommons.org/marvelcinematicuniverse.wikia.com/resource/Sokovia/Gallery	http://dbkwik.webdatacommons.org/marvel.wikia.com/resource/Sokovia/Gallery	=	1.0000
http://dbkwik.webdatacommons.org/marvelcinematicuniverse.wikia.com/resource/Thor	http://dbkwik.webdatacommons.org/marvel.wikia.com/resource/Thor	=	1.0000
http://marvelcinematicuniverse.wikia.com/wiki/Special:FilePath/Christian_Taylor.jpg?width=300	http://marvel.wikia.com/wiki/Special:FilePath/Christian_Taylor.jpg?width=300	=	1.0000
http://dbkwik.webdatacommons.org/marvelcinematicuniverse.wikia.com/resource/Method_Man	http://dbkwik.webdatacommons.org/marvel.wikia.com/resource/Method_Man	=	1.0000
http://marvelcinematicuniverse.wikia.com/wiki/Special:FilePath/James_Gunn.jpg	http://marvel.wikia.com/wiki/Special:FilePath/James_Gunn.jpg	=	1.0000
http://marvelcinematicuniverse.wikia.com/wiki/Special:FilePath/Jamie_King.jpg	http://marvel.wikia.com/wiki/Special:FilePath/Jamie_King.jpg	=	1.0000
http://marvelcinematicuniverse.wikia.com/wiki/Special:FilePath/Flag_of_Germany.png?width=300	http://marvel.wikia.com/wiki/Special:FilePath/Flag_of_Germany.png?width=300	=	1.0000
http://dbkwik.webdatacommons.org/marvelcinematicuniverse.wikia.com/resource/Saint_Agnes_Orphanage	http://dbkwik.webdatacommons.org/marvel.wikia.com/resource/Saint_Agnes_Orphanage	=	1.0000
http://dbkwik.webdatacommons.org/marvelcinematicuniverse.wikia.com/resource/Jeff_Woolnough	http://dbkwik.webdatacommons.org/marvel.wikia.com/resource/Jeff_Woolnough	=	1.0000
http://marvelcinematicuniverse.wikia.com/wiki/Special:FilePath/Iron_Man.jpg	http://marvel.wikia.com/wiki/Special:FilePath/;_Iron_Man.jpg	=	1.0000
http://marvelcinematicuniverse.wikia.com/wiki/Special:FilePath/Scott_Derrickson.jpg	http://marvel.wikia.com/wiki/Special:FilePath/Scott_Derrickson.jpg	=	1.0000
http://dbkwik.webdatacommons.org/marvelcinematicuniverse.wikia.com/resource/Toolbox	http://dbkwik.webdatacommons.org/marvel.wikia.com/resource/Toolbox	=	1.0000
http://dbkwik.webdatacommons.org/marvelcinematicuniverse.wikia.com/resource/Amadeus_Cho	http://dbkwik.webdatacommons.org/marvel.wikia.com/resource/Amadeus_Cho	=	1.0000
http://marvelcinematicuniverse.wikia.com/wiki/Special:FilePath/Pat_Charles.jpg	http://marvel.wikia.com/wiki/Special:FilePath/Pat_Charles.jpg	=	1.0000
http://marvelcinematicuniverse.wikia.com/wiki/Special:FilePath/Flag_of_Poland.png	http://marvel.wikia.com/wiki/Special:FilePath/Flag_of_Poland.png	=	1.0000
http://dbkwik.webdatacommons.org/marvelcinematicuniverse.wikia.com/resource/Prowler	http://dbkwik.webdatacommons.org/marvel.wikia.com/resource/Prowler	=	1.0000
http://marvelcinematicuniverse.wikia.com/wiki/Special:FilePath/Wardhydra.jpg?width=300	http://marvel.wikia.com/wiki/Special:FilePath/Wardhydra.jpg?width=300	=	1.0000
http://dbkwik.webdatacommons.org/marvelcinematicuniverse.wikia.com/resource/Pincers_of_Power	http://dbkwik.webdatacommons.org/marvel.wikia.com/resource/Pincers_of_Power	=	1.0000
http://dbkwik.webdatacommons.org/marvelcinematicuniverse.wikia.com/resource/Guardians_of_the_Galaxy_Vol._2	http://dbkwik.webdatacommons.org/marvel.wikia.com/resource/Guardians_of_the_Galaxy_Vol._2	=	1.0000
http://dbkwik.webdatacommons.org/marvelcinematicuniverse.wikia.com/resource/Paul_Tobin	http://dbkwik.webdatacommons.org/marvel.wikia.com/resource/Paul_Tobin	=	1.0000
http://dbkwik.webdatacommons.org/marvelcinematicuniverse.wikia.com/resource/Category:Brown_Eyes	http://dbkwik.webdatacommons.org/marvel.wikia.com/resource/Category:Brown_Eyes	=	1.0000
http://dbkwik.webdatacommons.org/marvelcinematicuniverse.wikia.com/resource/Category:Chaste_Members	http://dbkwik.webdatacommons.org/marvel.wikia.com/resource/Category:Chaste_members	=	1.0000
http://dbkwik.webdatacommons.org/marvelcinematicuniverse.wikia.com/resource/Lan_Medina	http://dbkwik.webdatacommons.org/marvel.wikia.com/resource/Lan_Medina	=	1.0000
http://dbkwik.webdatacommons.org/marvelcinematicuniverse.wikia.com/resource/Tullk	http://dbkwik.webdatacommons.org/marvel.wikia.com/resource/Tullk	=	1.0000
http://dbkwik.webdatacommons.org/marvelcinematicuniverse.wikia.com/resource/Commodore	http://dbkwik.webdatacommons.org/marvel.wikia.com/resource/Commodore	=	1.0000
http://dbkwik.webdatacommons.org/marvelcinematicuniverse.wikia.com/resource/Korbinites	http://dbkwik.webdatacommons.org/marvel.wikia.com/resource/Korbinites	=	1.0000
http://marvelcinematicuniverse.wikia.com/wiki/Special:FilePath/Steven_S._DeKnight.jpg	http://marvel.wikia.com/wiki/Special:FilePath/Steven_S._DeKnight.jpg	=	1.0000
http://dbkwik.webdatacommons.org/marvelcinematicuniverse.wikia.com/resource/Chandler	http://dbkwik.webdatacommons.org/marvel.wikia.com/resource/Chandler	=	1.0000
http://dbkwik.webdatacommons.org/marvelcinematicuniverse.wikia.com/resource/Yü-Ti	http://dbkwik.webdatacommons.org/marvel.wikia.com/resource/Yu-Ti	=	1.0000
http://dbkwik.webdatacommons.org/marvelcinematicuniverse.wikia.com/resource/Alisa_Jones	http://dbkwik.webdatacommons.org/marvel.wikia.com/resource/Alisa_Jones	=	1.0000
http://dbkwik.webdatacommons.org/marvelcinematicuniverse.wikia.com/resource/Dogs	http://dbkwik.webdatacommons.org/marvel.wikia.com/resource/Dogs	=	1.0000
http://marvelcinematicuniverse.wikia.com/wiki/Special:FilePath/Christine.jpg?width=300	http://marvel.wikia.com/wiki/Special:FilePath/Christine.jpg?width=300	=	1.0000
http://dbkwik.webdatacommons.org/marvelcinematicuniverse.wikia.com/resource/Dan_Jolley	http://dbkwik.webdatacommons.org/marvel.wikia.com/resource/Dan_Jolley	=	1.0000
http://dbkwik.webdatacommons.org/marvelcinematicuniverse.wikia.com/resource/Godslayer/Gallery	http://dbkwik.webdatacommons.org/marvel.wikia.com/resource/Godslayer/Gallery	=	1.0000
http://dbkwik.webdatacommons.org/marvelcinematicuniverse.wikia.com/resource/Fire_Demons	http://dbkwik.webdatacommons.org/marvel.wikia.com/resource/Fire_Demons	=	1.0000
http://dbkwik.webdatacommons.org/marvelcinematicuniverse.wikia.com/resource/Iron_Man_(video_game)	http://dbkwik.webdatacommons.org/marvel.wikia.com/resource/Iron_Man_(video_game)	=	1.0000
http://dbkwik.webdatacommons.org/marvelcinematicuniverse.wikia.com/resource/Category:Stark_Industries	http://dbkwik.webdatacommons.org/marvel.wikia.com/resource/Category:Stark_Industries	=	1.0000
http://marvelcinematicuniverse.wikia.com/wiki/Special:FilePath/Jon_Spaihts.jpg?width=300	http://marvel.wikia.com/wiki/Special:FilePath/Jon_Spaihts.jpg?width=300	=	1.0000
http://marvelcinematicuniverse.wikia.com/wiki/Special:FilePath/Juarez.png?width=300	http://marvel.wikia.com/wiki/Special:FilePath/Juarez.png?width=300	=	1.0000
http://dbkwik.webdatacommons.org/marvelcinematicuniverse.wikia.com/resource/Shane_Black	http://dbkwik.webdatacommons.org/marvel.wikia.com/resource/Shane_Black	=	1.0000
http://dbkwik.webdatacommons.org/marvelcinematicuniverse.wikia.com/resource/Lightforce	http://dbkwik.webdatacommons.org/marvel.wikia.com/resource/Lightforce	=	1.0000
http://dbkwik.webdatacommons.org/marvelcinematicuniverse.wikia.com/resource/Odin%27s_Vault	http://dbkwik.webdatacommons.org/marvel.wikia.com/resource/Odin%27s_Vault	=	1.0000
http://dbkwik.webdatacommons.org/marvelcinematicuniverse.wikia.com/resource/Berhert/Gallery	http://dbkwik.webdatacommons.org/marvel.wikia.com/resource/Berhert/Gallery	=	1.0000
http://marvelcinematicuniverse.wikia.com/wiki/Special:FilePath/J._Holtham.jpg?width=300	http://marvel.wikia.com/wiki/Special:FilePath/J._Holtham.jpg?width=300	=	1.0000
http://dbkwik.webdatacommons.org/marvelcinematicuniverse.wikia.com/resource/Agustin_Padilla	http://dbkwik.webdatacommons.org/marvel.wikia.com/resource/Agustin_Padilla	=	1.0000
http://dbkwik.webdatacommons.org/marvelcinematicuniverse.wikia.com/resource/Janis_Jones	http://dbkwik.webdatacommons.org/marvel.wikia.com/resource/Janis_Jones	=	1.0000
http://dbkwik.webdatacommons.org/marvelcinematicuniverse.wikia.com/resource/Rosalie_Carbone	http://dbkwik.webdatacommons.org/marvel.wikia.com/resource/Rosalie_Carbone	=	1.0000
http://marvelcinematicuniverse.wikia.com/wiki/Special:FilePath/Joe_Pokaski.jpg	http://marvel.wikia.com/wiki/Special:FilePath/Joe_Pokaski.jpg	=	1.0000
http://dbkwik.webdatacommons.org/marvelcinematicuniverse.wikia.com/resource/Jet_Wilkinson	http://dbkwik.webdatacommons.org/marvel.wikia.com/resource/Jet_Wilkinson	=	1.0000
http://dbkwik.webdatacommons.org/marvelcinematicuniverse.wikia.com/resource/Bounty_Hunter	http://dbkwik.webdatacommons.org/marvel.wikia.com/resource/Bounty_Hunter	=	1.0000
http://marvelcinematicuniverse.wikia.com/wiki/Special:FilePath/Christian_Taylor.jpg	http://marvel.wikia.com/wiki/Special:FilePath/Christian_Taylor.jpg	=	1.0000
http://dbkwik.webdatacommons.org/marvelcinematicuniverse.wikia.com/resource/Infinity_War	http://dbkwik.webdatacommons.org/marvel.wikia.com/resource/Infinity_War	=	1.0000
http://marvelcinematicuniverse.wikia.com/wiki/Special:FilePath/Captain_America_(The_Avengers).png?width=300	http://marvel.wikia.com/wiki/Special:FilePath/Captain_America_&_The_Avengers.png?width=300	=	1.0000
http://dbkwik.webdatacommons.org/marvelcinematicuniverse.wikia.com/resource/San_Antonio	http://dbkwik.webdatacommons.org/marvel.wikia.com/resource/San_Antonio	=	1.0000
http://marvelcinematicuniverse.wikia.com/wiki/Special:FilePath/Joe_Bennett.jpg	http://marvel.wikia.com/wiki/Special:FilePath/Joe_Bennett.jpg	=	1.0000
http://dbkwik.webdatacommons.org/marvelcinematicuniverse.wikia.com/resource/Greece	http://dbkwik.webdatacommons.org/marvel.wikia.com/resource/Greece	=	1.0000
http://dbkwik.webdatacommons.org/marvelcinematicuniverse.wikia.com/resource/Nate	http://dbkwik.webdatacommons.org/marvel.wikia.com/resource/Nate	=	1.0000
http://marvelcinematicuniverse.wikia.com/wiki/Special:FilePath/Flag_of_Denmark.png?width=300	http://marvel.wikia.com/wiki/Special:FilePath/Flag_of_Denmark.png?width=300	=	1.0000
http://marvelcinematicuniverse.wikia.com/wiki/Special:FilePath/Neasa_Hardiman.jpg	http://marvel.wikia.com/wiki/Special:FilePath/Neasa_Hardiman.jpg	=	1.0000
http://marvelcinematicuniverse.wikia.com/wiki/Special:FilePath/Alex_Garcia_Lopez.jpg	http://marvel.wikia.com/wiki/Special:FilePath/Alex_Garcia_Lopez.jpg	=	1.0000
http://dbkwik.webdatacommons.org/marvelcinematicuniverse.wikia.com/resource/Iron_Monger	http://dbkwik.webdatacommons.org/marvel.wikia.com/resource/Iron_Monger	=	1.0000
http://dbkwik.webdatacommons.org/marvelcinematicuniverse.wikia.com/resource/Kent	http://dbkwik.webdatacommons.org/marvel.wikia.com/resource/Kent	=	1.0000
http://dbkwik.webdatacommons.org/marvelcinematicuniverse.wikia.com/resource/Phineas_Horton	http://dbkwik.webdatacommons.org/marvel.wikia.com/resource/Phineas_Horton	=	1.0000
http://marvelcinematicuniverse.wikia.com/wiki/Special:FilePath/Ultimo.jpg?width=300	http://marvel.wikia.com/wiki/Special:FilePath/Ultimo.jpg?width=300	=	1.0000
http://dbkwik.webdatacommons.org/marvelcinematicuniverse.wikia.com/resource/Category:Characters_by_Occupation	http://dbkwik.webdatacommons.org/marvel.wikia.com/resource/Category:Characters_by_Occupation	=	1.0000
http://marvelcinematicuniverse.wikia.com/wiki/Special:FilePath/Stark_Expo_1954.jpg	http://marvel.wikia.com/wiki/Special:FilePath/Stark_Expo_1954.jpg	=	1.0000
http://marvelcinematicuniverse.wikia.com/wiki/Special:FilePath/Louis_Leterrier.jpg	http://marvel.wikia.com/wiki/Special:FilePath/Louis_Leterrier.jpg	=	1.0000
http://dbkwik.webdatacommons.org/marvelcinematicuniverse.wikia.com/resource/Casablanca	http://dbkwik.webdatacommons.org/marvel.wikia.com/resource/Casablanca	=	1.0000
http://dbkwik.webdatacommons.org/marvelcinematicuniverse.wikia.com/resource/Yaka_Arrow/Gallery	http://dbkwik.webdatacommons.org/marvel.wikia.com/resource/Yaka_Arrow/Gallery	=	1.0000
http://marvelcinematicuniverse.wikia.com/wiki/Special:FilePath/Ryan_Coogler.jpg	http://marvel.wikia.com/wiki/Special:FilePath/Ryan_Coogler.jpg	=	1.0000
http://dbkwik.webdatacommons.org/marvelcinematicuniverse.wikia.com/resource/North_Carolina	http://dbkwik.webdatacommons.org/marvel.wikia.com/resource/North_Carolina	=	1.0000
http://dbkwik.webdatacommons.org/marvelcinematicuniverse.wikia.com/resource/Raelle_Tucker	http://dbkwik.webdatacommons.org/marvel.wikia.com/resource/Raelle_Tucker	=	1.0000
http://dbkwik.webdatacommons.org/marvelcinematicuniverse.wikia.com/resource/Category:HYDRA_Projects	http://dbkwik.webdatacommons.org/marvel.wikia.com/resource/Category:Hydra_Projects	=	1.0000
http://dbkwik.webdatacommons.org/marvelcinematicuniverse.wikia.com/resource/Wellinton_Alves	http://dbkwik.webdatacommons.org/marvel.wikia.com/resource/Wellinton_Alves	=	1.0000
http://dbkwik.webdatacommons.org/marvelcinematicuniverse.wikia.com/resource/Hell_Cycle	http://dbkwik.webdatacommons.org/marvel.wikia.com/resource/Hell_Cycle	=	1.0000
http://dbkwik.webdatacommons.org/marvelcinematicuniverse.wikia.com/resource/Nuremberg	http://dbkwik.webdatacommons.org/marvel.wikia.com/resource/Nuremberg	=	1.0000
http://dbkwik.webdatacommons.org/marvelcinematicuniverse.wikia.com/resource/Churchill	http://dbkwik.webdatacommons.org/marvel.wikia.com/resource/Churchill	=	1.0000
http://dbkwik.webdatacommons.org/marvelcinematicuniverse.wikia.com/resource/Stark_Sonic_Cannon	http://dbkwik.webdatacommons.org/marvel.wikia.com/resource/Stark_Sonic_Cannon	=	1.0000
http://dbkwik.webdatacommons.org/marvelcinematicuniverse.wikia.com/resource/Ash	http://dbkwik.webdatacommons.org/marvel.wikia.com/resource/Ash	=	1.0000
http://dbkwik.webdatacommons.org/marvelcinematicuniverse.wikia.com/resource/Anna_Foerster	http://dbkwik.webdatacommons.org/marvel.wikia.com/resource/Anna_Foerster	=	1.0000
http://dbkwik.webdatacommons.org/marvelcinematicuniverse.wikia.com/resource/Scarlet_Witch	http://dbkwik.webdatacommons.org/marvel.wikia.com/resource/Scarlet_Witch	=	1.0000
http://dbkwik.webdatacommons.org/marvelcinematicuniverse.wikia.com/resource/Black_Panther_(film)	http://dbkwik.webdatacommons.org/marvel.wikia.com/resource/Black_Panther_(film)	=	1.0000
http://dbkwik.webdatacommons.org/marvelcinematicuniverse.wikia.com/resource/Nakia	http://dbkwik.webdatacommons.org/marvel.wikia.com/resource/Nakia	=	1.0000
http://dbkwik.webdatacommons.org/marvelcinematicuniverse.wikia.com/resource/Steeltown_Rockers	http://dbkwik.webdatacommons.org/marvel.wikia.com/resource/Steeltown_Rockers	=	1.0000
http://dbkwik.webdatacommons.org/marvelcinematicuniverse.wikia.com/resource/Spider-Tracer	http://dbkwik.webdatacommons.org/marvel.wikia.com/resource/Spider-Tracer	=	1.0000
http://dbkwik.webdatacommons.org/marvelcinematicuniverse.wikia.com/resource/Chris_McKenna	http://dbkwik.webdatacommons.org/marvel.wikia.com/resource/Chris_McKenna	=	1.0000
http://dbkwik.webdatacommons.org/marvelcinematicuniverse.wikia.com/resource/Exitar	http://dbkwik.webdatacommons.org/marvel.wikia.com/resource/Exitar	=	1.0000
http://marvelcinematicuniverse.wikia.com/wiki/Special:FilePath/Marvel_One-Shot_A_Funny_Thing_Happened_on_the_Way_to_Thor%27s_Hammer.jpg?width=300	http://marvel.wikia.com/wiki/Special:FilePath/Marvel_One-Shot_A_Funny_Thing_Happened_on_the_Way_to_Thor%27s_Hammer.jpg?width=300	=	1.0000
http://dbkwik.webdatacommons.org/marvelcinematicuniverse.wikia.com/resource/Category:Ravagers_Members	http://dbkwik.webdatacommons.org/marvel.wikia.com/resource/Category:Ravagers_members	=	1.0000
http://marvelcinematicuniverse.wikia.com/wiki/Special:FilePath/John_Rauch.jpg	http://marvel.wikia.com/wiki/Special:FilePath/John_Rauch.jpg	=	1.0000
http://dbkwik.webdatacommons.org/marvelcinematicuniverse.wikia.com/resource/Category:World_Security_Council_Members	http://dbkwik.webdatacommons.org/marvel.wikia.com/resource/Category:World_Security_Council_members	=	1.0000
http://dbkwik.webdatacommons.org/marvelcinematicuniverse.wikia.com/resource/Sarah_Rogers	http://dbkwik.webdatacommons.org/marvel.wikia.com/resource/Sarah_Rogers	=	1.0000
http://dbkwik.webdatacommons.org/marvelcinematicuniverse.wikia.com/resource/Kyln	http://dbkwik.webdatacommons.org/marvel.wikia.com/resource/Kyln	=	1.0000
http://dbkwik.webdatacommons.org/marvelcinematicuniverse.wikia.com/resource/Stark-Fujikawa	http://dbkwik.webdatacommons.org/marvel.wikia.com/resource/Stark-Fujikawa	=	1.0000
http://dbkwik.webdatacommons.org/marvelcinematicuniverse.wikia.com/resource/Category:0-8-4	http://dbkwik.webdatacommons.org/marvel.wikia.com/resource/Category:0-8-4	=	1.0000
http://dbkwik.webdatacommons.org/marvelcinematicuniverse.wikia.com/resource/Category:Green_Hair	http://dbkwik.webdatacommons.org/marvel.wikia.com/resource/Category:Green_Hair	=	1.0000
http://dbkwik.webdatacommons.org/marvelcinematicuniverse.wikia.com/resource/Ibiza	http://dbkwik.webdatacommons.org/marvel.wikia.com/resource/Ibiza	=	1.0000
http://dbkwik.webdatacommons.org/marvelcinematicuniverse.wikia.com/resource/Franz_Ferdinand	http://dbkwik.webdatacommons.org/marvel.wikia.com/resource/Franz_Ferdinand	=	1.0000
http://marvelcinematicuniverse.wikia.com/wiki/Special:FilePath/Screenshot_(8).png?width=300	http://marvel.wikia.com/wiki/Special:FilePath/Screenshot_8.png?width=300	=	1.0000
http://marvelcinematicuniverse.wikia.com/wiki/Special:FilePath/Akela_Cooper.jpg	http://marvel.wikia.com/wiki/Special:FilePath/Akela_Cooper.jpg	=	1.0000
http://dbkwik.webdatacommons.org/marvelcinematicuniverse.wikia.com/resource/Fenris	http://dbkwik.webdatacommons.org/marvel.wikia.com/resource/Fenris	=	1.0000
http://dbkwik.webdatacommons.org/marvelcinematicuniverse.wikia.com/resource/Toronto	http://dbkwik.webdatacommons.org/marvel.wikia.com/resource/Toronto	=	1.0000
http://dbkwik.webdatacommons.org/marvelcinematicuniverse.wikia.com/resource/Big_Al	http://dbkwik.webdatacommons.org/marvel.wikia.com/resource/Big_Al	=	1.0000
http://dbkwik.webdatacommons.org/marvelcinematicuniverse.wikia.com/resource/City_of_the_Dead	http://dbkwik.webdatacommons.org/marvel.wikia.com/resource/City_of_the_Dead	=	1.0000
http://dbkwik.webdatacommons.org/marvelcinematicuniverse.wikia.com/property/location	http://dbkwik.webdatacommons.org/marvel.wikia.com/resource/Location	=	1.0000
http://dbkwik.webdatacommons.org/marvelcinematicuniverse.wikia.com/resource/Chen_Wu	http://dbkwik.webdatacommons.org/marvel.wikia.com/resource/Chen-Wu	=	1.0000
http://marvelcinematicuniverse.wikia.com/wiki/Special:FilePath/The_Pitt.jpg?width=300	http://marvel.wikia.com/wiki/Special:FilePath/The_Pitt.jpg?width=300	=	1.0000
http://marvelcinematicuniverse.wikia.com/wiki/Special:FilePath/Flag_of_Indonesia.png?width=300	http://marvel.wikia.com/wiki/Special:FilePath/Flag_of_Indonesia.png?width=300	=	1.0000
http://marvelcinematicuniverse.wikia.com/wiki/Special:FilePath/Smithsonian_Institution.png	http://marvel.wikia.com/wiki/Special:FilePath/Smithsonian_Institution.png	=	1.0000
http://dbkwik.webdatacommons.org/marvelcinematicuniverse.wikia.com/resource/Bloodaxe	http://dbkwik.webdatacommons.org/marvel.wikia.com/resource/Bloodaxe	=	1.0000
http://dbkwik.webdatacommons.org/marvelcinematicuniverse.wikia.com/resource/Category:Sovereign	http://dbkwik.webdatacommons.org/marvel.wikia.com/resource/Category:Sovereign	=	1.0000
http://marvelcinematicuniverse.wikia.com/wiki/Special:FilePath/David_Angar.png	http://marvel.wikia.com/wiki/Special:FilePath/David_Angar.png	=	1.0000
http://dbkwik.webdatacommons.org/marvelcinematicuniverse.wikia.com/resource/North_America	http://dbkwik.webdatacommons.org/marvel.wikia.com/resource/North_America	=	1.0000
http://marvelcinematicuniverse.wikia.com/wiki/Special:FilePath/Budapest.png	http://marvel.wikia.com/wiki/Special:FilePath/Budapest.png	=	1.0000
http://dbkwik.webdatacommons.org/marvelcinematicuniverse.wikia.com/resource/Brian_K._Vaughan	http://dbkwik.webdatacommons.org/marvel.wikia.com/resource/Brian_K._Vaughan	=	1.0000
http://dbkwik.webdatacommons.org/marvelcinematicuniverse.wikia.com/resource/Hanuman	http://dbkwik.webdatacommons.org/marvel.wikia.com/resource/Hanuman	=	1.0000
http://marvelcinematicuniverse.wikia.com/wiki/Special:FilePath/StarlordandGamoraabouttoKiss.png	http://marvel.wikia.com/wiki/Special:FilePath/StarlordandGamoraabouttoKiss.png	=	1.0000
http://dbkwik.webdatacommons.org/marvelcinematicuniverse.wikia.com/resource/Daredevil	http://dbkwik.webdatacommons.org/marvel.wikia.com/resource/Daredevil	=	1.0000
http://dbkwik.webdatacommons.org/marvelcinematicuniverse.wikia.com/resource/Iron_Fist	http://dbkwik.webdatacommons.org/marvel.wikia.com/resource/Iron_Fist	=	1.0000
http://dbkwik.webdatacommons.org/marvelcinematicuniverse.wikia.com/resource/Tom_Palmer	http://dbkwik.webdatacommons.org/marvel.wikia.com/resource/Tom_Palmer	=	1.0000
http://dbkwik.webdatacommons.org/marvelcinematicuniverse.wikia.com/resource/Hell_Charger	http://dbkwik.webdatacommons.org/marvel.wikia.com/resource/Hell_Charger	=	1.0000
http://dbkwik.webdatacommons.org/marvelcinematicuniverse.wikia.com/resource/Quinjet/Gallery	http://dbkwik.webdatacommons.org/marvel.wikia.com/resource/Quinjet/Gallery	=	1.0000
http://dbkwik.webdatacommons.org/marvelcinematicuniverse.wikia.com/resource/Morgan	http://dbkwik.webdatacommons.org/marvel.wikia.com/resource/Morgan	=	1.0000
http://dbkwik.webdatacommons.org/marvelcinematicuniverse.wikia.com/resource/Georgia_(state)	http://dbkwik.webdatacommons.org/marvel.wikia.com/resource/Georgia_(State)	=	1.0000
http://dbkwik.webdatacommons.org/marvelcinematicuniverse.wikia.com/resource/Kimoyo_Beads/Gallery	http://dbkwik.webdatacommons.org/marvel.wikia.com/resource/Kimoyo_Beads/Gallery	=	1.0000
http://marvelcinematicuniverse.wikia.com/wiki/Special:FilePath/Peter_Calloway.jpg	http://marvel.wikia.com/wiki/Special:FilePath/Peter_Calloway.jpg	=	1.0000
http://dbkwik.webdatacommons.org/marvelcinematicuniverse.wikia.com/resource/Marie_Javins	http://dbkwik.webdatacommons.org/marvel.wikia.com/resource/Marie_Javins	=	1.0000
http://dbkwik.webdatacommons.org/marvelcinematicuniverse.wikia.com/resource/Black_Sky	http://dbkwik.webdatacommons.org/marvel.wikia.com/resource/Black_Sky	=	1.0000
http://dbkwik.webdatacommons.org/marvelcinematicuniverse.wikia.com/resource/Redfield_Electronics	http://dbkwik.webdatacommons.org/marvel.wikia.com/resource/Redfield_Electronics	=	1.0000
http://dbkwik.webdatacommons.org/marvelcinematicuniverse.wikia.com/resource/2013	http://dbkwik.webdatacommons.org/marvel.wikia.com/resource/2013	=	1.0000
http://dbkwik.webdatacommons.org/marvelcinematicuniverse.wikia.com/resource/Winter_Soldier	http://dbkwik.webdatacommons.org/marvel.wikia.com/resource/Winter_Soldier	=	1.0000
http://marvelcinematicuniverse.wikia.com/wiki/Special:FilePath/Uta_Briesewitz.jpg	http://marvel.wikia.com/wiki/Special:FilePath/Uta_Briesewitz.jpg	=	1.0000
http://dbkwik.webdatacommons.org/marvelcinematicuniverse.wikia.com/resource/Gordon	http://dbkwik.webdatacommons.org/marvel.wikia.com/resource/Gordon	=	1.0000
http://marvelcinematicuniverse.wikia.com/wiki/Special:FilePath/May.jpg?width=300	http://marvel.wikia.com/wiki/Special:FilePath/May.jpg?width=300	=	1.0000
http://marvelcinematicuniverse.wikia.com/wiki/Special:FilePath/Mark_Verheiden.jpg	http://marvel.wikia.com/wiki/Special:FilePath/Mark_Verheiden.jpg	=	1.0000
http://dbkwik.webdatacommons.org/marvelcinematicuniverse.wikia.com/property/director	http://dbkwik.webdatacommons.org/marvel.wikia.com/resource/Director	=	1.0000
http://dbkwik.webdatacommons.org/marvelcinematicuniverse.wikia.com/resource/Sean_McQuaid	http://dbkwik.webdatacommons.org/marvel.wikia.com/resource/Sean_McQuaid	=	1.0000
http://dbkwik.webdatacommons.org/marvelcinematicuniverse.wikia.com/resource/Jericho	http://dbkwik.webdatacommons.org/marvel.wikia.com/resource/Jericho	=	1.0000
http://dbkwik.webdatacommons.org/marvelcinematicuniverse.wikia.com/resource/Man-Thing	http://dbkwik.webdatacommons.org/marvel.wikia.com/resource/Man-Thing	=	1.0000
http://marvelcinematicuniverse.wikia.com/wiki/Special:FilePath/Culver_University.png?width=300	http://marvel.wikia.com/wiki/Special:FilePath/Culver_University.png?width=300	=	1.0000
http://dbkwik.webdatacommons.org/marvelcinematicuniverse.wikia.com/resource/Agamotto	http://dbkwik.webdatacommons.org/marvel.wikia.com/resource/Agamotto	=	1.0000
http://marvelcinematicuniverse.wikia.com/wiki/Special:FilePath/Salvador_Larroca.jpg	http://marvel.wikia.com/wiki/Special:FilePath/Salvador_Larroca.jpg	=	1.0000
http://dbkwik.webdatacommons.org/marvelcinematicuniverse.wikia.com/resource/Katya_Belyakov	http://dbkwik.webdatacommons.org/marvel.wikia.com/resource/Katya_Belyakov	=	1.0000
http://dbkwik.webdatacommons.org/marvelcinematicuniverse.wikia.com/resource/Lorelei	http://dbkwik.webdatacommons.org/marvel.wikia.com/resource/Lorelei	=	1.0000
http://marvelcinematicuniverse.wikia.com/wiki/Special:FilePath/Captain_America.jpg	http://marvel.wikia.com/wiki/Special:FilePath/Captain_america.jpg	=	1.0000
http://dbkwik.webdatacommons.org/marvelcinematicuniverse.wikia.com/resource/Hel	http://dbkwik.webdatacommons.org/marvel.wikia.com/resource/Hel	=	1.0000
http://dbkwik.webdatacommons.org/marvelcinematicuniverse.wikia.com/resource/Warriors_Three	http://dbkwik.webdatacommons.org/marvel.wikia.com/resource/Warriors_Three	=	1.0000
http://dbkwik.webdatacommons.org/marvelcinematicuniverse.wikia.com/resource/Sicily	http://dbkwik.webdatacommons.org/marvel.wikia.com/resource/Sicily	=	1.0000
http://dbkwik.webdatacommons.org/marvelcinematicuniverse.wikia.com/resource/Golden_Tigers	http://dbkwik.webdatacommons.org/marvel.wikia.com/resource/Golden_Tigers	=	1.0000
http://marvelcinematicuniverse.wikia.com/wiki/Special:FilePath/Eric_Pearson.jpg?width=300	http://marvel.wikia.com/wiki/Special:FilePath/Eric_Pearson.jpg?width=300	=	1.0000
http://marvelcinematicuniverse.wikia.com/wiki/Special:FilePath/Zetna_Fuentes.jpg	http://marvel.wikia.com/wiki/Special:FilePath/Zetna_Fuentes.jpg	=	1.0000
http://dbkwik.webdatacommons.org/marvelcinematicuniverse.wikia.com/resource/Dan_Buckley	http://dbkwik.webdatacommons.org/marvel.wikia.com/resource/Dan_Buckley	=	1.0000
http://dbkwik.webdatacommons.org/marvelcinematicuniverse.wikia.com/resource/Frank_Dean	http://dbkwik.webdatacommons.org/marvel.wikia.com/resource/Frank_Dean	=	1.0000
http://dbkwik.webdatacommons.org/marvelcinematicuniverse.wikia.com/resource/Joe_Robert_Cole	http://dbkwik.webdatacommons.org/marvel.wikia.com/resource/Joe_Robert_Cole	=	1.0000
http://dbkwik.webdatacommons.org/marvelcinematicuniverse.wikia.com/resource/Category:Characters	http://dbkwik.webdatacommons.org/marvel.wikia.com/resource/Category:Characters	=	1.0000
http://marvelcinematicuniverse.wikia.com/wiki/Special:FilePath/Marc_Jobst.jpg	http://marvel.wikia.com/wiki/Special:FilePath/Marc_Jobst.jpg	=	1.0000
http://dbkwik.webdatacommons.org/marvelcinematicuniverse.wikia.com/resource/Mark_Leitner	http://dbkwik.webdatacommons.org/marvel.wikia.com/resource/Mark_Leitner	=	1.0000
http://marvelcinematicuniverse.wikia.com/wiki/Special:FilePath/Raven_Metzner.jpg?width=300	http://marvel.wikia.com/wiki/Special:FilePath/Raven_Metzner.jpg?width=300	=	1.0000
http://marvelcinematicuniverse.wikia.com/wiki/Special:FilePath/Flag_of_Ukraine.png	http://marvel.wikia.com/wiki/Special:FilePath/Flag_of_Ukraine.png	=	1.0000
http://marvelcinematicuniverse.wikia.com/wiki/Special:FilePath/Flag_of_Iran.png?width=300	http://marvel.wikia.com/wiki/Special:FilePath/Flag_of_Iran.png?width=300	=	1.0000
http://marvelcinematicuniverse.wikia.com/wiki/Special:FilePath/Nora_Zuckerman.jpg?width=300	http://marvel.wikia.com/wiki/Special:FilePath/Nora_Zuckerman.jpg?width=300	=	1.0000
http://dbkwik.webdatacommons.org/marvelcinematicuniverse.wikia.com/resource/Captain_America%27s_Shield/Gallery	http://dbkwik.webdatacommons.org/marvel.wikia.com/resource/Captain_America%27s_Shield/Gallery	=	1.0000
http://marvelcinematicuniverse.wikia.com/wiki/Special:FilePath/Ian_Boothby.png	http://marvel.wikia.com/wiki/Special:FilePath/Ian_boothby.png	=	1.0000
http://dbkwik.webdatacommons.org/marvelcinematicuniverse.wikia.com/resource/Drew_Pearce	http://dbkwik.webdatacommons.org/marvel.wikia.com/resource/Drew_Pearce	=	1.0000
http://marvelcinematicuniverse.wikia.com/wiki/Special:FilePath/Michael_Jones-Morales.jpg?width=300	http://marvel.wikia.com/wiki/Special:FilePath/Michael_Jones-Morales.jpg?width=300	=	1.0000
http://marvelcinematicuniverse.wikia.com/wiki/Special:FilePath/Palladium_core.png?width=300	http://marvel.wikia.com/wiki/Special:FilePath/Palladium_Core.png?width=300	=	1.0000
http://marvelcinematicuniverse.wikia.com/wiki/Special:FilePath/Chris_Eliopoulos.jpg	http://marvel.wikia.com/wiki/Special:FilePath/Chris_eliopoulos.jpg	=	1.0000
http://dbkwik.webdatacommons.org/marvelcinematicuniverse.wikia.com/resource/Joseph_Rogers	http://dbkwik.webdatacommons.org/marvel.wikia.com/resource/Joseph_Rogers	=	1.0000
http://dbkwik.webdatacommons.org/marvelcinematicuniverse.wikia.com/resource/Europe	http://dbkwik.webdatacommons.org/marvel.wikia.com/resource/Europe	=	1.0000
http://marvelcinematicuniverse.wikia.com/wiki/Special:FilePath/Guardians_of_the_Galaxy_Vol._2_30.jpg?width=300	http://marvel.wikia.com/wiki/Special:FilePath/Guardians_of_the_Galaxy_Vol_1_30.jpg?width=300	=	0.9442
http://dbkwik.webdatacommons.org/marvelcinematicuniverse.wikia.com/class/disambig	http://dbkwik.webdatacommons.org/marvel.wikia.com/class/disambig	=	1.0000
http://dbkwik.webdatacommons.org/marvelcinematicuniverse.wikia.com/resource/Kingpin	http://dbkwik.webdatacommons.org/marvel.wikia.com/resource/Kingpin	=	1.0000
http://dbkwik.webdatacommons.org/marvelcinematicuniverse.wikia.com/resource/Category:United_Nations	http://dbkwik.webdatacommons.org/marvel.wikia.com/resource/Category:United_Nations	=	1.0000
http://marvelcinematicuniverse.wikia.com/wiki/Special:FilePath/Andi_Bushell.jpg?width=300	http://marvel.wikia.com/wiki/Special:FilePath/Andi_Bushell.jpg?width=300	=	1.0000
http://dbkwik.webdatacommons.org/marvelcinematicuniverse.wikia.com/resource/John_Adams	http://dbkwik.webdatacommons.org/marvel.wikia.com/resource/John_Adams	=	1.0000
http://dbkwik.webdatacommons.org/marvelcinematicuniverse.wikia.com/resource/Orloni	http://dbkwik.webdatacommons.org/marvel.wikia.com/resource/Orloni	=	1.0000
http://dbkwik.webdatacommons.org/marvelcinematicuniverse.wikia.com/resource/Category:Celestials	http://dbkwik.webdatacommons.org/marvel.wikia.com/resource/Category:Celestials	=	1.0000
http://dbkwik.webdatacommons.org/marvelcinematicuniverse.wikia.com/resource/Category:Yellow_Eyes	http://dbkwik.webdatacommons.org/marvel.wikia.com/resource/Category:Yellow_Eyes	=	1.0000
http://dbkwik.webdatacommons.org/marvelcinematicuniverse.wikia.com/resource/Akela_Cooper	http://dbkwik.webdatacommons.org/marvel.wikia.com/resource/Akela_Cooper	=	1.0000
http://dbkwik.webdatacommons.org/marvelcinematicuniverse.wikia.com/resource/Ami_Canaan_Mann	http://dbkwik.webdatacommons.org/marvel.wikia.com/resource/Ami_Canaan_Mann	=	1.0000
http://marvelcinematicuniverse.wikia.com/wiki/Special:FilePath/Surtur-TGT.jpg?width=300	http://marvel.wikia.com/wiki/Special:FilePath/Surtur-TGT.jpg?width=300	=	1.0000
http://dbkwik.webdatacommons.org/marvelcinematicuniverse.wikia.com/resource/Dominic_Fortune	http://dbkwik.webdatacommons.org/marvel.wikia.com/resource/Dominic_Fortune	=	1.0000
http://dbkwik.webdatacommons.org/marvelcinematicuniverse.wikia.com/resource/Beast	http://dbkwik.webdatacommons.org/marvel.wikia.com/resource/Beast	=	1.0000
http://dbkwik.webdatacommons.org/marvelcinematicuniverse.wikia.com/resource/Castle_Zemo	http://dbkwik.webdatacommons.org/marvel.wikia.com/resource/Castle_Zemo	=	1.0000
http://marvelcinematicuniverse.wikia.com/wiki/Special:FilePath/Lauren_Schmidt_Hissrich.jpg	http://marvel.wikia.com/wiki/Special:FilePath/Lauren_Schmidt_Hissrich.jpg	=	1.0000
http://dbkwik.webdatacommons.org/marvelcinematicuniverse.wikia.com/resource/Alexander_Pierce	http://dbkwik.webdatacommons.org/marvel.wikia.com/resource/Alexander_Pierce	=	1.0000
http://dbkwik.webdatacommons.org/marvelcinematicuniverse.wikia.com/resource/Ares	http://dbkwik.webdatacommons.org/marvel.wikia.com/resource/Ares	=	1.0000
http://dbkwik.webdatacommons.org/marvelcinematicuniverse.wikia.com/resource/Asia	http://dbkwik.webdatacommons.org/marvel.wikia.com/resource/Asia	=	1.0000
http://marvelcinematicuniverse.wikia.com/wiki/Special:FilePath/Craig_Zisk.jpg	http://marvel.wikia.com/wiki/Special:FilePath/Craig_Zisk.jpg	=	1.0000
http://dbkwik.webdatacommons.org/marvelcinematicuniverse.wikia.com/resource/Navarro	http://dbkwik.webdatacommons.org/marvel.wikia.com/resource/Navarro	=	1.0000
http://dbkwik.webdatacommons.org/marvelcinematicuniverse.wikia.com/resource/Jesse_Harris	http://dbkwik.webdatacommons.org/marvel.wikia.com/resource/Jesse_Harris	=	1.0000
http://marvelcinematicuniverse.wikia.com/wiki/Special:FilePath/Joe_Sabino.jpg?width=300	http://marvel.wikia.com/wiki/Special:FilePath/Joe_Sabino.jpg?width=300	=	1.0000
http://dbkwik.webdatacommons.org/marvelcinematicuniverse.wikia.com/resource/Corvus_Glaive%27s_Glaive	http://dbkwik.webdatacommons.org/marvel.wikia.com/resource/Corvus_Glaive%27s_Glaive	=	1.0000
http://marvelcinematicuniverse.wikia.com/wiki/Special:FilePath/Hulk_Betty.jpg?width=300	http://marvel.wikia.com/wiki/Special:FilePath/Hulk_&_Betty.jpg?width=300	=	1.0000
http://marvelcinematicuniverse.wikia.com/wiki/Special:FilePath/Flag_of_Argentina.png	http://marvel.wikia.com/wiki/Special:FilePath/Flag_of_Argentina.png	=	1.0000
http://dbkwik.webdatacommons.org/marvelcinematicuniverse.wikia.com/resource/Joel_Thingvall	http://dbkwik.webdatacommons.org/marvel.wikia.com/resource/Joel_Thingvall	=	1.0000
http://dbkwik.webdatacommons.org/marvelcinematicuniverse.wikia.com/resource/Wernher_von_Braun	http://dbkwik.webdatacommons.org/marvel.wikia.com/resource/Wernher_von_Braun	=	1.0000
http://dbkwik.webdatacommons.org/marvelcinematicuniverse.wikia.com/resource/Aleta_Ogord	http://dbkwik.webdatacommons.org/marvel.wikia.com/resource/Aleta_Ogord	=	1.0000
http://dbkwik.webdatacommons.org/marvelcinematicuniverse.wikia.com/resource/Ontario	http://dbkwik.webdatacommons.org/marvel.wikia.com/resource/Ontario	=	1.0000
http://dbkwik.webdatacommons.org/marvelcinematicuniverse.wikia.com/resource/Helmut_Zemo	http://dbkwik.webdatacommons.org/marvel.wikia.com/resource/Helmut_Zemo	=	1.0000
http://dbkwik.webdatacommons.org/marvelcinematicuniverse.wikia.com/resource/Kentucky	http://dbkwik.webdatacommons.org/marvel.wikia.com/resource/Kentucky	=	1.0000
http://dbkwik.webdatacommons.org/marvelcinematicuniverse.wikia.com/resource/Ramonda	http://dbkwik.webdatacommons.org/marvel.wikia.com/resource/Ramonda	=	1.0000
http://dbkwik.webdatacommons.org/marvelcinematicuniverse.wikia.com/resource/Pompeii	http://dbkwik.webdatacommons.org/marvel.wikia.com/resource/Pompeii	=	1.0000
http://dbkwik.webdatacommons.org/marvelcinematicuniverse.wikia.com/resource/Vapor	http://dbkwik.webdatacommons.org/marvel.wikia.com/resource/Vapor	=	1.0000
http://marvelcinematicuniverse.wikia.com/wiki/Special:FilePath/Oakland.png	http://marvel.wikia.com/wiki/Special:FilePath/Oakland.png	=	1.0000
http://dbkwik.webdatacommons.org/marvelcinematicuniverse.wikia.com/resource/Jorge_Fornés	http://dbkwik.webdatacommons.org/marvel.wikia.com/resource/Jorge_Fornes	=	1.0000
http://dbkwik.webdatacommons.org/marvelcinematicuniverse.wikia.com/resource/Iron_Man_(film)	http://dbkwik.webdatacommons.org/marvel.wikia.com/resource/Iron_Man_(film)	=	1.0000
http://dbkwik.webdatacommons.org/marvelcinematicuniverse.wikia.com/resource/Kenneth_Branagh	http://dbkwik.webdatacommons.org/marvel.wikia.com/resource/Kenneth_Branagh	=	1.0000
http://marvelcinematicuniverse.wikia.com/wiki/Special:FilePath/David_Platt.jpg	http://marvel.wikia.com/wiki/Special:FilePath/David_Platt.jpg	=	1.0000
http://dbkwik.webdatacommons.org/marvelcinematicuniverse.wikia.com/resource/Gamora	http://dbkwik.webdatacommons.org/marvel.wikia.com/resource/Gamora	=	1.0000
http://marvelcinematicuniverse.wikia.com/wiki/Special:FilePath/Scott_Derrickson.jpg?width=300	http://marvel.wikia.com/wiki/Special:FilePath/Scott_Derrickson.jpg?width=300	=	1.0000
http://marvelcinematicuniverse.wikia.com/wiki/Special:FilePath/Zetna_Fuentes.jpg?width=300	http://marvel.wikia.com/wiki/Special:FilePath/Zetna_Fuentes.jpg?width=300	=	1.0000
http://dbkwik.webdatacommons.org/marvelcinematicuniverse.wikia.com/resource/Space_Throne	http://dbkwik.webdatacommons.org/marvel.wikia.com/resource/Space_Throne	=	1.0000
http://dbkwik.webdatacommons.org/marvelcinematicuniverse.wikia.com/resource/Jason_Horwitch	http://dbkwik.webdatacommons.org/marvel.wikia.com/resource/Jason_Horwitch	=	1.0000
http://dbkwik.webdatacommons.org/marvelcinematicuniverse.wikia.com/resource/Bi-Beast	http://dbkwik.webdatacommons.org/marvel.wikia.com/resource/Bi-Beast	=	1.0000
http://dbkwik.webdatacommons.org/marvelcinematicuniverse.wikia.com/resource/Shade	http://dbkwik.webdatacommons.org/marvel.wikia.com/resource/Shade	=	1.0000
http://dbkwik.webdatacommons.org/marvelcinematicuniverse.wikia.com/property/before	http://dbkwik.webdatacommons.org/marvel.wikia.com/property/before	=	1.0000
http://dbkwik.webdatacommons.org/marvelcinematicuniverse.wikia.com/resource/Oslo	http://dbkwik.webdatacommons.org/marvel.wikia.com/resource/Oslo	=	1.0000
http://dbkwik.webdatacommons.org/marvelcinematicuniverse.wikia.com/resource/Fridge	http://dbkwik.webdatacommons.org/marvel.wikia.com/resource/Fridge	=	1.0000
http://dbkwik.webdatacommons.org/marvelcinematicuniverse.wikia.com/resource/Jeph_York	http://dbkwik.webdatacommons.org/marvel.wikia.com/resource/Jeph_York	=	1.0000
http://dbkwik.webdatacommons.org/marvelcinematicuniverse.wikia.com/resource/Megan_McLaren	http://dbkwik.webdatacommons.org/marvel.wikia.com/resource/Megan_McLaren	=	1.0000
http://marvelcinematicuniverse.wikia.com/wiki/Special:FilePath/John_Ross.jpg	http://marvel.wikia.com/wiki/Special:FilePath/John_Ross.jpg	=	1.0000
http://marvelcinematicuniverse.wikia.com/wiki/Special:FilePath/Whiplash.jpg?width=300	http://marvel.wikia.com/wiki/Special:FilePath/Whiplash.jpg?width=300	=	1.0000
http://marvelcinematicuniverse.wikia.com/wiki/Special:FilePath/Wayne_Yip.jpg?width=300	http://marvel.wikia.com/wiki/Special:FilePath/Wayne_Yip.jpg?width=300	=	1.0000
http://dbkwik.webdatacommons.org/marvelcinematicuniverse.wikia.com/resource/Jupiter	http://dbkwik.webdatacommons.org/marvel.wikia.com/resource/Jupiter	=	1.0000
http://dbkwik.webdatacommons.org/marvelcinematicuniverse.wikia.com/resource/Atmospheric_Moisture_Freezing_Device	http://dbkwik.webdatacommons.org/marvel.wikia.com/resource/Atmospheric_Moisture_Freezing_Device	=	1.0000
http://dbkwik.webdatacommons.org/marvelcinematicuniverse.wikia.com/resource/Buffalo	http://dbkwik.webdatacommons.org/marvel.wikia.com/resource/Buffalo	=	1.0000
http://dbkwik.webdatacommons.org/marvelcinematicuniverse.wikia.com/resource/Ghost	http://dbkwik.webdatacommons.org/marvel.wikia.com/resource/Ghost	=	1.0000
http://dbkwik.webdatacommons.org/marvelcinematicuniverse.wikia.com/resource/Iron_Man_Gauntlet	http://dbkwik.webdatacommons.org/marvel.wikia.com/resource/Iron_Man_Gauntlet	=	1.0000
http://dbkwik.webdatacommons.org/marvelcinematicuniverse.wikia.com/resource/Absorbing_Man	http://dbkwik.webdatacommons.org/marvel.wikia.com/resource/Absorbing_Man	=	1.0000
http://dbkwik.webdatacommons.org/marvelcinematicuniverse.wikia.com/resource/Winston_Churchill	http://dbkwik.webdatacommons.org/marvel.wikia.com/resource/Winston_Churchill	=	1.0000
http://dbkwik.webdatacommons.org/marvelcinematicuniverse.wikia.com/resource/Trinidad_and_Tobago	http://dbkwik.webdatacommons.org/marvel.wikia.com/resource/Trinidad_and_Tobago	=	1.0000
http://dbkwik.webdatacommons.org/marvelcinematicuniverse.wikia.com/resource/Ayo	http://dbkwik.webdatacommons.org/marvel.wikia.com/resource/Ayo	=	1.0000
http://dbkwik.webdatacommons.org/marvelcinematicuniverse.wikia.com/resource/New_York	http://dbkwik.webdatacommons.org/marvel.wikia.com/resource/New_York	=	1.0000
http://dbkwik.webdatacommons.org/marvelcinematicuniverse.wikia.com/resource/Isabelle_Hartley	http://dbkwik.webdatacommons.org/marvel.wikia.com/resource/Isabelle_Hartley	=	1.0000
http://marvelcinematicuniverse.wikia.com/wiki/Special:FilePath/Scott_Winant.jpg	http://marvel.wikia.com/wiki/Special:FilePath/Scott_Winant.jpg	=	1.0000
http://dbkwik.webdatacommons.org/marvelcinematicuniverse.wikia.com/resource/Cincinnati	http://dbkwik.webdatacommons.org/marvel.wikia.com/resource/Cincinnati	=	1.0000
http://dbkwik.webdatacommons.org/marvelcinematicuniverse.wikia.com/resource/Krugarr	http://dbkwik.webdatacommons.org/marvel.wikia.com/resource/Krugarr	=	1.0000
http://dbkwik.webdatacommons.org/marvelcinematicuniverse.wikia.com/resource/Jacopo_Camagni	http://dbkwik.webdatacommons.org/marvel.wikia.com/resource/Jacopo_Camagni	=	1.0000
http://marvelcinematicuniverse.wikia.com/wiki/Special:FilePath/What_If...19.jpg	http://marvel.wikia.com/wiki/Special:FilePath/What_If_19.jpg	=	1.0000
http://dbkwik.webdatacommons.org/marvelcinematicuniverse.wikia.com/resource/Category:Guardians_of_the_Galaxy_Members	http://dbkwik.webdatacommons.org/marvel.wikia.com/resource/Category:Guardians_of_the_Galaxy_members	=	1.0000
http://marvelcinematicuniverse.wikia.com/wiki/Special:FilePath/TBPcover.png	http://marvel.wikia.com/wiki/Special:FilePath/TBPcover.png	=	1.0000
http://marvelcinematicuniverse.wikia.com/wiki/Special:FilePath/Paolo_Rivera.jpg?width=300	http://marvel.wikia.com/wiki/Special:FilePath/Paolo_Rivera.jpg?width=300	=	1.0000
http://dbkwik.webdatacommons.org/marvelcinematicuniverse.wikia.com/resource/Warren	http://dbkwik.webdatacommons.org/marvel.wikia.com/resource/Warren	=	1.0000
http://dbkwik.webdatacommons.org/marvelcinematicuniverse.wikia.com/resource/Colorado	http://dbkwik.webdatacommons.org/marvel.wikia.com/resource/Colorado	=	1.0000
http://dbkwik.webdatacommons.org/marvelcinematicuniverse.wikia.com/resource/Hirochi	http://dbkwik.webdatacommons.org/marvel.wikia.com/resource/Hirochi	=	1.0000
http://dbkwik.webdatacommons.org/marvelcinematicuniverse.wikia.com/resource/Archaeologist	http://dbkwik.webdatacommons.org/marvel.wikia.com/resource/Archaeologist	=	1.0000
http://marvelcinematicuniverse.wikia.com/wiki/Special:FilePath/Stephen_Cragg.jpg?width=300	http://marvel.wikia.com/wiki/Special:FilePath/Stephen_Cragg.jpg?width=300	=	1.0000
http://dbkwik.webdatacommons.org/marvelcinematicuniverse.wikia.com/resource/Valkyrie	http://dbkwik.webdatacommons.org/marvel.wikia.com/resource/Valkyrie	=	1.0000
http://dbkwik.webdatacommons.org/marvelcinematicuniverse.wikia.com/resource/Japan	http://dbkwik.webdatacommons.org/marvel.wikia.com/resource/Japan	=	1.0000
http://dbkwik.webdatacommons.org/marvelcinematicuniverse.wikia.com/resource/Fagan_Corners	http://dbkwik.webdatacommons.org/marvel.wikia.com/resource/Fagan_Corners	=	1.0000
http://dbkwik.webdatacommons.org/marvelcinematicuniverse.wikia.com/resource/Jon_Spaihts	http://dbkwik.webdatacommons.org/marvel.wikia.com/resource/Jon_Spaihts	=	1.0000
http://dbkwik.webdatacommons.org/marvelcinematicuniverse.wikia.com/resource/Hridgandr	http://dbkwik.webdatacommons.org/marvel.wikia.com/resource/Hridgandr	=	1.0000
http://marvelcinematicuniverse.wikia.com/wiki/Special:FilePath/Howard_Stark%27s_Notebook.png?width=300	http://marvel.wikia.com/wiki/Special:FilePath/Howard_Stark%27s_Notebook.png?width=300	=	1.0000
http://marvelcinematicuniverse.wikia.com/wiki/Special:FilePath/Georgi_Luchkov.jpg?width=300	http://marvel.wikia.com/wiki/Special:FilePath/;_Georgi-Luchkov.jpg?width=300	=	1.0000
http://dbkwik.webdatacommons.org/marvelcinematicuniverse.wikia.com/resource/Category:Galleries	http://dbkwik.webdatacommons.org/marvel.wikia.com/resource/Category:Galleries	=	1.0000
http://dbkwik.webdatacommons.org/marvelcinematicuniverse.wikia.com/resource/Category:HYDRA_Equipment	http://dbkwik.webdatacommons.org/marvel.wikia.com/resource/Category:Hydra_Equipment	=	1.0000
http://marvelcinematicuniverse.wikia.com/wiki/Special:FilePath/Edward_Ricourt.jpg	http://marvel.wikia.com/wiki/Special:FilePath/Edward_Ricourt.jpg	=	1.0000
http://dbkwik.webdatacommons.org/marvelcinematicuniverse.wikia.com/resource/Iran	http://dbkwik.webdatacommons.org/marvel.wikia.com/resource/Iran	=	1.0000
http://marvelcinematicuniverse.wikia.com/wiki/Special:FilePath/Tim_Iacofano.jpg?width=300	http://marvel.wikia.com/wiki/Special:FilePath/Tim_Iacofano.jpg?width=300	=	1.0000
http://dbkwik.webdatacommons.org/marvelcinematicuniverse.wikia.com/resource/Germany	http://dbkwik.webdatacommons.org/marvel.wikia.com/resource/Germany	=	1.0000
http://marvelcinematicuniverse.wikia.com/wiki/Special:FilePath/Flag_of_Puerto_Rico.png?width=300	http://marvel.wikia.com/wiki/Special:FilePath/Flag_of_Puerto_Rico.png?width=300	=	1.0000
http://dbkwik.webdatacommons.org/marvelcinematicuniverse.wikia.com/resource/Category:True_Believers_Members	http://dbkwik.webdatacommons.org/marvel.wikia.com/resource/Category:True_Believers_members	=	1.0000
http://dbkwik.webdatacommons.org/marvelcinematicuniverse.wikia.com/resource/Ben_Thompson	http://dbkwik.webdatacommons.org/marvel.wikia.com/resource/Ben_Thompson	=	1.0000
http://marvelcinematicuniverse.wikia.com/wiki/Special:FilePath/Howard_Stark%27s_Notebook.png	http://marvel.wikia.com/wiki/Special:FilePath/Howard_Stark%27s_Notebook.png	=	1.0000
http://dbkwik.webdatacommons.org/marvelcinematicuniverse.wikia.com/resource/Jackson_Norriss	http://dbkwik.webdatacommons.org/marvel.wikia.com/resource/Jackson_Norriss	=	1.0000
http://dbkwik.webdatacommons.org/marvelcinematicuniverse.wikia.com/resource/Corvus_Glaive	http://dbkwik.webdatacommons.org/marvel.wikia.com/resource/Corvus_Glaive	=	1.0000
http://dbkwik.webdatacommons.org/marvelcinematicuniverse.wikia.com/resource/Ken_Fink	http://dbkwik.webdatacommons.org/marvel.wikia.com/resource/Ken_Fink	=	1.0000
http://dbkwik.webdatacommons.org/marvelcinematicuniverse.wikia.com/resource/Dark_Dimension	http://dbkwik.webdatacommons.org/marvel.wikia.com/resource/Dark_Dimension	=	1.0000
http://dbkwik.webdatacommons.org/marvelcinematicuniverse.wikia.com/resource/Green	http://dbkwik.webdatacommons.org/marvel.wikia.com/resource/Green	=	1.0000
http://dbkwik.webdatacommons.org/marvelcinematicuniverse.wikia.com/resource/Category:Mercenaries	http://dbkwik.webdatacommons.org/marvel.wikia.com/resource/Category:Mercenaries	=	1.0000
http://dbkwik.webdatacommons.org/marvelcinematicuniverse.wikia.com/resource/Avi_Arad	http://dbkwik.webdatacommons.org/marvel.wikia.com/resource/Avi_Arad	=	1.0000
http://marvelcinematicuniverse.wikia.com/wiki/Special:FilePath/Andy_Lanning.jpg	http://marvel.wikia.com/wiki/Special:FilePath/Andy_Lanning.jpg	=	1.0000
http://dbkwik.webdatacommons.org/marvelcinematicuniverse.wikia.com/resource/Category:Nova_Corps	http://dbkwik.webdatacommons.org/marvel.wikia.com/resource/Category:Nova_Corps	=	1.0000
http://dbkwik.webdatacommons.org/marvelcinematicuniverse.wikia.com/resource/Astrans	http://dbkwik.webdatacommons.org/marvel.wikia.com/resource/Astrans	=	1.0000
http://dbkwik.webdatacommons.org/marvelcinematicuniverse.wikia.com/resource/Benjamin_Donovan	http://dbkwik.webdatacommons.org/marvel.wikia.com/resource/Benjamin_Donovan	=	1.0000
http://dbkwik.webdatacommons.org/marvelcinematicuniverse.wikia.com/resource/Idaho_(state)	http://dbkwik.webdatacommons.org/marvel.wikia.com/resource/Idaho_(State)	=	1.0000
http://marvelcinematicuniverse.wikia.com/wiki/Special:FilePath/Chris_Allen.jpg?width=300	http://marvel.wikia.com/wiki/Special:FilePath/Chris_Allen.jpg?width=300	=	1.0000
http://marvelcinematicuniverse.wikia.com/wiki/Special:FilePath/Joe_Cornish.jpg	http://marvel.wikia.com/wiki/Special:FilePath/Joe_Cornish.jpg	=	1.0000
http://marvelcinematicuniverse.wikia.com/wiki/Special:FilePath/Stark_Expo_1964.jpg	http://marvel.wikia.com/wiki/Special:FilePath/Stark_Expo_1964.jpg	=	1.0000
http://dbkwik.webdatacommons.org/marvelcinematicuniverse.wikia.com/resource/Backscatter_X-Ray_Eye_Implant	http://dbkwik.webdatacommons.org/marvel.wikia.com/resource/Backscatter_X-Ray_Eye_Implant	=	1.0000
http://dbkwik.webdatacommons.org/marvelcinematicuniverse.wikia.com/resource/Guy_Ferland	http://dbkwik.webdatacommons.org/marvel.wikia.com/resource/Guy_Ferland	=	1.0000
http://marvelcinematicuniverse.wikia.com/wiki/Special:FilePath/Luke_cage.png	http://marvel.wikia.com/wiki/Special:FilePath/Luke_Cage.png	=	1.0000
http://marvelcinematicuniverse.wikia.com/wiki/Special:FilePath/Patsy_Walker,_A.K.A._Hellcat!_Vol_1_7_Tedesco_Variant.jpg	http://marvel.wikia.com/wiki/Special:FilePath/Patsy_Walker,_A.K.A._Hellcat!_Vol_1_7_Tedesco_Variant.jpg	=	1.0000
http://dbkwik.webdatacommons.org/marvelcinematicuniverse.wikia.com/resource/Ice_Worms	http://dbkwik.webdatacommons.org/marvel.wikia.com/resource/Ice_Worms	=	1.0000
http://dbkwik.webdatacommons.org/marvelcinematicuniverse.wikia.com/resource/Miguel_Ferrer	http://dbkwik.webdatacommons.org/marvel.wikia.com/resource/Miguel_Ferrer	=	1.0000
http://dbkwik.webdatacommons.org/marvelcinematicuniverse.wikia.com/resource/Ray_Schoonover	http://dbkwik.webdatacommons.org/marvel.wikia.com/resource/Ray_Schoonover	=	1.0000
http://dbkwik.webdatacommons.org/marvelcinematicuniverse.wikia.com/resource/Chris_Sotomayor	http://dbkwik.webdatacommons.org/marvel.wikia.com/resource/Chris_Sotomayor	=	1.0000
http://dbkwik.webdatacommons.org/marvelcinematicuniverse.wikia.com/resource/Category:Skrulls	http://dbkwik.webdatacommons.org/marvel.wikia.com/resource/Category:Skrulls	=	1.0000
http://dbkwik.webdatacommons.org/marvelcinematicuniverse.wikia.com/resource/Mister_Immortal	http://dbkwik.webdatacommons.org/marvel.wikia.com/resource/Mister_Immortal	=	1.0000
http://marvelcinematicuniverse.wikia.com/wiki/Special:FilePath/Derec_Aucoin.jpg?width=300	http://marvel.wikia.com/wiki/Special:FilePath/Derec_Aucoin.jpg?width=300	=	1.0000
http://marvelcinematicuniverse.wikia.com/wiki/Special:FilePath/Liz_Friedman.jpg?width=300	http://marvel.wikia.com/wiki/Special:FilePath/Liz_Friedman.jpg?width=300	=	1.0000
http://dbkwik.webdatacommons.org/marvelcinematicuniverse.wikia.com/resource/Web-Shooters/Gallery	http://dbkwik.webdatacommons.org/marvel.wikia.com/resource/Web-Shooters/Gallery	=	1.0000
http://dbkwik.webdatacommons.org/marvelcinematicuniverse.wikia.com/resource/Karl_Malus	http://dbkwik.webdatacommons.org/marvel.wikia.com/resource/Karl_Malus	=	1.0000
http://dbkwik.webdatacommons.org/marvelcinematicuniverse.wikia.com/resource/Glasgow	http://dbkwik.webdatacommons.org/marvel.wikia.com/resource/Glasgow	=	1.0000
http://marvelcinematicuniverse.wikia.com/wiki/Special:FilePath/Steve_Scott.jpg?width=300	http://marvel.wikia.com/wiki/Special:FilePath/Steve_Scott.jpg?width=300	=	1.0000
http://dbkwik.webdatacommons.org/marvelcinematicuniverse.wikia.com/resource/Philadelphia	http://dbkwik.webdatacommons.org/marvel.wikia.com/resource/Philadelphia	=	1.0000
http://marvelcinematicuniverse.wikia.com/wiki/Special:FilePath/Chris_Sotomayor.jpg	http://marvel.wikia.com/wiki/Special:FilePath/Chris_Sotomayor.jpg	=	1.0000
http://dbkwik.webdatacommons.org/marvelcinematicuniverse.wikia.com/resource/Fimbuldraugr	http://dbkwik.webdatacommons.org/marvel.wikia.com/resource/Fimbuldraugr	=	1.0000
http://dbkwik.webdatacommons.org/marvelcinematicuniverse.wikia.com/resource/Mark_Basso	http://dbkwik.webdatacommons.org/marvel.wikia.com/resource/Mark_Basso	=	1.0000
http://dbkwik.webdatacommons.org/marvelcinematicuniverse.wikia.com/resource/Contraxia	http://dbkwik.webdatacommons.org/marvel.wikia.com/resource/Contraxia	=	1.0000
http://marvelcinematicuniverse.wikia.com/wiki/Special:FilePath/Flag_of_Croatia.png	http://marvel.wikia.com/wiki/Special:FilePath/Flag_of_Croatia.png	=	1.0000
http://dbkwik.webdatacommons.org/marvelcinematicuniverse.wikia.com/resource/Mysterio	http://dbkwik.webdatacommons.org/marvel.wikia.com/resource/Mysterio	=	1.0000
http://dbkwik.webdatacommons.org/marvelcinematicuniverse.wikia.com/property/realName	http://dbkwik.webdatacommons.org/marvel.wikia.com/property/realname	=	1.0000
http://marvelcinematicuniverse.wikia.com/wiki/Special:FilePath/Flag_of_Nigeria.png?width=300	http://marvel.wikia.com/wiki/Special:FilePath/Flag_of_Nigeria.png?width=300	=	1.0000
http://dbkwik.webdatacommons.org/marvelcinematicuniverse.wikia.com/resource/Sonny_Burch	http://dbkwik.webdatacommons.org/marvel.wikia.com/resource/Sonny_Burch	=	1.0000
http://dbkwik.webdatacommons.org/marvelcinematicuniverse.wikia.com/resource/Robert_Rodat	http://dbkwik.webdatacommons.org/marvel.wikia.com/resource/Robert_Rodat	=	1.0000
http://dbkwik.webdatacommons.org/marvelcinematicuniverse.wikia.com/resource/Strategic_Scientific_Reserve	http://dbkwik.webdatacommons.org/marvel.wikia.com/resource/Strategic_Scientific_Reserve	=	1.0000
http://dbkwik.webdatacommons.org/marvelcinematicuniverse.wikia.com/resource/Renato_Arlem	http://dbkwik.webdatacommons.org/marvel.wikia.com/resource/Renato_Arlem	=	1.0000
http://marvelcinematicuniverse.wikia.com/wiki/Special:FilePath/Roxon_Norco.jpg	http://marvel.wikia.com/wiki/Special:FilePath/RoxonNorco.jpg	=	1.0000
http://marvelcinematicuniverse.wikia.com/wiki/Special:FilePath/Millicent_Shelton.jpg?width=300	http://marvel.wikia.com/wiki/Special:FilePath/Millicent_Shelton.jpg?width=300	=	1.0000
http://dbkwik.webdatacommons.org/marvelcinematicuniverse.wikia.com/resource/Gnucci_Crime_Family	http://dbkwik.webdatacommons.org/marvel.wikia.com/resource/Gnucci_Crime_Family	=	1.0000
http://dbkwik.webdatacommons.org/marvelcinematicuniverse.wikia.com/resource/Harley_Keener	http://dbkwik.webdatacommons.org/marvel.wikia.com/resource/Harley_Keener	=	1.0000
http://dbkwik.webdatacommons.org/marvelcinematicuniverse.wikia.com/resource/2018	http://dbkwik.webdatacommons.org/marvel.wikia.com/resource/2018	=	1.0000
http://dbkwik.webdatacommons.org/marvelcinematicuniverse.wikia.com/resource/New_Hampshire	http://dbkwik.webdatacommons.org/marvel.wikia.com/resource/New_Hampshire	=	1.0000
http://dbkwik.webdatacommons.org/marvelcinematicuniverse.wikia.com/resource/Buenos_Aires	http://dbkwik.webdatacommons.org/marvel.wikia.com/resource/Buenos_Aires	=	1.0000
http://dbkwik.webdatacommons.org/marvelcinematicuniverse.wikia.com/resource/Genetic_Council	http://dbkwik.webdatacommons.org/marvel.wikia.com/resource/Genetic_Council	=	1.0000
http://marvelcinematicuniverse.wikia.com/wiki/Special:FilePath/ICER.png?width=300	http://marvel.wikia.com/wiki/Special:FilePath/ICER.png?width=300	=	1.0000
http://dbkwik.webdatacommons.org/marvelcinematicuniverse.wikia.com/resource/Raina	http://dbkwik.webdatacommons.org/marvel.wikia.com/resource/Raina	=	1.0000
http://dbkwik.webdatacommons.org/marvelcinematicuniverse.wikia.com/resource/Mitchell_Ellison	http://dbkwik.webdatacommons.org/marvel.wikia.com/resource/Mitchell_Ellison	=	1.0000
http://dbkwik.webdatacommons.org/marvelcinematicuniverse.wikia.com/resource/Hunan	http://dbkwik.webdatacommons.org/marvel.wikia.com/resource/Hunan	=	1.0000
http://dbkwik.webdatacommons.org/marvelcinematicuniverse.wikia.com/resource/Terrigenesis	http://dbkwik.webdatacommons.org/marvel.wikia.com/resource/Terrigenesis	=	1.0000
http://dbkwik.webdatacommons.org/marvelcinematicuniverse.wikia.com/resource/Anne_Marie_Hoag	http://dbkwik.webdatacommons.org/marvel.wikia.com/resource/Anne_Marie_Hoag	=	1.0000
http://dbkwik.webdatacommons.org/marvelcinematicuniverse.wikia.com/resource/Gibraltar	http://dbkwik.webdatacommons.org/marvel.wikia.com/resource/Gibraltar	=	1.0000
http://dbkwik.webdatacommons.org/marvelcinematicuniverse.wikia.com/resource/Pope	http://dbkwik.webdatacommons.org/marvel.wikia.com/resource/Pope	=	1.0000
http://dbkwik.webdatacommons.org/marvelcinematicuniverse.wikia.com/resource/Drax_the_Destroyer	http://dbkwik.webdatacommons.org/marvel.wikia.com/resource/Drax_the_Destroyer	=	1.0000
http://dbkwik.webdatacommons.org/marvelcinematicuniverse.wikia.com/resource/Wasp	http://dbkwik.webdatacommons.org/marvel.wikia.com/resource/Wasp	=	1.0000
http://dbkwik.webdatacommons.org/marvelcinematicuniverse.wikia.com/resource/Category:Guardians_of_the_Galaxy_Vol._3	http://dbkwik.webdatacommons.org/marvel.wikia.com/resource/Category:Guardians_of_the_Galaxy_Vol_3	=	1.0000
http://marvelcinematicuniverse.wikia.com/wiki/Special:FilePath/Joss_Whedon.jpg	http://marvel.wikia.com/wiki/Special:FilePath/Joss_whedon.jpg	=	1.0000
http://dbkwik.webdatacommons.org/marvelcinematicuniverse.wikia.com/resource/Scythe_Daggers	http://dbkwik.webdatacommons.org/marvel.wikia.com/resource/Scythe_Daggers	=	1.0000
http://marvelcinematicuniverse.wikia.com/wiki/Special:FilePath/Farren_Blackburn.jpg?width=300	http://marvel.wikia.com/wiki/Special:FilePath/Farren_Blackburn.jpg?width=300	=	1.0000
http://dbkwik.webdatacommons.org/marvelcinematicuniverse.wikia.com/resource/Collector%27s_Museum/Gallery	http://dbkwik.webdatacommons.org/marvel.wikia.com/resource/Collector%27s_Museum/Gallery	=	1.0000
http://marvelcinematicuniverse.wikia.com/wiki/Special:FilePath/Stephen_McFeely.jpg?width=300	http://marvel.wikia.com/wiki/Special:FilePath/Stephen_McFeely.jpg?width=300	=	1.0000
http://marvelcinematicuniverse.wikia.com/wiki/Special:FilePath/CaptainAmericaTheFirstAvengerPoster.jpg	http://marvel.wikia.com/wiki/Special:FilePath/Captain_America_The_First_Avenger_poster.jpg	=	1.0000
http://dbkwik.webdatacommons.org/marvelcinematicuniverse.wikia.com/resource/Nepal	http://dbkwik.webdatacommons.org/marvel.wikia.com/resource/Nepal	=	1.0000
http://dbkwik.webdatacommons.org/marvelcinematicuniverse.wikia.com/resource/Hammond_Labs	http://dbkwik.webdatacommons.org/marvel.wikia.com/resource/Hammond_Labs	=	1.0000
http://marvelcinematicuniverse.wikia.com/wiki/Special:FilePath/Guest_House.png	http://marvel.wikia.com/wiki/Special:FilePath/Guest_House.png	=	1.0000
http://dbkwik.webdatacommons.org/marvelcinematicuniverse.wikia.com/resource/Michael_Rymer	http://dbkwik.webdatacommons.org/marvel.wikia.com/resource/Michael_Rymer	=	1.0000
http://dbkwik.webdatacommons.org/marvelcinematicuniverse.wikia.com/resource/Gail_Barringer	http://dbkwik.webdatacommons.org/marvel.wikia.com/resource/Gail_Barringer	=	1.0000
http://dbkwik.webdatacommons.org/marvelcinematicuniverse.wikia.com/resource/Frank_Castle,_Jr.	http://dbkwik.webdatacommons.org/marvel.wikia.com/resource/Frank_Castle,_Jr.	=	1.0000
http://marvelcinematicuniverse.wikia.com/wiki/Special:FilePath/Michael_Jones-Morales.jpg	http://marvel.wikia.com/wiki/Special:FilePath/Michael_Jones-Morales.jpg	=	1.0000
http://dbkwik.webdatacommons.org/marvelcinematicuniverse.wikia.com/resource/Triskelion	http://dbkwik.webdatacommons.org/marvel.wikia.com/resource/Triskelion	=	1.0000
http://dbkwik.webdatacommons.org/marvelcinematicuniverse.wikia.com/resource/Eugene_Lee	http://dbkwik.webdatacommons.org/marvel.wikia.com/resource/Eugene_Lee	=	1.0000
http://marvelcinematicuniverse.wikia.com/wiki/Special:FilePath/Flag_of_Egypt.png?width=300	http://marvel.wikia.com/wiki/Special:FilePath/Flag_of_Egypt.png?width=300	=	1.0000
http://dbkwik.webdatacommons.org/marvelcinematicuniverse.wikia.com/resource/Dwight_Little	http://dbkwik.webdatacommons.org/marvel.wikia.com/resource/Dwight_Little	=	1.0000
http://dbkwik.webdatacommons.org/marvelcinematicuniverse.wikia.com/resource/Diviner	http://dbkwik.webdatacommons.org/marvel.wikia.com/resource/Diviner	=	1.0000
http://dbkwik.webdatacommons.org/marvelcinematicuniverse.wikia.com/resource/Black_Order	http://dbkwik.webdatacommons.org/marvel.wikia.com/resource/Black_Order	=	1.0000
http://dbkwik.webdatacommons.org/marvelcinematicuniverse.wikia.com/resource/Willowdale	http://dbkwik.webdatacommons.org/marvel.wikia.com/resource/Willowdale	=	1.0000
http://dbkwik.webdatacommons.org/marvelcinematicuniverse.wikia.com/resource/Muspelheim	http://dbkwik.webdatacommons.org/marvel.wikia.com/resource/Muspelheim	=	1.0000
http://dbkwik.webdatacommons.org/marvelcinematicuniverse.wikia.com/resource/Ronan_the_Accuser	http://dbkwik.webdatacommons.org/marvel.wikia.com/resource/Ronan_the_Accuser	=	1.0000
http://marvelcinematicuniverse.wikia.com/wiki/Special:FilePath/Spider-Man_Homecoming_Morning_Rush_Vol_1_1.jpg	http://marvel.wikia.com/wiki/Special:FilePath/Spider-Man_Homecoming_Morning_Rush_Vol_1_1.jpg	=	1.0000
http://dbkwik.webdatacommons.org/marvelcinematicuniverse.wikia.com/resource/Steve_Englehart	http://dbkwik.webdatacommons.org/marvel.wikia.com/resource/Steve_Englehart	=	1.0000
http://dbkwik.webdatacommons.org/marvelcinematicuniverse.wikia.com/resource/Cleveland	http://dbkwik.webdatacommons.org/marvel.wikia.com/resource/Cleveland	=	1.0000
http://dbkwik.webdatacommons.org/marvelcinematicuniverse.wikia.com/resource/Irani_Rael	http://dbkwik.webdatacommons.org/marvel.wikia.com/resource/Irani_Rael	=	1.0000
http://dbkwik.webdatacommons.org/marvelcinematicuniverse.wikia.com/resource/Proxima_Midnight%27s_Spear	http://dbkwik.webdatacommons.org/marvel.wikia.com/resource/Proxima_Midnight%27s_Spear	=	1.0000
http://marvelcinematicuniverse.wikia.com/wiki/Special:FilePath/War_Machine.png	http://marvel.wikia.com/wiki/Special:FilePath/War_machine.png	=	1.0000
http://dbkwik.webdatacommons.org/marvelcinematicuniverse.wikia.com/resource/Category:Wizard	http://dbkwik.webdatacommons.org/marvel.wikia.com/resource/Category:Wizard	=	1.0000
http://dbkwik.webdatacommons.org/marvelcinematicuniverse.wikia.com/resource/Hammer_Industries	http://dbkwik.webdatacommons.org/marvel.wikia.com/resource/Hammer_Industries	=	1.0000
http://marvelcinematicuniverse.wikia.com/wiki/Special:FilePath/Widowsbite.jpg	http://marvel.wikia.com/wiki/Special:FilePath/Widowsbite.jpg	=	1.0000
http://dbkwik.webdatacommons.org/marvelcinematicuniverse.wikia.com/resource/Titanium_Man	http://dbkwik.webdatacommons.org/marvel.wikia.com/resource/Titanium_Man	=	1.0000
http://dbkwik.webdatacommons.org/marvelcinematicuniverse.wikia.com/resource/Category:Green_Eyes	http://dbkwik.webdatacommons.org/marvel.wikia.com/resource/Category:Green_Eyes	=	1.0000
http://dbkwik.webdatacommons.org/marvelcinematicuniverse.wikia.com/resource/Holden_Radcliffe	http://dbkwik.webdatacommons.org/marvel.wikia.com/resource/Holden_Radcliffe	=	1.0000
http://marvelcinematicuniverse.wikia.com/wiki/Special:FilePath/Classic_Iron_Man.jpg?width=300	http://marvel.wikia.com/wiki/Special:FilePath/classic-iron-man.jpg?width=300	=	1.0000
http://marvelcinematicuniverse.wikia.com/wiki/Special:FilePath/Jim_Starlin.jpg?width=300	http://marvel.wikia.com/wiki/Special:FilePath/Jim_Starlin.jpg?width=300	=	1.0000
http://marvelcinematicuniverse.wikia.com/wiki/Special:FilePath/Iron_Man_2_Poster.jpg	http://marvel.wikia.com/wiki/Special:FilePath/Iron_Man_2_poster.jpg	=	1.0000
http://marvelcinematicuniverse.wikia.com/wiki/Special:FilePath/Raelle_Tucker.jpg	http://marvel.wikia.com/wiki/Special:FilePath/Raelle_Tucker.jpg	=	1.0000
http://dbkwik.webdatacommons.org/marvelcinematicuniverse.wikia.com/resource/Peter_Leto	http://dbkwik.webdatacommons.org/marvel.wikia.com/resource/Peter_Leto	=	1.0000
http://dbkwik.webdatacommons.org/marvelcinematicuniverse.wikia.com/resource/Patrick_Norris	http://dbkwik.webdatacommons.org/marvel.wikia.com/resource/Patrick_Norris	=	1.0000
http://dbkwik.webdatacommons.org/marvelcinematicuniverse.wikia.com/resource/Arc_Reactor/Gallery	http://dbkwik.webdatacommons.org/marvel.wikia.com/resource/Arc_Reactor/Gallery	=	1.0000
http://dbkwik.webdatacommons.org/marvelcinematicuniverse.wikia.com/resource/Korath_the_Pursuer	http://dbkwik.webdatacommons.org/marvel.wikia.com/resource/Korath_the_Pursuer	=	1.0000
http://dbkwik.webdatacommons.org/marvelcinematicuniverse.wikia.com/resource/John_Garrett	http://dbkwik.webdatacommons.org/marvel.wikia.com/resource/John_Garrett	=	1.0000
http://dbkwik.webdatacommons.org/marvelcinematicuniverse.wikia.com/resource/New_York_State_Supreme_Court_Building	http://dbkwik.webdatacommons.org/marvel.wikia.com/resource/New_York_State_Supreme_Court_Building	=	1.0000
http://marvelcinematicuniverse.wikia.com/wiki/Special:FilePath/Chris_Cheramie.jpg?width=300	http://marvel.wikia.com/wiki/Special:FilePath/Chris_Cheramie.jpg?width=300	=	1.0000
http://dbkwik.webdatacommons.org/marvelcinematicuniverse.wikia.com/resource/Kenya	http://dbkwik.webdatacommons.org/marvel.wikia.com/resource/Kenya	=	1.0000
http://dbkwik.webdatacommons.org/marvelcinematicuniverse.wikia.com/resource/Chris_Fisher	http://dbkwik.webdatacommons.org/marvel.wikia.com/resource/Chris_Fisher	=	1.0000
http://dbkwik.webdatacommons.org/marvelcinematicuniverse.wikia.com/resource/Category:Cities	http://dbkwik.webdatacommons.org/marvel.wikia.com/resource/Category:Cities	=	1.0000
http://dbkwik.webdatacommons.org/marvelcinematicuniverse.wikia.com/property/years	http://dbkwik.webdatacommons.org/marvel.wikia.com/property/years	=	1.0000
http://dbkwik.webdatacommons.org/marvelcinematicuniverse.wikia.com/resource/Bethesda	http://dbkwik.webdatacommons.org/marvel.wikia.com/resource/Bethesda	=	1.0000
http://marvelcinematicuniverse.wikia.com/wiki/Special:FilePath/Brian_Michael_Bendis.jpg?width=300	http://marvel.wikia.com/wiki/Special:FilePath/;_Brian_Michael_Bendis.jpg?width=300	=	1.0000
http://dbkwik.webdatacommons.org/marvelcinematicuniverse.wikia.com/resource/Charleston	http://dbkwik.webdatacommons.org/marvel.wikia.com/resource/Charleston	=	1.0000
http://dbkwik.webdatacommons.org/marvelcinematicuniverse.wikia.com/resource/New_York_City	http://dbkwik.webdatacommons.org/marvel.wikia.com/resource/New_York_City	=	1.0000
http://dbkwik.webdatacommons.org/marvelcinematicuniverse.wikia.com/resource/Priest	http://dbkwik.webdatacommons.org/marvel.wikia.com/resource/Priest	=	1.0000
http://dbkwik.webdatacommons.org/marvelcinematicuniverse.wikia.com/resource/John_Hancock	http://dbkwik.webdatacommons.org/marvel.wikia.com/resource/John_Hancock	=	1.0000
http://dbkwik.webdatacommons.org/marvelcinematicuniverse.wikia.com/resource/Daredevil%27s_Suit/Gallery	http://dbkwik.webdatacommons.org/marvel.wikia.com/resource/Daredevil%27s_Suit/Gallery	=	1.0000
http://marvelcinematicuniverse.wikia.com/wiki/Special:FilePath/Lisa_Lassek.jpg	http://marvel.wikia.com/wiki/Special:FilePath/Lisa_Lassek.jpg	=	1.0000
http://dbkwik.webdatacommons.org/marvelcinematicuniverse.wikia.com/resource/Nicaragua	http://dbkwik.webdatacommons.org/marvel.wikia.com/resource/Nicaragua	=	1.0000
http://dbkwik.webdatacommons.org/marvelcinematicuniverse.wikia.com/resource/World_Security_Council	http://dbkwik.webdatacommons.org/marvel.wikia.com/resource/World_Security_Council	=	1.0000
http://dbkwik.webdatacommons.org/marvelcinematicuniverse.wikia.com/resource/Ricky	http://dbkwik.webdatacommons.org/marvel.wikia.com/resource/Ricky	=	1.0000
http://dbkwik.webdatacommons.org/marvelcinematicuniverse.wikia.com/resource/Singapore	http://dbkwik.webdatacommons.org/marvel.wikia.com/resource/Singapore	=	1.0000
http://dbkwik.webdatacommons.org/marvelcinematicuniverse.wikia.com/resource/Sakaarans	http://dbkwik.webdatacommons.org/marvel.wikia.com/resource/Sakaarans	=	1.0000
http://dbkwik.webdatacommons.org/marvelcinematicuniverse.wikia.com/resource/Benatar	http://dbkwik.webdatacommons.org/marvel.wikia.com/resource/Benatar	=	1.0000
http://dbkwik.webdatacommons.org/marvelcinematicuniverse.wikia.com/resource/Sabrina_Plisco	http://dbkwik.webdatacommons.org/marvel.wikia.com/resource/Sabrina_Plisco	=	1.0000
http://dbkwik.webdatacommons.org/marvelcinematicuniverse.wikia.com/resource/Smitty	http://dbkwik.webdatacommons.org/marvel.wikia.com/resource/Smitty	=	1.0000
http://dbkwik.webdatacommons.org/marvelcinematicuniverse.wikia.com/resource/United_States_Secret_Service	http://dbkwik.webdatacommons.org/marvel.wikia.com/resource/United_States_Secret_Service	=	1.0000
http://dbkwik.webdatacommons.org/marvelcinematicuniverse.wikia.com/resource/India	http://dbkwik.webdatacommons.org/marvel.wikia.com/resource/India	=	1.0000
http://dbkwik.webdatacommons.org/marvelcinematicuniverse.wikia.com/resource/Category:Trolls	http://dbkwik.webdatacommons.org/marvel.wikia.com/resource/Category:Trolls	=	1.0000
http://dbkwik.webdatacommons.org/marvelcinematicuniverse.wikia.com/resource/Ulik	http://dbkwik.webdatacommons.org/marvel.wikia.com/resource/Ulik	=	1.0000
http://dbkwik.webdatacommons.org/marvelcinematicuniverse.wikia.com/resource/Jason_Ionello	http://dbkwik.webdatacommons.org/marvel.wikia.com/resource/Jason_Ionello	=	1.0000
http://marvelcinematicuniverse.wikia.com/wiki/Special:FilePath/Flag_of_North_Korea.png?width=300	http://marvel.wikia.com/wiki/Special:FilePath/Flag_of_North_Korea.png?width=300	=	1.0000
http://dbkwik.webdatacommons.org/marvelcinematicuniverse.wikia.com/resource/Mantis	http://dbkwik.webdatacommons.org/marvel.wikia.com/resource/Mantis	=	1.0000
http://dbkwik.webdatacommons.org/marvelcinematicuniverse.wikia.com/resource/Frigga	http://dbkwik.webdatacommons.org/marvel.wikia.com/resource/Frigga	=	1.0000
http://dbkwik.webdatacommons.org/marvelcinematicuniverse.wikia.com/resource/Georgetown	http://dbkwik.webdatacommons.org/marvel.wikia.com/resource/Georgetown	=	1.0000
http://dbkwik.webdatacommons.org/marvelcinematicuniverse.wikia.com/resource/Category:Lem	http://dbkwik.webdatacommons.org/marvel.wikia.com/resource/Category:Lem	=	1.0000
http://dbkwik.webdatacommons.org/marvelcinematicuniverse.wikia.com/resource/Crimson_Dynamo	http://dbkwik.webdatacommons.org/marvel.wikia.com/resource/Crimson_Dynamo	=	1.0000
http://dbkwik.webdatacommons.org/marvelcinematicuniverse.wikia.com/resource/Retreat	http://dbkwik.webdatacommons.org/marvel.wikia.com/resource/Retreat	=	1.0000
http://marvelcinematicuniverse.wikia.com/wiki/Special:FilePath/Alan_Davis.jpg?width=300	http://marvel.wikia.com/wiki/Special:FilePath/Alan_Davis.jpg?width=300	=	1.0000
http://dbkwik.webdatacommons.org/marvelcinematicuniverse.wikia.com/resource/Panther_Habit	http://dbkwik.webdatacommons.org/marvel.wikia.com/resource/Panther_Habit	=	1.0000
http://marvelcinematicuniverse.wikia.com/wiki/Special:FilePath/Screenshot_2.png?width=300	http://marvel.wikia.com/wiki/Special:FilePath/Screenshot_2.png?width=300	=	1.0000
http://marvelcinematicuniverse.wikia.com/wiki/Special:FilePath/Maxresdefault-7-.jpg?width=300	http://marvel.wikia.com/wiki/Special:FilePath/Maxresdefault-7.jpg?width=300	=	1.0000
http://dbkwik.webdatacommons.org/marvelcinematicuniverse.wikia.com/resource/Alphonso_Mackenzie	http://dbkwik.webdatacommons.org/marvel.wikia.com/resource/Alphonso_Mackenzie	=	1.0000
http://dbkwik.webdatacommons.org/marvelcinematicuniverse.wikia.com/resource/Richmond	http://dbkwik.webdatacommons.org/marvel.wikia.com/resource/Richmond	=	1.0000
http://dbkwik.webdatacommons.org/marvelcinematicuniverse.wikia.com/resource/Roger_Dooley	http://dbkwik.webdatacommons.org/marvel.wikia.com/resource/Roger_Dooley	=	1.0000
http://dbkwik.webdatacommons.org/marvelcinematicuniverse.wikia.com/resource/Russian_Armed_Forces	http://dbkwik.webdatacommons.org/marvel.wikia.com/resource/Russian_Armed_Forces	=	1.0000
http://dbkwik.webdatacommons.org/marvelcinematicuniverse.wikia.com/resource/Kallusians	http://dbkwik.webdatacommons.org/marvel.wikia.com/resource/Kallusians	=	1.0000
http://dbkwik.webdatacommons.org/marvelcinematicuniverse.wikia.com/resource/Josie%27s_Bar	http://dbkwik.webdatacommons.org/marvel.wikia.com/resource/Josie%27s_Bar	=	1.0000
http://marvelcinematicuniverse.wikia.com/wiki/Special:FilePath/Вооруженные_силы.png?width=300	http://marvel.wikia.com/wiki/Special:FilePath/.png?width=300	=	1.0000
http://marvelcinematicuniverse.wikia.com/wiki/Special:FilePath/Will_Corona_Pilgrim.jpg	http://marvel.wikia.com/wiki/Special:FilePath/Will_Corona_Pilgrim.jpg	=	1.0000
http://dbkwik.webdatacommons.org/marvelcinematicuniverse.wikia.com/resource/Poland	http://dbkwik.webdatacommons.org/marvel.wikia.com/resource/Poland	=	1.0000
http://marvelcinematicuniverse.wikia.com/wiki/Special:FilePath/Flag_of_South_Korea.png	http://marvel.wikia.com/wiki/Special:FilePath/Flag_of_South_Korea.png	=	1.0000
http://dbkwik.webdatacommons.org/marvelcinematicuniverse.wikia.com/resource/Alexandria	http://dbkwik.webdatacommons.org/marvel.wikia.com/resource/Alexandria	=	1.0000
http://dbkwik.webdatacommons.org/marvelcinematicuniverse.wikia.com/resource/Seattle	http://dbkwik.webdatacommons.org/marvel.wikia.com/resource/Seattle	=	1.0000
http://dbkwik.webdatacommons.org/marvelcinematicuniverse.wikia.com/resource/Clark_Johnson	http://dbkwik.webdatacommons.org/marvel.wikia.com/resource/Clark_Johnson	=	1.0000
http://dbkwik.webdatacommons.org/marvelcinematicuniverse.wikia.com/resource/Antarctica	http://dbkwik.webdatacommons.org/marvel.wikia.com/resource/Antarctica	=	1.0000
http://dbkwik.webdatacommons.org/marvelcinematicuniverse.wikia.com/resource/Nick_Manolis	http://dbkwik.webdatacommons.org/marvel.wikia.com/resource/Nick_Manolis	=	1.0000
http://dbkwik.webdatacommons.org/marvelcinematicuniverse.wikia.com/resource/HYDRA	http://dbkwik.webdatacommons.org/marvel.wikia.com/resource/Hydra	=	1.0000
http://dbkwik.webdatacommons.org/marvelcinematicuniverse.wikia.com/resource/Flying_Fortress	http://dbkwik.webdatacommons.org/marvel.wikia.com/resource/Flying_Fortress	=	1.0000
http://dbkwik.webdatacommons.org/marvelcinematicuniverse.wikia.com/resource/Kurse	http://dbkwik.webdatacommons.org/marvel.wikia.com/resource/Kurse	=	1.0000
http://marvelcinematicuniverse.wikia.com/wiki/Special:FilePath/John_Dahl.jpg	http://marvel.wikia.com/wiki/Special:FilePath/John_Dahl.jpg	=	1.0000
http://marvelcinematicuniverse.wikia.com/wiki/Special:FilePath/Luke_cage.png?width=300	http://marvel.wikia.com/wiki/Special:FilePath/Luke_Cage.png?width=300	=	1.0000
http://dbkwik.webdatacommons.org/marvelcinematicuniverse.wikia.com/resource/Christine_Palmer	http://dbkwik.webdatacommons.org/marvel.wikia.com/resource/Christine_Palmer	=	1.0000
http://dbkwik.webdatacommons.org/marvelcinematicuniverse.wikia.com/resource/Vector	http://dbkwik.webdatacommons.org/marvel.wikia.com/resource/Vector	=	1.0000
http://marvelcinematicuniverse.wikia.com/wiki/Special:FilePath/Flag_of_Bahrain.png?width=300	http://marvel.wikia.com/wiki/Special:FilePath/Flag_of_Bahrain.png?width=300	=	1.0000
http://marvelcinematicuniverse.wikia.com/wiki/Special:FilePath/IronMonger.jpg	http://marvel.wikia.com/wiki/Special:FilePath/Iron_Monger.jpg	=	1.0000
http://dbkwik.webdatacommons.org/marvelcinematicuniverse.wikia.com/resource/Louis_D%27Esposito	http://dbkwik.webdatacommons.org/marvel.wikia.com/resource/Louis_D%27Esposito	=	1.0000
http://dbkwik.webdatacommons.org/marvelcinematicuniverse.wikia.com/resource/Switzerland	http://dbkwik.webdatacommons.org/marvel.wikia.com/resource/Switzerland	=	1.0000
http://dbkwik.webdatacommons.org/marvelcinematicuniverse.wikia.com/resource/Frank_D%27Armata	http://dbkwik.webdatacommons.org/marvel.wikia.com/resource/Frank_D%27Armata	=	1.0000
http://marvelcinematicuniverse.wikia.com/wiki/Special:FilePath/Ryan_Sands.jpg?width=300	http://marvel.wikia.com/wiki/Special:FilePath/Ryan_Sands.jpg?width=300	=	1.0000
http://marvelcinematicuniverse.wikia.com/wiki/Special:FilePath/Uta_Briesewitz.jpg?width=300	http://marvel.wikia.com/wiki/Special:FilePath/Uta_Briesewitz.jpg?width=300	=	1.0000
http://marvelcinematicuniverse.wikia.com/wiki/Special:FilePath/Hulk.png?width=300	http://marvel.wikia.com/wiki/Special:FilePath/Hulk.png?width=300	=	1.0000
http://dbkwik.webdatacommons.org/marvelcinematicuniverse.wikia.com/resource/Billy_Gierhart	http://dbkwik.webdatacommons.org/marvel.wikia.com/resource/Billy_Gierhart	=	1.0000
http://marvelcinematicuniverse.wikia.com/wiki/Special:FilePath/Phil_Abraham.jpg?width=300	http://marvel.wikia.com/wiki/Special:FilePath/Phil_Abraham.jpg?width=300	=	1.0000
http://marvelcinematicuniverse.wikia.com/wiki/Special:FilePath/Flag_of_Argentina.png?width=300	http://marvel.wikia.com/wiki/Special:FilePath/Flag_of_Argentina.png?width=300	=	1.0000
http://dbkwik.webdatacommons.org/marvelcinematicuniverse.wikia.com/resource/Bermuda_Triangle	http://dbkwik.webdatacommons.org/marvel.wikia.com/resource/Bermuda_Triangle	=	1.0000
http://marvelcinematicuniverse.wikia.com/wiki/Special:FilePath/Flag_of_Hungary.png	http://marvel.wikia.com/wiki/Special:FilePath/Flag_of_Hungary.png	=	1.0000
http://dbkwik.webdatacommons.org/marvelcinematicuniverse.wikia.com/resource/Medusa	http://dbkwik.webdatacommons.org/marvel.wikia.com/resource/Medusa	=	1.0000
http://dbkwik.webdatacommons.org/marvelcinematicuniverse.wikia.com/resource/Nick_Filardi	http://dbkwik.webdatacommons.org/marvel.wikia.com/resource/Nick_Filardi	=	1.0000
http://dbkwik.webdatacommons.org/marvelcinematicuniverse.wikia.com/resource/Guna	http://dbkwik.webdatacommons.org/marvel.wikia.com/resource/Guna	=	1.0000
http://dbkwik.webdatacommons.org/marvelcinematicuniverse.wikia.com/resource/Tuscany	http://dbkwik.webdatacommons.org/marvel.wikia.com/resource/Tuscany	=	1.0000
http://marvelcinematicuniverse.wikia.com/wiki/Special:FilePath/Flag_of_Thailand.png	http://marvel.wikia.com/wiki/Special:FilePath/Flag_of_Thailand.png	=	1.0000
http://dbkwik.webdatacommons.org/marvelcinematicuniverse.wikia.com/resource/Category:Humans	http://dbkwik.webdatacommons.org/marvel.wikia.com/resource/Category:Humans	=	1.0000
http://marvelcinematicuniverse.wikia.com/wiki/Special:FilePath/Flag_of_Turkey.png	http://marvel.wikia.com/wiki/Special:FilePath/Flag_of_Turkey.png	=	1.0000
http://marvelcinematicuniverse.wikia.com/wiki/Special:FilePath/Richard_Isanove.jpg?width=300	http://marvel.wikia.com/wiki/Special:FilePath/Richard_Isanove.jpg?width=300	=	1.0000
http://marvelcinematicuniverse.wikia.com/wiki/Special:FilePath/StarlordandGamoraabouttoKiss.png?width=300	http://marvel.wikia.com/wiki/Special:FilePath/StarlordandGamoraabouttoKiss.png?width=300	=	1.0000
http://dbkwik.webdatacommons.org/marvelcinematicuniverse.wikia.com/resource/Framework	http://dbkwik.webdatacommons.org/marvel.wikia.com/resource/Framework	=	1.0000
http://dbkwik.webdatacommons.org/marvelcinematicuniverse.wikia.com/resource/Empire_State_University	http://dbkwik.webdatacommons.org/marvel.wikia.com/resource/Empire_State_University	=	1.0000
http://dbkwik.webdatacommons.org/marvelcinematicuniverse.wikia.com/resource/Arlington	http://dbkwik.webdatacommons.org/marvel.wikia.com/resource/Arlington	=	1.0000
http://dbkwik.webdatacommons.org/marvelcinematicuniverse.wikia.com/resource/Ned_Leeds	http://dbkwik.webdatacommons.org/marvel.wikia.com/resource/Ned_Leeds	=	1.0000
http://dbkwik.webdatacommons.org/marvelcinematicuniverse.wikia.com/resource/Category:Framework	http://dbkwik.webdatacommons.org/marvel.wikia.com/resource/Category:Framework	=	1.0000
http://dbkwik.webdatacommons.org/marvelcinematicuniverse.wikia.com/resource/Category:Sakaarans	http://dbkwik.webdatacommons.org/marvel.wikia.com/resource/Category:Sakaarans	=	1.0000
http://marvelcinematicuniverse.wikia.com/wiki/Special:FilePath/Flag_of_Portugal.png?width=300	http://marvel.wikia.com/wiki/Special:FilePath/Flag_of_Portugal.png?width=300	=	1.0000
http://dbkwik.webdatacommons.org/marvelcinematicuniverse.wikia.com/resource/Flash_Thompson	http://dbkwik.webdatacommons.org/marvel.wikia.com/resource/Flash_Thompson	=	1.0000
http://dbkwik.webdatacommons.org/marvelcinematicuniverse.wikia.com/resource/Yemen	http://dbkwik.webdatacommons.org/marvel.wikia.com/resource/Yemen	=	1.0000
http://marvelcinematicuniverse.wikia.com/wiki/Special:FilePath/Boston.png?width=300	http://marvel.wikia.com/wiki/Special:FilePath/Boston.png?width=300	=	1.0000
http://dbkwik.webdatacommons.org/marvelcinematicuniverse.wikia.com/resource/Honolulu_Police_Department	http://dbkwik.webdatacommons.org/marvel.wikia.com/resource/Honolulu_Police_Department	=	1.0000
http://marvelcinematicuniverse.wikia.com/wiki/Special:FilePath/Jet_Wilkinson.jpg?width=300	http://marvel.wikia.com/wiki/Special:FilePath/Jet_Wilkinson.jpg?width=300	=	1.0000
http://marvelcinematicuniverse.wikia.com/wiki/Special:FilePath/Joe_Casey.jpg	http://marvel.wikia.com/wiki/Special:FilePath/Joe_Casey.jpg	=	1.0000
http://dbkwik.webdatacommons.org/marvelcinematicuniverse.wikia.com/resource/Millicent_Shelton	http://dbkwik.webdatacommons.org/marvel.wikia.com/resource/Millicent_Shelton	=	1.0000
http://dbkwik.webdatacommons.org/marvelcinematicuniverse.wikia.com/resource/Busan	http://dbkwik.webdatacommons.org/marvel.wikia.com/resource/Busan	=	1.0000
http://marvelcinematicuniverse.wikia.com/wiki/Special:FilePath/Nina_Lopez-Corrado.jpg	http://marvel.wikia.com/wiki/Special:FilePath/Nina_Lopez-Corrado.jpg	=	1.0000
http://dbkwik.webdatacommons.org/marvelcinematicuniverse.wikia.com/resource/Berserkers	http://dbkwik.webdatacommons.org/marvel.wikia.com/resource/Berserkers	=	1.0000
http://dbkwik.webdatacommons.org/marvelcinematicuniverse.wikia.com/resource/Diablos	http://dbkwik.webdatacommons.org/marvel.wikia.com/resource/Diablos	=	1.0000
http://marvelcinematicuniverse.wikia.com/wiki/Special:FilePath/Tom_Palmer.jpg	http://marvel.wikia.com/wiki/Special:FilePath/Tom_Palmer.jpg	=	1.0000
http://dbkwik.webdatacommons.org/marvelcinematicuniverse.wikia.com/resource/Jose_Molina	http://dbkwik.webdatacommons.org/marvel.wikia.com/resource/Jose_Molina	=	1.0000
http://dbkwik.webdatacommons.org/marvelcinematicuniverse.wikia.com/resource/Bangladesh	http://dbkwik.webdatacommons.org/marvel.wikia.com/resource/Bangladesh	=	1.0000
http://dbkwik.webdatacommons.org/marvelcinematicuniverse.wikia.com/resource/Chris_McCoy	http://dbkwik.webdatacommons.org/marvel.wikia.com/resource/Chris_McCoy	=	1.0000
http://dbkwik.webdatacommons.org/marvelcinematicuniverse.wikia.com/resource/Ron_Underwood	http://dbkwik.webdatacommons.org/marvel.wikia.com/resource/Ron_Underwood	=	1.0000
http://dbkwik.webdatacommons.org/marvelcinematicuniverse.wikia.com/resource/Afterlife	http://dbkwik.webdatacommons.org/marvel.wikia.com/resource/Afterlife	=	1.0000
http://dbkwik.webdatacommons.org/marvelcinematicuniverse.wikia.com/resource/Ralph_Macchio	http://dbkwik.webdatacommons.org/marvel.wikia.com/resource/Ralph_Macchio	=	1.0000
http://dbkwik.webdatacommons.org/marvelcinematicuniverse.wikia.com/resource/Margaret_Stohl	http://dbkwik.webdatacommons.org/marvel.wikia.com/resource/Margaret_Stohl	=	1.0000
http://dbkwik.webdatacommons.org/marvelcinematicuniverse.wikia.com/resource/Rick_Magyar	http://dbkwik.webdatacommons.org/marvel.wikia.com/resource/Rick_Magyar	=	1.0000
http://marvelcinematicuniverse.wikia.com/wiki/Special:FilePath/Tim_Iacofano.jpg	http://marvel.wikia.com/wiki/Special:FilePath/Tim_Iacofano.jpg	=	1.0000
http://dbkwik.webdatacommons.org/marvelcinematicuniverse.wikia.com/resource/Farren_Blackburn	http://dbkwik.webdatacommons.org/marvel.wikia.com/resource/Farren_Blackburn	=	1.0000
http://marvelcinematicuniverse.wikia.com/wiki/Special:FilePath/Paul_Tobin.jpg	http://marvel.wikia.com/wiki/Special:FilePath/Paul_Tobin.jpg	=	1.0000
http://dbkwik.webdatacommons.org/marvelcinematicuniverse.wikia.com/resource/Titan	http://dbkwik.webdatacommons.org/marvel.wikia.com/resource/Titan	=	1.0000
http://dbkwik.webdatacommons.org/marvelcinematicuniverse.wikia.com/resource/Zürich	http://dbkwik.webdatacommons.org/marvel.wikia.com/resource/Zurich	=	1.0000
http://dbkwik.webdatacommons.org/marvelcinematicuniverse.wikia.com/resource/Patriot	http://dbkwik.webdatacommons.org/marvel.wikia.com/resource/Patriot	=	1.0000
http://dbkwik.webdatacommons.org/marvelcinematicuniverse.wikia.com/resource/United_States_Marshals_Service	http://dbkwik.webdatacommons.org/marvel.wikia.com/resource/United_States_Marshals_Service	=	1.0000
http://marvelcinematicuniverse.wikia.com/wiki/Special:FilePath/Wayne_Yip.jpg	http://marvel.wikia.com/wiki/Special:FilePath/Wayne_Yip.jpg	=	1.0000
http://dbkwik.webdatacommons.org/marvelcinematicuniverse.wikia.com/resource/Andy_Lanning	http://dbkwik.webdatacommons.org/marvel.wikia.com/resource/Andy_Lanning	=	1.0000
http://marvelcinematicuniverse.wikia.com/wiki/Special:FilePath/Topaz.jpg	http://marvel.wikia.com/wiki/Special:FilePath/Topaz.jpg	=	1.0000
http://dbkwik.webdatacommons.org/marvelcinematicuniverse.wikia.com/resource/Virginia	http://dbkwik.webdatacommons.org/marvel.wikia.com/resource/Virginia	=	1.0000
http://dbkwik.webdatacommons.org/marvelcinematicuniverse.wikia.com/resource/Robin_Hinton	http://dbkwik.webdatacommons.org/marvel.wikia.com/resource/Robin_Hinton	=	1.0000
http://dbkwik.webdatacommons.org/marvelcinematicuniverse.wikia.com/resource/Fletcher_Heggs	http://dbkwik.webdatacommons.org/marvel.wikia.com/resource/Fletcher_Heggs	=	1.0000
http://marvelcinematicuniverse.wikia.com/wiki/Special:FilePath/Ryan_Sands.jpg	http://marvel.wikia.com/wiki/Special:FilePath/Ryan_Sands.jpg	=	1.0000
http://dbkwik.webdatacommons.org/marvelcinematicuniverse.wikia.com/resource/Hofund/Gallery	http://dbkwik.webdatacommons.org/marvel.wikia.com/resource/Hofund/Gallery	=	1.0000
http://dbkwik.webdatacommons.org/marvelcinematicuniverse.wikia.com/class/reflist	http://dbkwik.webdatacommons.org/marvel.wikia.com/class/reflist	=	1.0000
http://marvelcinematicuniverse.wikia.com/wiki/Special:FilePath/Ami_Canaan_Mann.jpg?width=300	http://marvel.wikia.com/wiki/Special:FilePath/Ami_Canaan_Mann.jpg?width=300	=	1.0000
http://dbkwik.webdatacommons.org/marvelcinematicuniverse.wikia.com/resource/Kree	http://dbkwik.webdatacommons.org/marvel.wikia.com/resource/Kree	=	1.0000
http://dbkwik.webdatacommons.org/marvelcinematicuniverse.wikia.com/resource/Randy%27s_Donuts	http://dbkwik.webdatacommons.org/marvel.wikia.com/resource/Randy%27s_Donuts	=	1.0000
http://marvelcinematicuniverse.wikia.com/wiki/Special:FilePath/Dave_Bullock.jpg	http://marvel.wikia.com/wiki/Special:FilePath/Dave_Bullock.jpg	=	1.0000
http://dbkwik.webdatacommons.org/marvelcinematicuniverse.wikia.com/resource/Category:Studios	http://dbkwik.webdatacommons.org/marvel.wikia.com/resource/Category:Studios	=	1.0000
http://dbkwik.webdatacommons.org/marvelcinematicuniverse.wikia.com/resource/Jabari_Tribe	http://dbkwik.webdatacommons.org/marvel.wikia.com/resource/Jabari_Tribe	=	1.0000
http://dbkwik.webdatacommons.org/marvelcinematicuniverse.wikia.com/resource/Hive	http://dbkwik.webdatacommons.org/marvel.wikia.com/resource/Hive	=	1.0000
http://marvelcinematicuniverse.wikia.com/wiki/Special:FilePath/Daniel_HDR.jpg	http://marvel.wikia.com/wiki/Special:FilePath/Daniel_Hdr.jpg	=	1.0000
http://dbkwik.webdatacommons.org/marvelcinematicuniverse.wikia.com/resource/S.H.I.E.L.D._Jump_Jet	http://dbkwik.webdatacommons.org/marvel.wikia.com/resource/S.H.I.E.L.D._Jump_Jet	=	1.0000
http://dbkwik.webdatacommons.org/marvelcinematicuniverse.wikia.com/resource/Victor_Stein	http://dbkwik.webdatacommons.org/marvel.wikia.com/resource/Victor_Stein	=	1.0000
http://marvelcinematicuniverse.wikia.com/wiki/Special:FilePath/Betty.png?width=300	http://marvel.wikia.com/wiki/Special:FilePath/betty.png?width=300	=	1.0000
http://dbkwik.webdatacommons.org/marvelcinematicuniverse.wikia.com/resource/Pasadena	http://dbkwik.webdatacommons.org/marvel.wikia.com/resource/Pasadena	=	1.0000
http://dbkwik.webdatacommons.org/marvelcinematicuniverse.wikia.com/resource/Jennifer_Getzinger	http://dbkwik.webdatacommons.org/marvel.wikia.com/resource/Jennifer_Getzinger	=	1.0000
http://marvelcinematicuniverse.wikia.com/wiki/Special:FilePath/Peter_Leto.jpg	http://marvel.wikia.com/wiki/Special:FilePath/Peter_Leto.jpg	=	1.0000
http://dbkwik.webdatacommons.org/marvelcinematicuniverse.wikia.com/resource/Category:Template_documentation	http://dbkwik.webdatacommons.org/marvel.wikia.com/resource/Category:Template_Documentation	=	1.0000
http://dbkwik.webdatacommons.org/marvelcinematicuniverse.wikia.com/resource/Ultimo	http://dbkwik.webdatacommons.org/marvel.wikia.com/resource/Ultimo	=	1.0000
http://dbkwik.webdatacommons.org/marvelcinematicuniverse.wikia.com/resource/K%27un-Lun	http://dbkwik.webdatacommons.org/marvel.wikia.com/resource/K%27un-Lun	=	1.0000
http://dbkwik.webdatacommons.org/marvelcinematicuniverse.wikia.com/resource/Gulmira	http://dbkwik.webdatacommons.org/marvel.wikia.com/resource/Gulmira	=	1.0000
http://marvelcinematicuniverse.wikia.com/wiki/Special:FilePath/Scott_Lang_Ant-Man.png	http://marvel.wikia.com/wiki/Special:FilePath/;_Scott_Lang_(Ant-Man).png	=	1.0000
http://dbkwik.webdatacommons.org/marvelcinematicuniverse.wikia.com/resource/Category:Directors	http://dbkwik.webdatacommons.org/marvel.wikia.com/resource/Category:Directors	=	1.0000
http://marvelcinematicuniverse.wikia.com/wiki/Special:FilePath/John_Terlesky.jpg	http://marvel.wikia.com/wiki/Special:FilePath/John_Terlesky.jpg	=	1.0000
http://dbkwik.webdatacommons.org/marvelcinematicuniverse.wikia.com/resource/Brazier_of_Bom%27Galiath	http://dbkwik.webdatacommons.org/marvel.wikia.com/resource/Brazier_of_Bom%27Galiath	=	1.0000
http://dbkwik.webdatacommons.org/marvelcinematicuniverse.wikia.com/resource/Oahu	http://dbkwik.webdatacommons.org/marvel.wikia.com/resource/Oahu	=	1.0000
http://dbkwik.webdatacommons.org/marvelcinematicuniverse.wikia.com/resource/J.A.R.V.I.S.	http://dbkwik.webdatacommons.org/marvel.wikia.com/resource/J.A.R.V.I.S.	=	1.0000
http://marvelcinematicuniverse.wikia.com/wiki/Special:FilePath/Kelly_Van_Horn.jpg?width=300	http://marvel.wikia.com/wiki/Special:FilePath/Kelly_Van_Horn.jpg?width=300	=	1.0000
http://dbkwik.webdatacommons.org/marvelcinematicuniverse.wikia.com/resource/Key_West	http://dbkwik.webdatacommons.org/marvel.wikia.com/resource/Key_West	=	1.0000
http://marvelcinematicuniverse.wikia.com/wiki/Special:FilePath/Smithsonian_Institution.png?width=300	http://marvel.wikia.com/wiki/Special:FilePath/Smithsonian_Institution.png?width=300	=	1.0000
http://dbkwik.webdatacommons.org/marvelcinematicuniverse.wikia.com/resource/West_Virginia	http://dbkwik.webdatacommons.org/marvel.wikia.com/resource/West_Virginia	=	1.0000
http://dbkwik.webdatacommons.org/marvelcinematicuniverse.wikia.com/resource/Peru	http://dbkwik.webdatacommons.org/marvel.wikia.com/resource/Peru	=	1.0000
http://dbkwik.webdatacommons.org/marvelcinematicuniverse.wikia.com/resource/Nora_Zuckerman	http://dbkwik.webdatacommons.org/marvel.wikia.com/resource/Nora_Zuckerman	=	1.0000
http://dbkwik.webdatacommons.org/marvelcinematicuniverse.wikia.com/resource/Hell	http://dbkwik.webdatacommons.org/marvel.wikia.com/resource/Hell	=	1.0000
http://dbkwik.webdatacommons.org/marvelcinematicuniverse.wikia.com/resource/Lake_Ontario	http://dbkwik.webdatacommons.org/marvel.wikia.com/resource/Lake_Ontario	=	1.0000
http://dbkwik.webdatacommons.org/marvelcinematicuniverse.wikia.com/resource/Zephyr_One/Gallery	http://dbkwik.webdatacommons.org/marvel.wikia.com/resource/Zephyr_One/Gallery	=	1.0000
http://dbkwik.webdatacommons.org/marvelcinematicuniverse.wikia.com/resource/Watoomb	http://dbkwik.webdatacommons.org/marvel.wikia.com/resource/Watoomb	=	1.0000
http://marvelcinematicuniverse.wikia.com/wiki/Special:FilePath/Deborah_Chow.jpg?width=300	http://marvel.wikia.com/wiki/Special:FilePath/Deborah_Chow.jpg?width=300	=	1.0000
http://dbkwik.webdatacommons.org/marvelcinematicuniverse.wikia.com/resource/Justin_Hammer	http://dbkwik.webdatacommons.org/marvel.wikia.com/resource/Justin_Hammer	=	1.0000
http://dbkwik.webdatacommons.org/marvelcinematicuniverse.wikia.com/resource/Magnus_Martens	http://dbkwik.webdatacommons.org/marvel.wikia.com/resource/Magnus_Martens	=	1.0000
http://dbkwik.webdatacommons.org/marvelcinematicuniverse.wikia.com/property/gender	http://dbkwik.webdatacommons.org/marvel.wikia.com/property/gender	=	1.0000
http://dbkwik.webdatacommons.org/marvelcinematicuniverse.wikia.com/resource/Michael_Gaydos	http://dbkwik.webdatacommons.org/marvel.wikia.com/resource/Michael_Gaydos	=	1.0000
http://dbkwik.webdatacommons.org/marvelcinematicuniverse.wikia.com/resource/Mairzee_Almas	http://dbkwik.webdatacommons.org/marvel.wikia.com/resource/Mairzee_Almas	=	1.0000
http://dbkwik.webdatacommons.org/marvelcinematicuniverse.wikia.com/resource/Jiaying	http://dbkwik.webdatacommons.org/marvel.wikia.com/resource/Jiaying	=	1.0000
http://dbkwik.webdatacommons.org/marvelcinematicuniverse.wikia.com/resource/Abraham_Erskine	http://dbkwik.webdatacommons.org/marvel.wikia.com/resource/Abraham_Erskine	=	1.0000
http://dbkwik.webdatacommons.org/marvelcinematicuniverse.wikia.com/resource/Sarks	http://dbkwik.webdatacommons.org/marvel.wikia.com/resource/Sarks	=	1.0000
http://marvelcinematicuniverse.wikia.com/wiki/Special:FilePath/Photostatic_Veil.png	http://marvel.wikia.com/wiki/Special:FilePath/Photostatic_Veil.png	=	1.0000
http://dbkwik.webdatacommons.org/marvelcinematicuniverse.wikia.com/resource/The_Sneepers	http://dbkwik.webdatacommons.org/marvel.wikia.com/resource/The_Sneepers	=	1.0000
http://dbkwik.webdatacommons.org/marvelcinematicuniverse.wikia.com/resource/David_Straiton	http://dbkwik.webdatacommons.org/marvel.wikia.com/resource/David_Straiton	=	1.0000
http://dbkwik.webdatacommons.org/marvelcinematicuniverse.wikia.com/resource/Pam	http://dbkwik.webdatacommons.org/marvel.wikia.com/resource/Pam	=	1.0000
http://dbkwik.webdatacommons.org/marvelcinematicuniverse.wikia.com/resource/Category:Events	http://dbkwik.webdatacommons.org/marvel.wikia.com/resource/Category:Events	=	1.0000
http://dbkwik.webdatacommons.org/marvelcinematicuniverse.wikia.com/resource/Florida	http://dbkwik.webdatacommons.org/marvel.wikia.com/resource/Florida	=	1.0000
http://marvelcinematicuniverse.wikia.com/wiki/Special:FilePath/Screenshot_(9).png	http://marvel.wikia.com/wiki/Special:FilePath/Screenshot_9.png	=	1.0000
http://dbkwik.webdatacommons.org/marvelcinematicuniverse.wikia.com/resource/Asano_Robotics	http://dbkwik.webdatacommons.org/marvel.wikia.com/resource/Asano_Robotics	=	1.0000
http://dbkwik.webdatacommons.org/marvelcinematicuniverse.wikia.com/resource/Alan_Mandel	http://dbkwik.webdatacommons.org/marvel.wikia.com/resource/Alan_Mandel	=	1.0000
http://marvelcinematicuniverse.wikia.com/wiki/Special:FilePath/Andy_Lanning.jpg?width=300	http://marvel.wikia.com/wiki/Special:FilePath/Andy_Lanning.jpg?width=300	=	1.0000
http://dbkwik.webdatacommons.org/marvelcinematicuniverse.wikia.com/resource/Category:Life-Model_Decoys	http://dbkwik.webdatacommons.org/marvel.wikia.com/resource/Category:Life-Model_Decoys	=	1.0000
http://marvelcinematicuniverse.wikia.com/wiki/Special:FilePath/Rodney_Barnes.jpg?width=300	http://marvel.wikia.com/wiki/Special:FilePath/Rodney_Barnes.jpg?width=300	=	1.0000
http://dbkwik.webdatacommons.org/marvelcinematicuniverse.wikia.com/resource/Adi_Granov	http://dbkwik.webdatacommons.org/marvel.wikia.com/resource/Adi_Granov	=	1.0000
http://dbkwik.webdatacommons.org/marvelcinematicuniverse.wikia.com/resource/Orb_of_Agamotto	http://dbkwik.webdatacommons.org/marvel.wikia.com/resource/Orb_of_Agamotto	=	1.0000
http://dbkwik.webdatacommons.org/marvelcinematicuniverse.wikia.com/resource/Valletta	http://dbkwik.webdatacommons.org/marvel.wikia.com/resource/Valletta	=	1.0000
http://dbkwik.webdatacommons.org/marvelcinematicuniverse.wikia.com/resource/Category:Maggia_Members	http://dbkwik.webdatacommons.org/marvel.wikia.com/resource/Category:Maggia_members	=	1.0000
http://dbkwik.webdatacommons.org/marvelcinematicuniverse.wikia.com/resource/Jesse_Bochco	http://dbkwik.webdatacommons.org/marvel.wikia.com/resource/Jesse_Bochco	=	1.0000
http://dbkwik.webdatacommons.org/marvelcinematicuniverse.wikia.com/resource/Las_Vegas	http://dbkwik.webdatacommons.org/marvel.wikia.com/resource/Las_Vegas	=	1.0000
http://dbkwik.webdatacommons.org/marvelcinematicuniverse.wikia.com/resource/Mossad	http://dbkwik.webdatacommons.org/marvel.wikia.com/resource/Mossad	=	1.0000
http://dbkwik.webdatacommons.org/marvelcinematicuniverse.wikia.com/resource/Chechnya	http://dbkwik.webdatacommons.org/marvel.wikia.com/resource/Chechnya	=	1.0000
http://dbkwik.webdatacommons.org/marvelcinematicuniverse.wikia.com/resource/Category:Teams	http://dbkwik.webdatacommons.org/marvel.wikia.com/resource/Category:Teams	=	1.0000
http://marvelcinematicuniverse.wikia.com/wiki/Special:FilePath/Videogame.Xray.jpg?width=300	http://marvel.wikia.com/wiki/Special:FilePath/Videogame.Xray.jpg?width=300	=	1.0000
http://dbkwik.webdatacommons.org/marvelcinematicuniverse.wikia.com/resource/Squirrel_Girl	http://dbkwik.webdatacommons.org/marvel.wikia.com/resource/Squirrel_Girl	=	1.0000
http://dbkwik.webdatacommons.org/marvelcinematicuniverse.wikia.com/resource/Crossbones	http://dbkwik.webdatacommons.org/marvel.wikia.com/resource/Crossbones	=	1.0000
http://dbkwik.webdatacommons.org/marvelcinematicuniverse.wikia.com/resource/Randolph_Cherryh	http://dbkwik.webdatacommons.org/marvel.wikia.com/resource/Randolph_Cherryh	=	1.0000
http://marvelcinematicuniverse.wikia.com/wiki/Special:FilePath/L.jpg	http://marvel.wikia.com/wiki/Special:FilePath/l.jpg	=	1.0000
http://dbkwik.webdatacommons.org/marvelcinematicuniverse.wikia.com/resource/Tigh_Walker	http://dbkwik.webdatacommons.org/marvel.wikia.com/resource/Tigh_Walker	=	1.0000
http://dbkwik.webdatacommons.org/marvelcinematicuniverse.wikia.com/resource/Gravitonium/Gallery	http://dbkwik.webdatacommons.org/marvel.wikia.com/resource/Gravitonium/Gallery	=	1.0000
http://dbkwik.webdatacommons.org/marvelcinematicuniverse.wikia.com/resource/Shanghai	http://dbkwik.webdatacommons.org/marvel.wikia.com/resource/Shanghai	=	1.0000
http://dbkwik.webdatacommons.org/marvelcinematicuniverse.wikia.com/resource/Don_Ho	http://dbkwik.webdatacommons.org/marvel.wikia.com/resource/Don_Ho	=	1.0000
http://dbkwik.webdatacommons.org/marvelcinematicuniverse.wikia.com/resource/Sneha_Koorse	http://dbkwik.webdatacommons.org/marvel.wikia.com/resource/Sneha_Koorse	=	1.0000
http://dbkwik.webdatacommons.org/marvelcinematicuniverse.wikia.com/resource/Bogotá	http://dbkwik.webdatacommons.org/marvel.wikia.com/resource/Bogota	=	1.0000
http://dbkwik.webdatacommons.org/marvelcinematicuniverse.wikia.com/resource/Paxton_Page	http://dbkwik.webdatacommons.org/marvel.wikia.com/resource/Paxton_Page	=	1.0000
http://dbkwik.webdatacommons.org/marvelcinematicuniverse.wikia.com/resource/2010	http://dbkwik.webdatacommons.org/marvel.wikia.com/resource/2010	=	1.0000
http://marvelcinematicuniverse.wikia.com/wiki/Special:FilePath/Tom_Grummett.jpg	http://marvel.wikia.com/wiki/Special:FilePath/Tom_Grummett.jpg	=	1.0000
http://dbkwik.webdatacommons.org/marvelcinematicuniverse.wikia.com/resource/Category:Items	http://dbkwik.webdatacommons.org/marvel.wikia.com/resource/Category:Items	=	1.0000
http://dbkwik.webdatacommons.org/marvelcinematicuniverse.wikia.com/resource/Hex	http://dbkwik.webdatacommons.org/marvel.wikia.com/resource/Hex	=	1.0000
http://dbkwik.webdatacommons.org/marvelcinematicuniverse.wikia.com/resource/Book_of_Cagliostro	http://dbkwik.webdatacommons.org/marvel.wikia.com/resource/Book_of_Cagliostro	=	1.0000
http://dbkwik.webdatacommons.org/marvelcinematicuniverse.wikia.com/resource/Prince	http://dbkwik.webdatacommons.org/marvel.wikia.com/resource/Prince	=	1.0000
http://dbkwik.webdatacommons.org/marvelcinematicuniverse.wikia.com/resource/Kimoyo_Beads	http://dbkwik.webdatacommons.org/marvel.wikia.com/resource/Kimoyo_Beads	=	1.0000
http://dbkwik.webdatacommons.org/marvelcinematicuniverse.wikia.com/resource/Dorothy_Walker	http://dbkwik.webdatacommons.org/marvel.wikia.com/resource/Dorothy_Walker	=	1.0000
http://marvelcinematicuniverse.wikia.com/wiki/Special:FilePath/Jennifer_Getzinger.jpg	http://marvel.wikia.com/wiki/Special:FilePath/Jennifer_Getzinger.jpg	=	1.0000
http://dbkwik.webdatacommons.org/marvelcinematicuniverse.wikia.com/resource/James_Brown	http://dbkwik.webdatacommons.org/marvel.wikia.com/resource/James_Brown	=	1.0000
http://marvelcinematicuniverse.wikia.com/wiki/Special:FilePath/Jamie_King.jpg?width=300	http://marvel.wikia.com/wiki/Special:FilePath/Jamie_King.jpg?width=300	=	1.0000
http://dbkwik.webdatacommons.org/marvelcinematicuniverse.wikia.com/resource/Nebula	http://dbkwik.webdatacommons.org/marvel.wikia.com/resource/Nebula	=	1.0000
http://dbkwik.webdatacommons.org/marvelcinematicuniverse.wikia.com/resource/Kati_Johnston	http://dbkwik.webdatacommons.org/marvel.wikia.com/resource/Kati_Johnston	=	1.0000
http://dbkwik.webdatacommons.org/marvelcinematicuniverse.wikia.com/resource/Chris_Eliopoulos	http://dbkwik.webdatacommons.org/marvel.wikia.com/resource/Chris_Eliopoulos	=	1.0000
http://dbkwik.webdatacommons.org/marvelcinematicuniverse.wikia.com/resource/Jason_Quinn	http://dbkwik.webdatacommons.org/marvel.wikia.com/resource/Jason_Quinn	=	1.0000
http://dbkwik.webdatacommons.org/marvelcinematicuniverse.wikia.com/resource/David_Solomon	http://dbkwik.webdatacommons.org/marvel.wikia.com/resource/David_Solomon	=	1.0000
http://dbkwik.webdatacommons.org/marvelcinematicuniverse.wikia.com/resource/Lis_Rowinski	http://dbkwik.webdatacommons.org/marvel.wikia.com/resource/Lis_Rowinski	=	1.0000
http://dbkwik.webdatacommons.org/marvelcinematicuniverse.wikia.com/resource/Roswell	http://dbkwik.webdatacommons.org/marvel.wikia.com/resource/Roswell	=	1.0000
http://dbkwik.webdatacommons.org/marvelcinematicuniverse.wikia.com/resource/Tracking_Bracelet	http://dbkwik.webdatacommons.org/marvel.wikia.com/resource/Tracking_Bracelet	=	1.0000
http://dbkwik.webdatacommons.org/marvelcinematicuniverse.wikia.com/resource/Bushmaster	http://dbkwik.webdatacommons.org/marvel.wikia.com/resource/Bushmaster	=	1.0000
http://marvelcinematicuniverse.wikia.com/wiki/Special:FilePath/Marcos_Martín.jpg?width=300	http://marvel.wikia.com/wiki/Special:FilePath/Marcos_Martin.jpg?width=300	=	1.0000
http://dbkwik.webdatacommons.org/marvelcinematicuniverse.wikia.com/resource/Hammer_Drones	http://dbkwik.webdatacommons.org/marvel.wikia.com/resource/Hammer_Drones	=	1.0000
http://marvelcinematicuniverse.wikia.com/wiki/Special:FilePath/Jennifer_Phang.jpg?width=300	http://marvel.wikia.com/wiki/Special:FilePath/Jennifer_Phang.jpg?width=300	=	1.0000
http://dbkwik.webdatacommons.org/marvelcinematicuniverse.wikia.com/resource/Statesman	http://dbkwik.webdatacommons.org/marvel.wikia.com/resource/Statesman	=	1.0000
http://dbkwik.webdatacommons.org/marvelcinematicuniverse.wikia.com/resource/PRIDE	http://dbkwik.webdatacommons.org/marvel.wikia.com/resource/Pride	=	1.0000
http://dbkwik.webdatacommons.org/marvelcinematicuniverse.wikia.com/resource/Marauders	http://dbkwik.webdatacommons.org/marvel.wikia.com/resource/Marauders	=	1.0000
http://dbkwik.webdatacommons.org/marvelcinematicuniverse.wikia.com/resource/Vanaheim	http://dbkwik.webdatacommons.org/marvel.wikia.com/resource/Vanaheim	=	1.0000
http://dbkwik.webdatacommons.org/marvelcinematicuniverse.wikia.com/resource/Lemurian_Star	http://dbkwik.webdatacommons.org/marvel.wikia.com/resource/Lemurian_Star	=	1.0000
http://dbkwik.webdatacommons.org/marvelcinematicuniverse.wikia.com/resource/Watchdogs	http://dbkwik.webdatacommons.org/marvel.wikia.com/resource/Watchdogs	=	1.0000
http://dbkwik.webdatacommons.org/marvelcinematicuniverse.wikia.com/resource/Photostatic_Veil	http://dbkwik.webdatacommons.org/marvel.wikia.com/resource/Photostatic_Veil	=	1.0000
http://marvelcinematicuniverse.wikia.com/wiki/Special:FilePath/Paul_Rudd.jpg?width=300	http://marvel.wikia.com/wiki/Special:FilePath/Paul_Rudd.jpg?width=300	=	1.0000
http://marvelcinematicuniverse.wikia.com/wiki/Special:FilePath/Richard_Isanove.jpg	http://marvel.wikia.com/wiki/Special:FilePath/Richard_Isanove.jpg	=	1.0000
http://dbkwik.webdatacommons.org/marvelcinematicuniverse.wikia.com/resource/Dale_Yorkes	http://dbkwik.webdatacommons.org/marvel.wikia.com/resource/Dale_Yorkes	=	1.0000
http://dbkwik.webdatacommons.org/marvelcinematicuniverse.wikia.com/resource/Reyes_Residence	http://dbkwik.webdatacommons.org/marvel.wikia.com/resource/Reyes_Residence	=	1.0000
http://dbkwik.webdatacommons.org/marvelcinematicuniverse.wikia.com/resource/Twilight_Sword/Gallery	http://dbkwik.webdatacommons.org/marvel.wikia.com/resource/Twilight_Sword/Gallery	=	1.0000
http://dbkwik.webdatacommons.org/marvelcinematicuniverse.wikia.com/resource/Brazil	http://dbkwik.webdatacommons.org/marvel.wikia.com/resource/Brazil	=	1.0000
http://dbkwik.webdatacommons.org/marvelcinematicuniverse.wikia.com/resource/Portugal	http://dbkwik.webdatacommons.org/marvel.wikia.com/resource/Portugal	=	1.0000
http://dbkwik.webdatacommons.org/marvelcinematicuniverse.wikia.com/resource/Gerry_Conway	http://dbkwik.webdatacommons.org/marvel.wikia.com/resource/Gerry_Conway	=	1.0000
http://dbkwik.webdatacommons.org/marvelcinematicuniverse.wikia.com/resource/United_Nations	http://dbkwik.webdatacommons.org/marvel.wikia.com/resource/United_Nations	=	1.0000
http://dbkwik.webdatacommons.org/marvelcinematicuniverse.wikia.com/resource/Super_Soldier_Serum	http://dbkwik.webdatacommons.org/marvel.wikia.com/resource/Super-Soldier_Serum	=	1.0000
http://marvelcinematicuniverse.wikia.com/wiki/Special:FilePath/Flag_of_Algeria.png	http://marvel.wikia.com/wiki/Special:FilePath/Flag_of_Algeria.png	=	1.0000
http://dbkwik.webdatacommons.org/marvelcinematicuniverse.wikia.com/resource/Chitauri/Gallery	http://dbkwik.webdatacommons.org/marvel.wikia.com/resource/Chitauri/Gallery	=	1.0000
http://dbkwik.webdatacommons.org/marvelcinematicuniverse.wikia.com/resource/Hartford	http://dbkwik.webdatacommons.org/marvel.wikia.com/resource/Hartford	=	1.0000
http://dbkwik.webdatacommons.org/marvelcinematicuniverse.wikia.com/property/team	http://dbkwik.webdatacommons.org/marvel.wikia.com/resource/Team	=	1.0000
http://marvelcinematicuniverse.wikia.com/wiki/Special:FilePath/Secret_Avengers.png	http://marvel.wikia.com/wiki/Special:FilePath/Secret_avengers.png	=	1.0000
http://marvelcinematicuniverse.wikia.com/wiki/Special:FilePath/John_Barber.jpg?width=300	http://marvel.wikia.com/wiki/Special:FilePath/John_Barber.jpg?width=300	=	1.0000
http://marvelcinematicuniverse.wikia.com/wiki/Special:FilePath/Death.jpg?width=300	http://marvel.wikia.com/wiki/Special:FilePath/Death.jpg?width=300	=	1.0000
http://dbkwik.webdatacommons.org/marvelcinematicuniverse.wikia.com/resource/Ravagers	http://dbkwik.webdatacommons.org/marvel.wikia.com/resource/Ravagers	=	1.0000
http://dbkwik.webdatacommons.org/marvelcinematicuniverse.wikia.com/resource/Attilan	http://dbkwik.webdatacommons.org/marvel.wikia.com/resource/Attilan	=	1.0000
http://dbkwik.webdatacommons.org/marvelcinematicuniverse.wikia.com/resource/Wong	http://dbkwik.webdatacommons.org/marvel.wikia.com/resource/Wong	=	1.0000
http://dbkwik.webdatacommons.org/marvelcinematicuniverse.wikia.com/resource/Africa	http://dbkwik.webdatacommons.org/marvel.wikia.com/resource/Africa	=	1.0000
http://marvelcinematicuniverse.wikia.com/wiki/Special:FilePath/Marvel%27s_The_Avengers_film_poster_022.jpg	http://marvel.wikia.com/wiki/Special:FilePath/Marvel%27s_The_Avengers_film_poster_022.jpg	=	1.0000
http://dbkwik.webdatacommons.org/marvelcinematicuniverse.wikia.com/resource/Dark_Elves	http://dbkwik.webdatacommons.org/marvel.wikia.com/resource/Dark_Elves	=	1.0000
http://dbkwik.webdatacommons.org/marvelcinematicuniverse.wikia.com/resource/Nicodemus_West	http://dbkwik.webdatacommons.org/marvel.wikia.com/resource/Nicodemus_West	=	1.0000
http://dbkwik.webdatacommons.org/marvelcinematicuniverse.wikia.com/resource/Diviner/Gallery	http://dbkwik.webdatacommons.org/marvel.wikia.com/resource/Diviner/Gallery	=	1.0000
http://dbkwik.webdatacommons.org/marvelcinematicuniverse.wikia.com/resource/Dallas	http://dbkwik.webdatacommons.org/marvel.wikia.com/resource/Dallas	=	1.0000
http://dbkwik.webdatacommons.org/marvelcinematicuniverse.wikia.com/resource/Sally_Avril	http://dbkwik.webdatacommons.org/marvel.wikia.com/resource/Sally_Avril	=	1.0000
http://dbkwik.webdatacommons.org/marvelcinematicuniverse.wikia.com/resource/Guantanamo_Bay	http://dbkwik.webdatacommons.org/marvel.wikia.com/resource/Guantanamo_Bay	=	1.0000
http://dbkwik.webdatacommons.org/marvelcinematicuniverse.wikia.com/resource/Mark_Smith	http://dbkwik.webdatacommons.org/marvel.wikia.com/resource/Mark_Smith	=	1.0000
http://dbkwik.webdatacommons.org/marvelcinematicuniverse.wikia.com/resource/2017	http://dbkwik.webdatacommons.org/marvel.wikia.com/resource/2017	=	1.0000
http://dbkwik.webdatacommons.org/marvelcinematicuniverse.wikia.com/resource/Terrigen_Crystals	http://dbkwik.webdatacommons.org/marvel.wikia.com/resource/Terrigen_Crystals	=	1.0000
http://dbkwik.webdatacommons.org/marvelcinematicuniverse.wikia.com/resource/Bill_Norris	http://dbkwik.webdatacommons.org/marvel.wikia.com/resource/Bill_Norris	=	1.0000
http://dbkwik.webdatacommons.org/marvelcinematicuniverse.wikia.com/resource/Heller_Zemo	http://dbkwik.webdatacommons.org/marvel.wikia.com/resource/Heller_Zemo	=	1.0000
http://marvelcinematicuniverse.wikia.com/wiki/Special:FilePath/Flag_of_Hungary.png?width=300	http://marvel.wikia.com/wiki/Special:FilePath/Flag_of_Hungary.png?width=300	=	1.0000
http://dbkwik.webdatacommons.org/marvelcinematicuniverse.wikia.com/resource/Rock-He_Kim	http://dbkwik.webdatacommons.org/marvel.wikia.com/resource/Rock-He_Kim	=	1.0000
http://marvelcinematicuniverse.wikia.com/wiki/Special:FilePath/Gotgstill-03.jpg?width=300	http://marvel.wikia.com/wiki/Special:FilePath/Gotgstill-03.jpg?width=300	=	1.0000
http://dbkwik.webdatacommons.org/marvelcinematicuniverse.wikia.com/resource/Austin	http://dbkwik.webdatacommons.org/marvel.wikia.com/resource/Austin	=	1.0000
http://dbkwik.webdatacommons.org/marvelcinematicuniverse.wikia.com/resource/Azzuri	http://dbkwik.webdatacommons.org/marvel.wikia.com/resource/Azzuri	=	1.0000
http://dbkwik.webdatacommons.org/marvelcinematicuniverse.wikia.com/resource/Jemma_Simmons	http://dbkwik.webdatacommons.org/marvel.wikia.com/resource/Jemma_Simmons	=	1.0000
http://dbkwik.webdatacommons.org/marvelcinematicuniverse.wikia.com/resource/Ben_Parker	http://dbkwik.webdatacommons.org/marvel.wikia.com/resource/Ben_Parker	=	1.0000
http://dbkwik.webdatacommons.org/marvelcinematicuniverse.wikia.com/resource/Category:Starforce_Members	http://dbkwik.webdatacommons.org/marvel.wikia.com/resource/Category:Starforce_members	=	1.0000
http://marvelcinematicuniverse.wikia.com/wiki/Special:FilePath/Tom_Palmer.jpg?width=300	http://marvel.wikia.com/wiki/Special:FilePath/Tom_Palmer.jpg?width=300	=	1.0000
http://dbkwik.webdatacommons.org/marvelcinematicuniverse.wikia.com/resource/Doctor_Strange_(film)	http://dbkwik.webdatacommons.org/marvel.wikia.com/resource/Doctor_Strange_(film)	=	1.0000
http://marvelcinematicuniverse.wikia.com/wiki/Special:FilePath/Joe_Cornish.jpg?width=300	http://marvel.wikia.com/wiki/Special:FilePath/Joe_Cornish.jpg?width=300	=	1.0000
http://dbkwik.webdatacommons.org/marvelcinematicuniverse.wikia.com/resource/Andy_Park	http://dbkwik.webdatacommons.org/marvel.wikia.com/resource/Andy_Park	=	1.0000
http://dbkwik.webdatacommons.org/marvelcinematicuniverse.wikia.com/resource/Taser_Rod	http://dbkwik.webdatacommons.org/marvel.wikia.com/resource/Taser_Rod	=	1.0000
http://marvelcinematicuniverse.wikia.com/wiki/Special:FilePath/Minkie_Spiro.jpg	http://marvel.wikia.com/wiki/Special:FilePath/Minkie_Spiro.jpg	=	1.0000
http://dbkwik.webdatacommons.org/marvelcinematicuniverse.wikia.com/resource/Chris_O%27halloran	http://dbkwik.webdatacommons.org/marvel.wikia.com/resource/Chris_O%27Halloran	=	1.0000
http://dbkwik.webdatacommons.org/marvelcinematicuniverse.wikia.com/resource/Iso-8	http://dbkwik.webdatacommons.org/marvel.wikia.com/resource/Iso-8	=	1.0000
http://dbkwik.webdatacommons.org/marvelcinematicuniverse.wikia.com/resource/Lilla_Zuckerman	http://dbkwik.webdatacommons.org/marvel.wikia.com/resource/Lilla_Zuckerman	=	1.0000
http://marvelcinematicuniverse.wikia.com/wiki/Special:FilePath/John_Ross.jpg?width=300	http://marvel.wikia.com/wiki/Special:FilePath/John_Ross.jpg?width=300	=	1.0000
http://dbkwik.webdatacommons.org/marvelcinematicuniverse.wikia.com/resource/Jay_Leisten	http://dbkwik.webdatacommons.org/marvel.wikia.com/resource/Jay_Leisten	=	1.0000
http://dbkwik.webdatacommons.org/marvelcinematicuniverse.wikia.com/resource/Category:United_States_Government	http://dbkwik.webdatacommons.org/marvel.wikia.com/resource/Category:United_States_Government	=	1.0000
http://dbkwik.webdatacommons.org/marvelcinematicuniverse.wikia.com/resource/United_Arab_Emirates	http://dbkwik.webdatacommons.org/marvel.wikia.com/resource/United_Arab_Emirates	=	1.0000
http://dbkwik.webdatacommons.org/marvelcinematicuniverse.wikia.com/resource/Bashenga	http://dbkwik.webdatacommons.org/marvel.wikia.com/resource/Bashenga	=	1.0000
http://dbkwik.webdatacommons.org/marvelcinematicuniverse.wikia.com/resource/Asgard	http://dbkwik.webdatacommons.org/marvel.wikia.com/resource/Asgard	=	1.0000
http://marvelcinematicuniverse.wikia.com/wiki/Special:FilePath/Thor_Concept_Art_-_Frigga_001.jpg?width=300	http://marvel.wikia.com/wiki/Special:FilePath/Thor_Concept_Art_-_Frigga_001.jpg?width=300	=	1.0000
http://dbkwik.webdatacommons.org/marvelcinematicuniverse.wikia.com/resource/Thomas	http://dbkwik.webdatacommons.org/marvel.wikia.com/resource/Thomas	=	1.0000
http://dbkwik.webdatacommons.org/marvelcinematicuniverse.wikia.com/resource/Malibu	http://dbkwik.webdatacommons.org/marvel.wikia.com/resource/Malibu	=	1.0000
http://marvelcinematicuniverse.wikia.com/wiki/Special:FilePath/Andi_Bushell.jpg	http://marvel.wikia.com/wiki/Special:FilePath/Andi_Bushell.jpg	=	1.0000
http://dbkwik.webdatacommons.org/marvelcinematicuniverse.wikia.com/resource/Mark_Millar	http://dbkwik.webdatacommons.org/marvel.wikia.com/resource/Mark_Millar	=	1.0000
http://dbkwik.webdatacommons.org/marvelcinematicuniverse.wikia.com/resource/France	http://dbkwik.webdatacommons.org/marvel.wikia.com/resource/France	=	1.0000
http://dbkwik.webdatacommons.org/marvelcinematicuniverse.wikia.com/resource/Christine_Everhart	http://dbkwik.webdatacommons.org/marvel.wikia.com/resource/Christine_Everhart	=	1.0000
http://dbkwik.webdatacommons.org/marvelcinematicuniverse.wikia.com/resource/Surtur	http://dbkwik.webdatacommons.org/marvel.wikia.com/resource/Surtur	=	1.0000
http://dbkwik.webdatacommons.org/marvelcinematicuniverse.wikia.com/resource/Category:Golden_Tigers_Members	http://dbkwik.webdatacommons.org/marvel.wikia.com/resource/Category:Golden_Tigers_members	=	1.0000
http://marvelcinematicuniverse.wikia.com/wiki/Special:FilePath/Betty.jpg	http://marvel.wikia.com/wiki/Special:FilePath/Betty.jpg	=	1.0000
http://dbkwik.webdatacommons.org/marvelcinematicuniverse.wikia.com/resource/Matt_Camp	http://dbkwik.webdatacommons.org/marvel.wikia.com/resource/Matt_Camp	=	1.0000
http://dbkwik.webdatacommons.org/marvelcinematicuniverse.wikia.com/resource/Keystone_Quadrant	http://dbkwik.webdatacommons.org/marvel.wikia.com/resource/Keystone_Quadrant	=	1.0000
http://dbkwik.webdatacommons.org/marvelcinematicuniverse.wikia.com/resource/Q-Ship	http://dbkwik.webdatacommons.org/marvel.wikia.com/resource/Q-Ship	=	1.0000
http://marvelcinematicuniverse.wikia.com/wiki/Special:FilePath/Scott_Lang_Ant-Man.png?width=300	http://marvel.wikia.com/wiki/Special:FilePath/;_Scott_Lang_(Ant-Man).png?width=300	=	1.0000
http://dbkwik.webdatacommons.org/marvelcinematicuniverse.wikia.com/resource/Xeronians/Gallery	http://dbkwik.webdatacommons.org/marvel.wikia.com/resource/Xeronians/Gallery	=	1.0000
http://dbkwik.webdatacommons.org/marvelcinematicuniverse.wikia.com/resource/Secret_Warriors	http://dbkwik.webdatacommons.org/marvel.wikia.com/resource/Secret_Warriors	=	1.0000
http://dbkwik.webdatacommons.org/marvelcinematicuniverse.wikia.com/resource/Eternals	http://dbkwik.webdatacommons.org/marvel.wikia.com/resource/Eternals	=	1.0000
http://dbkwik.webdatacommons.org/marvelcinematicuniverse.wikia.com/resource/John_Raymond	http://dbkwik.webdatacommons.org/marvel.wikia.com/resource/John_Raymond	=	1.0000
http://dbkwik.webdatacommons.org/marvelcinematicuniverse.wikia.com/resource/Pakistan	http://dbkwik.webdatacommons.org/marvel.wikia.com/resource/Pakistan	=	1.0000
http://dbkwik.webdatacommons.org/marvelcinematicuniverse.wikia.com/resource/Jotunheim/Gallery	http://dbkwik.webdatacommons.org/marvel.wikia.com/resource/Jotunheim/Gallery	=	1.0000
http://dbkwik.webdatacommons.org/marvelcinematicuniverse.wikia.com/resource/Sudan	http://dbkwik.webdatacommons.org/marvel.wikia.com/resource/Sudan	=	1.0000
http://dbkwik.webdatacommons.org/marvelcinematicuniverse.wikia.com/resource/Defenders	http://dbkwik.webdatacommons.org/marvel.wikia.com/resource/Defenders	=	1.0000
http://dbkwik.webdatacommons.org/marvelcinematicuniverse.wikia.com/resource/Ant-Man_and_the_Wasp	http://dbkwik.webdatacommons.org/marvel.wikia.com/resource/Ant-Man_and_the_Wasp	=	1.0000
http://dbkwik.webdatacommons.org/marvelcinematicuniverse.wikia.com/resource/Tahiti	http://dbkwik.webdatacommons.org/marvel.wikia.com/resource/Tahiti	=	1.0000
http://dbkwik.webdatacommons.org/marvelcinematicuniverse.wikia.com/resource/Will_Corona_Pilgrim	http://dbkwik.webdatacommons.org/marvel.wikia.com/resource/Will_Corona_Pilgrim	=	1.0000
http://marvelcinematicuniverse.wikia.com/wiki/Special:FilePath/Dwain_Worrell.jpg	http://marvel.wikia.com/wiki/Special:FilePath/Dwain_Worrell.jpg	=	1.0000
http://dbkwik.webdatacommons.org/marvelcinematicuniverse.wikia.com/resource/Dragons	http://dbkwik.webdatacommons.org/marvel.wikia.com/resource/Dragons	=	1.0000
http://dbkwik.webdatacommons.org/marvelcinematicuniverse.wikia.com/resource/Ramsey_Nickell	http://dbkwik.webdatacommons.org/marvel.wikia.com/resource/Ramsey_Nickell	=	1.0000
http://marvelcinematicuniverse.wikia.com/wiki/Special:FilePath/Peter_Leto.jpg?width=300	http://marvel.wikia.com/wiki/Special:FilePath/Peter_Leto.jpg?width=300	=	1.0000
http://dbkwik.webdatacommons.org/marvelcinematicuniverse.wikia.com/resource/Logan	http://dbkwik.webdatacommons.org/marvel.wikia.com/resource/Logan	=	1.0000
http://dbkwik.webdatacommons.org/marvelcinematicuniverse.wikia.com/resource/Jeremy_Webb	http://dbkwik.webdatacommons.org/marvel.wikia.com/resource/Jeremy_Webb	=	1.0000
http://dbkwik.webdatacommons.org/marvelcinematicuniverse.wikia.com/resource/Tim_Green	http://dbkwik.webdatacommons.org/marvel.wikia.com/resource/Tim_Green	=	1.0000
http://dbkwik.webdatacommons.org/marvelcinematicuniverse.wikia.com/resource/Saudi_Arabia	http://dbkwik.webdatacommons.org/marvel.wikia.com/resource/Saudi_Arabia	=	1.0000
http://dbkwik.webdatacommons.org/marvelcinematicuniverse.wikia.com/resource/Category:U-Foes_Members	http://dbkwik.webdatacommons.org/marvel.wikia.com/resource/Category:U-Foes_members	=	1.0000
http://marvelcinematicuniverse.wikia.com/wiki/Special:FilePath/Videogame.Vector.jpg	http://marvel.wikia.com/wiki/Special:FilePath/Videogame.Vector.jpg	=	1.0000
http://marvelcinematicuniverse.wikia.com/wiki/Special:FilePath/JessicaJones.jpg	http://marvel.wikia.com/wiki/Special:FilePath/Jessica_Jones.jpg	=	1.0000
http://dbkwik.webdatacommons.org/marvelcinematicuniverse.wikia.com/resource/Warbird	http://dbkwik.webdatacommons.org/marvel.wikia.com/resource/Warbird	=	1.0000
http://dbkwik.webdatacommons.org/marvelcinematicuniverse.wikia.com/resource/Pheragots	http://dbkwik.webdatacommons.org/marvel.wikia.com/resource/Pheragots	=	1.0000
http://dbkwik.webdatacommons.org/marvelcinematicuniverse.wikia.com/resource/Roy_Thomas	http://dbkwik.webdatacommons.org/marvel.wikia.com/resource/Roy_Thomas	=	1.0000
http://dbkwik.webdatacommons.org/marvelcinematicuniverse.wikia.com/resource/Belarus	http://dbkwik.webdatacommons.org/marvel.wikia.com/resource/Belarus	=	1.0000
http://marvelcinematicuniverse.wikia.com/wiki/Special:FilePath/Tom_Grummett.jpg?width=300	http://marvel.wikia.com/wiki/Special:FilePath/Tom_Grummett.jpg?width=300	=	1.0000
http://dbkwik.webdatacommons.org/marvelcinematicuniverse.wikia.com/resource/Vendetta	http://dbkwik.webdatacommons.org/marvel.wikia.com/resource/Vendetta	=	1.0000
http://dbkwik.webdatacommons.org/marvelcinematicuniverse.wikia.com/resource/Jeffrey_Ford	http://dbkwik.webdatacommons.org/marvel.wikia.com/resource/Jeffrey_Ford	=	1.0000
http://dbkwik.webdatacommons.org/marvelcinematicuniverse.wikia.com/resource/Maximus	http://dbkwik.webdatacommons.org/marvel.wikia.com/resource/Maximus	=	1.0000
http://dbkwik.webdatacommons.org/marvelcinematicuniverse.wikia.com/resource/Janet_Stein	http://dbkwik.webdatacommons.org/marvel.wikia.com/resource/Janet_Stein	=	1.0000
http://marvelcinematicuniverse.wikia.com/wiki/Special:FilePath/Joe_Caramagna.jpg	http://marvel.wikia.com/wiki/Special:FilePath/Joe_Caramagna.jpg	=	1.0000
http://dbkwik.webdatacommons.org/marvelcinematicuniverse.wikia.com/resource/Hedy_Wolfe	http://dbkwik.webdatacommons.org/marvel.wikia.com/resource/Hedy_Wolfe	=	1.0000
http://dbkwik.webdatacommons.org/marvelcinematicuniverse.wikia.com/resource/Missouri	http://dbkwik.webdatacommons.org/marvel.wikia.com/resource/Missouri	=	1.0000
http://marvelcinematicuniverse.wikia.com/wiki/Special:FilePath/Culver_University.png	http://marvel.wikia.com/wiki/Special:FilePath/Culver_University.png	=	1.0000
http://dbkwik.webdatacommons.org/marvelcinematicuniverse.wikia.com/resource/Lola	http://dbkwik.webdatacommons.org/marvel.wikia.com/resource/Lola	=	1.0000
http://dbkwik.webdatacommons.org/marvelcinematicuniverse.wikia.com/resource/Nathan_Fairbairn	http://dbkwik.webdatacommons.org/marvel.wikia.com/resource/Nathan_Fairbairn	=	1.0000
http://dbkwik.webdatacommons.org/marvelcinematicuniverse.wikia.com/resource/Omega	http://dbkwik.webdatacommons.org/marvel.wikia.com/resource/Omega	=	1.0000
http://marvelcinematicuniverse.wikia.com/wiki/Special:FilePath/Flag_of_Jamaica.png?width=300	http://marvel.wikia.com/wiki/Special:FilePath/Flag_of_Jamaica.png?width=300	=	1.0000
http://dbkwik.webdatacommons.org/marvelcinematicuniverse.wikia.com/resource/Red_Skull	http://dbkwik.webdatacommons.org/marvel.wikia.com/resource/Red_Skull	=	1.0000
http://marvelcinematicuniverse.wikia.com/wiki/Special:FilePath/Flag_of_Spain.png	http://marvel.wikia.com/wiki/Special:FilePath/Flag_of_Spain.png	=	1.0000
http://dbkwik.webdatacommons.org/marvelcinematicuniverse.wikia.com/resource/Pym_Technologies	http://dbkwik.webdatacommons.org/marvel.wikia.com/resource/Pym_Technologies	=	1.0000
http://dbkwik.webdatacommons.org/marvelcinematicuniverse.wikia.com/resource/Ten_Rings	http://dbkwik.webdatacommons.org/marvel.wikia.com/resource/Ten_Rings	=	1.0000
http://dbkwik.webdatacommons.org/marvelcinematicuniverse.wikia.com/resource/Outriders	http://dbkwik.webdatacommons.org/marvel.wikia.com/resource/Outriders	=	1.0000
http://dbkwik.webdatacommons.org/marvelcinematicuniverse.wikia.com/resource/Craig_Titley	http://dbkwik.webdatacommons.org/marvel.wikia.com/resource/Craig_Titley	=	1.0000
http://dbkwik.webdatacommons.org/marvelcinematicuniverse.wikia.com/resource/John_Garcia	http://dbkwik.webdatacommons.org/marvel.wikia.com/resource/John_Garcia	=	1.0000
http://dbkwik.webdatacommons.org/marvelcinematicuniverse.wikia.com/resource/Chen	http://dbkwik.webdatacommons.org/marvel.wikia.com/resource/Chen	=	1.0000
http://dbkwik.webdatacommons.org/marvelcinematicuniverse.wikia.com/resource/Jason_Wilkes	http://dbkwik.webdatacommons.org/marvel.wikia.com/resource/Jason_Wilkes	=	1.0000
http://marvelcinematicuniverse.wikia.com/wiki/Special:FilePath/Charles_Murray.jpg	http://marvel.wikia.com/wiki/Special:FilePath/Charles_Murray.jpg	=	1.0000
http://marvelcinematicuniverse.wikia.com/wiki/Special:FilePath/Paul_Rubell.jpg	http://marvel.wikia.com/wiki/Special:FilePath/Paul_Rubell.jpg	=	1.0000
http://dbkwik.webdatacommons.org/marvelcinematicuniverse.wikia.com/resource/Seoul	http://dbkwik.webdatacommons.org/marvel.wikia.com/resource/Seoul	=	1.0000
http://marvelcinematicuniverse.wikia.com/wiki/Special:FilePath/EliMorrow-Profile.jpg	http://marvel.wikia.com/wiki/Special:FilePath/EliMorrow-Profile.jpg	=	1.0000
http://dbkwik.webdatacommons.org/marvelcinematicuniverse.wikia.com/resource/Uru	http://dbkwik.webdatacommons.org/marvel.wikia.com/resource/Uru	=	1.0000
http://marvelcinematicuniverse.wikia.com/wiki/Special:FilePath/Iron_Man.jpg?width=300	http://marvel.wikia.com/wiki/Special:FilePath/;_Iron_Man.jpg?width=300	=	1.0000
http://dbkwik.webdatacommons.org/marvelcinematicuniverse.wikia.com/resource/Category:Rivals_Members	http://dbkwik.webdatacommons.org/marvel.wikia.com/resource/Category:Rivals_members	=	1.0000
http://marvelcinematicuniverse.wikia.com/wiki/Special:FilePath/Chris_Cheramie.jpg	http://marvel.wikia.com/wiki/Special:FilePath/Chris_Cheramie.jpg	=	1.0000
http://marvelcinematicuniverse.wikia.com/wiki/Special:FilePath/Gotgstill-04.jpg	http://marvel.wikia.com/wiki/Special:FilePath/Gotgstill-04.jpg	=	1.0000
http://dbkwik.webdatacommons.org/marvelcinematicuniverse.wikia.com/resource/Roscoe_Sweeney	http://dbkwik.webdatacommons.org/marvel.wikia.com/resource/Roscoe_Sweeney	=	1.0000
http://dbkwik.webdatacommons.org/marvelcinematicuniverse.wikia.com/resource/Bucharest	http://dbkwik.webdatacommons.org/marvel.wikia.com/resource/Bucharest	=	1.0000
http://dbkwik.webdatacommons.org/marvelcinematicuniverse.wikia.com/resource/Sonic_Fire_Extinguisher	http://dbkwik.webdatacommons.org/marvel.wikia.com/resource/Sonic_Fire_Extinguisher	=	1.0000
http://dbkwik.webdatacommons.org/marvelcinematicuniverse.wikia.com/resource/Kevin_Feige	http://dbkwik.webdatacommons.org/marvel.wikia.com/resource/Kevin_Feige	=	1.0000
http://marvelcinematicuniverse.wikia.com/wiki/Special:FilePath/The_Pitt.jpg	http://marvel.wikia.com/wiki/Special:FilePath/The_Pitt.jpg	=	1.0000
http://dbkwik.webdatacommons.org/marvelcinematicuniverse.wikia.com/resource/Comanche	http://dbkwik.webdatacommons.org/marvel.wikia.com/resource/Comanche	=	1.0000
http://dbkwik.webdatacommons.org/marvelcinematicuniverse.wikia.com/resource/British_Columbia	http://dbkwik.webdatacommons.org/marvel.wikia.com/resource/British_Columbia	=	1.0000
http://dbkwik.webdatacommons.org/marvelcinematicuniverse.wikia.com/resource/New_Avengers_Facility/Gallery	http://dbkwik.webdatacommons.org/marvel.wikia.com/resource/New_Avengers_Facility/Gallery	=	1.0000
http://dbkwik.webdatacommons.org/marvelcinematicuniverse.wikia.com/resource/Joseph_Stalin	http://dbkwik.webdatacommons.org/marvel.wikia.com/resource/Joseph_Stalin	=	1.0000
http://dbkwik.webdatacommons.org/marvelcinematicuniverse.wikia.com/resource/Wyoming	http://dbkwik.webdatacommons.org/marvel.wikia.com/resource/Wyoming	=	1.0000
http://dbkwik.webdatacommons.org/marvelcinematicuniverse.wikia.com/resource/Edward_Ricourt	http://dbkwik.webdatacommons.org/marvel.wikia.com/resource/Edward_Ricourt	=	1.0000
http://dbkwik.webdatacommons.org/marvelcinematicuniverse.wikia.com/resource/Shuri	http://dbkwik.webdatacommons.org/marvel.wikia.com/resource/Shuri	=	1.0000
http://dbkwik.webdatacommons.org/marvelcinematicuniverse.wikia.com/resource/Lebanon	http://dbkwik.webdatacommons.org/marvel.wikia.com/resource/Lebanon	=	1.0000
http://dbkwik.webdatacommons.org/marvelcinematicuniverse.wikia.com/resource/Hellfire	http://dbkwik.webdatacommons.org/marvel.wikia.com/resource/Hellfire	=	1.0000
http://dbkwik.webdatacommons.org/marvelcinematicuniverse.wikia.com/resource/Ron_Lim	http://dbkwik.webdatacommons.org/marvel.wikia.com/resource/Ron_Lim	=	1.0000
http://marvelcinematicuniverse.wikia.com/wiki/Special:FilePath/Justin_Theroux.jpg?width=300	http://marvel.wikia.com/wiki/Special:FilePath/Justin_Theroux.jpg?width=300	=	1.0000
http://dbkwik.webdatacommons.org/marvelcinematicuniverse.wikia.com/resource/Category:Secret_Warriors_Members	http://dbkwik.webdatacommons.org/marvel.wikia.com/resource/Category:Secret_Warriors_members	=	1.0000
http://marvelcinematicuniverse.wikia.com/wiki/Special:FilePath/Hilly_Hicks_Jr.jpg	http://marvel.wikia.com/wiki/Special:FilePath/Hilly_Hicks,_Jr..jpg	=	1.0000
http://dbkwik.webdatacommons.org/marvelcinematicuniverse.wikia.com/resource/Queen	http://dbkwik.webdatacommons.org/marvel.wikia.com/resource/Queen	=	1.0000
http://dbkwik.webdatacommons.org/marvelcinematicuniverse.wikia.com/resource/Halfworlders	http://dbkwik.webdatacommons.org/marvel.wikia.com/resource/Halfworlders	=	1.0000
http://dbkwik.webdatacommons.org/marvelcinematicuniverse.wikia.com/resource/Paolo_Rivera	http://dbkwik.webdatacommons.org/marvel.wikia.com/resource/Paolo_Rivera	=	1.0000
http://dbkwik.webdatacommons.org/marvelcinematicuniverse.wikia.com/resource/Rain_Beredo	http://dbkwik.webdatacommons.org/marvel.wikia.com/resource/Rain_Beredo	=	1.0000
http://dbkwik.webdatacommons.org/marvelcinematicuniverse.wikia.com/resource/Sovereign_(Planet)	http://dbkwik.webdatacommons.org/marvel.wikia.com/resource/Sovereign_(Planet)	=	1.0000
http://dbkwik.webdatacommons.org/marvelcinematicuniverse.wikia.com/resource/Stuttgart	http://dbkwik.webdatacommons.org/marvel.wikia.com/resource/Stuttgart	=	1.0000
http://dbkwik.webdatacommons.org/marvelcinematicuniverse.wikia.com/resource/Category:Titans	http://dbkwik.webdatacommons.org/marvel.wikia.com/resource/Category:Titans	=	1.0000
http://dbkwik.webdatacommons.org/marvelcinematicuniverse.wikia.com/resource/Category:Pink_Hair	http://dbkwik.webdatacommons.org/marvel.wikia.com/resource/Category:Pink_Hair	=	1.0000
http://dbkwik.webdatacommons.org/marvelcinematicuniverse.wikia.com/resource/Centipede_Device	http://dbkwik.webdatacommons.org/marvel.wikia.com/resource/Centipede_Device	=	1.0000
http://marvelcinematicuniverse.wikia.com/wiki/Special:FilePath/Stan_Lee.jpg?width=300	http://marvel.wikia.com/wiki/Special:FilePath/Stan_Lee.jpg?width=300	=	1.0000
http://dbkwik.webdatacommons.org/marvelcinematicuniverse.wikia.com/resource/Captain_America%27s_Uniform	http://dbkwik.webdatacommons.org/marvel.wikia.com/resource/Captain_America%27s_Uniform	=	1.0000
http://dbkwik.webdatacommons.org/marvelcinematicuniverse.wikia.com/resource/Category:Frost_Giants	http://dbkwik.webdatacommons.org/marvel.wikia.com/resource/Category:Frost_Giants	=	1.0000
http://marvelcinematicuniverse.wikia.com/wiki/Special:FilePath/Flag_of_Colombia.png	http://marvel.wikia.com/wiki/Special:FilePath/Flag_of_Colombia.png	=	1.0000
http://dbkwik.webdatacommons.org/marvelcinematicuniverse.wikia.com/resource/Watchers	http://dbkwik.webdatacommons.org/marvel.wikia.com/resource/Watchers	=	1.0000
http://dbkwik.webdatacommons.org/marvelcinematicuniverse.wikia.com/resource/St._Charles	http://dbkwik.webdatacommons.org/marvel.wikia.com/resource/St._Charles	=	1.0000
http://dbkwik.webdatacommons.org/marvelcinematicuniverse.wikia.com/resource/South_Korea	http://dbkwik.webdatacommons.org/marvel.wikia.com/resource/South_Korea	=	1.0000
http://dbkwik.webdatacommons.org/marvelcinematicuniverse.wikia.com/resource/J._Holtham	http://dbkwik.webdatacommons.org/marvel.wikia.com/resource/J._Holtham	=	1.0000
http://dbkwik.webdatacommons.org/marvelcinematicuniverse.wikia.com/resource/John_P._Gordon	http://dbkwik.webdatacommons.org/marvel.wikia.com/resource/John_P._Gordon	=	1.0000
http://dbkwik.webdatacommons.org/marvelcinematicuniverse.wikia.com/resource/Monica_Rambeau	http://dbkwik.webdatacommons.org/marvel.wikia.com/resource/Monica_Rambeau	=	1.0000
http://marvelcinematicuniverse.wikia.com/wiki/Special:FilePath/Rising_Tide.png	http://marvel.wikia.com/wiki/Special:FilePath/Rising_tide.png	=	1.0000
http://dbkwik.webdatacommons.org/marvelcinematicuniverse.wikia.com/resource/2016	http://dbkwik.webdatacommons.org/marvel.wikia.com/resource/2016	=	1.0000
http://marvelcinematicuniverse.wikia.com/wiki/Special:FilePath/Flag_of_Haiti.png	http://marvel.wikia.com/wiki/Special:FilePath/Flag_of_Haiti.png	=	1.0000
http://dbkwik.webdatacommons.org/marvelcinematicuniverse.wikia.com/resource/Hong_Kong	http://dbkwik.webdatacommons.org/marvel.wikia.com/resource/Hong_Kong	=	1.0000
http://marvelcinematicuniverse.wikia.com/wiki/Special:FilePath/Marcus_J._Guillory.jpg?width=300	http://marvel.wikia.com/wiki/Special:FilePath/Marcus_J._Guillory.jpg?width=300	=	1.0000
http://dbkwik.webdatacommons.org/marvelcinematicuniverse.wikia.com/resource/Category:Lawyers	http://dbkwik.webdatacommons.org/marvel.wikia.com/resource/Category:Lawyers	=	1.0000
http://marvelcinematicuniverse.wikia.com/wiki/Special:FilePath/Michael_Zinberg.jpg	http://marvel.wikia.com/wiki/Special:FilePath/Michael_Zinberg.jpg	=	1.0000
http://marvelcinematicuniverse.wikia.com/wiki/Special:FilePath/Marvel_One-Shot_The_Consultant.jpg	http://marvel.wikia.com/wiki/Special:FilePath/Marvel_One-Shot_The_Consultant.jpg	=	1.0000
http://dbkwik.webdatacommons.org/marvelcinematicuniverse.wikia.com/resource/Collector%27s_Museum	http://dbkwik.webdatacommons.org/marvel.wikia.com/resource/Collector%27s_Museum	=	1.0000
http://dbkwik.webdatacommons.org/marvelcinematicuniverse.wikia.com/resource/Blue	http://dbkwik.webdatacommons.org/marvel.wikia.com/resource/Blue	=	1.0000
http://marvelcinematicuniverse.wikia.com/wiki/Special:FilePath/Fin_Fang_Foom.jpg	http://marvel.wikia.com/wiki/Special:FilePath/Fin-fang-foom.jpg	=	1.0000
http://marvelcinematicuniverse.wikia.com/wiki/Special:FilePath/Dwain_Worrell.jpg?width=300	http://marvel.wikia.com/wiki/Special:FilePath/Dwain_Worrell.jpg?width=300	=	1.0000
http://marvelcinematicuniverse.wikia.com/wiki/Special:FilePath/Alan_Davis.jpg	http://marvel.wikia.com/wiki/Special:FilePath/Alan_Davis.jpg	=	1.0000
http://dbkwik.webdatacommons.org/marvelcinematicuniverse.wikia.com/resource/Category:No_Eyes	http://dbkwik.webdatacommons.org/marvel.wikia.com/resource/Category:No_Eyes	=	1.0000
http://dbkwik.webdatacommons.org/marvelcinematicuniverse.wikia.com/resource/Earth	http://dbkwik.webdatacommons.org/marvel.wikia.com/resource/Earth	=	1.0000
http://dbkwik.webdatacommons.org/marvelcinematicuniverse.wikia.com/resource/Columbia_University	http://dbkwik.webdatacommons.org/marvel.wikia.com/resource/Columbia_University	=	1.0000
http://dbkwik.webdatacommons.org/marvelcinematicuniverse.wikia.com/resource/Oscar_Clemons	http://dbkwik.webdatacommons.org/marvel.wikia.com/resource/Oscar_Clemons	=	1.0000
http://dbkwik.webdatacommons.org/marvelcinematicuniverse.wikia.com/resource/Karnak	http://dbkwik.webdatacommons.org/marvel.wikia.com/resource/Karnak	=	1.0000
http://dbkwik.webdatacommons.org/marvelcinematicuniverse.wikia.com/resource/Harbin_Zemo	http://dbkwik.webdatacommons.org/marvel.wikia.com/resource/Harbin_Zemo	=	1.0000
http://dbkwik.webdatacommons.org/marvelcinematicuniverse.wikia.com/resource/Milano/Gallery	http://dbkwik.webdatacommons.org/marvel.wikia.com/resource/Milano/Gallery	=	1.0000
http://dbkwik.webdatacommons.org/marvelcinematicuniverse.wikia.com/resource/Los_Angeles_Police_Department	http://dbkwik.webdatacommons.org/marvel.wikia.com/resource/Los_Angeles_Police_Department	=	1.0000
http://dbkwik.webdatacommons.org/marvelcinematicuniverse.wikia.com/resource/Intelligencia	http://dbkwik.webdatacommons.org/marvel.wikia.com/resource/Intelligencia	=	1.0000
http://dbkwik.webdatacommons.org/marvelcinematicuniverse.wikia.com/resource/Sneepers	http://dbkwik.webdatacommons.org/marvel.wikia.com/resource/Sneepers	=	1.0000
http://dbkwik.webdatacommons.org/marvelcinematicuniverse.wikia.com/resource/Talos	http://dbkwik.webdatacommons.org/marvel.wikia.com/resource/Talos	=	1.0000
http://dbkwik.webdatacommons.org/marvelcinematicuniverse.wikia.com/resource/Category:Chaste	http://dbkwik.webdatacommons.org/marvel.wikia.com/resource/Category:Chaste	=	1.0000
http://dbkwik.webdatacommons.org/marvelcinematicuniverse.wikia.com/resource/Category:Vehicles	http://dbkwik.webdatacommons.org/marvel.wikia.com/resource/Category:Vehicles	=	1.0000
http://marvelcinematicuniverse.wikia.com/wiki/Special:FilePath/Stark_Expo_1974.jpg	http://marvel.wikia.com/wiki/Special:FilePath/Stark_Expo_1974.jpg	=	1.0000
http://dbkwik.webdatacommons.org/marvelcinematicuniverse.wikia.com/resource/Cold_War	http://dbkwik.webdatacommons.org/marvel.wikia.com/resource/Cold_War	=	1.0000
http://dbkwik.webdatacommons.org/marvelcinematicuniverse.wikia.com/resource/Category:Centaurians	http://dbkwik.webdatacommons.org/marvel.wikia.com/resource/Category:Centaurians	=	1.0000
http://dbkwik.webdatacommons.org/marvelcinematicuniverse.wikia.com/resource/Energy_Shield/Gallery	http://dbkwik.webdatacommons.org/marvel.wikia.com/resource/Energy_Shield/Gallery	=	1.0000
http://dbkwik.webdatacommons.org/marvelcinematicuniverse.wikia.com/resource/Thor_(film)	http://dbkwik.webdatacommons.org/marvel.wikia.com/resource/Thor_(film)	=	1.0000
http://dbkwik.webdatacommons.org/marvelcinematicuniverse.wikia.com/property/body	http://dbkwik.webdatacommons.org/marvel.wikia.com/property/body	=	1.0000
http://dbkwik.webdatacommons.org/marvelcinematicuniverse.wikia.com/resource/Jimmy_Woo	http://dbkwik.webdatacommons.org/marvel.wikia.com/resource/Jimmy_Woo	=	1.0000
http://dbkwik.webdatacommons.org/marvelcinematicuniverse.wikia.com/resource/Zanda	http://dbkwik.webdatacommons.org/marvel.wikia.com/resource/Zanda	=	1.0000
http://dbkwik.webdatacommons.org/marvelcinematicuniverse.wikia.com/resource/Cottonmouth	http://dbkwik.webdatacommons.org/marvel.wikia.com/resource/Cottonmouth	=	1.0000
http://dbkwik.webdatacommons.org/marvelcinematicuniverse.wikia.com/resource/Kree_Empire	http://dbkwik.webdatacommons.org/marvel.wikia.com/resource/Kree_Empire	=	1.0000
http://dbkwik.webdatacommons.org/marvelcinematicuniverse.wikia.com/resource/Mirco_Pierfederici	http://dbkwik.webdatacommons.org/marvel.wikia.com/resource/Mirco_Pierfederici	=	1.0000
http://dbkwik.webdatacommons.org/marvelcinematicuniverse.wikia.com/property/flag	http://dbkwik.webdatacommons.org/marvel.wikia.com/resource/Flag	=	1.0000
http://dbkwik.webdatacommons.org/marvelcinematicuniverse.wikia.com/resource/Fimbuldraugr/Gallery	http://dbkwik.webdatacommons.org/marvel.wikia.com/resource/Fimbuldraugr/Gallery	=	1.0000
http://marvelcinematicuniverse.wikia.com/wiki/Special:FilePath/Karla_Faye_Gideon.png?width=300	http://marvel.wikia.com/wiki/Special:FilePath/Karla_Faye_Gideon.png?width=300	=	1.0000
http://dbkwik.webdatacommons.org/marvelcinematicuniverse.wikia.com/resource/Christopher_Markus	http://dbkwik.webdatacommons.org/marvel.wikia.com/resource/Christopher_Markus	=	1.0000
http://marvelcinematicuniverse.wikia.com/wiki/Special:FilePath/Captain_America.jpg?width=300	http://marvel.wikia.com/wiki/Special:FilePath/Captain_america.jpg?width=300	=	1.0000
http://dbkwik.webdatacommons.org/marvelcinematicuniverse.wikia.com/resource/Nelson_McCormick	http://dbkwik.webdatacommons.org/marvel.wikia.com/resource/Nelson_McCormick	=	1.0000
http://dbkwik.webdatacommons.org/marvelcinematicuniverse.wikia.com/resource/Lance_Hunter	http://dbkwik.webdatacommons.org/marvel.wikia.com/resource/Lance_Hunter	=	1.0000
http://dbkwik.webdatacommons.org/marvelcinematicuniverse.wikia.com/resource/Chicago	http://dbkwik.webdatacommons.org/marvel.wikia.com/resource/Chicago	=	1.0000
http://dbkwik.webdatacommons.org/marvelcinematicuniverse.wikia.com/resource/X-Ray_Specs	http://dbkwik.webdatacommons.org/marvel.wikia.com/resource/X-Ray_Specs	=	1.0000
http://dbkwik.webdatacommons.org/marvelcinematicuniverse.wikia.com/resource/Iron_Lotus	http://dbkwik.webdatacommons.org/marvel.wikia.com/resource/Iron_Lotus	=	1.0000
http://dbkwik.webdatacommons.org/marvelcinematicuniverse.wikia.com/resource/Stephen_King	http://dbkwik.webdatacommons.org/marvel.wikia.com/resource/Stephen_King	=	1.0000
http://marvelcinematicuniverse.wikia.com/wiki/Special:FilePath/Leader.jpg	http://marvel.wikia.com/wiki/Special:FilePath/Leader.jpg	=	1.0000
http://dbkwik.webdatacommons.org/marvelcinematicuniverse.wikia.com/resource/Mark_Pennington	http://dbkwik.webdatacommons.org/marvel.wikia.com/resource/Mark_Pennington	=	1.0000
http://dbkwik.webdatacommons.org/marvelcinematicuniverse.wikia.com/resource/Category:Blue_Eyes	http://dbkwik.webdatacommons.org/marvel.wikia.com/resource/Category:Blue_Eyes	=	1.0000
http://marvelcinematicuniverse.wikia.com/wiki/Special:FilePath/Michael_Uppendahl.jpg?width=300	http://marvel.wikia.com/wiki/Special:FilePath/Michael_Uppendahl.jpg?width=300	=	1.0000
http://dbkwik.webdatacommons.org/marvelcinematicuniverse.wikia.com/resource/Laura_Barton	http://dbkwik.webdatacommons.org/marvel.wikia.com/resource/Laura_Barton	=	1.0000
http://marvelcinematicuniverse.wikia.com/wiki/Special:FilePath/Jon_Spaihts.jpg	http://marvel.wikia.com/wiki/Special:FilePath/Jon_Spaihts.jpg	=	1.0000
http://dbkwik.webdatacommons.org/marvelcinematicuniverse.wikia.com/resource/Asgardians	http://dbkwik.webdatacommons.org/marvel.wikia.com/resource/Asgardians	=	1.0000
http://marvelcinematicuniverse.wikia.com/wiki/Special:FilePath/Flag_of_Spain.png?width=300	http://marvel.wikia.com/wiki/Special:FilePath/Flag_of_Spain.png?width=300	=	1.0000
http://dbkwik.webdatacommons.org/marvelcinematicuniverse.wikia.com/resource/Guardians_of_the_Galaxy_(film)	http://dbkwik.webdatacommons.org/marvel.wikia.com/resource/Guardians_of_the_Galaxy_(film)	=	1.0000
http://dbkwik.webdatacommons.org/marvelcinematicuniverse.wikia.com/resource/Annapolis	http://dbkwik.webdatacommons.org/marvel.wikia.com/resource/Annapolis	=	1.0000
http://dbkwik.webdatacommons.org/marvelcinematicuniverse.wikia.com/resource/Falcon	http://dbkwik.webdatacommons.org/marvel.wikia.com/resource/Falcon	=	1.0000
http://marvelcinematicuniverse.wikia.com/wiki/Special:FilePath/JessicaJones.jpg?width=300	http://marvel.wikia.com/wiki/Special:FilePath/Jessica_Jones.jpg?width=300	=	1.0000
http://marvelcinematicuniverse.wikia.com/wiki/Special:FilePath/James_Brown.jpg?width=300	http://marvel.wikia.com/wiki/Special:FilePath/James_Brown.jpg?width=300	=	1.0000
http://dbkwik.webdatacommons.org/marvelcinematicuniverse.wikia.com/resource/Central_Park	http://dbkwik.webdatacommons.org/marvel.wikia.com/resource/Central_Park	=	1.0000
http://dbkwik.webdatacommons.org/marvelcinematicuniverse.wikia.com/resource/Bakuto	http://dbkwik.webdatacommons.org/marvel.wikia.com/resource/Bakuto	=	1.0000
http://dbkwik.webdatacommons.org/marvelcinematicuniverse.wikia.com/resource/Category:HYDRA	http://dbkwik.webdatacommons.org/marvel.wikia.com/resource/Category:Hydra	=	1.0000
http://dbkwik.webdatacommons.org/marvelcinematicuniverse.wikia.com/resource/Abomination	http://dbkwik.webdatacommons.org/marvel.wikia.com/resource/Abomination	=	1.0000
http://marvelcinematicuniverse.wikia.com/wiki/Special:FilePath/Jesse_Harris.jpg	http://marvel.wikia.com/wiki/Special:FilePath/Jesse_Harris.jpg	=	1.0000
http://dbkwik.webdatacommons.org/marvelcinematicuniverse.wikia.com/resource/W%27Kabi	http://dbkwik.webdatacommons.org/marvel.wikia.com/resource/W%27Kabi	=	1.0000
http://marvelcinematicuniverse.wikia.com/wiki/Special:FilePath/J.E._Bright.jpg?width=300	http://marvel.wikia.com/wiki/Special:FilePath/J.E._Bright.jpg?width=300	=	1.0000
http://marvelcinematicuniverse.wikia.com/wiki/Special:FilePath/Kurt_Busiek.jpg?width=300	http://marvel.wikia.com/wiki/Special:FilePath/Kurt_Busiek.jpg?width=300	=	1.0000
http://dbkwik.webdatacommons.org/marvelcinematicuniverse.wikia.com/resource/Richard_Isanove	http://dbkwik.webdatacommons.org/marvel.wikia.com/resource/Richard_Isanove	=	1.0000
http://dbkwik.webdatacommons.org/marvelcinematicuniverse.wikia.com/resource/Korbin	http://dbkwik.webdatacommons.org/marvel.wikia.com/resource/Korbin	=	1.0000
http://dbkwik.webdatacommons.org/marvelcinematicuniverse.wikia.com/resource/Zagreb	http://dbkwik.webdatacommons.org/marvel.wikia.com/resource/Zagreb	=	1.0000
http://dbkwik.webdatacommons.org/marvelcinematicuniverse.wikia.com/resource/Portland	http://dbkwik.webdatacommons.org/marvel.wikia.com/resource/Portland	=	1.0000
http://marvelcinematicuniverse.wikia.com/wiki/Special:FilePath/Luke_Ross.jpg	http://marvel.wikia.com/wiki/Special:FilePath/Luke_Ross.jpg	=	1.0000
http://dbkwik.webdatacommons.org/marvelcinematicuniverse.wikia.com/resource/Allentown	http://dbkwik.webdatacommons.org/marvel.wikia.com/resource/Allentown	=	1.0000
http://dbkwik.webdatacommons.org/marvelcinematicuniverse.wikia.com/resource/Spider-Man	http://dbkwik.webdatacommons.org/marvel.wikia.com/resource/Spider-Man	=	1.0000
http://dbkwik.webdatacommons.org/marvelcinematicuniverse.wikia.com/resource/Iliad	http://dbkwik.webdatacommons.org/marvel.wikia.com/resource/Iliad	=	1.0000
http://dbkwik.webdatacommons.org/marvelcinematicuniverse.wikia.com/resource/London_Sanctum	http://dbkwik.webdatacommons.org/marvel.wikia.com/resource/London_Sanctum	=	1.0000
http://dbkwik.webdatacommons.org/marvelcinematicuniverse.wikia.com/resource/Charlie-27	http://dbkwik.webdatacommons.org/marvel.wikia.com/resource/Charlie-27	=	1.0000
http://dbkwik.webdatacommons.org/marvelcinematicuniverse.wikia.com/resource/Betsy_Beatty	http://dbkwik.webdatacommons.org/marvel.wikia.com/resource/Betsy_Beatty	=	1.0000
http://dbkwik.webdatacommons.org/marvelcinematicuniverse.wikia.com/resource/Shades	http://dbkwik.webdatacommons.org/marvel.wikia.com/resource/Shades	=	1.0000
http://dbkwik.webdatacommons.org/marvelcinematicuniverse.wikia.com/resource/Romania	http://dbkwik.webdatacommons.org/marvel.wikia.com/resource/Romania	=	1.0000
http://dbkwik.webdatacommons.org/marvelcinematicuniverse.wikia.com/resource/Ramon_Rosanas	http://dbkwik.webdatacommons.org/marvel.wikia.com/resource/Ramon_Rosanas	=	1.0000
http://dbkwik.webdatacommons.org/marvelcinematicuniverse.wikia.com/resource/Denmark	http://dbkwik.webdatacommons.org/marvel.wikia.com/resource/Denmark	=	1.0000
http://dbkwik.webdatacommons.org/marvelcinematicuniverse.wikia.com/resource/Ego	http://dbkwik.webdatacommons.org/marvel.wikia.com/resource/Ego	=	1.0000
http://dbkwik.webdatacommons.org/marvelcinematicuniverse.wikia.com/resource/Dark_Aster	http://dbkwik.webdatacommons.org/marvel.wikia.com/resource/Dark_Aster	=	1.0000
http://dbkwik.webdatacommons.org/marvelcinematicuniverse.wikia.com/resource/Mumbai	http://dbkwik.webdatacommons.org/marvel.wikia.com/resource/Mumbai	=	1.0000
http://marvelcinematicuniverse.wikia.com/wiki/Special:FilePath/Flag_of_Hong_Kong.png?width=300	http://marvel.wikia.com/wiki/Special:FilePath/Flag_of_Hong_Kong.png?width=300	=	1.0000
http://dbkwik.webdatacommons.org/marvelcinematicuniverse.wikia.com/resource/Adam	http://dbkwik.webdatacommons.org/marvel.wikia.com/resource/Adam	=	1.0000
http://marvelcinematicuniverse.wikia.com/wiki/Special:FilePath/Mumbai.png	http://marvel.wikia.com/wiki/Special:FilePath/Mumbai.png	=	1.0000
http://dbkwik.webdatacommons.org/marvelcinematicuniverse.wikia.com/resource/Lithuania	http://dbkwik.webdatacommons.org/marvel.wikia.com/resource/Lithuania	=	1.0000
http://marvelcinematicuniverse.wikia.com/wiki/Special:FilePath/Fred_Van_Lente.jpg?width=300	http://marvel.wikia.com/wiki/Special:FilePath/Fred_Van_Lente.jpg?width=300	=	1.0000
http://marvelcinematicuniverse.wikia.com/wiki/Special:FilePath/Captain_America_The_Winter_Soldier_The_Official_Game.jpg?width=300	http://marvel.wikia.com/wiki/Special:FilePath/Captain_America_The_Winter_Soldier_-_The_Official_Game.jpg?width=300	=	1.0000
http://dbkwik.webdatacommons.org/marvelcinematicuniverse.wikia.com/resource/Puerto_Rico	http://dbkwik.webdatacommons.org/marvel.wikia.com/resource/Puerto_Rico	=	1.0000
http://marvelcinematicuniverse.wikia.com/wiki/Special:FilePath/Michael_Vukadinovich.jpg?width=300	http://marvel.wikia.com/wiki/Special:FilePath/Michael_Vukadinovich.jpg?width=300	=	1.0000
http://dbkwik.webdatacommons.org/marvelcinematicuniverse.wikia.com/resource/Category:Eternals	http://dbkwik.webdatacommons.org/marvel.wikia.com/resource/Category:Eternals	=	1.0000
http://dbkwik.webdatacommons.org/marvelcinematicuniverse.wikia.com/resource/Christine_Boylan	http://dbkwik.webdatacommons.org/marvel.wikia.com/resource/Christine_Boylan	=	1.0000
http://dbkwik.webdatacommons.org/marvelcinematicuniverse.wikia.com/resource/California	http://dbkwik.webdatacommons.org/marvel.wikia.com/resource/California	=	1.0000
http://marvelcinematicuniverse.wikia.com/wiki/Special:FilePath/David_Straiton.jpg?width=300	http://marvel.wikia.com/wiki/Special:FilePath/David_Straiton.jpg?width=300	=	1.0000
http://marvelcinematicuniverse.wikia.com/wiki/Special:FilePath/Flag_of_Brazil.png?width=300	http://marvel.wikia.com/wiki/Special:FilePath/Flag_of_Brazil.png?width=300	=	1.0000
http://dbkwik.webdatacommons.org/marvelcinematicuniverse.wikia.com/resource/Dark_Elves/Gallery	http://dbkwik.webdatacommons.org/marvel.wikia.com/resource/Dark_Elves/Gallery	=	1.0000
http://dbkwik.webdatacommons.org/marvelcinematicuniverse.wikia.com/resource/Cheo_Hodari_Coker	http://dbkwik.webdatacommons.org/marvel.wikia.com/resource/Cheo_Hodari_Coker	=	1.0000
http://dbkwik.webdatacommons.org/marvelcinematicuniverse.wikia.com/resource/Category:Portals	http://dbkwik.webdatacommons.org/marvel.wikia.com/resource/Category:Portals	=	1.0000
http://marvelcinematicuniverse.wikia.com/wiki/Special:FilePath/Iron-man-2.jpg	http://marvel.wikia.com/wiki/Special:FilePath/Iron_Man_2.jpg	=	1.0000
http://dbkwik.webdatacommons.org/marvelcinematicuniverse.wikia.com/resource/Lisa_Randolph	http://dbkwik.webdatacommons.org/marvel.wikia.com/resource/Lisa_Randolph	=	1.0000
http://dbkwik.webdatacommons.org/marvelcinematicuniverse.wikia.com/resource/Category:Vanir	http://dbkwik.webdatacommons.org/marvel.wikia.com/resource/Category:Vanir	=	1.0000
http://marvelcinematicuniverse.wikia.com/wiki/Special:FilePath/Rus_Wooton.jpg	http://marvel.wikia.com/wiki/Special:FilePath/Rus_Wooton.jpg	=	1.0000
http://dbkwik.webdatacommons.org/marvelcinematicuniverse.wikia.com/resource/Budapest	http://dbkwik.webdatacommons.org/marvel.wikia.com/resource/Budapest	=	1.0000
http://dbkwik.webdatacommons.org/marvelcinematicuniverse.wikia.com/resource/Fiji	http://dbkwik.webdatacommons.org/marvel.wikia.com/resource/Fiji	=	1.0000
http://dbkwik.webdatacommons.org/marvelcinematicuniverse.wikia.com/resource/United_States_Department_of_Defense	http://dbkwik.webdatacommons.org/marvel.wikia.com/resource/United_States_Department_of_Defense	=	1.0000
http://dbkwik.webdatacommons.org/marvelcinematicuniverse.wikia.com/resource/Category:Black_Eyes	http://dbkwik.webdatacommons.org/marvel.wikia.com/resource/Category:Black_Eyes	=	1.0000
http://dbkwik.webdatacommons.org/marvelcinematicuniverse.wikia.com/resource/Illinois	http://dbkwik.webdatacommons.org/marvel.wikia.com/resource/Illinois	=	1.0000
http://dbkwik.webdatacommons.org/marvelcinematicuniverse.wikia.com/resource/Costa_Verde	http://dbkwik.webdatacommons.org/marvel.wikia.com/resource/Costa_Verde	=	1.0000
http://dbkwik.webdatacommons.org/marvelcinematicuniverse.wikia.com/resource/R.A.I.D.	http://dbkwik.webdatacommons.org/marvel.wikia.com/resource/R.A.I.D.	=	1.0000
http://marvelcinematicuniverse.wikia.com/wiki/Special:FilePath/John_Dahl.jpg?width=300	http://marvel.wikia.com/wiki/Special:FilePath/John_Dahl.jpg?width=300	=	1.0000
http://dbkwik.webdatacommons.org/marvelcinematicuniverse.wikia.com/resource/Deviants	http://dbkwik.webdatacommons.org/marvel.wikia.com/resource/Deviants	=	1.0000
http://dbkwik.webdatacommons.org/marvelcinematicuniverse.wikia.com/resource/Eye_of_Agamotto/Gallery	http://dbkwik.webdatacommons.org/marvel.wikia.com/resource/Eye_of_Agamotto/Gallery	=	1.0000
http://dbkwik.webdatacommons.org/marvelcinematicuniverse.wikia.com/resource/Commodore/Gallery	http://dbkwik.webdatacommons.org/marvel.wikia.com/resource/Commodore/Gallery	=	1.0000
http://dbkwik.webdatacommons.org/marvelcinematicuniverse.wikia.com/resource/Most_Wanted	http://dbkwik.webdatacommons.org/marvel.wikia.com/resource/Most_Wanted	=	1.0000
http://dbkwik.webdatacommons.org/marvelcinematicuniverse.wikia.com/resource/Jotunheim	http://dbkwik.webdatacommons.org/marvel.wikia.com/resource/Jotunheim	=	1.0000
http://marvelcinematicuniverse.wikia.com/wiki/Special:FilePath/Juarez.png	http://marvel.wikia.com/wiki/Special:FilePath/Juarez.png	=	1.0000
http://marvelcinematicuniverse.wikia.com/wiki/Special:FilePath/загружено_(2).jpg?width=300	http://marvel.wikia.com/wiki/Special:FilePath/DC_Marvel_All_access_#2.jpg?width=300	=	1.0000
http://marvelcinematicuniverse.wikia.com/wiki/Special:FilePath/Dawn_Kamoche.jpg	http://marvel.wikia.com/wiki/Special:FilePath/Dawn_Kamoche.jpg	=	1.0000
http://dbkwik.webdatacommons.org/marvelcinematicuniverse.wikia.com/resource/Bessie	http://dbkwik.webdatacommons.org/marvel.wikia.com/resource/Bessie	=	1.0000
http://dbkwik.webdatacommons.org/marvelcinematicuniverse.wikia.com/resource/Wakanda	http://dbkwik.webdatacommons.org/marvel.wikia.com/resource/Wakanda	=	1.0000
http://dbkwik.webdatacommons.org/marvelcinematicuniverse.wikia.com/resource/William_McKinley	http://dbkwik.webdatacommons.org/marvel.wikia.com/resource/William_McKinley	=	1.0000
http://dbkwik.webdatacommons.org/marvelcinematicuniverse.wikia.com/resource/Michael_Jones-Morales	http://dbkwik.webdatacommons.org/marvel.wikia.com/resource/Michael_Jones-Morales	=	1.0000
http://dbkwik.webdatacommons.org/marvelcinematicuniverse.wikia.com/resource/Keibler%27s_Circus	http://dbkwik.webdatacommons.org/marvel.wikia.com/resource/Keibler%27s_Circus	=	1.0000
http://dbkwik.webdatacommons.org/marvelcinematicuniverse.wikia.com/resource/Drew_Goddard	http://dbkwik.webdatacommons.org/marvel.wikia.com/resource/Drew_Goddard	=	1.0000
http://marvelcinematicuniverse.wikia.com/wiki/Special:FilePath/Joe_Bennett.jpg?width=300	http://marvel.wikia.com/wiki/Special:FilePath/Joe_Bennett.jpg?width=300	=	1.0000
http://marvelcinematicuniverse.wikia.com/wiki/Special:FilePath/Matt_Baker.jpg	http://marvel.wikia.com/wiki/Special:FilePath/Matt_Baker.jpg	=	1.0000
http://dbkwik.webdatacommons.org/marvelcinematicuniverse.wikia.com/resource/Sakaar/Gallery	http://dbkwik.webdatacommons.org/marvel.wikia.com/resource/Sakaar/Gallery	=	1.0000
http://dbkwik.webdatacommons.org/marvelcinematicuniverse.wikia.com/resource/Vietnam	http://dbkwik.webdatacommons.org/marvel.wikia.com/resource/Vietnam	=	1.0000
http://dbkwik.webdatacommons.org/marvelcinematicuniverse.wikia.com/resource/Dublin	http://dbkwik.webdatacommons.org/marvel.wikia.com/resource/Dublin	=	1.0000
http://dbkwik.webdatacommons.org/marvelcinematicuniverse.wikia.com/resource/Douglas_Scott	http://dbkwik.webdatacommons.org/marvel.wikia.com/resource/Douglas_Scott	=	1.0000
http://dbkwik.webdatacommons.org/marvelcinematicuniverse.wikia.com/resource/Agon	http://dbkwik.webdatacommons.org/marvel.wikia.com/resource/Agon	=	1.0000
http://dbkwik.webdatacommons.org/marvelcinematicuniverse.wikia.com/resource/Paul_Zbyszewski	http://dbkwik.webdatacommons.org/marvel.wikia.com/resource/Paul_Zbyszewski	=	1.0000
http://dbkwik.webdatacommons.org/marvelcinematicuniverse.wikia.com/resource/Witch	http://dbkwik.webdatacommons.org/marvel.wikia.com/resource/Witch	=	1.0000
http://marvelcinematicuniverse.wikia.com/wiki/Special:FilePath/Flag_of_Romania.png?width=300	http://marvel.wikia.com/wiki/Special:FilePath/Flag_of_Romania.png?width=300	=	1.0000
http://marvelcinematicuniverse.wikia.com/wiki/Special:FilePath/Farren_Blackburn.jpg	http://marvel.wikia.com/wiki/Special:FilePath/Farren_Blackburn.jpg	=	1.0000
http://dbkwik.webdatacommons.org/marvelcinematicuniverse.wikia.com/resource/Culver_University/Gallery	http://dbkwik.webdatacommons.org/marvel.wikia.com/resource/Culver_University/Gallery	=	1.0000
http://marvelcinematicuniverse.wikia.com/wiki/Special:FilePath/des14.jpg?width=300	http://marvel.wikia.com/wiki/Special:FilePath/des14.jpg?width=300	=	1.0000
http://marvelcinematicuniverse.wikia.com/wiki/Special:FilePath/Ryan_Coogler.jpg?width=300	http://marvel.wikia.com/wiki/Special:FilePath/Ryan_Coogler.jpg?width=300	=	1.0000
http://marvelcinematicuniverse.wikia.com/wiki/Special:FilePath/Gotgstill-04.jpg?width=300	http://marvel.wikia.com/wiki/Special:FilePath/Gotgstill-04.jpg?width=300	=	1.0000
http://marvelcinematicuniverse.wikia.com/wiki/Special:FilePath/Videogame.Vector.jpg?width=300	http://marvel.wikia.com/wiki/Special:FilePath/Videogame.Vector.jpg?width=300	=	1.0000
http://dbkwik.webdatacommons.org/marvelcinematicuniverse.wikia.com/resource/Belgium	http://dbkwik.webdatacommons.org/marvel.wikia.com/resource/Belgium	=	1.0000
http://marvelcinematicuniverse.wikia.com/wiki/Special:FilePath/Flag_of_Sweden.png?width=300	http://marvel.wikia.com/wiki/Special:FilePath/Flag_of_Sweden.png?width=300	=	1.0000
http://dbkwik.webdatacommons.org/marvelcinematicuniverse.wikia.com/resource/England	http://dbkwik.webdatacommons.org/marvel.wikia.com/resource/England	=	1.0000
http://dbkwik.webdatacommons.org/marvelcinematicuniverse.wikia.com/resource/Roger_Harrington	http://dbkwik.webdatacommons.org/marvel.wikia.com/resource/Roger_Harrington	=	1.0000
http://dbkwik.webdatacommons.org/marvelcinematicuniverse.wikia.com/resource/Doctor_Strange	http://dbkwik.webdatacommons.org/marvel.wikia.com/resource/Doctor_Strange	=	1.0000
http://dbkwik.webdatacommons.org/marvelcinematicuniverse.wikia.com/resource/Arc_Reactor	http://dbkwik.webdatacommons.org/marvel.wikia.com/resource/Arc_Reactor	=	1.0000
http://marvelcinematicuniverse.wikia.com/wiki/Special:FilePath/David_Petrarca.jpg	http://marvel.wikia.com/wiki/Special:FilePath/David_Petrarca.jpg	=	1.0000
http://dbkwik.webdatacommons.org/marvelcinematicuniverse.wikia.com/resource/Michael_Uppendahl	http://dbkwik.webdatacommons.org/marvel.wikia.com/resource/Michael_Uppendahl	=	1.0000
http://dbkwik.webdatacommons.org/marvelcinematicuniverse.wikia.com/resource/Sin	http://dbkwik.webdatacommons.org/marvel.wikia.com/resource/Sin	=	1.0000
http://dbkwik.webdatacommons.org/marvelcinematicuniverse.wikia.com/resource/Barry_Hapgood	http://dbkwik.webdatacommons.org/marvel.wikia.com/resource/Barry_Hapgood	=	1.0000
http://marvelcinematicuniverse.wikia.com/wiki/Special:FilePath/Aether.png?width=300	http://marvel.wikia.com/wiki/Special:FilePath/Aether.png?width=300	=	1.0000
http://dbkwik.webdatacommons.org/marvelcinematicuniverse.wikia.com/resource/Svartalfheim	http://dbkwik.webdatacommons.org/marvel.wikia.com/resource/Svartalfheim	=	1.0000
http://dbkwik.webdatacommons.org/marvelcinematicuniverse.wikia.com/resource/Dachau	http://dbkwik.webdatacommons.org/marvel.wikia.com/resource/Dachau	=	1.0000
http://marvelcinematicuniverse.wikia.com/wiki/Special:FilePath/Miguel_Ferrer.jpg	http://marvel.wikia.com/wiki/Special:FilePath/Miguel_Ferrer.jpg	=	1.0000
http://marvelcinematicuniverse.wikia.com/wiki/Special:FilePath/Grandmaster.jpg	http://marvel.wikia.com/wiki/Special:FilePath/Grandmaster.jpg	=	1.0000
http://marvelcinematicuniverse.wikia.com/wiki/Special:FilePath/Screenshot_(9).png?width=300	http://marvel.wikia.com/wiki/Special:FilePath/Screenshot_9.png?width=300	=	1.0000
http://dbkwik.webdatacommons.org/marvelcinematicuniverse.wikia.com/resource/St._Louis	http://dbkwik.webdatacommons.org/marvel.wikia.com/resource/St._Louis	=	1.0000
http://dbkwik.webdatacommons.org/marvelcinematicuniverse.wikia.com/resource/Old_Lace	http://dbkwik.webdatacommons.org/marvel.wikia.com/resource/Old_Lace	=	1.0000
http://marvelcinematicuniverse.wikia.com/wiki/Special:FilePath/Boston.png	http://marvel.wikia.com/wiki/Special:FilePath/Boston.png	=	1.0000
http://dbkwik.webdatacommons.org/marvelcinematicuniverse.wikia.com/resource/Finn_Cooley	http://dbkwik.webdatacommons.org/marvel.wikia.com/resource/Finn_Cooley	=	1.0000
http://dbkwik.webdatacommons.org/marvelcinematicuniverse.wikia.com/resource/Charles_Murphy	http://dbkwik.webdatacommons.org/marvel.wikia.com/resource/Charles_Murphy	=	1.0000
http://dbkwik.webdatacommons.org/marvelcinematicuniverse.wikia.com/resource/Category:Dora_Milaje_Members	http://dbkwik.webdatacommons.org/marvel.wikia.com/resource/Category:Dora_Milaje_members	=	1.0000
http://dbkwik.webdatacommons.org/marvelcinematicuniverse.wikia.com/resource/Dagger	http://dbkwik.webdatacommons.org/marvel.wikia.com/resource/Dagger	=	1.0000
http://dbkwik.webdatacommons.org/marvelcinematicuniverse.wikia.com/resource/Croatia	http://dbkwik.webdatacommons.org/marvel.wikia.com/resource/Croatia	=	1.0000
http://marvelcinematicuniverse.wikia.com/wiki/Special:FilePath/Ramsey_Nickell.jpg	http://marvel.wikia.com/wiki/Special:FilePath/Ramsey_Nickell.jpg	=	1.0000
http://dbkwik.webdatacommons.org/marvelcinematicuniverse.wikia.com/resource/Category:Secretaries	http://dbkwik.webdatacommons.org/marvel.wikia.com/resource/Category:Secretaries	=	1.0000
http://dbkwik.webdatacommons.org/marvelcinematicuniverse.wikia.com/resource/Scene_Contempo_Gallery	http://dbkwik.webdatacommons.org/marvel.wikia.com/resource/Scene_Contempo_Gallery	=	1.0000
http://marvelcinematicuniverse.wikia.com/wiki/Special:FilePath/John_Francis_Daley.jpg	http://marvel.wikia.com/wiki/Special:FilePath/John_Francis_Daley.jpg	=	1.0000
http://dbkwik.webdatacommons.org/marvelcinematicuniverse.wikia.com/resource/Rwanda	http://dbkwik.webdatacommons.org/marvel.wikia.com/resource/Rwanda	=	1.0000
http://marvelcinematicuniverse.wikia.com/wiki/Special:FilePath/Volstagg.jpg	http://marvel.wikia.com/wiki/Special:FilePath/Volstagg.jpg	=	1.0000
http://dbkwik.webdatacommons.org/marvelcinematicuniverse.wikia.com/resource/Paul_O%27Connor	http://dbkwik.webdatacommons.org/marvel.wikia.com/resource/Paul_O%27Connor	=	1.0000
http://dbkwik.webdatacommons.org/marvelcinematicuniverse.wikia.com/resource/New_Orleans_Police_Department	http://dbkwik.webdatacommons.org/marvel.wikia.com/resource/New_Orleans_Police_Department	=	1.0000
http://dbkwik.webdatacommons.org/marvelcinematicuniverse.wikia.com/resource/Congo	http://dbkwik.webdatacommons.org/marvel.wikia.com/resource/Congo	=	1.0000
http://dbkwik.webdatacommons.org/marvelcinematicuniverse.wikia.com/resource/S.H.I.E.L.D._Helicopter/Gallery	http://dbkwik.webdatacommons.org/marvel.wikia.com/resource/S.H.I.E.L.D._Helicopter/Gallery	=	1.0000
http://marvelcinematicuniverse.wikia.com/wiki/Special:FilePath/Jenny_Klein.jpg	http://marvel.wikia.com/wiki/Special:FilePath/Jenny_Klein.jpg	=	1.0000
http://dbkwik.webdatacommons.org/marvelcinematicuniverse.wikia.com/resource/Category:Fire_Demons	http://dbkwik.webdatacommons.org/marvel.wikia.com/resource/Category:Fire_Demons	=	1.0000
http://dbkwik.webdatacommons.org/marvelcinematicuniverse.wikia.com/resource/Holo	http://dbkwik.webdatacommons.org/marvel.wikia.com/resource/Holo	=	1.0000
http://marvelcinematicuniverse.wikia.com/wiki/Special:FilePath/Secret_Avengers.png?width=300	http://marvel.wikia.com/wiki/Special:FilePath/Secret_avengers.png?width=300	=	1.0000
http://dbkwik.webdatacommons.org/marvelcinematicuniverse.wikia.com/resource/Peter_Sanderson	http://dbkwik.webdatacommons.org/marvel.wikia.com/resource/Peter_Sanderson	=	1.0000
http://dbkwik.webdatacommons.org/marvelcinematicuniverse.wikia.com/resource/Luke_Cage	http://dbkwik.webdatacommons.org/marvel.wikia.com/resource/Luke_Cage	=	1.0000
http://dbkwik.webdatacommons.org/marvelcinematicuniverse.wikia.com/resource/Caterpillars	http://dbkwik.webdatacommons.org/marvel.wikia.com/resource/Caterpillars	=	1.0000
http://dbkwik.webdatacommons.org/marvelcinematicuniverse.wikia.com/resource/Okoye	http://dbkwik.webdatacommons.org/marvel.wikia.com/resource/Okoye	=	1.0000
http://dbkwik.webdatacommons.org/marvelcinematicuniverse.wikia.com/resource/Category:Organizations	http://dbkwik.webdatacommons.org/marvel.wikia.com/resource/Category:Organizations	=	1.0000
http://dbkwik.webdatacommons.org/marvelcinematicuniverse.wikia.com/resource/Sheffield	http://dbkwik.webdatacommons.org/marvel.wikia.com/resource/Sheffield	=	1.0000
http://dbkwik.webdatacommons.org/marvelcinematicuniverse.wikia.com/resource/Iron_Man	http://dbkwik.webdatacommons.org/marvel.wikia.com/resource/Iron_Man	=	1.0000
http://dbkwik.webdatacommons.org/marvelcinematicuniverse.wikia.com/resource/Dark_Aster/Gallery	http://dbkwik.webdatacommons.org/marvel.wikia.com/resource/Dark_Aster/Gallery	=	1.0000
http://marvelcinematicuniverse.wikia.com/wiki/Special:FilePath/Mark_Kolpack.jpg	http://marvel.wikia.com/wiki/Special:FilePath/Mark_Kolpack.jpg	=	1.0000
http://dbkwik.webdatacommons.org/marvelcinematicuniverse.wikia.com/resource/Category:Astrans	http://dbkwik.webdatacommons.org/marvel.wikia.com/resource/Category:Astrans	=	1.0000
http://dbkwik.webdatacommons.org/marvelcinematicuniverse.wikia.com/resource/Cybertek	http://dbkwik.webdatacommons.org/marvel.wikia.com/resource/Cybertek	=	1.0000
http://dbkwik.webdatacommons.org/marvelcinematicuniverse.wikia.com/resource/Siberia	http://dbkwik.webdatacommons.org/marvel.wikia.com/resource/Siberia	=	1.0000
http://dbkwik.webdatacommons.org/marvelcinematicuniverse.wikia.com/resource/Felix_Ruiz	http://dbkwik.webdatacommons.org/marvel.wikia.com/resource/Felix_Ruiz	=	1.0000
http://dbkwik.webdatacommons.org/marvelcinematicuniverse.wikia.com/resource/Pennsylvania	http://dbkwik.webdatacommons.org/marvel.wikia.com/resource/Pennsylvania	=	1.0000
http://dbkwik.webdatacommons.org/marvelcinematicuniverse.wikia.com/resource/Jane_Foster	http://dbkwik.webdatacommons.org/marvel.wikia.com/resource/Jane_Foster	=	1.0000
http://dbkwik.webdatacommons.org/marvelcinematicuniverse.wikia.com/resource/Junior_Juniper	http://dbkwik.webdatacommons.org/marvel.wikia.com/resource/Junior_Juniper	=	1.0000
http://dbkwik.webdatacommons.org/marvelcinematicuniverse.wikia.com/resource/John_Rauch	http://dbkwik.webdatacommons.org/marvel.wikia.com/resource/John_Rauch	=	1.0000
http://dbkwik.webdatacommons.org/marvelcinematicuniverse.wikia.com/resource/Lem	http://dbkwik.webdatacommons.org/marvel.wikia.com/resource/Lem	=	1.0000
http://dbkwik.webdatacommons.org/marvelcinematicuniverse.wikia.com/resource/Chaste	http://dbkwik.webdatacommons.org/marvel.wikia.com/resource/Chaste	=	1.0000
http://dbkwik.webdatacommons.org/marvelcinematicuniverse.wikia.com/resource/Minkie_Spiro	http://dbkwik.webdatacommons.org/marvel.wikia.com/resource/Minkie_Spiro	=	1.0000
http://dbkwik.webdatacommons.org/marvelcinematicuniverse.wikia.com/resource/Felix_Serrano	http://dbkwik.webdatacommons.org/marvel.wikia.com/resource/Felix_Serrano	=	1.0000
http://dbkwik.webdatacommons.org/marvelcinematicuniverse.wikia.com/property/target	http://dbkwik.webdatacommons.org/marvel.wikia.com/resource/Target	=	1.0000
http://marvelcinematicuniverse.wikia.com/wiki/Special:FilePath/Geoff_Zorick.png?width=300	http://marvel.wikia.com/wiki/Special:FilePath/Geoff_Zorick.png?width=300	=	1.0000
http://marvelcinematicuniverse.wikia.com/wiki/Special:FilePath/Pat_Charles.jpg?width=300	http://marvel.wikia.com/wiki/Special:FilePath/Pat_Charles.jpg?width=300	=	1.0000
http://dbkwik.webdatacommons.org/marvelcinematicuniverse.wikia.com/resource/Nathan_Fox	http://dbkwik.webdatacommons.org/marvel.wikia.com/resource/Nathan_Fox	=	1.0000
http://marvelcinematicuniverse.wikia.com/wiki/Special:FilePath/Louis_Leterrier.jpg?width=300	http://marvel.wikia.com/wiki/Special:FilePath/Louis_Leterrier.jpg?width=300	=	1.0000
http://dbkwik.webdatacommons.org/marvelcinematicuniverse.wikia.com/resource/Frank_Robbins	http://dbkwik.webdatacommons.org/marvel.wikia.com/resource/Frank_Robbins	=	1.0000
http://marvelcinematicuniverse.wikia.com/wiki/Special:FilePath/Widowsbite.jpg?width=300	http://marvel.wikia.com/wiki/Special:FilePath/Widowsbite.jpg?width=300	=	1.0000
http://marvelcinematicuniverse.wikia.com/wiki/Special:FilePath/Mark_Kolpack.jpg?width=300	http://marvel.wikia.com/wiki/Special:FilePath/Mark_Kolpack.jpg?width=300	=	1.0000
http://dbkwik.webdatacommons.org/marvelcinematicuniverse.wikia.com/resource/Ymir	http://dbkwik.webdatacommons.org/marvel.wikia.com/resource/Ymir	=	1.0000
http://dbkwik.webdatacommons.org/marvelcinematicuniverse.wikia.com/resource/Warsaw	http://dbkwik.webdatacommons.org/marvel.wikia.com/resource/Warsaw	=	1.0000
http://dbkwik.webdatacommons.org/marvelcinematicuniverse.wikia.com/resource/Mirror_Dimension	http://dbkwik.webdatacommons.org/marvel.wikia.com/resource/Mirror_Dimension	=	1.0000
http://marvelcinematicuniverse.wikia.com/wiki/Special:FilePath/Spider-Man_Homecoming_Morning_Rush_Vol_1_1.jpg?width=300	http://marvel.wikia.com/wiki/Special:FilePath/Spider-Man_Homecoming_Morning_Rush_Vol_1_1.jpg?width=300	=	1.0000
http://dbkwik.webdatacommons.org/marvelcinematicuniverse.wikia.com/resource/Steve_Lightfoot	http://dbkwik.webdatacommons.org/marvel.wikia.com/resource/Steve_Lightfoot	=	1.0000
http://dbkwik.webdatacommons.org/marvelcinematicuniverse.wikia.com/resource/May_Parker	http://dbkwik.webdatacommons.org/marvel.wikia.com/resource/May_Parker	=	1.0000
http://marvelcinematicuniverse.wikia.com/wiki/Special:FilePath/Flag_of_Singapore.png	http://marvel.wikia.com/wiki/Special:FilePath/Flag_of_Singapore.png	=	1.0000
http://dbkwik.webdatacommons.org/marvelcinematicuniverse.wikia.com/resource/Shaft	http://dbkwik.webdatacommons.org/marvel.wikia.com/resource/Shaft	=	1.0000
http://dbkwik.webdatacommons.org/marvelcinematicuniverse.wikia.com/resource/Rollo	http://dbkwik.webdatacommons.org/marvel.wikia.com/resource/Rollo	=	1.0000
http://dbkwik.webdatacommons.org/marvelcinematicuniverse.wikia.com/resource/Category:Voice_actors	http://dbkwik.webdatacommons.org/marvel.wikia.com/resource/Category:Voice_Actors	=	1.0000
http://dbkwik.webdatacommons.org/marvelcinematicuniverse.wikia.com/resource/Uruguay	http://dbkwik.webdatacommons.org/marvel.wikia.com/resource/Uruguay	=	1.0000
http://dbkwik.webdatacommons.org/marvelcinematicuniverse.wikia.com/resource/Kitchen_Irish	http://dbkwik.webdatacommons.org/marvel.wikia.com/resource/Kitchen_Irish	=	1.0000
http://marvelcinematicuniverse.wikia.com/wiki/Special:FilePath/Flag_of_Nicaragua.png?width=300	http://marvel.wikia.com/wiki/Special:FilePath/Flag_of_Nicaragua.png?width=300	=	1.0000
http://dbkwik.webdatacommons.org/marvelcinematicuniverse.wikia.com/resource/Kearson_DeWitt	http://dbkwik.webdatacommons.org/marvel.wikia.com/resource/Kearson_DeWitt	=	1.0000
http://dbkwik.webdatacommons.org/marvelcinematicuniverse.wikia.com/resource/Eric_Koenig	http://dbkwik.webdatacommons.org/marvel.wikia.com/resource/Eric_Koenig	=	1.0000
http://dbkwik.webdatacommons.org/marvelcinematicuniverse.wikia.com/resource/Zodiac_Key	http://dbkwik.webdatacommons.org/marvel.wikia.com/resource/Zodiac_Key	=	1.0000
http://dbkwik.webdatacommons.org/marvelcinematicuniverse.wikia.com/resource/Lincoln_Campbell	http://dbkwik.webdatacommons.org/marvel.wikia.com/resource/Lincoln_Campbell	=	1.0000
http://dbkwik.webdatacommons.org/marvelcinematicuniverse.wikia.com/resource/Sling_Ring	http://dbkwik.webdatacommons.org/marvel.wikia.com/resource/Sling_Ring	=	1.0000
http://marvelcinematicuniverse.wikia.com/wiki/Special:FilePath/Geneva_Robertson-Dworet.jpg?width=300	http://marvel.wikia.com/wiki/Special:FilePath/Geneva_Robertson-Dworet.jpg?width=300	=	1.0000
http://marvelcinematicuniverse.wikia.com/wiki/Special:FilePath/Flag_of_Austria.png?width=300	http://marvel.wikia.com/wiki/Special:FilePath/Flag_of_Austria.png?width=300	=	1.0000
http://dbkwik.webdatacommons.org/marvelcinematicuniverse.wikia.com/resource/Idaho	http://dbkwik.webdatacommons.org/marvel.wikia.com/resource/Idaho	=	1.0000
http://dbkwik.webdatacommons.org/marvelcinematicuniverse.wikia.com/resource/H.A.M.M.E.R.	http://dbkwik.webdatacommons.org/marvel.wikia.com/resource/H.A.M.M.E.R.	=	1.0000
http://dbkwik.webdatacommons.org/marvelcinematicuniverse.wikia.com/resource/Category:Gnucci_Crime_Family_Members	http://dbkwik.webdatacommons.org/marvel.wikia.com/resource/Category:Gnucci_Crime_Family_members	=	1.0000
http://dbkwik.webdatacommons.org/marvelcinematicuniverse.wikia.com/resource/Peter_Hoar	http://dbkwik.webdatacommons.org/marvel.wikia.com/resource/Peter_Hoar	=	1.0000
http://dbkwik.webdatacommons.org/marvelcinematicuniverse.wikia.com/resource/Erik_Sommers	http://dbkwik.webdatacommons.org/marvel.wikia.com/resource/Erik_Sommers	=	1.0000
http://marvelcinematicuniverse.wikia.com/wiki/Special:FilePath/Textless_Civil_War_Poster.jpg?width=300	http://marvel.wikia.com/wiki/Special:FilePath/Textless_Civil_War_Poster.jpg?width=300	=	1.0000
http://dbkwik.webdatacommons.org/marvelcinematicuniverse.wikia.com/resource/Madame_Hydra	http://dbkwik.webdatacommons.org/marvel.wikia.com/resource/Madame_Hydra	=	1.0000
http://dbkwik.webdatacommons.org/marvelcinematicuniverse.wikia.com/resource/San_Rafael	http://dbkwik.webdatacommons.org/marvel.wikia.com/resource/San_Rafael	=	1.0000
http://dbkwik.webdatacommons.org/marvelcinematicuniverse.wikia.com/resource/Ant-Man	http://dbkwik.webdatacommons.org/marvel.wikia.com/resource/Ant-Man	=	1.0000
http://dbkwik.webdatacommons.org/marvelcinematicuniverse.wikia.com/resource/Category:Blog_posts	http://dbkwik.webdatacommons.org/marvel.wikia.com/resource/Category:Blog_posts	=	1.0000
http://marvelcinematicuniverse.wikia.com/wiki/Special:FilePath/Betty.png	http://marvel.wikia.com/wiki/Special:FilePath/betty.png	=	1.0000
http://dbkwik.webdatacommons.org/marvelcinematicuniverse.wikia.com/resource/Jim_Starlin	http://dbkwik.webdatacommons.org/marvel.wikia.com/resource/Jim_Starlin	=	1.0000
http://marvelcinematicuniverse.wikia.com/wiki/Special:FilePath/Jay_David_Ramos.jpg	http://marvel.wikia.com/wiki/Special:FilePath/Jay_David_Ramos.jpg	=	1.0000
http://dbkwik.webdatacommons.org/marvelcinematicuniverse.wikia.com/resource/Ronan_Cliquet	http://dbkwik.webdatacommons.org/marvel.wikia.com/resource/Ronan_Cliquet	=	1.0000
http://marvelcinematicuniverse.wikia.com/wiki/Special:FilePath/Wintersoldier.jpg	http://marvel.wikia.com/wiki/Special:FilePath/Wintersoldier.jpg	=	1.0000
http://dbkwik.webdatacommons.org/marvelcinematicuniverse.wikia.com/resource/Michael_Zinberg	http://dbkwik.webdatacommons.org/marvel.wikia.com/resource/Michael_Zinberg	=	1.0000
http://dbkwik.webdatacommons.org/marvelcinematicuniverse.wikia.com/resource/Butterfly	http://dbkwik.webdatacommons.org/marvel.wikia.com/resource/Butterfly	=	1.0000
http://dbkwik.webdatacommons.org/marvelcinematicuniverse.wikia.com/resource/Joseph_Manfredi	http://dbkwik.webdatacommons.org/marvel.wikia.com/resource/Joseph_Manfredi	=	1.0000
http://marvelcinematicuniverse.wikia.com/wiki/Special:FilePath/Surtur-TGT.jpg	http://marvel.wikia.com/wiki/Special:FilePath/Surtur-TGT.jpg	=	1.0000
http://dbkwik.webdatacommons.org/marvelcinematicuniverse.wikia.com/resource/Chain	http://dbkwik.webdatacommons.org/marvel.wikia.com/resource/Chain	=	1.0000
http://marvelcinematicuniverse.wikia.com/wiki/Special:FilePath/Hulk_SMASH.jpg?width=300	http://marvel.wikia.com/wiki/Special:FilePath/Hulk_Smash.jpg?width=300	=	1.0000
http://dbkwik.webdatacommons.org/marvelcinematicuniverse.wikia.com/resource/Category:Musicians	http://dbkwik.webdatacommons.org/marvel.wikia.com/resource/Category:Musicians	=	1.0000
http://marvelcinematicuniverse.wikia.com/wiki/Special:FilePath/Stephen_Surjik.jpg?width=300	http://marvel.wikia.com/wiki/Special:FilePath/Stephen_Surjik.jpg?width=300	=	1.0000
http://dbkwik.webdatacommons.org/marvelcinematicuniverse.wikia.com/resource/Lucky	http://dbkwik.webdatacommons.org/marvel.wikia.com/resource/Lucky	=	1.0000
http://marvelcinematicuniverse.wikia.com/wiki/Special:FilePath/Jennifer_Lynch.jpg?width=300	http://marvel.wikia.com/wiki/Special:FilePath/Jennifer_Lynch.jpg?width=300	=	1.0000
http://dbkwik.webdatacommons.org/marvelcinematicuniverse.wikia.com/resource/Honolulu	http://dbkwik.webdatacommons.org/marvel.wikia.com/resource/Honolulu	=	1.0000
http://marvelcinematicuniverse.wikia.com/wiki/Special:FilePath/Jessica_Jones_logo.png?width=300	http://marvel.wikia.com/wiki/Special:FilePath/Jessica_Jones_logo.png?width=300	=	1.0000
http://dbkwik.webdatacommons.org/marvelcinematicuniverse.wikia.com/resource/Bill_Gordon	http://dbkwik.webdatacommons.org/marvel.wikia.com/resource/Bill_Gordon	=	1.0000
http://marvelcinematicuniverse.wikia.com/wiki/Special:FilePath/Crimson_Dynamo.jpg	http://marvel.wikia.com/wiki/Special:FilePath/Crimson_Dynamo.jpg	=	1.0000
http://marvelcinematicuniverse.wikia.com/wiki/Special:FilePath/Stephen_Surjik.jpg	http://marvel.wikia.com/wiki/Special:FilePath/Stephen_Surjik.jpg	=	1.0000
http://dbkwik.webdatacommons.org/marvelcinematicuniverse.wikia.com/resource/South_America	http://dbkwik.webdatacommons.org/marvel.wikia.com/resource/South_America	=	1.0000
http://dbkwik.webdatacommons.org/marvelcinematicuniverse.wikia.com/resource/Alias_Investigations_Office	http://dbkwik.webdatacommons.org/marvel.wikia.com/resource/Alias_Investigations_Office	=	1.0000
http://dbkwik.webdatacommons.org/marvelcinematicuniverse.wikia.com/resource/Karen_Gaviola	http://dbkwik.webdatacommons.org/marvel.wikia.com/resource/Karen_Gaviola	=	1.0000
http://dbkwik.webdatacommons.org/marvelcinematicuniverse.wikia.com/resource/Dragonfang/Gallery	http://dbkwik.webdatacommons.org/marvel.wikia.com/resource/Dragonfang/Gallery	=	1.0000
http://dbkwik.webdatacommons.org/marvelcinematicuniverse.wikia.com/resource/Ward_Meachum	http://dbkwik.webdatacommons.org/marvel.wikia.com/resource/Ward_Meachum	=	1.0000
http://dbkwik.webdatacommons.org/marvelcinematicuniverse.wikia.com/resource/Orb_of_Agamotto/Gallery	http://dbkwik.webdatacommons.org/marvel.wikia.com/resource/Orb_of_Agamotto/Gallery	=	1.0000
http://marvelcinematicuniverse.wikia.com/wiki/Special:FilePath/images.jpg?width=300	http://marvel.wikia.com/wiki/Special:FilePath/images.jpg?width=300	=	1.0000
http://dbkwik.webdatacommons.org/marvelcinematicuniverse.wikia.com/resource/Dragonfang	http://dbkwik.webdatacommons.org/marvel.wikia.com/resource/Dragonfang	=	1.0000
http://marvelcinematicuniverse.wikia.com/wiki/Special:FilePath/Hydra_logo.png?width=300	http://marvel.wikia.com/wiki/Special:FilePath/Hydra_logo.png?width=300	=	1.0000
http://dbkwik.webdatacommons.org/marvelcinematicuniverse.wikia.com/resource/Category:Locations	http://dbkwik.webdatacommons.org/marvel.wikia.com/resource/Category:Locations	=	1.0000
http://dbkwik.webdatacommons.org/marvelcinematicuniverse.wikia.com/resource/Turk_Barrett	http://dbkwik.webdatacommons.org/marvel.wikia.com/resource/Turk_Barrett	=	1.0000
http://dbkwik.webdatacommons.org/marvelcinematicuniverse.wikia.com/resource/Mindless_Ones	http://dbkwik.webdatacommons.org/marvel.wikia.com/resource/Mindless_Ones	=	1.0000
http://dbkwik.webdatacommons.org/marvelcinematicuniverse.wikia.com/resource/Tom_Shankland	http://dbkwik.webdatacommons.org/marvel.wikia.com/resource/Tom_Shankland	=	1.0000
http://marvelcinematicuniverse.wikia.com/wiki/Special:FilePath/Chris_Sotomayor.jpg?width=300	http://marvel.wikia.com/wiki/Special:FilePath/Chris_Sotomayor.jpg?width=300	=	1.0000
http://dbkwik.webdatacommons.org/marvelcinematicuniverse.wikia.com/resource/King	http://dbkwik.webdatacommons.org/marvel.wikia.com/resource/King	=	1.0000
http://dbkwik.webdatacommons.org/marvelcinematicuniverse.wikia.com/resource/Andrew_Hennessy	http://dbkwik.webdatacommons.org/marvel.wikia.com/resource/Andrew_Hennessy	=	1.0000
http://dbkwik.webdatacommons.org/marvelcinematicuniverse.wikia.com/resource/Paul_Edwards	http://dbkwik.webdatacommons.org/marvel.wikia.com/resource/Paul_Edwards	=	1.0000
http://dbkwik.webdatacommons.org/marvelcinematicuniverse.wikia.com/resource/Mongolia	http://dbkwik.webdatacommons.org/marvel.wikia.com/resource/Mongolia	=	1.0000
http://marvelcinematicuniverse.wikia.com/wiki/Special:FilePath/Screenshot_(6).png?width=300	http://marvel.wikia.com/wiki/Special:FilePath/Screenshot_6.png?width=300	=	1.0000
http://dbkwik.webdatacommons.org/marvelcinematicuniverse.wikia.com/resource/Enoch	http://dbkwik.webdatacommons.org/marvel.wikia.com/resource/Enoch	=	1.0000
http://dbkwik.webdatacommons.org/marvelcinematicuniverse.wikia.com/resource/Heinz_Kruger	http://dbkwik.webdatacommons.org/marvel.wikia.com/resource/Heinz_Kruger	=	1.0000
http://dbkwik.webdatacommons.org/marvelcinematicuniverse.wikia.com/resource/Adolf_Hitler	http://dbkwik.webdatacommons.org/marvel.wikia.com/resource/Adolf_Hitler	=	1.0000
http://dbkwik.webdatacommons.org/marvelcinematicuniverse.wikia.com/resource/George_Stephanopoulos	http://dbkwik.webdatacommons.org/marvel.wikia.com/resource/George_Stephanopoulos	=	1.0000
http://dbkwik.webdatacommons.org/marvelcinematicuniverse.wikia.com/resource/Captain_America:_The_First_Avenger	http://dbkwik.webdatacommons.org/marvel.wikia.com/resource/Captain_America:_The_First_Avenger	=	1.0000
http://dbkwik.webdatacommons.org/marvelcinematicuniverse.wikia.com/resource/Victor_Olazaba	http://dbkwik.webdatacommons.org/marvel.wikia.com/resource/Victor_Olazaba	=	1.0000
http://marvelcinematicuniverse.wikia.com/wiki/Special:FilePath/Justin_Theroux.jpg	http://marvel.wikia.com/wiki/Special:FilePath/Justin_Theroux.jpg	=	1.0000
http://dbkwik.webdatacommons.org/marvelcinematicuniverse.wikia.com/resource/David_Bowie	http://dbkwik.webdatacommons.org/marvel.wikia.com/resource/David_Bowie	=	1.0000
http://dbkwik.webdatacommons.org/marvelcinematicuniverse.wikia.com/resource/Barry_Kitson	http://dbkwik.webdatacommons.org/marvel.wikia.com/resource/Barry_Kitson	=	1.0000
http://dbkwik.webdatacommons.org/marvelcinematicuniverse.wikia.com/resource/Smithsonian_Institution	http://dbkwik.webdatacommons.org/marvel.wikia.com/resource/Smithsonian_Institution	=	1.0000
http://dbkwik.webdatacommons.org/marvelcinematicuniverse.wikia.com/resource/Marc_Jobst	http://dbkwik.webdatacommons.org/marvel.wikia.com/resource/Marc_Jobst	=	1.0000
http://marvelcinematicuniverse.wikia.com/wiki/Special:FilePath/Jones.jpg?width=300	http://marvel.wikia.com/wiki/Special:FilePath/Jones.jpg?width=300	=	1.0000
http://dbkwik.webdatacommons.org/marvelcinematicuniverse.wikia.com/resource/Werner_von_Strucker	http://dbkwik.webdatacommons.org/marvel.wikia.com/resource/Werner_von_Strucker	=	1.0000
http://dbkwik.webdatacommons.org/marvelcinematicuniverse.wikia.com/resource/Afghanistan	http://dbkwik.webdatacommons.org/marvel.wikia.com/resource/Afghanistan	=	1.0000
http://dbkwik.webdatacommons.org/marvelcinematicuniverse.wikia.com/resource/Topaz	http://dbkwik.webdatacommons.org/marvel.wikia.com/resource/Topaz	=	1.0000
http://marvelcinematicuniverse.wikia.com/wiki/Special:FilePath/Jesse_Harris.jpg?width=300	http://marvel.wikia.com/wiki/Special:FilePath/Jesse_Harris.jpg?width=300	=	1.0000
http://dbkwik.webdatacommons.org/marvelcinematicuniverse.wikia.com/resource/Steel_Serpent	http://dbkwik.webdatacommons.org/marvel.wikia.com/resource/Steel_Serpent	=	1.0000
http://dbkwik.webdatacommons.org/marvelcinematicuniverse.wikia.com/resource/Hovat	http://dbkwik.webdatacommons.org/marvel.wikia.com/resource/Hovat	=	1.0000
http://marvelcinematicuniverse.wikia.com/wiki/Special:FilePath/Laura_Villari.jpg?width=300	http://marvel.wikia.com/wiki/Special:FilePath/Laura_Villari.jpg?width=300	=	1.0000
http://dbkwik.webdatacommons.org/marvelcinematicuniverse.wikia.com/resource/White	http://dbkwik.webdatacommons.org/marvel.wikia.com/resource/White	=	1.0000
http://dbkwik.webdatacommons.org/marvelcinematicuniverse.wikia.com/resource/Jack_Kenny	http://dbkwik.webdatacommons.org/marvel.wikia.com/resource/Jack_Kenny	=	1.0000
http://dbkwik.webdatacommons.org/marvelcinematicuniverse.wikia.com/property/comic	http://dbkwik.webdatacommons.org/marvel.wikia.com/resource/Comic	=	1.0000
http://dbkwik.webdatacommons.org/marvelcinematicuniverse.wikia.com/resource/Nidavellir	http://dbkwik.webdatacommons.org/marvel.wikia.com/resource/Nidavellir	=	1.0000
http://dbkwik.webdatacommons.org/marvelcinematicuniverse.wikia.com/resource/Angela_LaManna	http://dbkwik.webdatacommons.org/marvel.wikia.com/resource/Angela_LaManna	=	1.0000
http://marvelcinematicuniverse.wikia.com/wiki/Special:FilePath/capam1LARGEUSE.jpg?width=300	http://marvel.wikia.com/wiki/Special:FilePath/capam1LARGEUSE.jpg?width=300	=	1.0000
http://dbkwik.webdatacommons.org/marvelcinematicuniverse.wikia.com/resource/Peter_Calloway	http://dbkwik.webdatacommons.org/marvel.wikia.com/resource/Peter_Calloway	=	1.0000
http://dbkwik.webdatacommons.org/marvelcinematicuniverse.wikia.com/resource/Nina_Lopez-Corrado	http://dbkwik.webdatacommons.org/marvel.wikia.com/resource/Nina_Lopez-Corrado	=	1.0000
http://dbkwik.webdatacommons.org/marvelcinematicuniverse.wikia.com/resource/Boot_of_Jemiah	http://dbkwik.webdatacommons.org/marvel.wikia.com/resource/Boot_of_Jemiah	=	1.0000
http://marvelcinematicuniverse.wikia.com/wiki/Special:FilePath/Flag_of_Japan.png?width=300	http://marvel.wikia.com/wiki/Special:FilePath/Flag_of_Japan.png?width=300	=	1.0000
http://dbkwik.webdatacommons.org/marvelcinematicuniverse.wikia.com/resource/Kid_Colt	http://dbkwik.webdatacommons.org/marvel.wikia.com/resource/Kid_Colt	=	1.0000
http://dbkwik.webdatacommons.org/marvelcinematicuniverse.wikia.com/resource/Rome	http://dbkwik.webdatacommons.org/marvel.wikia.com/resource/Rome	=	1.0000
http://dbkwik.webdatacommons.org/marvelcinematicuniverse.wikia.com/resource/Chi	http://dbkwik.webdatacommons.org/marvel.wikia.com/resource/Chi	=	1.0000
http://marvelcinematicuniverse.wikia.com/wiki/Special:FilePath/Death_Valley.png?width=300	http://marvel.wikia.com/wiki/Special:FilePath/Death_Valley.png?width=300	=	1.0000
http://dbkwik.webdatacommons.org/marvelcinematicuniverse.wikia.com/resource/Wendell_Rand	http://dbkwik.webdatacommons.org/marvel.wikia.com/resource/Wendell_Rand	=	1.0000
http://dbkwik.webdatacommons.org/marvelcinematicuniverse.wikia.com/resource/Category:Politicians	http://dbkwik.webdatacommons.org/marvel.wikia.com/resource/Category:Politicians	=	1.0000
http://dbkwik.webdatacommons.org/marvelcinematicuniverse.wikia.com/resource/Howard_Stark	http://dbkwik.webdatacommons.org/marvel.wikia.com/resource/Howard_Stark	=	1.0000
http://dbkwik.webdatacommons.org/marvelcinematicuniverse.wikia.com/resource/Xeronians	http://dbkwik.webdatacommons.org/marvel.wikia.com/resource/Xeronians	=	1.0000
http://marvelcinematicuniverse.wikia.com/wiki/Special:FilePath/Scott_Reynolds.jpg?width=300	http://marvel.wikia.com/wiki/Special:FilePath/Scott_Reynolds.jpg?width=300	=	1.0000
http://dbkwik.webdatacommons.org/marvelcinematicuniverse.wikia.com/resource/Allan_Heinberg	http://dbkwik.webdatacommons.org/marvel.wikia.com/resource/Allan_Heinberg	=	1.0000
http://dbkwik.webdatacommons.org/marvelcinematicuniverse.wikia.com/resource/Scythe	http://dbkwik.webdatacommons.org/marvel.wikia.com/resource/Scythe	=	1.0000
http://dbkwik.webdatacommons.org/marvelcinematicuniverse.wikia.com/resource/Washington	http://dbkwik.webdatacommons.org/marvel.wikia.com/resource/Washington	=	1.0000
http://dbkwik.webdatacommons.org/marvelcinematicuniverse.wikia.com/resource/Shawna_Lynde	http://dbkwik.webdatacommons.org/marvel.wikia.com/resource/Shawna_Lynde	=	1.0000
http://dbkwik.webdatacommons.org/marvelcinematicuniverse.wikia.com/resource/X-Ray	http://dbkwik.webdatacommons.org/marvel.wikia.com/resource/X-Ray	=	1.0000
http://dbkwik.webdatacommons.org/marvelcinematicuniverse.wikia.com/resource/Category:Deceased_Characters	http://dbkwik.webdatacommons.org/marvel.wikia.com/resource/Category:Deceased_Characters	=	1.0000
http://dbkwik.webdatacommons.org/marvelcinematicuniverse.wikia.com/resource/Debrii	http://dbkwik.webdatacommons.org/marvel.wikia.com/resource/Debrii	=	1.0000
http://dbkwik.webdatacommons.org/marvelcinematicuniverse.wikia.com/resource/Matt_Fraction	http://dbkwik.webdatacommons.org/marvel.wikia.com/resource/Matt_Fraction	=	1.0000
http://dbkwik.webdatacommons.org/marvelcinematicuniverse.wikia.com/resource/Hawk_Ostby	http://dbkwik.webdatacommons.org/marvel.wikia.com/resource/Hawk_Ostby	=	1.0000
http://dbkwik.webdatacommons.org/marvelcinematicuniverse.wikia.com/resource/Yucatán	http://dbkwik.webdatacommons.org/marvel.wikia.com/resource/Yucatan	=	1.0000
http://marvelcinematicuniverse.wikia.com/wiki/Special:FilePath/Iron_Man_2_Poster.jpg?width=300	http://marvel.wikia.com/wiki/Special:FilePath/Iron_Man_2_poster.jpg?width=300	=	1.0000
http://dbkwik.webdatacommons.org/marvelcinematicuniverse.wikia.com/resource/Multiverse	http://dbkwik.webdatacommons.org/marvel.wikia.com/resource/Multiverse	=	1.0000
http://dbkwik.webdatacommons.org/marvelcinematicuniverse.wikia.com/resource/Kamaria	http://dbkwik.webdatacommons.org/marvel.wikia.com/resource/Kamaria	=	1.0000
http://dbkwik.webdatacommons.org/marvelcinematicuniverse.wikia.com/resource/Vita-Ray_Chamber	http://dbkwik.webdatacommons.org/marvel.wikia.com/resource/Vita-Ray_Chamber	=	1.0000
http://dbkwik.webdatacommons.org/marvelcinematicuniverse.wikia.com/resource/Thor:_Ragnarok	http://dbkwik.webdatacommons.org/marvel.wikia.com/resource/Thor:_Ragnarok	=	1.0000
http://marvelcinematicuniverse.wikia.com/wiki/Special:FilePath/Hub.png	http://marvel.wikia.com/wiki/Special:FilePath/Hub.png	=	1.0000
http://dbkwik.webdatacommons.org/marvelcinematicuniverse.wikia.com/resource/Melt_Stick	http://dbkwik.webdatacommons.org/marvel.wikia.com/resource/Melt_Stick	=	1.0000
http://marvelcinematicuniverse.wikia.com/wiki/Special:FilePath/Ben_Thompson.jpg	http://marvel.wikia.com/wiki/Special:FilePath/Ben_Thompson.jpg	=	1.0000
http://dbkwik.webdatacommons.org/marvelcinematicuniverse.wikia.com/resource/Vibranium	http://dbkwik.webdatacommons.org/marvel.wikia.com/resource/Vibranium	=	1.0000
http://marvelcinematicuniverse.wikia.com/wiki/Special:FilePath/Tom_Shankland.jpg?width=300	http://marvel.wikia.com/wiki/Special:FilePath/Tom_Shankland.jpg?width=300	=	1.0000
http://marvelcinematicuniverse.wikia.com/wiki/Special:FilePath/Hub.png?width=300	http://marvel.wikia.com/wiki/Special:FilePath/Hub.png?width=300	=	1.0000
http://marvelcinematicuniverse.wikia.com/wiki/Special:FilePath/Aida_Mashaka_Croal.jpg	http://marvel.wikia.com/wiki/Special:FilePath/Aida_Mashaka_Croal.jpg	=	1.0000
http://marvelcinematicuniverse.wikia.com/wiki/Special:FilePath/Andrea_Di_Vito.jpg?width=300	http://marvel.wikia.com/wiki/Special:FilePath/Andrea_DiVito.jpg?width=300	=	1.0000
http://dbkwik.webdatacommons.org/marvelcinematicuniverse.wikia.com/resource/Chad_Bowers	http://dbkwik.webdatacommons.org/marvel.wikia.com/resource/Chad_Bowers	=	1.0000
http://dbkwik.webdatacommons.org/marvelcinematicuniverse.wikia.com/resource/Russia	http://dbkwik.webdatacommons.org/marvel.wikia.com/resource/Russia	=	1.0000
http://dbkwik.webdatacommons.org/marvelcinematicuniverse.wikia.com/resource/Living_Tribunal	http://dbkwik.webdatacommons.org/marvel.wikia.com/resource/Living_Tribunal	=	1.0000
http://dbkwik.webdatacommons.org/marvelcinematicuniverse.wikia.com/resource/Grant_Ward	http://dbkwik.webdatacommons.org/marvel.wikia.com/resource/Grant_Ward	=	1.0000
http://dbkwik.webdatacommons.org/marvelcinematicuniverse.wikia.com/resource/London_Sanctum/Gallery	http://dbkwik.webdatacommons.org/marvel.wikia.com/resource/London_Sanctum/Gallery	=	1.0000
http://dbkwik.webdatacommons.org/marvelcinematicuniverse.wikia.com/resource/Washington,_D.C.	http://dbkwik.webdatacommons.org/marvel.wikia.com/resource/Washington,_D.C.	=	1.0000
http://dbkwik.webdatacommons.org/marvelcinematicuniverse.wikia.com/resource/Team_Thor	http://dbkwik.webdatacommons.org/marvel.wikia.com/resource/Team_Thor	=	1.0000
http://dbkwik.webdatacommons.org/marvelcinematicuniverse.wikia.com/resource/Luis	http://dbkwik.webdatacommons.org/marvel.wikia.com/resource/Luis	=	1.0000
http://marvelcinematicuniverse.wikia.com/wiki/Special:FilePath/Fridge.png	http://marvel.wikia.com/wiki/Special:FilePath/Fridge.png	=	1.0000
http://dbkwik.webdatacommons.org/marvelcinematicuniverse.wikia.com/resource/San_Francisco	http://dbkwik.webdatacommons.org/marvel.wikia.com/resource/San_Francisco	=	1.0000
http://dbkwik.webdatacommons.org/marvelcinematicuniverse.wikia.com/resource/Adhesive_X	http://dbkwik.webdatacommons.org/marvel.wikia.com/resource/Adhesive_X	=	1.0000
http://marvelcinematicuniverse.wikia.com/wiki/Special:FilePath/Scott_Reynolds.jpg	http://marvel.wikia.com/wiki/Special:FilePath/Scott_Reynolds.jpg	=	1.0000
http://marvelcinematicuniverse.wikia.com/wiki/Special:FilePath/Akela_Cooper.jpg?width=300	http://marvel.wikia.com/wiki/Special:FilePath/Akela_Cooper.jpg?width=300	=	1.0000
http://marvelcinematicuniverse.wikia.com/wiki/Special:FilePath/Ami_Canaan_Mann.jpg	http://marvel.wikia.com/wiki/Special:FilePath/Ami_Canaan_Mann.jpg	=	1.0000
http://dbkwik.webdatacommons.org/marvelcinematicuniverse.wikia.com/resource/New_Mexico	http://dbkwik.webdatacommons.org/marvel.wikia.com/resource/New_Mexico	=	1.0000
http://dbkwik.webdatacommons.org/marvelcinematicuniverse.wikia.com/resource/Tanzania	http://dbkwik.webdatacommons.org/marvel.wikia.com/resource/Tanzania	=	1.0000
http://dbkwik.webdatacommons.org/marvelcinematicuniverse.wikia.com/resource/Anton_Vanko	http://dbkwik.webdatacommons.org/marvel.wikia.com/resource/Anton_Vanko	=	1.0000
http://marvelcinematicuniverse.wikia.com/wiki/Special:FilePath/Michael_Rymer.jpg	http://marvel.wikia.com/wiki/Special:FilePath/Michael_Rymer.jpg	=	1.0000
http://marvelcinematicuniverse.wikia.com/wiki/Special:FilePath/Deathlok.png	http://marvel.wikia.com/wiki/Special:FilePath/Deathlok.png	=	1.0000
http://dbkwik.webdatacommons.org/marvelcinematicuniverse.wikia.com/resource/Karla_Faye_Gideon	http://dbkwik.webdatacommons.org/marvel.wikia.com/resource/Karla_Faye_Gideon	=	1.0000
http://marvelcinematicuniverse.wikia.com/wiki/Special:FilePath/Flag_of_United_Arab_Emirates.png?width=300	http://marvel.wikia.com/wiki/Special:FilePath/Flag_of_United_Arab_Emirates.png?width=300	=	1.0000
http://marvelcinematicuniverse.wikia.com/wiki/Special:FilePath/Videogame.Xray.jpg	http://marvel.wikia.com/wiki/Special:FilePath/Videogame.Xray.jpg	=	1.0000
http://dbkwik.webdatacommons.org/marvelcinematicuniverse.wikia.com/resource/Passaic	http://dbkwik.webdatacommons.org/marvel.wikia.com/resource/Passaic	=	1.0000
http://dbkwik.webdatacommons.org/marvelcinematicuniverse.wikia.com/resource/Extremis	http://dbkwik.webdatacommons.org/marvel.wikia.com/resource/Extremis	=	1.0000
http://dbkwik.webdatacommons.org/marvelcinematicuniverse.wikia.com/resource/Victoria_Hand	http://dbkwik.webdatacommons.org/marvel.wikia.com/resource/Victoria_Hand	=	1.0000
http://dbkwik.webdatacommons.org/marvelcinematicuniverse.wikia.com/resource/Keith_Potter	http://dbkwik.webdatacommons.org/marvel.wikia.com/resource/Keith_Potter	=	1.0000
http://marvelcinematicuniverse.wikia.com/wiki/Special:FilePath/Shalisha_Francis.jpg	http://marvel.wikia.com/wiki/Special:FilePath/Shalisha_Francis.jpg	=	1.0000
http://marvelcinematicuniverse.wikia.com/wiki/Special:FilePath/Captain_Marvel_(film)_Logo.jpg?width=300	http://marvel.wikia.com/wiki/Special:FilePath/Captain_Marvel_(film)_logo.jpg?width=300	=	1.0000
http://marvelcinematicuniverse.wikia.com/wiki/Special:FilePath/Mumbai.png?width=300	http://marvel.wikia.com/wiki/Special:FilePath/Mumbai.png?width=300	=	1.0000
http://dbkwik.webdatacommons.org/marvelcinematicuniverse.wikia.com/resource/Panther_Habit/Gallery	http://dbkwik.webdatacommons.org/marvel.wikia.com/resource/Panther_Habit/Gallery	=	1.0000
http://dbkwik.webdatacommons.org/marvelcinematicuniverse.wikia.com/resource/Peter_David	http://dbkwik.webdatacommons.org/marvel.wikia.com/resource/Peter_David	=	1.0000
http://marvelcinematicuniverse.wikia.com/wiki/Special:FilePath/Joe_Caramagna.jpg?width=300	http://marvel.wikia.com/wiki/Special:FilePath/Joe_Caramagna.jpg?width=300	=	1.0000
http://dbkwik.webdatacommons.org/marvelcinematicuniverse.wikia.com/resource/Hulkbusters	http://dbkwik.webdatacommons.org/marvel.wikia.com/resource/Hulkbusters	=	1.0000
http://dbkwik.webdatacommons.org/marvelcinematicuniverse.wikia.com/resource/Serpent_Society	http://dbkwik.webdatacommons.org/marvel.wikia.com/resource/Serpent_Society	=	1.0000
http://marvelcinematicuniverse.wikia.com/wiki/Special:FilePath/Flag_of_Jamaica.png	http://marvel.wikia.com/wiki/Special:FilePath/Flag_of_Jamaica.png	=	1.0000
http://dbkwik.webdatacommons.org/marvelcinematicuniverse.wikia.com/resource/Statesman/Gallery	http://dbkwik.webdatacommons.org/marvel.wikia.com/resource/Statesman/Gallery	=	1.0000
http://dbkwik.webdatacommons.org/marvelcinematicuniverse.wikia.com/resource/Kathmandu	http://dbkwik.webdatacommons.org/marvel.wikia.com/resource/Kathmandu	=	1.0000
http://dbkwik.webdatacommons.org/marvelcinematicuniverse.wikia.com/resource/John_Francis_Daley	http://dbkwik.webdatacommons.org/marvel.wikia.com/resource/John_Francis_Daley	=	1.0000
http://dbkwik.webdatacommons.org/marvelcinematicuniverse.wikia.com/resource/Ian_Hannin	http://dbkwik.webdatacommons.org/marvel.wikia.com/resource/Ian_Hannin	=	1.0000
http://marvelcinematicuniverse.wikia.com/wiki/Special:FilePath/Iron_Monger.jpg?width=300	http://marvel.wikia.com/wiki/Special:FilePath/Iron_Monger.jpg?width=300	=	1.0000
http://dbkwik.webdatacommons.org/marvelcinematicuniverse.wikia.com/resource/Marvel_One-Shot:_Item_47	http://dbkwik.webdatacommons.org/marvel.wikia.com/resource/Marvel_One-Shot:_Item_47	=	1.0000
http://dbkwik.webdatacommons.org/marvelcinematicuniverse.wikia.com/resource/Crimson_Dynamo_Armor	http://dbkwik.webdatacommons.org/marvel.wikia.com/resource/Crimson_Dynamo_Armor	=	1.0000
http://dbkwik.webdatacommons.org/marvelcinematicuniverse.wikia.com/resource/Omaha	http://dbkwik.webdatacommons.org/marvel.wikia.com/resource/Omaha	=	1.0000
http://dbkwik.webdatacommons.org/marvelcinematicuniverse.wikia.com/resource/Groot	http://dbkwik.webdatacommons.org/marvel.wikia.com/resource/Groot	=	1.0000
http://dbkwik.webdatacommons.org/marvelcinematicuniverse.wikia.com/resource/Chitauri_Gun	http://dbkwik.webdatacommons.org/marvel.wikia.com/resource/Chitauri_Gun	=	1.0000
http://dbkwik.webdatacommons.org/marvelcinematicuniverse.wikia.com/resource/Scorch	http://dbkwik.webdatacommons.org/marvel.wikia.com/resource/Scorch	=	1.0000
http://dbkwik.webdatacommons.org/marvelcinematicuniverse.wikia.com/resource/Scot_Eaton	http://dbkwik.webdatacommons.org/marvel.wikia.com/resource/Scot_Eaton	=	1.0000
http://dbkwik.webdatacommons.org/marvelcinematicuniverse.wikia.com/resource/Ringmaster	http://dbkwik.webdatacommons.org/marvel.wikia.com/resource/Ringmaster	=	1.0000
http://dbkwik.webdatacommons.org/marvelcinematicuniverse.wikia.com/resource/Fresno	http://dbkwik.webdatacommons.org/marvel.wikia.com/resource/Fresno	=	1.0000
http://dbkwik.webdatacommons.org/marvelcinematicuniverse.wikia.com/resource/Category:Chitauri	http://dbkwik.webdatacommons.org/marvel.wikia.com/resource/Category:Chitauri	=	1.0000
http://marvelcinematicuniverse.wikia.com/wiki/Special:FilePath/Ultron.jpg?width=300	http://marvel.wikia.com/wiki/Special:FilePath/Ultron.jpg?width=300	=	1.0000
http://dbkwik.webdatacommons.org/marvelcinematicuniverse.wikia.com/resource/Anvil_Studios	http://dbkwik.webdatacommons.org/marvel.wikia.com/resource/Anvil_Studios	=	1.0000
http://dbkwik.webdatacommons.org/marvelcinematicuniverse.wikia.com/resource/Foggy_Nelson	http://dbkwik.webdatacommons.org/marvel.wikia.com/resource/Foggy_Nelson	=	1.0000
http://dbkwik.webdatacommons.org/marvelcinematicuniverse.wikia.com/resource/Beijing	http://dbkwik.webdatacommons.org/marvel.wikia.com/resource/Beijing	=	1.0000
http://dbkwik.webdatacommons.org/marvelcinematicuniverse.wikia.com/resource/Category:Professors	http://dbkwik.webdatacommons.org/marvel.wikia.com/resource/Category:Professors	=	1.0000
http://dbkwik.webdatacommons.org/marvelcinematicuniverse.wikia.com/resource/Chess_Roberts	http://dbkwik.webdatacommons.org/marvel.wikia.com/resource/Chess_Roberts	=	1.0000
http://dbkwik.webdatacommons.org/marvelcinematicuniverse.wikia.com/resource/Iron_Man_3	http://dbkwik.webdatacommons.org/marvel.wikia.com/resource/Iron_Man_3	=	1.0000
http://marvelcinematicuniverse.wikia.com/wiki/Special:FilePath/FreezingDevice.jpg?width=300	http://marvel.wikia.com/wiki/Special:FilePath/FreezingDevice.jpg?width=300	=	1.0000
http://dbkwik.webdatacommons.org/marvelcinematicuniverse.wikia.com/resource/Florence	http://dbkwik.webdatacommons.org/marvel.wikia.com/resource/Florence	=	1.0000
http://dbkwik.webdatacommons.org/marvelcinematicuniverse.wikia.com/resource/Category:S.H.I.E.L.D.	http://dbkwik.webdatacommons.org/marvel.wikia.com/resource/Category:S.H.I.E.L.D.	=	1.0000
http://dbkwik.webdatacommons.org/marvelcinematicuniverse.wikia.com/resource/Blake_Tower	http://dbkwik.webdatacommons.org/marvel.wikia.com/resource/Blake_Tower	=	1.0000
http://marvelcinematicuniverse.wikia.com/wiki/Special:FilePath/Captain_Marvel_(film)_Logo.jpg	http://marvel.wikia.com/wiki/Special:FilePath/Captain_Marvel_(film)_logo.jpg	=	1.0000
http://dbkwik.webdatacommons.org/marvelcinematicuniverse.wikia.com/resource/Rick_Jones	http://dbkwik.webdatacommons.org/marvel.wikia.com/resource/Rick_Jones	=	1.0000
http://dbkwik.webdatacommons.org/marvelcinematicuniverse.wikia.com/resource/Heather_Rand	http://dbkwik.webdatacommons.org/marvel.wikia.com/resource/Heather_Rand	=	1.0000
http://dbkwik.webdatacommons.org/marvelcinematicuniverse.wikia.com/resource/Paul_McGuigan	http://dbkwik.webdatacommons.org/marvel.wikia.com/resource/Paul_McGuigan	=	1.0000
http://dbkwik.webdatacommons.org/marvelcinematicuniverse.wikia.com/resource/Phil_Abraham	http://dbkwik.webdatacommons.org/marvel.wikia.com/resource/Phil_Abraham	=	1.0000
http://dbkwik.webdatacommons.org/marvelcinematicuniverse.wikia.com/resource/Louis_Leterrier	http://dbkwik.webdatacommons.org/marvel.wikia.com/resource/Louis_Leterrier	=	1.0000
http://dbkwik.webdatacommons.org/marvelcinematicuniverse.wikia.com/resource/Category:Red_Eyes	http://dbkwik.webdatacommons.org/marvel.wikia.com/resource/Category:Red_Eyes	=	1.0000
http://dbkwik.webdatacommons.org/marvelcinematicuniverse.wikia.com/resource/Inglewood	http://dbkwik.webdatacommons.org/marvel.wikia.com/resource/Inglewood	=	1.0000
http://dbkwik.webdatacommons.org/marvelcinematicuniverse.wikia.com/resource/John_Barber	http://dbkwik.webdatacommons.org/marvel.wikia.com/resource/John_Barber	=	1.0000
http://marvelcinematicuniverse.wikia.com/wiki/Special:FilePath/Shane_Black.jpg	http://marvel.wikia.com/wiki/Special:FilePath/Shane_Black.jpg	=	1.0000
http://dbkwik.webdatacommons.org/marvelcinematicuniverse.wikia.com/resource/Tippy-Toe	http://dbkwik.webdatacommons.org/marvel.wikia.com/resource/Tippy-Toe	=	1.0000
http://dbkwik.webdatacommons.org/marvelcinematicuniverse.wikia.com/resource/Arne_Starr	http://dbkwik.webdatacommons.org/marvel.wikia.com/resource/Arne_Starr	=	1.0000
