SrcEntity	TgtEntity	Relation	Score
http://dbkwik.webdatacommons.org/memory-alpha.wikia.com/resource/Engineering	http://dbkwik.webdatacommons.org/stexpanded.wikia.com/resource/Engineering	=	1.0000
http://dbkwik.webdatacommons.org/memory-alpha.wikia.com/resource/Adjutant	http://dbkwik.webdatacommons.org/stexpanded.wikia.com/resource/Adjutant	=	1.0000
http://dbkwik.webdatacommons.org/memory-alpha.wikia.com/resource/Starfleet_Academy_marathon	http://dbkwik.webdatacommons.org/stexpanded.wikia.com/resource/Starfleet_Academy_Marathon	=	1.0000
http://memory-alpha.wikia.com/wiki/Special:FilePath/Phase_cannons2.jpg	http://stexpanded.wikia.com/wiki/Special:FilePath/Phase_cannons2.jpg	=	1.0000
http://dbkwik.webdatacommons.org/memory-alpha.wikia.com/resource/Breen_(planet)	http://dbkwik.webdatacommons.org/stexpanded.wikia.com/resource/Breen_(planet)	=	1.0000
http://dbkwik.webdatacommons.org/memory-alpha.wikia.com/resource/Risa	http://dbkwik.webdatacommons.org/stexpanded.wikia.com/resource/Risa	=	1.0000
http://dbkwik.webdatacommons.org/memory-alpha.wikia.com/resource/Marshal	http://dbkwik.webdatacommons.org/stexpanded.wikia.com/resource/Marshal	=	1.0000
http://memory-alpha.wikia.com/wiki/Special:FilePath/Bajoran_script,_Reckoning_text.jpg	http://stexpanded.wikia.com/wiki/Special:FilePath/Bajoran_script,_Reckoning_text.jpg	=	1.0000
http://memory-alpha.wikia.com/wiki/Special:FilePath/USS_Bonchune.jpg	http://stexpanded.wikia.com/wiki/Special:FilePath/USS_Bonchune.jpg	=	1.0000
http://dbkwik.webdatacommons.org/memory-alpha.wikia.com/resource/Chroniton_radiation	http://dbkwik.webdatacommons.org/stexpanded.wikia.com/resource/Chroniton_radiation	=	1.0000
http://memory-alpha.wikia.com/wiki/Special:FilePath/Logan.jpg	http://stexpanded.wikia.com/wiki/Special:FilePath/Logan.jpg	=	1.0000
http://dbkwik.webdatacommons.org/memory-alpha.wikia.com/resource/Benjamin_Maxwell	http://dbkwik.webdatacommons.org/stexpanded.wikia.com/resource/Benjamin_Maxwell	=	1.0000
http://memory-alpha.wikia.com/wiki/Special:FilePath/Tal%27aura.jpg	http://stexpanded.wikia.com/wiki/Special:FilePath/Tal%27aura.jpg	=	1.0000
http://dbkwik.webdatacommons.org/memory-alpha.wikia.com/resource/Category:Chameloids	http://dbkwik.webdatacommons.org/stexpanded.wikia.com/resource/Category:Chameloids	=	1.0000
http://memory-alpha.wikia.com/wiki/Special:FilePath/Worf_(mirror).jpg?width=300	http://stexpanded.wikia.com/wiki/Special:FilePath/Worf_(mirror).jpg?width=300	=	1.0000
http://dbkwik.webdatacommons.org/memory-alpha.wikia.com/resource/One_Small_Step	http://dbkwik.webdatacommons.org/stexpanded.wikia.com/resource/One_Small_Step	=	1.0000
http://dbkwik.webdatacommons.org/memory-alpha.wikia.com/resource/Betazed	http://dbkwik.webdatacommons.org/stexpanded.wikia.com/resource/Betazed	=	1.0000
http://memory-alpha.wikia.com/wiki/Special:FilePath/Garan.jpg?width=300	http://stexpanded.wikia.com/wiki/Special:FilePath/Wang_garan.jpg?width=300	=	0.8747
http://dbkwik.webdatacommons.org/memory-alpha.wikia.com/resource/Cloud	http://dbkwik.webdatacommons.org/stexpanded.wikia.com/resource/Cloud	=	1.0000
http://dbkwik.webdatacommons.org/memory-alpha.wikia.com/resource/Omega	http://dbkwik.webdatacommons.org/stexpanded.wikia.com/resource/Omega	=	1.0000
http://dbkwik.webdatacommons.org/memory-alpha.wikia.com/resource/47	http://dbkwik.webdatacommons.org/stexpanded.wikia.com/resource/47	=	1.0000
http://dbkwik.webdatacommons.org/memory-alpha.wikia.com/resource/2231	http://dbkwik.webdatacommons.org/stexpanded.wikia.com/resource/2231	=	1.0000
http://dbkwik.webdatacommons.org/memory-alpha.wikia.com/resource/Sim	http://dbkwik.webdatacommons.org/stexpanded.wikia.com/resource/Sim	=	1.0000
http://dbkwik.webdatacommons.org/memory-alpha.wikia.com/resource/Robert_DeSoto	http://dbkwik.webdatacommons.org/stexpanded.wikia.com/resource/Robert_DeSoto	=	1.0000
http://memory-alpha.wikia.com/wiki/Special:FilePath/Spock,_2267.jpg?width=300	http://stexpanded.wikia.com/wiki/Special:FilePath/Spock,_2267.jpg?width=300	=	1.0000
http://dbkwik.webdatacommons.org/memory-alpha.wikia.com/resource/New_Orleans_class	http://dbkwik.webdatacommons.org/stexpanded.wikia.com/resource/New_Orleans_class	=	1.0000
http://dbkwik.webdatacommons.org/memory-alpha.wikia.com/resource/Telle	http://dbkwik.webdatacommons.org/stexpanded.wikia.com/resource/Telle	=	1.0000
http://dbkwik.webdatacommons.org/memory-alpha.wikia.com/resource/Miles_O%27Brien	http://dbkwik.webdatacommons.org/stexpanded.wikia.com/resource/Miles_O%27Brien	=	1.0000
http://memory-alpha.wikia.com/wiki/Special:FilePath/Rebecca_Sullivan.jpg?width=300	http://stexpanded.wikia.com/wiki/Special:FilePath/Rebecca_Sullivan.jpg?width=300	=	1.0000
http://dbkwik.webdatacommons.org/memory-alpha.wikia.com/resource/Legion	http://dbkwik.webdatacommons.org/stexpanded.wikia.com/resource/Legion	=	1.0000
http://dbkwik.webdatacommons.org/memory-alpha.wikia.com/resource/Intelligence_officer	http://dbkwik.webdatacommons.org/stexpanded.wikia.com/resource/Intelligence_officer	=	1.0000
http://dbkwik.webdatacommons.org/memory-alpha.wikia.com/resource/Ireland	http://dbkwik.webdatacommons.org/stexpanded.wikia.com/resource/Ireland	=	1.0000
http://dbkwik.webdatacommons.org/memory-alpha.wikia.com/resource/USS_Enterprise_(NCC-1701-A)	http://dbkwik.webdatacommons.org/stexpanded.wikia.com/resource/USS_Enterprise_(NCC-1701-A)	=	1.0000
http://memory-alpha.wikia.com/wiki/Special:FilePath/Cardassian-Federation_border.jpg?width=300	http://stexpanded.wikia.com/wiki/Special:FilePath/Cardassian-Federation_border.jpg?width=300	=	1.0000
http://dbkwik.webdatacommons.org/memory-alpha.wikia.com/resource/USS_Constantinople	http://dbkwik.webdatacommons.org/stexpanded.wikia.com/resource/USS_Constantinople	=	1.0000
http://dbkwik.webdatacommons.org/memory-alpha.wikia.com/resource/Aberdeen	http://dbkwik.webdatacommons.org/stexpanded.wikia.com/resource/Aberdeen	=	1.0000
http://dbkwik.webdatacommons.org/memory-alpha.wikia.com/resource/2109	http://dbkwik.webdatacommons.org/stexpanded.wikia.com/resource/2109	=	1.0000
http://dbkwik.webdatacommons.org/memory-alpha.wikia.com/resource/Shuttlepod	http://dbkwik.webdatacommons.org/stexpanded.wikia.com/resource/Shuttlepod	=	1.0000
http://dbkwik.webdatacommons.org/memory-alpha.wikia.com/resource/Dereth	http://dbkwik.webdatacommons.org/stexpanded.wikia.com/resource/Dereth	=	1.0000
http://dbkwik.webdatacommons.org/memory-alpha.wikia.com/resource/2079	http://dbkwik.webdatacommons.org/stexpanded.wikia.com/resource/2079	=	1.0000
http://memory-alpha.wikia.com/wiki/Special:FilePath/Constitution_class_original_recreation.jpg	http://stexpanded.wikia.com/wiki/Special:FilePath/Constitution_Class_Original.jpg	=	0.8984
http://dbkwik.webdatacommons.org/memory-alpha.wikia.com/resource/Lethean	http://dbkwik.webdatacommons.org/stexpanded.wikia.com/resource/Lethean	=	1.0000
http://dbkwik.webdatacommons.org/memory-alpha.wikia.com/resource/Manuele_Atoa	http://dbkwik.webdatacommons.org/stexpanded.wikia.com/resource/Manuele_Atoa	=	1.0000
http://memory-alpha.wikia.com/wiki/Special:FilePath/Milo.jpg?width=300	http://stexpanded.wikia.com/wiki/Special:FilePath/Milo.jpg?width=300	=	1.0000
http://dbkwik.webdatacommons.org/memory-alpha.wikia.com/resource/Gravimetric_scanner	http://dbkwik.webdatacommons.org/stexpanded.wikia.com/resource/Gravimetric_scanner	=	1.0000
http://dbkwik.webdatacommons.org/memory-alpha.wikia.com/resource/Guardian_of_Forever	http://dbkwik.webdatacommons.org/stexpanded.wikia.com/resource/Guardian_of_Forever	=	1.0000
http://dbkwik.webdatacommons.org/memory-alpha.wikia.com/resource/Romulan_science_vessel	http://stexpanded.wikia.com/wiki/Special:FilePath/Romulan_science_vessel.jpg	=	0.9085
http://memory-alpha.wikia.com/wiki/Special:FilePath/Tkon_logo.png	http://stexpanded.wikia.com/wiki/Special:FilePath/Tkon_logo.png	=	1.0000
http://dbkwik.webdatacommons.org/memory-alpha.wikia.com/resource/Long-term_Medical_Holographic_program	http://dbkwik.webdatacommons.org/stexpanded.wikia.com/resource/Long-term_Medical_Holographic_program	=	1.0000
http://dbkwik.webdatacommons.org/memory-alpha.wikia.com/resource/Garrett	http://dbkwik.webdatacommons.org/stexpanded.wikia.com/resource/Garrett	=	1.0000
http://dbkwik.webdatacommons.org/memory-alpha.wikia.com/resource/First_Contact_Day	http://dbkwik.webdatacommons.org/stexpanded.wikia.com/resource/First_Contact_Day	=	1.0000
http://dbkwik.webdatacommons.org/memory-alpha.wikia.com/resource/Pacific_Ocean	http://dbkwik.webdatacommons.org/stexpanded.wikia.com/resource/Pacific_Ocean	=	1.0000
http://dbkwik.webdatacommons.org/memory-alpha.wikia.com/resource/Category:Weapons	http://dbkwik.webdatacommons.org/stexpanded.wikia.com/resource/Category:Weapons	=	1.0000
http://dbkwik.webdatacommons.org/memory-alpha.wikia.com/resource/General	http://dbkwik.webdatacommons.org/stexpanded.wikia.com/resource/General	=	1.0000
http://memory-alpha.wikia.com/wiki/Special:FilePath/Leonard_James_Akaar.jpg	http://stexpanded.wikia.com/wiki/Special:FilePath/Leonard_James_Akaar.jpg	=	1.0000
http://memory-alpha.wikia.com/wiki/Special:FilePath/Sarina_Douglas,_2374.jpg	http://stexpanded.wikia.com/wiki/Special:FilePath/Sarina_Douglas_2374.jpg	=	1.0000
http://memory-alpha.wikia.com/wiki/Special:FilePath/Opaka.jpg	http://stexpanded.wikia.com/wiki/Special:FilePath/Opaka.jpg	=	1.0000
http://dbkwik.webdatacommons.org/memory-alpha.wikia.com/resource/Category:Medical_conditions	http://dbkwik.webdatacommons.org/stexpanded.wikia.com/resource/Category:Medical_conditions	=	1.0000
http://memory-alpha.wikia.com/wiki/Special:FilePath/Talos_IV.jpg	http://stexpanded.wikia.com/wiki/Special:FilePath/TalosIV.jpg	=	1.0000
http://dbkwik.webdatacommons.org/memory-alpha.wikia.com/resource/Recreation_room	http://dbkwik.webdatacommons.org/stexpanded.wikia.com/resource/Recreation_room	=	1.0000
http://dbkwik.webdatacommons.org/memory-alpha.wikia.com/resource/Cardassian_starships	http://dbkwik.webdatacommons.org/stexpanded.wikia.com/resource/Cardassian_starships	=	1.0000
http://dbkwik.webdatacommons.org/memory-alpha.wikia.com/property/decks	http://dbkwik.webdatacommons.org/stexpanded.wikia.com/property/decks	=	1.0000
http://dbkwik.webdatacommons.org/memory-alpha.wikia.com/resource/Tom_Paris	http://dbkwik.webdatacommons.org/stexpanded.wikia.com/resource/Tom_Paris	=	1.0000
http://dbkwik.webdatacommons.org/memory-alpha.wikia.com/resource/Coaxial_warp_drive	http://dbkwik.webdatacommons.org/stexpanded.wikia.com/resource/Coaxial_warp_drive	=	1.0000
http://dbkwik.webdatacommons.org/memory-alpha.wikia.com/resource/Guinea_pig	http://dbkwik.webdatacommons.org/stexpanded.wikia.com/resource/Guinea_Pigs	=	0.9584
http://dbkwik.webdatacommons.org/memory-alpha.wikia.com/resource/Religion	http://dbkwik.webdatacommons.org/stexpanded.wikia.com/property/religion	=	1.0000
http://dbkwik.webdatacommons.org/memory-alpha.wikia.com/resource/Theta	http://dbkwik.webdatacommons.org/stexpanded.wikia.com/resource/Theta	=	1.0000
http://dbkwik.webdatacommons.org/memory-alpha.wikia.com/resource/Monac_shipyards	http://dbkwik.webdatacommons.org/stexpanded.wikia.com/resource/Monac_shipyards	=	1.0000
http://memory-alpha.wikia.com/wiki/Special:FilePath/Trager.jpg?width=300	http://stexpanded.wikia.com/wiki/Special:FilePath/Trager.jpg?width=300	=	1.0000
http://dbkwik.webdatacommons.org/memory-alpha.wikia.com/resource/2201	http://dbkwik.webdatacommons.org/stexpanded.wikia.com/resource/2201	=	1.0000
http://dbkwik.webdatacommons.org/memory-alpha.wikia.com/resource/Records_officer	http://dbkwik.webdatacommons.org/stexpanded.wikia.com/resource/Records_officer	=	1.0000
http://dbkwik.webdatacommons.org/memory-alpha.wikia.com/resource/2368	http://dbkwik.webdatacommons.org/stexpanded.wikia.com/resource/2368	=	1.0000
http://memory-alpha.wikia.com/wiki/Special:FilePath/Norway_class.jpg	http://stexpanded.wikia.com/wiki/Special:FilePath/Norway_Class.jpg	=	1.0000
http://dbkwik.webdatacommons.org/memory-alpha.wikia.com/resource/Romulan_Bird-of-Prey	http://dbkwik.webdatacommons.org/stexpanded.wikia.com/resource/Romulan_Bird-of-Prey	=	1.0000
http://dbkwik.webdatacommons.org/memory-alpha.wikia.com/resource/2219	http://dbkwik.webdatacommons.org/stexpanded.wikia.com/resource/2219	=	1.0000
http://memory-alpha.wikia.com/wiki/Special:FilePath/Thompson_(Equinox).jpg	http://stexpanded.wikia.com/wiki/Special:FilePath/Thompson_(Equinox).jpg	=	1.0000
http://dbkwik.webdatacommons.org/memory-alpha.wikia.com/resource/Montgomery_Scott	http://dbkwik.webdatacommons.org/stexpanded.wikia.com/resource/Montgomery_Scott	=	1.0000
http://dbkwik.webdatacommons.org/memory-alpha.wikia.com/resource/Starfleet_Operations	http://dbkwik.webdatacommons.org/stexpanded.wikia.com/resource/Starfleet_Operations	=	1.0000
http://dbkwik.webdatacommons.org/memory-alpha.wikia.com/resource/Rank_insignia	http://dbkwik.webdatacommons.org/stexpanded.wikia.com/resource/Rank_insignia	=	1.0000
http://memory-alpha.wikia.com/wiki/Special:FilePath/valakis.jpg?width=300	http://stexpanded.wikia.com/wiki/Special:FilePath/Valakis.jpg?width=300	=	1.0000
http://memory-alpha.wikia.com/wiki/Special:FilePath/Elizabeth.jpg	http://stexpanded.wikia.com/wiki/Special:FilePath/Elizabeth.jpg	=	1.0000
http://dbkwik.webdatacommons.org/memory-alpha.wikia.com/resource/Jono	http://dbkwik.webdatacommons.org/stexpanded.wikia.com/resource/Jono	=	1.0000
http://dbkwik.webdatacommons.org/memory-alpha.wikia.com/resource/Borg_probe	http://dbkwik.webdatacommons.org/stexpanded.wikia.com/resource/Borg_probe	=	1.0000
http://memory-alpha.wikia.com/wiki/Special:FilePath/Daedalus_class_model.jpg?width=300	http://stexpanded.wikia.com/wiki/Special:FilePath/Daedalus_Class.jpg?width=300	=	0.9150
http://memory-alpha.wikia.com/wiki/Special:FilePath/Brax.jpg?width=300	http://stexpanded.wikia.com/wiki/Special:FilePath/braxis.jpeg?width=300	=	0.8670
http://dbkwik.webdatacommons.org/memory-alpha.wikia.com/resource/Detapa_Council	http://dbkwik.webdatacommons.org/stexpanded.wikia.com/resource/Detapa_Council	=	1.0000
http://dbkwik.webdatacommons.org/memory-alpha.wikia.com/resource/Star_Cross	http://dbkwik.webdatacommons.org/stexpanded.wikia.com/resource/Star_Cross	=	1.0000
http://dbkwik.webdatacommons.org/memory-alpha.wikia.com/resource/Delta_IV	http://dbkwik.webdatacommons.org/stexpanded.wikia.com/resource/Delta_IV	=	1.0000
http://memory-alpha.wikia.com/wiki/Special:FilePath/Galaxy_class_quaters2.jpg?width=300	http://stexpanded.wikia.com/wiki/Special:FilePath/Galaxy_class_quaters2.jpg?width=300	=	1.0000
http://dbkwik.webdatacommons.org/memory-alpha.wikia.com/resource/Virginia	http://dbkwik.webdatacommons.org/stexpanded.wikia.com/resource/Virginia	=	1.0000
http://memory-alpha.wikia.com/wiki/Special:FilePath/D%27Kora_class_concepts.jpg?width=300	http://stexpanded.wikia.com/wiki/Special:FilePath/D%27Kora_Class.jpg?width=300	=	0.8997
http://memory-alpha.wikia.com/wiki/Special:FilePath/Logo_Ferengi.png?width=300	http://stexpanded.wikia.com/wiki/Special:FilePath/Logo_Ferengi.png?width=300	=	1.0000
http://dbkwik.webdatacommons.org/memory-alpha.wikia.com/resource/Uniform	http://dbkwik.webdatacommons.org/stexpanded.wikia.com/resource/Uniform	=	1.0000
http://dbkwik.webdatacommons.org/memory-alpha.wikia.com/resource/NCC-1700	http://dbkwik.webdatacommons.org/stexpanded.wikia.com/resource/NCC-1700	=	1.0000
http://dbkwik.webdatacommons.org/memory-alpha.wikia.com/resource/Minsk	http://dbkwik.webdatacommons.org/stexpanded.wikia.com/resource/Minsk	=	1.0000
http://dbkwik.webdatacommons.org/memory-alpha.wikia.com/resource/Tyra_system	http://dbkwik.webdatacommons.org/stexpanded.wikia.com/resource/Tyra_system	=	1.0000
http://memory-alpha.wikia.com/wiki/Special:FilePath/Green.jpg?width=300	http://stexpanded.wikia.com/wiki/Special:FilePath/Lt_Greene.jpg?width=300	=	0.8907
http://dbkwik.webdatacommons.org/memory-alpha.wikia.com/resource/Asia	http://dbkwik.webdatacommons.org/stexpanded.wikia.com/resource/Asia	=	1.0000
http://dbkwik.webdatacommons.org/memory-alpha.wikia.com/resource/Starbase_25	http://dbkwik.webdatacommons.org/stexpanded.wikia.com/resource/Starbase_25	=	1.0000
http://memory-alpha.wikia.com/wiki/Special:FilePath/Jem%27Hadar_battle_cruiser.jpg?width=300	http://stexpanded.wikia.com/wiki/Special:FilePath/Jem%27Hadar_strike_cruiser.jpg?width=300	=	0.8691
http://dbkwik.webdatacommons.org/memory-alpha.wikia.com/resource/Kyrian	http://dbkwik.webdatacommons.org/stexpanded.wikia.com/resource/Kyrian	=	1.0000
http://dbkwik.webdatacommons.org/memory-alpha.wikia.com/resource/Starbase_74	http://dbkwik.webdatacommons.org/stexpanded.wikia.com/resource/Starbase_74	=	1.0000
http://memory-alpha.wikia.com/wiki/Special:FilePath/Valley_of_Chula.jpg?width=300	http://stexpanded.wikia.com/wiki/Special:FilePath/ValleyOfChula.jpg?width=300	=	1.0000
http://dbkwik.webdatacommons.org/memory-alpha.wikia.com/resource/Category:Earth_settlements	http://dbkwik.webdatacommons.org/stexpanded.wikia.com/resource/Category:Earth_settlements	=	1.0000
http://dbkwik.webdatacommons.org/memory-alpha.wikia.com/resource/Founder	http://dbkwik.webdatacommons.org/stexpanded.wikia.com/resource/Founder	=	1.0000
http://dbkwik.webdatacommons.org/memory-alpha.wikia.com/resource/Commodore	http://dbkwik.webdatacommons.org/stexpanded.wikia.com/resource/Commodore	=	1.0000
http://dbkwik.webdatacommons.org/memory-alpha.wikia.com/resource/Teero_Anaydis	http://dbkwik.webdatacommons.org/stexpanded.wikia.com/resource/Teero_Anaydis	=	1.0000
http://dbkwik.webdatacommons.org/memory-alpha.wikia.com/resource/Maine	http://dbkwik.webdatacommons.org/stexpanded.wikia.com/resource/Maine	=	1.0000
http://dbkwik.webdatacommons.org/memory-alpha.wikia.com/resource/Category:Phylosians	http://dbkwik.webdatacommons.org/stexpanded.wikia.com/resource/Category:Phylosians	=	1.0000
http://memory-alpha.wikia.com/wiki/Special:FilePath/Velal.jpg	http://stexpanded.wikia.com/wiki/Special:FilePath/Velal.jpg	=	1.0000
http://dbkwik.webdatacommons.org/memory-alpha.wikia.com/resource/2033	http://dbkwik.webdatacommons.org/stexpanded.wikia.com/resource/2033	=	1.0000
http://memory-alpha.wikia.com/wiki/Special:FilePath/Siskos2375.jpg?width=300	http://stexpanded.wikia.com/wiki/Special:FilePath/Siskos2375.jpg?width=300	=	1.0000
http://dbkwik.webdatacommons.org/memory-alpha.wikia.com/resource/Distant_past	http://dbkwik.webdatacommons.org/stexpanded.wikia.com/resource/Distant_past	=	1.0000
http://dbkwik.webdatacommons.org/memory-alpha.wikia.com/resource/21st_century	http://dbkwik.webdatacommons.org/stexpanded.wikia.com/resource/21st_century	=	1.0000
http://dbkwik.webdatacommons.org/memory-alpha.wikia.com/resource/ISS_Enterprise_(NX-01)	http://dbkwik.webdatacommons.org/stexpanded.wikia.com/resource/ISS_Enterprise_(NX-01)	=	1.0000
http://memory-alpha.wikia.com/wiki/Special:FilePath/Hogan.jpg?width=300	http://stexpanded.wikia.com/wiki/Special:FilePath/Hogan.jpg?width=300	=	1.0000
http://memory-alpha.wikia.com/wiki/Special:FilePath/Triangle.jpg?width=300	http://stexpanded.wikia.com/wiki/Special:FilePath/Triangle.jpg?width=300	=	1.0000
http://memory-alpha.wikia.com/wiki/Special:FilePath/Klingon_cranial_ridges_dissolve.jpg?width=300	http://stexpanded.wikia.com/wiki/Special:FilePath/Klingon_cranial_ridges_dissolve.jpg?width=300	=	1.0000
http://dbkwik.webdatacommons.org/memory-alpha.wikia.com/resource/Yorktown	http://dbkwik.webdatacommons.org/stexpanded.wikia.com/resource/Yorktown	=	1.0000
http://dbkwik.webdatacommons.org/memory-alpha.wikia.com/resource/John_Farrell	http://dbkwik.webdatacommons.org/stexpanded.wikia.com/resource/John_P._Farrell	=	0.8754
http://dbkwik.webdatacommons.org/memory-alpha.wikia.com/resource/Klingon_High_Council	http://dbkwik.webdatacommons.org/stexpanded.wikia.com/resource/Klingon_High_Council	=	1.0000
http://dbkwik.webdatacommons.org/memory-alpha.wikia.com/resource/Nova_class	http://dbkwik.webdatacommons.org/stexpanded.wikia.com/resource/Nova_class	=	1.0000
http://dbkwik.webdatacommons.org/memory-alpha.wikia.com/resource/Motto	http://dbkwik.webdatacommons.org/stexpanded.wikia.com/property/motto	=	1.0000
http://dbkwik.webdatacommons.org/memory-alpha.wikia.com/resource/USS_Buran_(NCC-57580)	http://dbkwik.webdatacommons.org/stexpanded.wikia.com/resource/USS_Buran_(NCC-57580)	=	1.0000
http://dbkwik.webdatacommons.org/memory-alpha.wikia.com/resource/USS_Saratoga_(NCC-31911)	http://dbkwik.webdatacommons.org/stexpanded.wikia.com/resource/USS_Saratoga_(NCC-31911)	=	1.0000
http://dbkwik.webdatacommons.org/memory-alpha.wikia.com/resource/Blake	http://dbkwik.webdatacommons.org/stexpanded.wikia.com/resource/Blake	=	1.0000
http://memory-alpha.wikia.com/wiki/Special:FilePath/Soval_(mirror).jpg	http://stexpanded.wikia.com/wiki/Special:FilePath/Mirror_Soval.jpg	=	0.8809
http://dbkwik.webdatacommons.org/memory-alpha.wikia.com/resource/Pergium	http://dbkwik.webdatacommons.org/stexpanded.wikia.com/resource/Pergium	=	1.0000
http://memory-alpha.wikia.com/wiki/Special:FilePath/Merchantman.jpg?width=300	http://stexpanded.wikia.com/wiki/Special:FilePath/Merchantman_profile.jpg?width=300	=	0.8730
http://dbkwik.webdatacommons.org/memory-alpha.wikia.com/resource/2351	http://dbkwik.webdatacommons.org/stexpanded.wikia.com/resource/2351	=	1.0000
http://memory-alpha.wikia.com/wiki/Special:FilePath/Charlene_Masters.jpg	http://stexpanded.wikia.com/wiki/Special:FilePath/Charlene_Masters.jpg	=	1.0000
http://dbkwik.webdatacommons.org/memory-alpha.wikia.com/resource/Rutharian_sector	http://dbkwik.webdatacommons.org/stexpanded.wikia.com/resource/Rutharian_sector	=	1.0000
http://dbkwik.webdatacommons.org/memory-alpha.wikia.com/resource/2139	http://dbkwik.webdatacommons.org/stexpanded.wikia.com/resource/2139	=	1.0000
http://dbkwik.webdatacommons.org/memory-alpha.wikia.com/resource/USS_Cairo	http://dbkwik.webdatacommons.org/stexpanded.wikia.com/resource/USS_Cairo	=	1.0000
http://dbkwik.webdatacommons.org/memory-alpha.wikia.com/resource/USS_Melbourne	http://dbkwik.webdatacommons.org/stexpanded.wikia.com/resource/USS_Melbourne	=	1.0000
http://memory-alpha.wikia.com/wiki/Special:FilePath/Jem%27Hadar_battleship.jpg	http://stexpanded.wikia.com/wiki/Special:FilePath/Jem%27Hadar_Battleship.jpg	=	1.0000
http://dbkwik.webdatacommons.org/memory-alpha.wikia.com/resource/Sabotage	http://dbkwik.webdatacommons.org/stexpanded.wikia.com/resource/Sabotage	=	1.0000
http://memory-alpha.wikia.com/wiki/Special:FilePath/Ecs_horizon.jpg	http://stexpanded.wikia.com/wiki/Special:FilePath/Ecs_horizon.jpg	=	1.0000
http://dbkwik.webdatacommons.org/memory-alpha.wikia.com/resource/Cutting_beam	http://dbkwik.webdatacommons.org/stexpanded.wikia.com/resource/Cutting_beam	=	1.0000
http://dbkwik.webdatacommons.org/memory-alpha.wikia.com/resource/Hawk	http://dbkwik.webdatacommons.org/stexpanded.wikia.com/resource/Hawk	=	1.0000
http://memory-alpha.wikia.com/wiki/Special:FilePath/Intrepid_class_MSD.jpg?width=300	http://stexpanded.wikia.com/wiki/Special:FilePath/Intrepid_Class.jpg?width=300	=	0.9110
http://memory-alpha.wikia.com/wiki/Special:FilePath/EddingtonStarfleet.jpg?width=300	http://stexpanded.wikia.com/wiki/Special:FilePath/EddingtonStarfleet.jpg?width=300	=	1.0000
http://memory-alpha.wikia.com/wiki/Special:FilePath/excalibur.jpg?width=300	http://stexpanded.wikia.com/wiki/Special:FilePath/Excalibur.jpg?width=300	=	1.0000
http://dbkwik.webdatacommons.org/memory-alpha.wikia.com/resource/Sniper	http://dbkwik.webdatacommons.org/stexpanded.wikia.com/resource/Sniper	=	1.0000
http://dbkwik.webdatacommons.org/memory-alpha.wikia.com/resource/Attack_fighter	http://dbkwik.webdatacommons.org/stexpanded.wikia.com/resource/Attack_fighter	=	1.0000
http://dbkwik.webdatacommons.org/memory-alpha.wikia.com/resource/2257	http://dbkwik.webdatacommons.org/stexpanded.wikia.com/resource/2257	=	1.0000
http://dbkwik.webdatacommons.org/memory-alpha.wikia.com/resource/Category:Fictional_characters	http://dbkwik.webdatacommons.org/stexpanded.wikia.com/resource/Category:Fictional_characters	=	1.0000
http://dbkwik.webdatacommons.org/memory-alpha.wikia.com/resource/Predator_class	http://dbkwik.webdatacommons.org/stexpanded.wikia.com/resource/Predator_class	=	1.0000
http://memory-alpha.wikia.com/wiki/Special:FilePath/Tharn_(mirror).jpg?width=300	http://stexpanded.wikia.com/wiki/Special:FilePath/Tharn_(mirror).jpg?width=300	=	1.0000
http://dbkwik.webdatacommons.org/memory-alpha.wikia.com/resource/Iran	http://dbkwik.webdatacommons.org/stexpanded.wikia.com/resource/Iran	=	1.0000
http://dbkwik.webdatacommons.org/memory-alpha.wikia.com/resource/Ion_storm	http://dbkwik.webdatacommons.org/stexpanded.wikia.com/resource/Ion_storm	=	1.0000
http://dbkwik.webdatacommons.org/memory-alpha.wikia.com/resource/Temporal_Cold_War	http://dbkwik.webdatacommons.org/stexpanded.wikia.com/resource/Temporal_Cold_War	=	1.0000
http://dbkwik.webdatacommons.org/memory-alpha.wikia.com/resource/Doctor_Who	http://dbkwik.webdatacommons.org/stexpanded.wikia.com/resource/Doctor_Who	=	1.0000
http://dbkwik.webdatacommons.org/memory-alpha.wikia.com/resource/Spock_(mirror)	http://dbkwik.webdatacommons.org/stexpanded.wikia.com/resource/Spock_(mirror)	=	1.0000
http://dbkwik.webdatacommons.org/memory-alpha.wikia.com/resource/New_York	http://dbkwik.webdatacommons.org/stexpanded.wikia.com/resource/New_York	=	1.0000
http://memory-alpha.wikia.com/wiki/Special:FilePath/Galaxy_class_aft.jpg?width=300	http://stexpanded.wikia.com/wiki/Special:FilePath/Galaxy_Class.jpg?width=300	=	0.9170
http://dbkwik.webdatacommons.org/memory-alpha.wikia.com/resource/Sexuality	http://dbkwik.webdatacommons.org/stexpanded.wikia.com/resource/Sexuality	=	1.0000
http://dbkwik.webdatacommons.org/memory-alpha.wikia.com/resource/1990	http://dbkwik.webdatacommons.org/stexpanded.wikia.com/resource/1990	=	1.0000
http://dbkwik.webdatacommons.org/memory-alpha.wikia.com/resource/Redjac	http://dbkwik.webdatacommons.org/stexpanded.wikia.com/resource/Redjac	=	1.0000
http://memory-alpha.wikia.com/wiki/Special:FilePath/Dermal_regenerator_muse.jpg?width=300	http://stexpanded.wikia.com/wiki/Special:FilePath/Dermal_regenerator_muse.jpg?width=300	=	1.0000
http://dbkwik.webdatacommons.org/memory-alpha.wikia.com/class/real_world	http://dbkwik.webdatacommons.org/stexpanded.wikia.com/class/realworld	=	0.8565
http://memory-alpha.wikia.com/wiki/Special:FilePath/Galaxy_class_corridor.jpg?width=300	http://stexpanded.wikia.com/wiki/Special:FilePath/Galaxy_class_corridor.jpg?width=300	=	1.0000
http://dbkwik.webdatacommons.org/memory-alpha.wikia.com/resource/Operations_division	http://dbkwik.webdatacommons.org/stexpanded.wikia.com/resource/Operations_division	=	1.0000
http://memory-alpha.wikia.com/wiki/Special:FilePath/Constitution_class_refit_officers_quarters.jpg?width=300	http://stexpanded.wikia.com/wiki/Special:FilePath/Constitution_class_refit_officers_quarters.jpg?width=300	=	1.0000
http://dbkwik.webdatacommons.org/memory-alpha.wikia.com/resource/Star_Trek:_Frontiers	http://dbkwik.webdatacommons.org/stexpanded.wikia.com/resource/Star_Trek:_Frontiers	=	1.0000
http://memory-alpha.wikia.com/wiki/Special:FilePath/Ekoria.jpg?width=300	http://stexpanded.wikia.com/wiki/Special:FilePath/Ekoria.jpg?width=300	=	1.0000
http://dbkwik.webdatacommons.org/memory-alpha.wikia.com/resource/Greer	http://dbkwik.webdatacommons.org/stexpanded.wikia.com/resource/Greer	=	1.0000
http://dbkwik.webdatacommons.org/memory-alpha.wikia.com/property/prev	http://dbkwik.webdatacommons.org/stexpanded.wikia.com/property/prev	=	1.0000
http://memory-alpha.wikia.com/wiki/Special:FilePath/Isolytic-burst.jpg	http://stexpanded.wikia.com/wiki/Special:FilePath/Isolytic-burst.jpg	=	1.0000
http://dbkwik.webdatacommons.org/memory-alpha.wikia.com/property/majorSpecies	http://dbkwik.webdatacommons.org/stexpanded.wikia.com/property/majorSpecies	=	1.0000
http://dbkwik.webdatacommons.org/memory-alpha.wikia.com/resource/Refit	http://dbkwik.webdatacommons.org/stexpanded.wikia.com/resource/Refit	=	1.0000
http://dbkwik.webdatacommons.org/memory-alpha.wikia.com/resource/Star_Trek	http://dbkwik.webdatacommons.org/stexpanded.wikia.com/resource/Star_Trek	=	1.0000
http://dbkwik.webdatacommons.org/memory-alpha.wikia.com/resource/Category:Starfleet_personnel	http://dbkwik.webdatacommons.org/stexpanded.wikia.com/resource/Category:Starfleet_personnel	=	1.0000
http://memory-alpha.wikia.com/wiki/Special:FilePath/Defiant_and_Rotarran_at_Starbase_375.jpg?width=300	http://stexpanded.wikia.com/wiki/Special:FilePath/Defiant_and_Rotarran_at_Starbase_375.jpg?width=300	=	1.0000
http://dbkwik.webdatacommons.org/memory-alpha.wikia.com/resource/Terran_Empire	http://dbkwik.webdatacommons.org/stexpanded.wikia.com/resource/Terran_Empire	=	1.0000
http://dbkwik.webdatacommons.org/memory-alpha.wikia.com/resource/2336	http://dbkwik.webdatacommons.org/stexpanded.wikia.com/resource/2336	=	1.0000
http://dbkwik.webdatacommons.org/memory-alpha.wikia.com/resource/Megarite	http://dbkwik.webdatacommons.org/stexpanded.wikia.com/resource/Megarite	=	1.0000
http://dbkwik.webdatacommons.org/memory-alpha.wikia.com/resource/Dragon	http://dbkwik.webdatacommons.org/stexpanded.wikia.com/resource/Dragon	=	1.0000
http://dbkwik.webdatacommons.org/memory-alpha.wikia.com/resource/Hur%27q	http://dbkwik.webdatacommons.org/stexpanded.wikia.com/resource/Hur%27q	=	1.0000
http://dbkwik.webdatacommons.org/memory-alpha.wikia.com/resource/Saavik	http://dbkwik.webdatacommons.org/stexpanded.wikia.com/resource/Saavik	=	1.0000
http://dbkwik.webdatacommons.org/memory-alpha.wikia.com/resource/2181	http://dbkwik.webdatacommons.org/stexpanded.wikia.com/resource/2181	=	1.0000
http://dbkwik.webdatacommons.org/memory-alpha.wikia.com/property/legislature	http://dbkwik.webdatacommons.org/stexpanded.wikia.com/property/legislature	=	1.0000
http://dbkwik.webdatacommons.org/memory-alpha.wikia.com/resource/Deep_Space_Station_K-7	http://dbkwik.webdatacommons.org/stexpanded.wikia.com/resource/Deep_Space_Station_K-7	=	1.0000
http://dbkwik.webdatacommons.org/memory-alpha.wikia.com/resource/Starship	http://dbkwik.webdatacommons.org/stexpanded.wikia.com/resource/Starship	=	1.0000
http://dbkwik.webdatacommons.org/memory-alpha.wikia.com/resource/Singapore	http://dbkwik.webdatacommons.org/stexpanded.wikia.com/resource/Singapore	=	1.0000
http://memory-alpha.wikia.com/wiki/Special:FilePath/Battle_ds9_station.jpg	http://stexpanded.wikia.com/wiki/Special:FilePath/Battle_ds9_station.jpg	=	1.0000
http://dbkwik.webdatacommons.org/memory-alpha.wikia.com/resource/Sector_028	http://dbkwik.webdatacommons.org/stexpanded.wikia.com/resource/Sector_021	=	0.9181
http://dbkwik.webdatacommons.org/memory-alpha.wikia.com/resource/ISS_Enterprise	http://dbkwik.webdatacommons.org/stexpanded.wikia.com/resource/ISS_Enterprise	=	1.0000
http://dbkwik.webdatacommons.org/memory-alpha.wikia.com/resource/2150s	http://dbkwik.webdatacommons.org/stexpanded.wikia.com/resource/2150s	=	1.0000
http://dbkwik.webdatacommons.org/memory-alpha.wikia.com/resource/Missile	http://dbkwik.webdatacommons.org/stexpanded.wikia.com/resource/Missile	=	1.0000
http://dbkwik.webdatacommons.org/memory-alpha.wikia.com/resource/Computer	http://dbkwik.webdatacommons.org/stexpanded.wikia.com/resource/Computer	=	1.0000
http://memory-alpha.wikia.com/wiki/Special:FilePath/Guinan_(2366).jpg?width=300	http://stexpanded.wikia.com/wiki/Special:FilePath/Guinan_(2366).jpg?width=300	=	1.0000
http://dbkwik.webdatacommons.org/memory-alpha.wikia.com/resource/Axanar	http://dbkwik.webdatacommons.org/stexpanded.wikia.com/resource/Axanar	=	1.0000
http://dbkwik.webdatacommons.org/memory-alpha.wikia.com/resource/Klingon-Cardassian_War	http://dbkwik.webdatacommons.org/stexpanded.wikia.com/resource/Klingon-Cardassian_War	=	1.0000
http://dbkwik.webdatacommons.org/memory-alpha.wikia.com/resource/Starfleet_Communications	http://dbkwik.webdatacommons.org/stexpanded.wikia.com/resource/Starfleet_Communications	=	1.0000
http://memory-alpha.wikia.com/wiki/Special:FilePath/ECH.jpg?width=300	http://stexpanded.wikia.com/wiki/Special:FilePath/ECH.jpg?width=300	=	1.0000
http://dbkwik.webdatacommons.org/memory-alpha.wikia.com/resource/The_Doctor	http://dbkwik.webdatacommons.org/stexpanded.wikia.com/resource/The_Doctor	=	1.0000
http://memory-alpha.wikia.com/wiki/Special:FilePath/Breen_Confederacy_logo.png	http://stexpanded.wikia.com/wiki/Special:FilePath/Breen_Confederacy.png	=	0.8662
http://memory-alpha.wikia.com/wiki/Special:FilePath/Harry_Kim,_2371.jpg?width=300	http://stexpanded.wikia.com/wiki/Special:FilePath/Harry_Kim_2371.jpg?width=300	=	1.0000
http://dbkwik.webdatacommons.org/memory-alpha.wikia.com/resource/USS_Enterprise_(NCC-1701)	http://dbkwik.webdatacommons.org/stexpanded.wikia.com/resource/USS_Enterprise_(NCC-1701)	=	1.0000
http://dbkwik.webdatacommons.org/memory-alpha.wikia.com/resource/2035	http://dbkwik.webdatacommons.org/stexpanded.wikia.com/resource/2035	=	1.0000
http://dbkwik.webdatacommons.org/memory-alpha.wikia.com/resource/2316	http://dbkwik.webdatacommons.org/stexpanded.wikia.com/resource/2316	=	1.0000
http://dbkwik.webdatacommons.org/memory-alpha.wikia.com/resource/2285	http://dbkwik.webdatacommons.org/stexpanded.wikia.com/resource/2285	=	1.0000
http://dbkwik.webdatacommons.org/memory-alpha.wikia.com/resource/Wallace	http://dbkwik.webdatacommons.org/stexpanded.wikia.com/resource/Wallace	=	1.0000
http://dbkwik.webdatacommons.org/memory-alpha.wikia.com/resource/The_Captains	http://dbkwik.webdatacommons.org/stexpanded.wikia.com/resource/The_Captain	=	0.9054
http://memory-alpha.wikia.com/wiki/Special:FilePath/Jaro_Essa.jpg?width=300	http://stexpanded.wikia.com/wiki/Special:FilePath/Jaro_Essa.jpg?width=300	=	1.0000
http://dbkwik.webdatacommons.org/memory-alpha.wikia.com/resource/Bar	http://dbkwik.webdatacommons.org/stexpanded.wikia.com/resource/Bar	=	1.0000
http://dbkwik.webdatacommons.org/memory-alpha.wikia.com/resource/Grankite_Order_of_Tactics	http://dbkwik.webdatacommons.org/stexpanded.wikia.com/resource/Grankite_Order_of_Tactics	=	1.0000
http://dbkwik.webdatacommons.org/memory-alpha.wikia.com/resource/Klingon_Intelligence	http://dbkwik.webdatacommons.org/stexpanded.wikia.com/resource/Klingon_Intelligence	=	1.0000
http://memory-alpha.wikia.com/wiki/Special:FilePath/Starbase_47.jpg	http://stexpanded.wikia.com/wiki/Special:FilePath/Starbase_47.jpg	=	1.0000
http://dbkwik.webdatacommons.org/memory-alpha.wikia.com/resource/2287	http://dbkwik.webdatacommons.org/stexpanded.wikia.com/resource/2287	=	1.0000
http://dbkwik.webdatacommons.org/memory-alpha.wikia.com/resource/Benzite_system	http://dbkwik.webdatacommons.org/stexpanded.wikia.com/resource/Benzite_system	=	1.0000
http://dbkwik.webdatacommons.org/memory-alpha.wikia.com/resource/The_Beatles	http://dbkwik.webdatacommons.org/stexpanded.wikia.com/resource/The_Beatles	=	1.0000
http://memory-alpha.wikia.com/wiki/Special:FilePath/Soran.jpg	http://stexpanded.wikia.com/wiki/Special:FilePath/Soran.jpg	=	1.0000
http://dbkwik.webdatacommons.org/memory-alpha.wikia.com/resource/Philip_Boyce	http://dbkwik.webdatacommons.org/stexpanded.wikia.com/resource/Philip_Boyce	=	1.0000
http://memory-alpha.wikia.com/wiki/Special:FilePath/SaberClassAft.jpg?width=300	http://stexpanded.wikia.com/wiki/Special:FilePath/Saber_Class.jpg?width=300	=	0.9408
http://dbkwik.webdatacommons.org/memory-alpha.wikia.com/resource/NCC-1701/9	http://dbkwik.webdatacommons.org/stexpanded.wikia.com/resource/NCC-1701	=	0.8928
http://dbkwik.webdatacommons.org/memory-alpha.wikia.com/resource/Chief_medical_officer	http://dbkwik.webdatacommons.org/stexpanded.wikia.com/resource/Chief_medical_officer	=	1.0000
http://memory-alpha.wikia.com/wiki/Special:FilePath/Leonard_McCoy_(mirror).jpg	http://stexpanded.wikia.com/wiki/Special:FilePath/Leonard_McCoy_mirror.jpg	=	1.0000
http://dbkwik.webdatacommons.org/memory-alpha.wikia.com/resource/Ilia	http://dbkwik.webdatacommons.org/stexpanded.wikia.com/resource/Ilia	=	1.0000
http://dbkwik.webdatacommons.org/memory-alpha.wikia.com/resource/First_contact	http://dbkwik.webdatacommons.org/stexpanded.wikia.com/resource/First_contact	=	1.0000
http://dbkwik.webdatacommons.org/memory-alpha.wikia.com/resource/Medkit	http://dbkwik.webdatacommons.org/stexpanded.wikia.com/resource/Medkit	=	1.0000
http://dbkwik.webdatacommons.org/memory-alpha.wikia.com/resource/Mosquito	http://dbkwik.webdatacommons.org/stexpanded.wikia.com/resource/Mosquito	=	1.0000
http://dbkwik.webdatacommons.org/memory-alpha.wikia.com/resource/One_of_Three	http://dbkwik.webdatacommons.org/stexpanded.wikia.com/resource/One_of_Three	=	1.0000
http://memory-alpha.wikia.com/wiki/Special:FilePath/Battle_ds9_station.jpg?width=300	http://stexpanded.wikia.com/wiki/Special:FilePath/Battle_ds9_station.jpg?width=300	=	1.0000
http://dbkwik.webdatacommons.org/memory-alpha.wikia.com/resource/Humanoid	http://dbkwik.webdatacommons.org/stexpanded.wikia.com/resource/Humanoid	=	1.0000
http://dbkwik.webdatacommons.org/memory-alpha.wikia.com/resource/Convoy	http://dbkwik.webdatacommons.org/stexpanded.wikia.com/resource/Convoy	=	1.0000
http://memory-alpha.wikia.com/wiki/Special:FilePath/Bajoran_script,_Reckoning_text.jpg?width=300	http://stexpanded.wikia.com/wiki/Special:FilePath/Bajoran_script,_Reckoning_text.jpg?width=300	=	1.0000
http://dbkwik.webdatacommons.org/memory-alpha.wikia.com/resource/Sergeant	http://dbkwik.webdatacommons.org/stexpanded.wikia.com/resource/Sergeant	=	1.0000
http://dbkwik.webdatacommons.org/memory-alpha.wikia.com/resource/Navy	http://dbkwik.webdatacommons.org/stexpanded.wikia.com/property/navy	=	1.0000
http://dbkwik.webdatacommons.org/memory-alpha.wikia.com/resource/Zefram_Cochrane	http://dbkwik.webdatacommons.org/stexpanded.wikia.com/resource/Zefram_Cochrane	=	1.0000
http://dbkwik.webdatacommons.org/memory-alpha.wikia.com/resource/Transporter_chief	http://dbkwik.webdatacommons.org/stexpanded.wikia.com/resource/Transporter_chief	=	1.0000
http://dbkwik.webdatacommons.org/memory-alpha.wikia.com/resource/Edosian	http://dbkwik.webdatacommons.org/stexpanded.wikia.com/resource/Edosian	=	1.0000
http://dbkwik.webdatacommons.org/memory-alpha.wikia.com/resource/Beta_Quadrant	http://dbkwik.webdatacommons.org/stexpanded.wikia.com/resource/Beta_Quadrant	=	1.0000
http://dbkwik.webdatacommons.org/memory-alpha.wikia.com/resource/Martin_Madden	http://dbkwik.webdatacommons.org/stexpanded.wikia.com/resource/Martin_Madden	=	1.0000
http://memory-alpha.wikia.com/wiki/Special:FilePath/Harvester.jpg?width=300	http://stexpanded.wikia.com/wiki/Special:FilePath/The_Harvester.jpg?width=300	=	0.9445
http://dbkwik.webdatacommons.org/memory-alpha.wikia.com/resource/2091	http://dbkwik.webdatacommons.org/stexpanded.wikia.com/resource/2091	=	1.0000
http://dbkwik.webdatacommons.org/memory-alpha.wikia.com/resource/Skin	http://dbkwik.webdatacommons.org/stexpanded.wikia.com/property/skin	=	1.0000
http://dbkwik.webdatacommons.org/memory-alpha.wikia.com/resource/Furniture	http://dbkwik.webdatacommons.org/stexpanded.wikia.com/resource/Furniture	=	1.0000
http://dbkwik.webdatacommons.org/memory-alpha.wikia.com/resource/2211	http://dbkwik.webdatacommons.org/stexpanded.wikia.com/resource/2211	=	1.0000
http://dbkwik.webdatacommons.org/memory-alpha.wikia.com/resource/Helen_Noel	http://dbkwik.webdatacommons.org/stexpanded.wikia.com/resource/Helen_Noel	=	1.0000
http://dbkwik.webdatacommons.org/memory-alpha.wikia.com/resource/Category:Starfleet	http://dbkwik.webdatacommons.org/stexpanded.wikia.com/resource/Category:Starfleet	=	1.0000
http://dbkwik.webdatacommons.org/memory-alpha.wikia.com/resource/Task_Force_Games	http://dbkwik.webdatacommons.org/stexpanded.wikia.com/resource/Task_Force_Games	=	1.0000
http://dbkwik.webdatacommons.org/memory-alpha.wikia.com/resource/Gamma_Quadrant	http://dbkwik.webdatacommons.org/stexpanded.wikia.com/resource/Gamma_Quadrant	=	1.0000
http://memory-alpha.wikia.com/wiki/Special:FilePath/Cestus_III.jpg?width=300	http://stexpanded.wikia.com/wiki/Special:FilePath/Cestus.jpg?width=300	=	0.9032
http://dbkwik.webdatacommons.org/memory-alpha.wikia.com/resource/Augment	http://dbkwik.webdatacommons.org/stexpanded.wikia.com/resource/Augment	=	1.0000
http://dbkwik.webdatacommons.org/memory-alpha.wikia.com/resource/Starbase_231	http://dbkwik.webdatacommons.org/stexpanded.wikia.com/resource/Starbase_311	=	0.8790
http://dbkwik.webdatacommons.org/memory-alpha.wikia.com/resource/Infinity	http://dbkwik.webdatacommons.org/stexpanded.wikia.com/resource/Infinity	=	1.0000
http://memory-alpha.wikia.com/wiki/Special:FilePath/Woods.jpg?width=300	http://stexpanded.wikia.com/wiki/Special:FilePath/Woods.png?width=300	=	0.8824
http://dbkwik.webdatacommons.org/memory-alpha.wikia.com/resource/Farian	http://dbkwik.webdatacommons.org/stexpanded.wikia.com/resource/Farian	=	1.0000
http://dbkwik.webdatacommons.org/memory-alpha.wikia.com/resource/Category:Professors	http://dbkwik.webdatacommons.org/stexpanded.wikia.com/resource/Category:Professors	=	1.0000
http://dbkwik.webdatacommons.org/memory-alpha.wikia.com/resource/Pran	http://dbkwik.webdatacommons.org/stexpanded.wikia.com/resource/Pran	=	1.0000
http://memory-alpha.wikia.com/wiki/Special:FilePath/Enterprise_interphase_decloaking.jpg?width=300	http://stexpanded.wikia.com/wiki/Special:FilePath/Enterprise_interphase_decloaking.jpg?width=300	=	1.0000
http://memory-alpha.wikia.com/wiki/Special:FilePath/Wolf,_2370.jpg?width=300	http://stexpanded.wikia.com/wiki/Special:FilePath/Wolf_359_4.jpg?width=300	=	0.8685
http://dbkwik.webdatacommons.org/memory-alpha.wikia.com/property/currency	http://dbkwik.webdatacommons.org/stexpanded.wikia.com/property/currency	=	1.0000
http://dbkwik.webdatacommons.org/memory-alpha.wikia.com/resource/Ice_cream	http://dbkwik.webdatacommons.org/stexpanded.wikia.com/resource/Ice_cream	=	1.0000
http://dbkwik.webdatacommons.org/memory-alpha.wikia.com/resource/Andoria	http://dbkwik.webdatacommons.org/stexpanded.wikia.com/resource/Andoria	=	1.0000
http://dbkwik.webdatacommons.org/memory-alpha.wikia.com/resource/Starbase_82	http://dbkwik.webdatacommons.org/stexpanded.wikia.com/resource/Starbase_86	=	0.9188
http://dbkwik.webdatacommons.org/memory-alpha.wikia.com/resource/Landing_party	http://dbkwik.webdatacommons.org/stexpanded.wikia.com/resource/Landing_party	=	1.0000
http://dbkwik.webdatacommons.org/memory-alpha.wikia.com/resource/These_Are_the_Voyages...	http://dbkwik.webdatacommons.org/stexpanded.wikia.com/resource/These_Aren%27t_the_Voyages...	=	0.8649
http://memory-alpha.wikia.com/wiki/Special:FilePath/Danube_class,_2369.jpg?width=300	http://stexpanded.wikia.com/wiki/Special:FilePath/Danube_Class.jpg?width=300	=	0.9298
http://dbkwik.webdatacommons.org/memory-alpha.wikia.com/resource/1997	http://dbkwik.webdatacommons.org/stexpanded.wikia.com/resource/1997	=	1.0000
http://dbkwik.webdatacommons.org/memory-alpha.wikia.com/resource/2141	http://dbkwik.webdatacommons.org/stexpanded.wikia.com/resource/2141	=	1.0000
http://dbkwik.webdatacommons.org/memory-alpha.wikia.com/resource/Benzenite	http://dbkwik.webdatacommons.org/stexpanded.wikia.com/resource/Benzenite	=	1.0000
http://dbkwik.webdatacommons.org/memory-alpha.wikia.com/resource/Department_of_Temporal_Investigations	http://dbkwik.webdatacommons.org/stexpanded.wikia.com/resource/Department_of_Temporal_Investigations	=	1.0000
http://dbkwik.webdatacommons.org/memory-alpha.wikia.com/resource/Category:Treaties	http://dbkwik.webdatacommons.org/stexpanded.wikia.com/resource/Category:Treaties	=	1.0000
http://dbkwik.webdatacommons.org/memory-alpha.wikia.com/resource/Category:Regions	http://dbkwik.webdatacommons.org/stexpanded.wikia.com/resource/Category:Regions	=	1.0000
http://dbkwik.webdatacommons.org/memory-alpha.wikia.com/resource/USS_Lexington_(NCC-1709)	http://dbkwik.webdatacommons.org/stexpanded.wikia.com/resource/USS_Lexington_(NCC-1709)	=	1.0000
http://dbkwik.webdatacommons.org/memory-alpha.wikia.com/property/mother	http://dbkwik.webdatacommons.org/stexpanded.wikia.com/property/mother	=	1.0000
http://dbkwik.webdatacommons.org/memory-alpha.wikia.com/resource/Midshipman	http://dbkwik.webdatacommons.org/stexpanded.wikia.com/resource/Midshipman	=	1.0000
http://memory-alpha.wikia.com/wiki/Special:FilePath/602_Club_patches_large.jpg?width=300	http://stexpanded.wikia.com/wiki/Special:FilePath/602_Club_patches_large.jpg?width=300	=	1.0000
http://dbkwik.webdatacommons.org/memory-alpha.wikia.com/resource/Continent	http://dbkwik.webdatacommons.org/stexpanded.wikia.com/resource/Continent	=	1.0000
http://dbkwik.webdatacommons.org/memory-alpha.wikia.com/resource/Graviton_pulse	http://dbkwik.webdatacommons.org/stexpanded.wikia.com/resource/Graviton_pulse	=	1.0000
http://memory-alpha.wikia.com/wiki/Special:FilePath/NX_Class_legacy.jpg?width=300	http://stexpanded.wikia.com/wiki/Special:FilePath/NX_Class.jpg?width=300	=	0.8961
http://dbkwik.webdatacommons.org/memory-alpha.wikia.com/resource/Copernicus	http://dbkwik.webdatacommons.org/stexpanded.wikia.com/resource/Copernicus	=	1.0000
http://dbkwik.webdatacommons.org/memory-alpha.wikia.com/resource/Category:Clothing	http://dbkwik.webdatacommons.org/stexpanded.wikia.com/resource/Category:Clothing	=	1.0000
http://dbkwik.webdatacommons.org/memory-alpha.wikia.com/resource/Global_warming	http://dbkwik.webdatacommons.org/stexpanded.wikia.com/resource/Global_warming	=	1.0000
http://memory-alpha.wikia.com/wiki/Special:FilePath/Selar.jpg?width=300	http://stexpanded.wikia.com/wiki/Special:FilePath/Selar.jpg?width=300	=	1.0000
http://dbkwik.webdatacommons.org/memory-alpha.wikia.com/resource/Sherman%27s_Planet	http://dbkwik.webdatacommons.org/stexpanded.wikia.com/resource/Sherman%27s_Planet	=	1.0000
http://dbkwik.webdatacommons.org/memory-alpha.wikia.com/resource/Category:Foods_and_beverages	http://dbkwik.webdatacommons.org/stexpanded.wikia.com/resource/Category:Foods_and_beverages	=	1.0000
http://dbkwik.webdatacommons.org/memory-alpha.wikia.com/resource/Canon	http://dbkwik.webdatacommons.org/stexpanded.wikia.com/resource/Canon	=	1.0000
http://dbkwik.webdatacommons.org/memory-alpha.wikia.com/resource/Category:Xindi	http://dbkwik.webdatacommons.org/stexpanded.wikia.com/resource/Category:Xindi	=	1.0000
http://dbkwik.webdatacommons.org/memory-alpha.wikia.com/resource/Malcolm_Reed	http://dbkwik.webdatacommons.org/stexpanded.wikia.com/resource/Malcolm_Reed	=	1.0000
http://dbkwik.webdatacommons.org/memory-alpha.wikia.com/resource/2170s	http://dbkwik.webdatacommons.org/stexpanded.wikia.com/resource/2170s	=	1.0000
http://dbkwik.webdatacommons.org/memory-alpha.wikia.com/resource/Ultritium_concussion_shell	http://dbkwik.webdatacommons.org/stexpanded.wikia.com/resource/Ultritium_concussion_shell	=	1.0000
http://dbkwik.webdatacommons.org/memory-alpha.wikia.com/resource/2032	http://dbkwik.webdatacommons.org/stexpanded.wikia.com/resource/2032	=	1.0000
http://dbkwik.webdatacommons.org/memory-alpha.wikia.com/resource/Category:Vulcan	http://dbkwik.webdatacommons.org/stexpanded.wikia.com/resource/Category:Vulcan	=	1.0000
http://dbkwik.webdatacommons.org/memory-alpha.wikia.com/resource/1972	http://dbkwik.webdatacommons.org/stexpanded.wikia.com/resource/1972	=	1.0000
http://memory-alpha.wikia.com/wiki/Special:FilePath/Intrepid_class_MSD.jpg	http://stexpanded.wikia.com/wiki/Special:FilePath/Intrepid_Class.jpg	=	0.9279
http://memory-alpha.wikia.com/wiki/Special:FilePath/Medusan.jpg?width=300	http://stexpanded.wikia.com/wiki/Special:FilePath/Medusan.jpg?width=300	=	1.0000
http://dbkwik.webdatacommons.org/memory-alpha.wikia.com/resource/Kor	http://dbkwik.webdatacommons.org/stexpanded.wikia.com/resource/Kor	=	1.0000
http://dbkwik.webdatacommons.org/memory-alpha.wikia.com/resource/USS_Challenger_(NCC-71099)	http://dbkwik.webdatacommons.org/stexpanded.wikia.com/resource/USS_Challenger_(NCC-71099)	=	1.0000
http://dbkwik.webdatacommons.org/memory-alpha.wikia.com/resource/Kell_Perim	http://dbkwik.webdatacommons.org/stexpanded.wikia.com/resource/Kell_Perim	=	1.0000
http://memory-alpha.wikia.com/wiki/Special:FilePath/Antares_class,_2378.jpg?width=300	http://stexpanded.wikia.com/wiki/Special:FilePath/Antares_Class.jpg?width=300	=	0.9015
http://memory-alpha.wikia.com/wiki/Special:FilePath/Lauren.jpg?width=300	http://stexpanded.wikia.com/wiki/Special:FilePath/Lauren.jpg?width=300	=	1.0000
http://dbkwik.webdatacommons.org/memory-alpha.wikia.com/resource/Fitzgerald	http://dbkwik.webdatacommons.org/stexpanded.wikia.com/resource/Fitzgerald	=	1.0000
http://memory-alpha.wikia.com/wiki/Special:FilePath/Vorcha_class_destroyed.jpg	http://stexpanded.wikia.com/wiki/Special:FilePath/Vorcha_class_destroyed.jpg	=	1.0000
http://dbkwik.webdatacommons.org/memory-alpha.wikia.com/resource/Breen	http://dbkwik.webdatacommons.org/stexpanded.wikia.com/resource/Breen	=	1.0000
http://dbkwik.webdatacommons.org/memory-alpha.wikia.com/resource/Tal_Shiar	http://dbkwik.webdatacommons.org/stexpanded.wikia.com/resource/Tal_Shiar	=	1.0000
http://dbkwik.webdatacommons.org/memory-alpha.wikia.com/property/launched	http://dbkwik.webdatacommons.org/stexpanded.wikia.com/property/launched	=	1.0000
http://memory-alpha.wikia.com/wiki/Special:FilePath/Gary_Mitchell.jpg?width=300	http://stexpanded.wikia.com/wiki/Special:FilePath/GaryMitchell.jpg?width=300	=	1.0000
http://memory-alpha.wikia.com/wiki/Special:FilePath/Cardassian_Union_logo.png	http://stexpanded.wikia.com/wiki/Special:FilePath/Cardassian_Union_logo.png	=	1.0000
http://dbkwik.webdatacommons.org/memory-alpha.wikia.com/resource/Maquis	http://dbkwik.webdatacommons.org/stexpanded.wikia.com/resource/Maquis	=	1.0000
http://dbkwik.webdatacommons.org/memory-alpha.wikia.com/resource/2343	http://dbkwik.webdatacommons.org/stexpanded.wikia.com/resource/2343	=	1.0000
http://dbkwik.webdatacommons.org/memory-alpha.wikia.com/resource/Laser_weapon	http://dbkwik.webdatacommons.org/stexpanded.wikia.com/resource/Laser_weapon	=	1.0000
http://dbkwik.webdatacommons.org/memory-alpha.wikia.com/resource/Champagne	http://dbkwik.webdatacommons.org/stexpanded.wikia.com/resource/Champagne	=	1.0000
http://dbkwik.webdatacommons.org/memory-alpha.wikia.com/resource/Frank	http://dbkwik.webdatacommons.org/stexpanded.wikia.com/resource/Frank	=	1.0000
http://dbkwik.webdatacommons.org/memory-alpha.wikia.com/resource/Planetary_defense_system	http://dbkwik.webdatacommons.org/stexpanded.wikia.com/resource/Planetary_defense_system	=	1.0000
http://dbkwik.webdatacommons.org/memory-alpha.wikia.com/resource/Betazoid	http://dbkwik.webdatacommons.org/stexpanded.wikia.com/resource/Betazoid	=	1.0000
http://dbkwik.webdatacommons.org/memory-alpha.wikia.com/resource/USS_Earhart	http://dbkwik.webdatacommons.org/stexpanded.wikia.com/resource/USS_Earhart	=	1.0000
http://dbkwik.webdatacommons.org/memory-alpha.wikia.com/resource/Type_3_phaser	http://dbkwik.webdatacommons.org/stexpanded.wikia.com/resource/Type_3_phaser	=	1.0000
http://dbkwik.webdatacommons.org/memory-alpha.wikia.com/resource/Korinas	http://dbkwik.webdatacommons.org/stexpanded.wikia.com/resource/Korinas	=	1.0000
http://dbkwik.webdatacommons.org/memory-alpha.wikia.com/resource/Category:Tools	http://dbkwik.webdatacommons.org/stexpanded.wikia.com/resource/Category:Tools	=	1.0000
http://memory-alpha.wikia.com/wiki/Special:FilePath/Taurik.jpg?width=300	http://stexpanded.wikia.com/wiki/Special:FilePath/Taurik.jpg?width=300	=	1.0000
http://dbkwik.webdatacommons.org/memory-alpha.wikia.com/resource/Star_system	http://dbkwik.webdatacommons.org/stexpanded.wikia.com/resource/Star_system	=	1.0000
http://dbkwik.webdatacommons.org/memory-alpha.wikia.com/resource/Tholian	http://dbkwik.webdatacommons.org/stexpanded.wikia.com/resource/Tholian	=	1.0000
http://dbkwik.webdatacommons.org/memory-alpha.wikia.com/resource/2018	http://dbkwik.webdatacommons.org/stexpanded.wikia.com/resource/2018	=	1.0000
http://memory-alpha.wikia.com/wiki/Special:FilePath/USS_Enterprise-A_going_to_warp,_alternate_reality.png?width=300	http://stexpanded.wikia.com/wiki/Special:FilePath/USS_Enterprise-A_going_to_warp,_alternate_reality-1-.png?width=300	=	0.9514
http://memory-alpha.wikia.com/wiki/Special:FilePath/Galaxy_class_bridge_security.jpg?width=300	http://stexpanded.wikia.com/wiki/Special:FilePath/Galaxy_class_bridge_security.jpg?width=300	=	1.0000
http://dbkwik.webdatacommons.org/memory-alpha.wikia.com/resource/Conflicts	http://dbkwik.webdatacommons.org/stexpanded.wikia.com/resource/Conflicts	=	1.0000
http://dbkwik.webdatacommons.org/memory-alpha.wikia.com/resource/Commanding_officer	http://dbkwik.webdatacommons.org/stexpanded.wikia.com/resource/Commanding_officer	=	1.0000
http://dbkwik.webdatacommons.org/memory-alpha.wikia.com/resource/Zabathu	http://dbkwik.webdatacommons.org/stexpanded.wikia.com/resource/Zabathu	=	1.0000
http://memory-alpha.wikia.com/wiki/Special:FilePath/Tuvok,_2371.jpg?width=300	http://stexpanded.wikia.com/wiki/Special:FilePath/Tuvok2377.jpg?width=300	=	0.8891
http://dbkwik.webdatacommons.org/memory-alpha.wikia.com/resource/2019	http://dbkwik.webdatacommons.org/stexpanded.wikia.com/resource/2019	=	1.0000
http://dbkwik.webdatacommons.org/memory-alpha.wikia.com/resource/Category:Legal_procedures	http://dbkwik.webdatacommons.org/stexpanded.wikia.com/resource/Category:Legal_procedures	=	1.0000
http://dbkwik.webdatacommons.org/memory-alpha.wikia.com/resource/Polaric_ion_energy	http://dbkwik.webdatacommons.org/stexpanded.wikia.com/resource/Polaric_ion_energy	=	1.0000
http://dbkwik.webdatacommons.org/memory-alpha.wikia.com/resource/2280s	http://dbkwik.webdatacommons.org/stexpanded.wikia.com/resource/2280s	=	1.0000
http://memory-alpha.wikia.com/wiki/Special:FilePath/Marva_IV.jpg	http://stexpanded.wikia.com/wiki/Special:FilePath/Marva_IV.jpg	=	1.0000
http://dbkwik.webdatacommons.org/memory-alpha.wikia.com/resource/1942	http://dbkwik.webdatacommons.org/stexpanded.wikia.com/resource/1942	=	1.0000
http://memory-alpha.wikia.com/wiki/Special:FilePath/Lee.jpg?width=300	http://stexpanded.wikia.com/wiki/Special:FilePath/Lee_max1.jpg?width=300	=	0.8764
http://dbkwik.webdatacommons.org/memory-alpha.wikia.com/resource/Merculite_rocket	http://dbkwik.webdatacommons.org/stexpanded.wikia.com/resource/Merculite_rocket	=	1.0000
http://memory-alpha.wikia.com/wiki/Special:FilePath/Dermal_regenerator_workforce.jpg?width=300	http://stexpanded.wikia.com/wiki/Special:FilePath/Dermal_regenerator_workforce.jpg?width=300	=	1.0000
http://dbkwik.webdatacommons.org/memory-alpha.wikia.com/resource/DaiMon	http://dbkwik.webdatacommons.org/stexpanded.wikia.com/resource/DaiMon	=	1.0000
http://dbkwik.webdatacommons.org/memory-alpha.wikia.com/property/strength	http://dbkwik.webdatacommons.org/stexpanded.wikia.com/property/strength	=	1.0000
http://dbkwik.webdatacommons.org/memory-alpha.wikia.com/resource/Category:Aurelians	http://dbkwik.webdatacommons.org/stexpanded.wikia.com/resource/Category:Aurelians	=	1.0000
http://dbkwik.webdatacommons.org/memory-alpha.wikia.com/resource/2290	http://dbkwik.webdatacommons.org/stexpanded.wikia.com/resource/2290	=	1.0000
http://dbkwik.webdatacommons.org/memory-alpha.wikia.com/resource/Daystrom_Institute	http://dbkwik.webdatacommons.org/stexpanded.wikia.com/resource/Daystrom_Institute	=	1.0000
http://dbkwik.webdatacommons.org/memory-alpha.wikia.com/resource/Holosuite	http://dbkwik.webdatacommons.org/stexpanded.wikia.com/resource/Holosuite	=	1.0000
http://dbkwik.webdatacommons.org/memory-alpha.wikia.com/resource/2143	http://dbkwik.webdatacommons.org/stexpanded.wikia.com/resource/2143	=	1.0000
http://dbkwik.webdatacommons.org/memory-alpha.wikia.com/resource/Prometheus	http://dbkwik.webdatacommons.org/stexpanded.wikia.com/resource/Prometheus	=	1.0000
http://dbkwik.webdatacommons.org/memory-alpha.wikia.com/resource/USS_Enterprise_(NCC-1701-D)_personnel	http://dbkwik.webdatacommons.org/stexpanded.wikia.com/resource/USS_Enterprise_(NCC-1701-D)_personnel	=	1.0000
http://dbkwik.webdatacommons.org/memory-alpha.wikia.com/resource/Occupation	http://dbkwik.webdatacommons.org/stexpanded.wikia.com/property/occupation	=	1.0000
http://memory-alpha.wikia.com/wiki/Special:FilePath/Nava.jpg?width=300	http://stexpanded.wikia.com/wiki/Special:FilePath/Navar4.jpg?width=300	=	0.8653
http://dbkwik.webdatacommons.org/memory-alpha.wikia.com/resource/Ambassadors	http://dbkwik.webdatacommons.org/stexpanded.wikia.com/resource/Ambassadors	=	1.0000
http://dbkwik.webdatacommons.org/memory-alpha.wikia.com/resource/Private	http://dbkwik.webdatacommons.org/stexpanded.wikia.com/resource/Private	=	1.0000
http://dbkwik.webdatacommons.org/memory-alpha.wikia.com/resource/Greece	http://dbkwik.webdatacommons.org/stexpanded.wikia.com/resource/Greece	=	1.0000
http://dbkwik.webdatacommons.org/memory-alpha.wikia.com/resource/2112	http://dbkwik.webdatacommons.org/stexpanded.wikia.com/resource/2112	=	1.0000
http://dbkwik.webdatacommons.org/memory-alpha.wikia.com/resource/Starbase_174	http://dbkwik.webdatacommons.org/stexpanded.wikia.com/resource/Starbase_170	=	0.8836
http://memory-alpha.wikia.com/wiki/Special:FilePath/StarfleetSimulator.jpg?width=300	http://stexpanded.wikia.com/wiki/Special:FilePath/StarfleetSimulator.jpg?width=300	=	1.0000
http://dbkwik.webdatacommons.org/memory-alpha.wikia.com/resource/2235	http://dbkwik.webdatacommons.org/stexpanded.wikia.com/resource/2235	=	1.0000
http://dbkwik.webdatacommons.org/memory-alpha.wikia.com/resource/2076	http://dbkwik.webdatacommons.org/stexpanded.wikia.com/resource/2076	=	1.0000
http://dbkwik.webdatacommons.org/memory-alpha.wikia.com/resource/Weight	http://dbkwik.webdatacommons.org/stexpanded.wikia.com/property/weight	=	1.0000
http://memory-alpha.wikia.com/wiki/Special:FilePath/Vorok.jpg?width=300	http://stexpanded.wikia.com/wiki/Special:FilePath/Vorzok.jpg?width=300	=	0.8686
http://dbkwik.webdatacommons.org/memory-alpha.wikia.com/resource/18th_century	http://dbkwik.webdatacommons.org/stexpanded.wikia.com/resource/18th_century	=	1.0000
http://dbkwik.webdatacommons.org/memory-alpha.wikia.com/resource/1966	http://dbkwik.webdatacommons.org/stexpanded.wikia.com/resource/1966	=	1.0000
http://dbkwik.webdatacommons.org/memory-alpha.wikia.com/resource/Category:Shipyards	http://dbkwik.webdatacommons.org/stexpanded.wikia.com/resource/Category:Shipyards	=	1.0000
http://memory-alpha.wikia.com/wiki/Special:FilePath/Sam_lavelle.jpg	http://stexpanded.wikia.com/wiki/Special:FilePath/Sam_Lavelle.jpg	=	1.0000
http://dbkwik.webdatacommons.org/memory-alpha.wikia.com/resource/Frigate	http://dbkwik.webdatacommons.org/stexpanded.wikia.com/resource/Frigate	=	1.0000
http://dbkwik.webdatacommons.org/memory-alpha.wikia.com/resource/Martia	http://dbkwik.webdatacommons.org/stexpanded.wikia.com/resource/Martia	=	1.0000
http://dbkwik.webdatacommons.org/memory-alpha.wikia.com/resource/President_of_the_United_States	http://dbkwik.webdatacommons.org/stexpanded.wikia.com/resource/President_of_the_United_States	=	1.0000
http://dbkwik.webdatacommons.org/memory-alpha.wikia.com/resource/2002	http://dbkwik.webdatacommons.org/stexpanded.wikia.com/resource/2002	=	1.0000
http://dbkwik.webdatacommons.org/memory-alpha.wikia.com/resource/Category:Orions	http://dbkwik.webdatacommons.org/stexpanded.wikia.com/resource/Category:Orions	=	1.0000
http://dbkwik.webdatacommons.org/memory-alpha.wikia.com/resource/Category:Recreation	http://dbkwik.webdatacommons.org/stexpanded.wikia.com/resource/Category:Recreation	=	1.0000
http://dbkwik.webdatacommons.org/memory-alpha.wikia.com/resource/Warp_core_breach	http://dbkwik.webdatacommons.org/stexpanded.wikia.com/resource/Warp_core_breach	=	1.0000
http://dbkwik.webdatacommons.org/memory-alpha.wikia.com/resource/Saurian	http://dbkwik.webdatacommons.org/stexpanded.wikia.com/resource/Saurian	=	1.0000
http://dbkwik.webdatacommons.org/memory-alpha.wikia.com/resource/Lisa_Cusak	http://dbkwik.webdatacommons.org/stexpanded.wikia.com/resource/Lisa_Cusak	=	1.0000
http://dbkwik.webdatacommons.org/memory-alpha.wikia.com/resource/Cartwright	http://dbkwik.webdatacommons.org/stexpanded.wikia.com/resource/Cartwright	=	1.0000
http://dbkwik.webdatacommons.org/memory-alpha.wikia.com/resource/Asteroid	http://dbkwik.webdatacommons.org/stexpanded.wikia.com/resource/Asteroid	=	1.0000
http://memory-alpha.wikia.com/wiki/Special:FilePath/Worf,_2379.jpg?width=300	http://stexpanded.wikia.com/wiki/Special:FilePath/Worf2379.jpg?width=300	=	0.9213
http://dbkwik.webdatacommons.org/memory-alpha.wikia.com/resource/Walker_Keel	http://dbkwik.webdatacommons.org/stexpanded.wikia.com/resource/Walker_Keel	=	1.0000
http://dbkwik.webdatacommons.org/memory-alpha.wikia.com/resource/D%27deridex_class	http://dbkwik.webdatacommons.org/stexpanded.wikia.com/resource/D%27deridex_class	=	1.0000
http://dbkwik.webdatacommons.org/memory-alpha.wikia.com/resource/Temporal_rift	http://dbkwik.webdatacommons.org/stexpanded.wikia.com/resource/Temporal_rift	=	1.0000
http://dbkwik.webdatacommons.org/memory-alpha.wikia.com/resource/Avenger	http://dbkwik.webdatacommons.org/stexpanded.wikia.com/resource/Avenger	=	1.0000
http://dbkwik.webdatacommons.org/memory-alpha.wikia.com/resource/Holofilter	http://dbkwik.webdatacommons.org/stexpanded.wikia.com/resource/Holofilter	=	1.0000
http://dbkwik.webdatacommons.org/memory-alpha.wikia.com/resource/USS_Copernicus_(NCC-640)	http://dbkwik.webdatacommons.org/stexpanded.wikia.com/resource/USS_Copernicus_(NCC-623)	=	0.8737
http://dbkwik.webdatacommons.org/memory-alpha.wikia.com/resource/University_of_Mississippi	http://dbkwik.webdatacommons.org/stexpanded.wikia.com/resource/University_of_Mississippi	=	1.0000
http://memory-alpha.wikia.com/wiki/Special:FilePath/Thon.jpg?width=300	http://stexpanded.wikia.com/wiki/Special:FilePath/Thoran.jpg?width=300	=	0.8831
http://dbkwik.webdatacommons.org/memory-alpha.wikia.com/resource/USS_Mekong	http://dbkwik.webdatacommons.org/stexpanded.wikia.com/resource/USS_Mekong	=	1.0000
http://dbkwik.webdatacommons.org/memory-alpha.wikia.com/resource/Luna	http://dbkwik.webdatacommons.org/stexpanded.wikia.com/resource/Luna	=	1.0000
http://dbkwik.webdatacommons.org/memory-alpha.wikia.com/resource/Trill_symbiont	http://dbkwik.webdatacommons.org/stexpanded.wikia.com/resource/Trill_symbiont	=	1.0000
http://dbkwik.webdatacommons.org/memory-alpha.wikia.com/resource/Sto-vo-kor	http://dbkwik.webdatacommons.org/stexpanded.wikia.com/resource/Sto-vo-kor	=	1.0000
http://dbkwik.webdatacommons.org/memory-alpha.wikia.com/resource/Scorpion	http://dbkwik.webdatacommons.org/stexpanded.wikia.com/resource/Scorpion	=	1.0000
http://dbkwik.webdatacommons.org/memory-alpha.wikia.com/resource/Odo	http://dbkwik.webdatacommons.org/stexpanded.wikia.com/resource/Odo	=	1.0000
http://dbkwik.webdatacommons.org/memory-alpha.wikia.com/resource/Adigeon_Prime	http://dbkwik.webdatacommons.org/stexpanded.wikia.com/resource/Adigeon_Prime	=	1.0000
http://memory-alpha.wikia.com/wiki/Special:FilePath/Madred.jpg?width=300	http://stexpanded.wikia.com/wiki/Special:FilePath/Madred.jpg?width=300	=	1.0000
http://memory-alpha.wikia.com/wiki/Special:FilePath/Ent_fadm.png?width=300	http://stexpanded.wikia.com/wiki/Special:FilePath/FADM_(ENT).png?width=300	=	0.9305
http://dbkwik.webdatacommons.org/memory-alpha.wikia.com/resource/1961	http://dbkwik.webdatacommons.org/stexpanded.wikia.com/resource/1961	=	1.0000
http://memory-alpha.wikia.com/wiki/Special:FilePath/Tos_lt.png	http://stexpanded.wikia.com/wiki/Special:FilePath/LT_(TOS).png	=	0.8755
http://memory-alpha.wikia.com/wiki/Special:FilePath/Carson_(Ensign).jpg?width=300	http://stexpanded.wikia.com/wiki/Special:FilePath/Carson_(Ensign).jpg?width=300	=	1.0000
http://dbkwik.webdatacommons.org/memory-alpha.wikia.com/resource/Flux_capacitor	http://dbkwik.webdatacommons.org/stexpanded.wikia.com/resource/Flux_capacitor	=	1.0000
http://dbkwik.webdatacommons.org/memory-alpha.wikia.com/resource/Secondary_hull	http://dbkwik.webdatacommons.org/stexpanded.wikia.com/resource/Secondary_hull	=	1.0000
http://memory-alpha.wikia.com/wiki/Special:FilePath/Armus.jpg	http://stexpanded.wikia.com/wiki/Special:FilePath/Armus.jpg	=	1.0000
http://dbkwik.webdatacommons.org/memory-alpha.wikia.com/resource/Category:Propulsion_technology	http://dbkwik.webdatacommons.org/stexpanded.wikia.com/resource/Category:Propulsion_technology	=	1.0000
http://dbkwik.webdatacommons.org/memory-alpha.wikia.com/resource/University_of_Culat	http://dbkwik.webdatacommons.org/stexpanded.wikia.com/resource/University_of_Culat	=	1.0000
http://dbkwik.webdatacommons.org/memory-alpha.wikia.com/resource/Excelsior	http://dbkwik.webdatacommons.org/stexpanded.wikia.com/resource/Excelsior	=	1.0000
http://dbkwik.webdatacommons.org/memory-alpha.wikia.com/resource/1944	http://dbkwik.webdatacommons.org/stexpanded.wikia.com/resource/1944	=	1.0000
http://memory-alpha.wikia.com/wiki/Special:FilePath/Fox_squirrel.jpg?width=300	http://stexpanded.wikia.com/wiki/Special:FilePath/Squirrel.jpg?width=300	=	0.9116
http://dbkwik.webdatacommons.org/memory-alpha.wikia.com/resource/2217	http://dbkwik.webdatacommons.org/stexpanded.wikia.com/resource/2217	=	1.0000
http://dbkwik.webdatacommons.org/memory-alpha.wikia.com/resource/2114	http://dbkwik.webdatacommons.org/stexpanded.wikia.com/resource/2114	=	1.0000
http://dbkwik.webdatacommons.org/memory-alpha.wikia.com/resource/23rd_century	http://dbkwik.webdatacommons.org/stexpanded.wikia.com/resource/23rd_century	=	1.0000
http://dbkwik.webdatacommons.org/memory-alpha.wikia.com/resource/Armory	http://dbkwik.webdatacommons.org/stexpanded.wikia.com/resource/Armory	=	1.0000
http://dbkwik.webdatacommons.org/memory-alpha.wikia.com/resource/Timeship	http://dbkwik.webdatacommons.org/stexpanded.wikia.com/resource/Timeship	=	1.0000
http://dbkwik.webdatacommons.org/memory-alpha.wikia.com/resource/Category:Animals	http://dbkwik.webdatacommons.org/stexpanded.wikia.com/resource/Category:Animals	=	1.0000
http://memory-alpha.wikia.com/wiki/Special:FilePath/Terran-Empire-Insignia.jpg	http://stexpanded.wikia.com/wiki/Special:FilePath/Terran-Empire-Insignia.jpg	=	1.0000
http://dbkwik.webdatacommons.org/memory-alpha.wikia.com/resource/Command_Decisions	http://dbkwik.webdatacommons.org/stexpanded.wikia.com/resource/Command_Decision	=	0.9519
http://dbkwik.webdatacommons.org/memory-alpha.wikia.com/resource/M%27Benga	http://dbkwik.webdatacommons.org/stexpanded.wikia.com/resource/M%27Benga	=	1.0000
http://memory-alpha.wikia.com/wiki/Special:FilePath/Nori.jpg?width=300	http://stexpanded.wikia.com/wiki/Special:FilePath/Norri2.jpg?width=300	=	0.8996
http://memory-alpha.wikia.com/wiki/Special:FilePath/Galaxy_X.jpg?width=300	http://stexpanded.wikia.com/wiki/Special:FilePath/galaxy3.jpg?width=300	=	0.8881
http://dbkwik.webdatacommons.org/memory-alpha.wikia.com/resource/Hovercraft	http://dbkwik.webdatacommons.org/stexpanded.wikia.com/resource/Hovercraft	=	1.0000
http://dbkwik.webdatacommons.org/memory-alpha.wikia.com/resource/Starfleet_Intelligence	http://dbkwik.webdatacommons.org/stexpanded.wikia.com/resource/Starfleet_Intelligence	=	1.0000
http://dbkwik.webdatacommons.org/memory-alpha.wikia.com/resource/Subspace_communication	http://dbkwik.webdatacommons.org/stexpanded.wikia.com/resource/Subspace_communication	=	1.0000
http://memory-alpha.wikia.com/wiki/Special:FilePath/Saladin_class.jpg?width=300	http://stexpanded.wikia.com/wiki/Special:FilePath/Saladin_Class.jpg?width=300	=	1.0000
http://dbkwik.webdatacommons.org/memory-alpha.wikia.com/resource/2354	http://dbkwik.webdatacommons.org/stexpanded.wikia.com/resource/2354	=	1.0000
http://memory-alpha.wikia.com/wiki/Special:FilePath/Robert_Wesley,_2268.jpg?width=300	http://stexpanded.wikia.com/wiki/Special:FilePath/Robert_Wesley,_2268.jpg?width=300	=	1.0000
http://dbkwik.webdatacommons.org/memory-alpha.wikia.com/resource/Bat%27leth	http://dbkwik.webdatacommons.org/stexpanded.wikia.com/resource/Bat%27leth	=	1.0000
http://dbkwik.webdatacommons.org/memory-alpha.wikia.com/resource/Category:Capellans	http://dbkwik.webdatacommons.org/stexpanded.wikia.com/resource/Category:Capellans	=	1.0000
http://dbkwik.webdatacommons.org/memory-alpha.wikia.com/resource/Beta_Thoridar	http://dbkwik.webdatacommons.org/stexpanded.wikia.com/resource/Beta_Thoridor	=	0.8693
http://dbkwik.webdatacommons.org/memory-alpha.wikia.com/resource/Constellation_class	http://dbkwik.webdatacommons.org/stexpanded.wikia.com/resource/Constellation_class	=	1.0000
http://dbkwik.webdatacommons.org/memory-alpha.wikia.com/resource/Category:Star_systems	http://dbkwik.webdatacommons.org/stexpanded.wikia.com/resource/Category:Star_systems	=	1.0000
http://memory-alpha.wikia.com/wiki/Special:FilePath/AndorianEmblem.jpg?width=300	http://stexpanded.wikia.com/wiki/Special:FilePath/AndorianEmblem.jpg?width=300	=	1.0000
http://dbkwik.webdatacommons.org/memory-alpha.wikia.com/resource/2070s	http://dbkwik.webdatacommons.org/stexpanded.wikia.com/resource/2070s	=	1.0000
http://memory-alpha.wikia.com/wiki/Special:FilePath/Dax_and_Bashir_married.jpg?width=300	http://stexpanded.wikia.com/wiki/Special:FilePath/Dax_and_Bashir_married.jpg?width=300	=	1.0000
http://dbkwik.webdatacommons.org/memory-alpha.wikia.com/resource/Malurians	http://dbkwik.webdatacommons.org/stexpanded.wikia.com/resource/Malurians	=	1.0000
http://dbkwik.webdatacommons.org/memory-alpha.wikia.com/resource/Battle_of_Cheron	http://dbkwik.webdatacommons.org/stexpanded.wikia.com/resource/Battle_of_Cheron	=	1.0000
http://dbkwik.webdatacommons.org/memory-alpha.wikia.com/resource/Tug	http://dbkwik.webdatacommons.org/stexpanded.wikia.com/resource/Tug	=	1.0000
http://memory-alpha.wikia.com/wiki/Special:FilePath/Kruge.jpg?width=300	http://stexpanded.wikia.com/wiki/Special:FilePath/Kruge.jpg?width=300	=	1.0000
http://dbkwik.webdatacommons.org/memory-alpha.wikia.com/resource/2031	http://dbkwik.webdatacommons.org/stexpanded.wikia.com/resource/2031	=	1.0000
http://dbkwik.webdatacommons.org/memory-alpha.wikia.com/resource/2175	http://dbkwik.webdatacommons.org/stexpanded.wikia.com/resource/2175	=	1.0000
http://dbkwik.webdatacommons.org/memory-alpha.wikia.com/resource/Class_4_probe	http://dbkwik.webdatacommons.org/stexpanded.wikia.com/resource/Class_4_probe	=	1.0000
http://dbkwik.webdatacommons.org/memory-alpha.wikia.com/resource/Argus_X	http://dbkwik.webdatacommons.org/stexpanded.wikia.com/resource/Argus_X	=	1.0000
http://dbkwik.webdatacommons.org/memory-alpha.wikia.com/resource/Second_officer	http://dbkwik.webdatacommons.org/stexpanded.wikia.com/resource/Second_officer	=	1.0000
http://memory-alpha.wikia.com/wiki/Special:FilePath/Phase_cannons2.jpg?width=300	http://stexpanded.wikia.com/wiki/Special:FilePath/Phase_cannons2.jpg?width=300	=	1.0000
http://dbkwik.webdatacommons.org/memory-alpha.wikia.com/resource/Vulcan_ranks	http://dbkwik.webdatacommons.org/stexpanded.wikia.com/resource/Vulcan_ranks	=	1.0000
http://memory-alpha.wikia.com/wiki/Special:FilePath/Malcolm_Reed,_2154.jpg?width=300	http://stexpanded.wikia.com/wiki/Special:FilePath/MalcolmReed.jpg?width=300	=	0.9239
http://dbkwik.webdatacommons.org/memory-alpha.wikia.com/resource/Yellowstone_class	http://dbkwik.webdatacommons.org/stexpanded.wikia.com/resource/Yellowstone_class	=	1.0000
http://memory-alpha.wikia.com/wiki/Special:FilePath/Gagh.jpg	http://stexpanded.wikia.com/wiki/Special:FilePath/Gagh.jpg	=	1.0000
http://memory-alpha.wikia.com/wiki/Special:FilePath/Vetar.jpg	http://stexpanded.wikia.com/wiki/Special:FilePath/Vetar.jpg	=	1.0000
http://dbkwik.webdatacommons.org/memory-alpha.wikia.com/resource/Quartermaster	http://dbkwik.webdatacommons.org/stexpanded.wikia.com/resource/Quartermaster	=	1.0000
http://memory-alpha.wikia.com/wiki/Special:FilePath/Foundations.jpg	http://stexpanded.wikia.com/wiki/Special:FilePath/Foundationssig1.jpg	=	0.8666
http://dbkwik.webdatacommons.org/memory-alpha.wikia.com/class/iks	http://dbkwik.webdatacommons.org/stexpanded.wikia.com/class/iks	=	1.0000
http://memory-alpha.wikia.com/wiki/Special:FilePath/IKS_NeghVar_attack.jpg	http://stexpanded.wikia.com/wiki/Special:FilePath/IKS_NeghVar_attack.jpg	=	1.0000
http://dbkwik.webdatacommons.org/memory-alpha.wikia.com/resource/First_Battle_of_Chin%27toka	http://dbkwik.webdatacommons.org/stexpanded.wikia.com/resource/First_Battle_of_Chin%27toka	=	1.0000
http://dbkwik.webdatacommons.org/memory-alpha.wikia.com/resource/2176	http://dbkwik.webdatacommons.org/stexpanded.wikia.com/resource/2176	=	1.0000
http://dbkwik.webdatacommons.org/memory-alpha.wikia.com/resource/Christopher_Pike_(mirror)	http://dbkwik.webdatacommons.org/stexpanded.wikia.com/resource/Christopher_Pike_(mirror)	=	1.0000
http://dbkwik.webdatacommons.org/memory-alpha.wikia.com/resource/2364	http://dbkwik.webdatacommons.org/stexpanded.wikia.com/resource/2364	=	1.0000
http://dbkwik.webdatacommons.org/memory-alpha.wikia.com/resource/2263	http://dbkwik.webdatacommons.org/stexpanded.wikia.com/resource/2263	=	1.0000
http://memory-alpha.wikia.com/wiki/Special:FilePath/D%27deridex_class.jpg?width=300	http://stexpanded.wikia.com/wiki/Special:FilePath/D%27deridex_Class.jpg?width=300	=	1.0000
http://dbkwik.webdatacommons.org/memory-alpha.wikia.com/resource/Artemis	http://dbkwik.webdatacommons.org/stexpanded.wikia.com/resource/Artemis	=	1.0000
http://dbkwik.webdatacommons.org/memory-alpha.wikia.com/resource/Bajoran_religion	http://dbkwik.webdatacommons.org/stexpanded.wikia.com/resource/Bajoran_religion	=	1.0000
http://dbkwik.webdatacommons.org/memory-alpha.wikia.com/resource/Category:USS_Enterprise_(NCC-1701)_personnel	http://dbkwik.webdatacommons.org/stexpanded.wikia.com/resource/Category:USS_Enterprise_(NCC-1701)_personnel	=	1.0000
http://dbkwik.webdatacommons.org/memory-alpha.wikia.com/resource/J.T._Esteban	http://dbkwik.webdatacommons.org/stexpanded.wikia.com/resource/J.T._Esteban	=	1.0000
http://memory-alpha.wikia.com/wiki/Special:FilePath/NX_launch_bay.jpg	http://stexpanded.wikia.com/wiki/Special:FilePath/NX_launch_bay.jpg	=	1.0000
http://dbkwik.webdatacommons.org/memory-alpha.wikia.com/resource/Starbase_514	http://dbkwik.webdatacommons.org/stexpanded.wikia.com/resource/Starbase_514	=	1.0000
http://memory-alpha.wikia.com/wiki/Special:FilePath/Defiant_science.jpg?width=300	http://stexpanded.wikia.com/wiki/Special:FilePath/Defiant_sciences.jpg?width=300	=	0.9043
http://dbkwik.webdatacommons.org/memory-alpha.wikia.com/resource/USS_Melbourne_(Nebula_class)	http://dbkwik.webdatacommons.org/stexpanded.wikia.com/resource/USS_Melbourne_(Nebula_class)	=	1.0000
http://dbkwik.webdatacommons.org/memory-alpha.wikia.com/resource/2190	http://dbkwik.webdatacommons.org/stexpanded.wikia.com/resource/2190	=	1.0000
http://memory-alpha.wikia.com/wiki/Special:FilePath/Flith.jpg?width=300	http://stexpanded.wikia.com/wiki/Special:FilePath/Fl3.jpg?width=300	=	0.8646
http://dbkwik.webdatacommons.org/memory-alpha.wikia.com/resource/2373	http://dbkwik.webdatacommons.org/stexpanded.wikia.com/resource/2373	=	1.0000
http://dbkwik.webdatacommons.org/memory-alpha.wikia.com/resource/Category:Cardassia	http://dbkwik.webdatacommons.org/stexpanded.wikia.com/resource/Category:Cardassia	=	1.0000
http://dbkwik.webdatacommons.org/memory-alpha.wikia.com/resource/Starbase_58	http://dbkwik.webdatacommons.org/stexpanded.wikia.com/resource/Starbase_52	=	0.9260
http://dbkwik.webdatacommons.org/memory-alpha.wikia.com/resource/Lieutenant_colonel	http://dbkwik.webdatacommons.org/stexpanded.wikia.com/resource/Lieutenant_colonel	=	1.0000
http://dbkwik.webdatacommons.org/memory-alpha.wikia.com/resource/Military_Assault_Command_Operations	http://dbkwik.webdatacommons.org/stexpanded.wikia.com/resource/Military_Assault_Command_Operations	=	1.0000
http://dbkwik.webdatacommons.org/memory-alpha.wikia.com/resource/NCC-1718	http://dbkwik.webdatacommons.org/stexpanded.wikia.com/resource/NCC-1718	=	1.0000
http://memory-alpha.wikia.com/wiki/Special:FilePath/San_Francisco_Night.jpg	http://stexpanded.wikia.com/wiki/Special:FilePath/SanFrancisco2154Night.jpg	=	0.8785
http://dbkwik.webdatacommons.org/memory-alpha.wikia.com/resource/Ensign	http://dbkwik.webdatacommons.org/stexpanded.wikia.com/resource/Ensign	=	1.0000
http://memory-alpha.wikia.com/wiki/Special:FilePath/James_T._Kirk,_alternate_reality.jpg?width=300	http://stexpanded.wikia.com/wiki/Special:FilePath/James_T._Kirk,_alternate_reality.jpg?width=300	=	1.0000
http://dbkwik.webdatacommons.org/memory-alpha.wikia.com/resource/T-Rogoran	http://dbkwik.webdatacommons.org/stexpanded.wikia.com/resource/T-Rogoran	=	1.0000
http://dbkwik.webdatacommons.org/memory-alpha.wikia.com/resource/2276	http://dbkwik.webdatacommons.org/stexpanded.wikia.com/resource/2276	=	1.0000
http://memory-alpha.wikia.com/wiki/Special:FilePath/Taitt.jpg	http://stexpanded.wikia.com/wiki/Special:FilePath/Taitt.jpg	=	1.0000
http://dbkwik.webdatacommons.org/memory-alpha.wikia.com/resource/2133	http://dbkwik.webdatacommons.org/stexpanded.wikia.com/resource/2133	=	1.0000
http://dbkwik.webdatacommons.org/memory-alpha.wikia.com/resource/Invasion_of_Septimus_III	http://dbkwik.webdatacommons.org/stexpanded.wikia.com/resource/Invasion_of_Septimus_III	=	1.0000
http://dbkwik.webdatacommons.org/memory-alpha.wikia.com/resource/Category:Drugs	http://dbkwik.webdatacommons.org/stexpanded.wikia.com/resource/Category:Drugs	=	1.0000
http://dbkwik.webdatacommons.org/memory-alpha.wikia.com/resource/Pressure	http://dbkwik.webdatacommons.org/stexpanded.wikia.com/property/pressure	=	1.0000
http://dbkwik.webdatacommons.org/memory-alpha.wikia.com/resource/Directed_energy_weapon	http://dbkwik.webdatacommons.org/stexpanded.wikia.com/resource/Directed-energy_weapon	=	1.0000
http://memory-alpha.wikia.com/wiki/Special:FilePath/Cal_hudson.jpg?width=300	http://stexpanded.wikia.com/wiki/Special:FilePath/Cal_hudson.jpg?width=300	=	1.0000
http://memory-alpha.wikia.com/wiki/Special:FilePath/Gabriel.jpg?width=300	http://stexpanded.wikia.com/wiki/Special:FilePath/Gabriel.jpg?width=300	=	1.0000
http://dbkwik.webdatacommons.org/memory-alpha.wikia.com/class/tos	http://dbkwik.webdatacommons.org/stexpanded.wikia.com/class/tos	=	1.0000
http://dbkwik.webdatacommons.org/memory-alpha.wikia.com/resource/Gary_Mitchell	http://dbkwik.webdatacommons.org/stexpanded.wikia.com/resource/Gary_Mitchell	=	1.0000
http://dbkwik.webdatacommons.org/memory-alpha.wikia.com/resource/Star_Trek:_Odyssey	http://dbkwik.webdatacommons.org/stexpanded.wikia.com/resource/Star_Trek:_Odyssey	=	1.0000
http://memory-alpha.wikia.com/wiki/Special:FilePath/Romulan_Centurion.jpg?width=300	http://stexpanded.wikia.com/wiki/Special:FilePath/23-romulan-centurion.jpg?width=300	=	0.8744
http://memory-alpha.wikia.com/wiki/Special:FilePath/Laura.jpg?width=300	http://stexpanded.wikia.com/wiki/Special:FilePath/LauraLee.jpg?width=300	=	0.8692
http://dbkwik.webdatacommons.org/memory-alpha.wikia.com/class/m	http://dbkwik.webdatacommons.org/stexpanded.wikia.com/class/m	=	1.0000
http://dbkwik.webdatacommons.org/memory-alpha.wikia.com/resource/Orion	http://dbkwik.webdatacommons.org/stexpanded.wikia.com/resource/Orion	=	1.0000
http://dbkwik.webdatacommons.org/memory-alpha.wikia.com/resource/Adams	http://dbkwik.webdatacommons.org/stexpanded.wikia.com/resource/Adams	=	1.0000
http://dbkwik.webdatacommons.org/memory-alpha.wikia.com/resource/IKS_Toh%27Kaht	http://dbkwik.webdatacommons.org/stexpanded.wikia.com/resource/IKS_Toh%27Kaht	=	1.0000
http://memory-alpha.wikia.com/wiki/Special:FilePath/Tos_cdore.png?width=300	http://stexpanded.wikia.com/wiki/Special:FilePath/S-CDRE_(TOS).png?width=300	=	0.8700
http://memory-alpha.wikia.com/wiki/Special:FilePath/Cardassian_Union_logo.png?width=300	http://stexpanded.wikia.com/wiki/Special:FilePath/Cardassian_Union_logo.png?width=300	=	1.0000
http://memory-alpha.wikia.com/wiki/Special:FilePath/Romulus2379.jpg	http://stexpanded.wikia.com/wiki/Special:FilePath/Romulus2379.jpg	=	1.0000
http://dbkwik.webdatacommons.org/memory-alpha.wikia.com/resource/Warbird	http://dbkwik.webdatacommons.org/stexpanded.wikia.com/resource/Warbird	=	1.0000
http://dbkwik.webdatacommons.org/memory-alpha.wikia.com/resource/2319	http://dbkwik.webdatacommons.org/stexpanded.wikia.com/resource/2319	=	1.0000
http://dbkwik.webdatacommons.org/memory-alpha.wikia.com/resource/Peregrine_class	http://dbkwik.webdatacommons.org/stexpanded.wikia.com/resource/Peregrine_class	=	1.0000
http://memory-alpha.wikia.com/wiki/Special:FilePath/John_Harriman.jpg	http://stexpanded.wikia.com/wiki/Special:FilePath/JohnHarriman2306.jpg	=	0.8649
http://memory-alpha.wikia.com/wiki/Special:FilePath/Danube_73918_cockpit.jpg?width=300	http://stexpanded.wikia.com/wiki/Special:FilePath/Danube_class_cockpit.jpg?width=300	=	0.8753
http://dbkwik.webdatacommons.org/memory-alpha.wikia.com/resource/Bio-neural_circuitry	http://dbkwik.webdatacommons.org/stexpanded.wikia.com/resource/Bio-neural_circuitry	=	1.0000
http://dbkwik.webdatacommons.org/memory-alpha.wikia.com/resource/Category:Romulan_starships	http://dbkwik.webdatacommons.org/stexpanded.wikia.com/resource/Category:Romulan_starships	=	1.0000
http://dbkwik.webdatacommons.org/memory-alpha.wikia.com/resource/Battle_of_Sector_001	http://dbkwik.webdatacommons.org/stexpanded.wikia.com/resource/Battle_of_Sector_001	=	1.0000
http://memory-alpha.wikia.com/wiki/Special:FilePath/Prax.jpg	http://stexpanded.wikia.com/wiki/Special:FilePath/Prax.jpg	=	1.0000
http://dbkwik.webdatacommons.org/memory-alpha.wikia.com/resource/English_language	http://dbkwik.webdatacommons.org/stexpanded.wikia.com/resource/English_language	=	1.0000
http://dbkwik.webdatacommons.org/memory-alpha.wikia.com/resource/2065	http://dbkwik.webdatacommons.org/stexpanded.wikia.com/resource/2065	=	1.0000
http://dbkwik.webdatacommons.org/memory-alpha.wikia.com/resource/Ariannus	http://dbkwik.webdatacommons.org/stexpanded.wikia.com/resource/Ariannus	=	1.0000
http://dbkwik.webdatacommons.org/memory-alpha.wikia.com/resource/1991	http://dbkwik.webdatacommons.org/stexpanded.wikia.com/resource/1991	=	1.0000
http://dbkwik.webdatacommons.org/memory-alpha.wikia.com/resource/Comet	http://dbkwik.webdatacommons.org/stexpanded.wikia.com/resource/Comet	=	1.0000
http://dbkwik.webdatacommons.org/memory-alpha.wikia.com/resource/Sybaron	http://dbkwik.webdatacommons.org/stexpanded.wikia.com/resource/Sybaron	=	1.0000
http://memory-alpha.wikia.com/wiki/Special:FilePath/Odo_pahwraith.jpg?width=300	http://stexpanded.wikia.com/wiki/Special:FilePath/Pahwraith2.jpg?width=300	=	0.8736
http://dbkwik.webdatacommons.org/memory-alpha.wikia.com/resource/Grenade	http://dbkwik.webdatacommons.org/stexpanded.wikia.com/resource/Grenade	=	1.0000
http://memory-alpha.wikia.com/wiki/Special:FilePath/Maco_tag.png?width=300	http://stexpanded.wikia.com/wiki/Special:FilePath/MACO_-_LTG.png?width=300	=	0.8674
http://dbkwik.webdatacommons.org/memory-alpha.wikia.com/resource/Starbase_336	http://dbkwik.webdatacommons.org/stexpanded.wikia.com/resource/Starbase_33	=	0.9145
http://dbkwik.webdatacommons.org/memory-alpha.wikia.com/resource/Distress_call	http://dbkwik.webdatacommons.org/stexpanded.wikia.com/resource/Distress_call	=	1.0000
http://dbkwik.webdatacommons.org/memory-alpha.wikia.com/resource/Starbase_10	http://dbkwik.webdatacommons.org/stexpanded.wikia.com/resource/Starbase_10	=	1.0000
http://dbkwik.webdatacommons.org/memory-alpha.wikia.com/resource/Vorta	http://dbkwik.webdatacommons.org/stexpanded.wikia.com/resource/Vorta	=	1.0000
http://dbkwik.webdatacommons.org/memory-alpha.wikia.com/resource/Dyson_sphere	http://dbkwik.webdatacommons.org/stexpanded.wikia.com/resource/Dyson_sphere	=	1.0000
http://dbkwik.webdatacommons.org/memory-alpha.wikia.com/resource/29th_century	http://dbkwik.webdatacommons.org/stexpanded.wikia.com/resource/29th_century	=	1.0000
http://dbkwik.webdatacommons.org/memory-alpha.wikia.com/resource/2221	http://dbkwik.webdatacommons.org/stexpanded.wikia.com/resource/2221	=	1.0000
http://dbkwik.webdatacommons.org/memory-alpha.wikia.com/resource/Pelosian	http://dbkwik.webdatacommons.org/stexpanded.wikia.com/resource/Pelosian	=	1.0000
http://dbkwik.webdatacommons.org/memory-alpha.wikia.com/resource/Benecia_Colony	http://dbkwik.webdatacommons.org/stexpanded.wikia.com/resource/Benecia_Colony	=	1.0000
http://dbkwik.webdatacommons.org/memory-alpha.wikia.com/resource/Chronometric_particle	http://dbkwik.webdatacommons.org/stexpanded.wikia.com/resource/Chronometric_particle	=	1.0000
http://dbkwik.webdatacommons.org/memory-alpha.wikia.com/resource/Harry_Morrow	http://dbkwik.webdatacommons.org/stexpanded.wikia.com/resource/Harry_Morrow	=	1.0000
http://dbkwik.webdatacommons.org/memory-alpha.wikia.com/resource/2026	http://dbkwik.webdatacommons.org/stexpanded.wikia.com/resource/2026	=	1.0000
http://memory-alpha.wikia.com/wiki/Special:FilePath/Starfleet_Academy_logo_2372.png?width=300	http://stexpanded.wikia.com/wiki/Special:FilePath/200px-Starfleet_Academy_logo_2372.png?width=300	=	0.9082
http://memory-alpha.wikia.com/wiki/Special:FilePath/Beverly_Crusher,_2354.jpg	http://stexpanded.wikia.com/wiki/Special:FilePath/Beverly_Crusher.jpg	=	0.8913
http://dbkwik.webdatacommons.org/memory-alpha.wikia.com/resource/Bajoran_wormhole	http://dbkwik.webdatacommons.org/stexpanded.wikia.com/resource/Bajoran_wormhole	=	1.0000
http://dbkwik.webdatacommons.org/memory-alpha.wikia.com/resource/Revok	http://dbkwik.webdatacommons.org/stexpanded.wikia.com/resource/Revok	=	1.0000
http://dbkwik.webdatacommons.org/memory-alpha.wikia.com/resource/Steamrunner_class	http://dbkwik.webdatacommons.org/stexpanded.wikia.com/resource/Steamrunner_class	=	1.0000
http://dbkwik.webdatacommons.org/memory-alpha.wikia.com/resource/Yaderan	http://dbkwik.webdatacommons.org/stexpanded.wikia.com/resource/Yaderan	=	1.0000
http://dbkwik.webdatacommons.org/memory-alpha.wikia.com/resource/Flag_officer	http://dbkwik.webdatacommons.org/stexpanded.wikia.com/resource/Flag_officer	=	1.0000
http://dbkwik.webdatacommons.org/memory-alpha.wikia.com/resource/Kara	http://dbkwik.webdatacommons.org/stexpanded.wikia.com/resource/Kara	=	1.0000
http://dbkwik.webdatacommons.org/memory-alpha.wikia.com/resource/Klingon_Empire	http://dbkwik.webdatacommons.org/stexpanded.wikia.com/resource/Klingon_Empire	=	1.0000
http://dbkwik.webdatacommons.org/memory-alpha.wikia.com/resource/Massachusetts	http://dbkwik.webdatacommons.org/stexpanded.wikia.com/resource/Massachusetts	=	1.0000
http://dbkwik.webdatacommons.org/memory-alpha.wikia.com/resource/Monastery	http://dbkwik.webdatacommons.org/stexpanded.wikia.com/resource/Monastery	=	1.0000
http://dbkwik.webdatacommons.org/memory-alpha.wikia.com/resource/Luaran	http://dbkwik.webdatacommons.org/stexpanded.wikia.com/resource/Luaran	=	1.0000
http://dbkwik.webdatacommons.org/memory-alpha.wikia.com/resource/USS_Ahwahnee	http://dbkwik.webdatacommons.org/stexpanded.wikia.com/resource/USS_Ahwahnee	=	1.0000
http://dbkwik.webdatacommons.org/memory-alpha.wikia.com/resource/Autarch	http://dbkwik.webdatacommons.org/stexpanded.wikia.com/resource/Autarch	=	1.0000
http://dbkwik.webdatacommons.org/memory-alpha.wikia.com/resource/Daniels	http://dbkwik.webdatacommons.org/stexpanded.wikia.com/resource/Daniels	=	1.0000
http://dbkwik.webdatacommons.org/memory-alpha.wikia.com/class/ds9	http://dbkwik.webdatacommons.org/stexpanded.wikia.com/class/ds9	=	1.0000
http://dbkwik.webdatacommons.org/memory-alpha.wikia.com/resource/Dedication_plaque	http://dbkwik.webdatacommons.org/stexpanded.wikia.com/resource/Dedication_plaque	=	1.0000
http://memory-alpha.wikia.com/wiki/Special:FilePath/Cloaking_device_distortion.jpg	http://stexpanded.wikia.com/wiki/Special:FilePath/Cloaking_device_distortion.jpg	=	1.0000
http://dbkwik.webdatacommons.org/memory-alpha.wikia.com/resource/California	http://dbkwik.webdatacommons.org/stexpanded.wikia.com/resource/California	=	1.0000
http://dbkwik.webdatacommons.org/memory-alpha.wikia.com/resource/1985	http://dbkwik.webdatacommons.org/stexpanded.wikia.com/resource/1985	=	1.0000
http://dbkwik.webdatacommons.org/memory-alpha.wikia.com/resource/Wendell_Greer	http://dbkwik.webdatacommons.org/stexpanded.wikia.com/resource/Wendell_Greer	=	1.0000
http://dbkwik.webdatacommons.org/memory-alpha.wikia.com/resource/Simpson	http://dbkwik.webdatacommons.org/stexpanded.wikia.com/resource/Simpson	=	1.0000
http://dbkwik.webdatacommons.org/memory-alpha.wikia.com/resource/Rear_admiral	http://dbkwik.webdatacommons.org/stexpanded.wikia.com/resource/Rear_admiral	=	1.0000
http://dbkwik.webdatacommons.org/memory-alpha.wikia.com/resource/Fundraiser	http://dbkwik.webdatacommons.org/stexpanded.wikia.com/resource/Fundraiser	=	1.0000
http://dbkwik.webdatacommons.org/memory-alpha.wikia.com/resource/Michael_Owens	http://dbkwik.webdatacommons.org/stexpanded.wikia.com/resource/Michael_Owens	=	1.0000
http://dbkwik.webdatacommons.org/memory-alpha.wikia.com/resource/Olympic_class	http://dbkwik.webdatacommons.org/stexpanded.wikia.com/resource/Olympic_class	=	1.0000
http://dbkwik.webdatacommons.org/memory-alpha.wikia.com/resource/Titan	http://dbkwik.webdatacommons.org/stexpanded.wikia.com/resource/Titan	=	1.0000
http://dbkwik.webdatacommons.org/memory-alpha.wikia.com/resource/Hybrid	http://dbkwik.webdatacommons.org/stexpanded.wikia.com/resource/Hybrid	=	1.0000
http://memory-alpha.wikia.com/wiki/Special:FilePath/Columbia_(NX-02),_early_2153.jpg	http://stexpanded.wikia.com/wiki/Special:FilePath/Columbia_(NX-02),_early_2153.jpg	=	1.0000
http://dbkwik.webdatacommons.org/memory-alpha.wikia.com/resource/Security_officer	http://dbkwik.webdatacommons.org/stexpanded.wikia.com/resource/Security_officer	=	1.0000
http://dbkwik.webdatacommons.org/memory-alpha.wikia.com/property/born	http://dbkwik.webdatacommons.org/stexpanded.wikia.com/property/born	=	1.0000
http://dbkwik.webdatacommons.org/memory-alpha.wikia.com/resource/2243	http://dbkwik.webdatacommons.org/stexpanded.wikia.com/resource/2243	=	1.0000
http://memory-alpha.wikia.com/wiki/Special:FilePath/Xindi-Insectoid.jpg	http://stexpanded.wikia.com/wiki/Special:FilePath/Xindi-Insectoid.jpg	=	1.0000
http://dbkwik.webdatacommons.org/memory-alpha.wikia.com/resource/Tri-nucleic_fungus	http://dbkwik.webdatacommons.org/stexpanded.wikia.com/resource/Tri-nucleic_fungus	=	1.0000
http://dbkwik.webdatacommons.org/memory-alpha.wikia.com/property/military	http://dbkwik.webdatacommons.org/stexpanded.wikia.com/property/military	=	1.0000
http://memory-alpha.wikia.com/wiki/Special:FilePath/Phaser_type-1,_2260s.jpg?width=300	http://stexpanded.wikia.com/wiki/Special:FilePath/Phaser_type-1,_2260s.jpg?width=300	=	1.0000
http://memory-alpha.wikia.com/wiki/Special:FilePath/Guardian_of_Forever,_2267.jpg?width=300	http://stexpanded.wikia.com/wiki/Special:FilePath/Guardian_of_Forever.jpg?width=300	=	0.9345
http://dbkwik.webdatacommons.org/memory-alpha.wikia.com/resource/Order_of_the_Bat%27leth	http://dbkwik.webdatacommons.org/stexpanded.wikia.com/resource/Order_of_the_Bat%27leth	=	1.0000
http://memory-alpha.wikia.com/wiki/Special:FilePath/Beta_moon.jpg?width=300	http://stexpanded.wikia.com/wiki/Special:FilePath/Luna_moon.jpg?width=300	=	0.8746
http://dbkwik.webdatacommons.org/memory-alpha.wikia.com/resource/Alaska	http://dbkwik.webdatacommons.org/stexpanded.wikia.com/resource/Alaska	=	1.0000
http://dbkwik.webdatacommons.org/memory-alpha.wikia.com/resource/2349	http://dbkwik.webdatacommons.org/stexpanded.wikia.com/resource/2349	=	1.0000
http://dbkwik.webdatacommons.org/memory-alpha.wikia.com/resource/Deep_Space_5	http://dbkwik.webdatacommons.org/stexpanded.wikia.com/resource/Deep_Space_5	=	1.0000
http://dbkwik.webdatacommons.org/memory-alpha.wikia.com/resource/2309	http://dbkwik.webdatacommons.org/stexpanded.wikia.com/resource/2309	=	1.0000
http://memory-alpha.wikia.com/wiki/Special:FilePath/Varis_Sul.jpg?width=300	http://stexpanded.wikia.com/wiki/Special:FilePath/Varis_Sul.jpg?width=300	=	1.0000
http://memory-alpha.wikia.com/wiki/Special:FilePath/Ranger_5.jpg?width=300	http://stexpanded.wikia.com/wiki/Special:FilePath/Ranger_steu.jpg?width=300	=	0.8720
http://dbkwik.webdatacommons.org/memory-alpha.wikia.com/resource/Haliian	http://dbkwik.webdatacommons.org/stexpanded.wikia.com/resource/Haliian	=	1.0000
http://dbkwik.webdatacommons.org/memory-alpha.wikia.com/resource/Hoshi_Sato	http://dbkwik.webdatacommons.org/stexpanded.wikia.com/resource/Hoshi_Sato	=	1.0000
http://dbkwik.webdatacommons.org/memory-alpha.wikia.com/resource/Judith_Sisko	http://dbkwik.webdatacommons.org/stexpanded.wikia.com/resource/Judith_Sisko	=	1.0000
http://dbkwik.webdatacommons.org/memory-alpha.wikia.com/resource/Poker	http://dbkwik.webdatacommons.org/stexpanded.wikia.com/resource/Poker	=	1.0000
http://dbkwik.webdatacommons.org/memory-alpha.wikia.com/resource/Shuttlecraft	http://dbkwik.webdatacommons.org/stexpanded.wikia.com/resource/Shuttlecraft	=	1.0000
http://dbkwik.webdatacommons.org/memory-alpha.wikia.com/resource/Aldebaran_whiskey	http://dbkwik.webdatacommons.org/stexpanded.wikia.com/resource/Aldebaran_whiskey	=	1.0000
http://dbkwik.webdatacommons.org/memory-alpha.wikia.com/resource/Category:Starfleet_command_personnel	http://dbkwik.webdatacommons.org/stexpanded.wikia.com/resource/Category:Starfleet_command_personnel	=	1.0000
http://dbkwik.webdatacommons.org/memory-alpha.wikia.com/resource/Physical_therapy	http://dbkwik.webdatacommons.org/stexpanded.wikia.com/resource/Physical_therapy	=	1.0000
http://dbkwik.webdatacommons.org/memory-alpha.wikia.com/resource/Shelby	http://dbkwik.webdatacommons.org/stexpanded.wikia.com/resource/Shelby	=	1.0000
http://dbkwik.webdatacommons.org/memory-alpha.wikia.com/resource/2140s	http://dbkwik.webdatacommons.org/stexpanded.wikia.com/resource/2140s	=	1.0000
http://dbkwik.webdatacommons.org/memory-alpha.wikia.com/resource/1960	http://dbkwik.webdatacommons.org/stexpanded.wikia.com/resource/1960	=	1.0000
http://dbkwik.webdatacommons.org/memory-alpha.wikia.com/resource/2230s	http://dbkwik.webdatacommons.org/stexpanded.wikia.com/resource/2230s	=	1.0000
http://dbkwik.webdatacommons.org/memory-alpha.wikia.com/resource/Interceptor	http://dbkwik.webdatacommons.org/stexpanded.wikia.com/resource/Interceptor	=	1.0000
http://dbkwik.webdatacommons.org/memory-alpha.wikia.com/resource/Guerrilla	http://dbkwik.webdatacommons.org/stexpanded.wikia.com/resource/Guerrilla	=	1.0000
http://dbkwik.webdatacommons.org/memory-alpha.wikia.com/resource/Michael_Eddington	http://dbkwik.webdatacommons.org/stexpanded.wikia.com/resource/Michael_Eddington	=	1.0000
http://memory-alpha.wikia.com/wiki/Special:FilePath/Pran.jpg	http://stexpanded.wikia.com/wiki/Special:FilePath/Pran.jpg	=	1.0000
http://memory-alpha.wikia.com/wiki/Special:FilePath/Yelgrun.jpg?width=300	http://stexpanded.wikia.com/wiki/Special:FilePath/Yelgrun.jpg?width=300	=	1.0000
http://dbkwik.webdatacommons.org/memory-alpha.wikia.com/resource/Category:Materials	http://dbkwik.webdatacommons.org/stexpanded.wikia.com/resource/Category:Materials	=	1.0000
http://dbkwik.webdatacommons.org/memory-alpha.wikia.com/resource/Starfleet_General_Orders_and_Regulations	http://dbkwik.webdatacommons.org/stexpanded.wikia.com/resource/Starfleet_General_Orders_and_Regulations	=	1.0000
http://dbkwik.webdatacommons.org/memory-alpha.wikia.com/resource/Jaresh-Inyo	http://dbkwik.webdatacommons.org/stexpanded.wikia.com/resource/Jaresh-Inyo	=	1.0000
http://dbkwik.webdatacommons.org/memory-alpha.wikia.com/resource/Promazine	http://dbkwik.webdatacommons.org/stexpanded.wikia.com/resource/Promazine	=	1.0000
http://dbkwik.webdatacommons.org/memory-alpha.wikia.com/resource/Tharn	http://dbkwik.webdatacommons.org/stexpanded.wikia.com/resource/Tharn	=	1.0000
http://dbkwik.webdatacommons.org/memory-alpha.wikia.com/resource/Cygnet_XIV	http://dbkwik.webdatacommons.org/stexpanded.wikia.com/resource/Cygnet_XIV	=	1.0000
http://dbkwik.webdatacommons.org/memory-alpha.wikia.com/resource/Major_general	http://dbkwik.webdatacommons.org/stexpanded.wikia.com/resource/Major_general	=	1.0000
http://dbkwik.webdatacommons.org/memory-alpha.wikia.com/resource/Science_officer	http://dbkwik.webdatacommons.org/stexpanded.wikia.com/resource/Science_officer	=	1.0000
http://dbkwik.webdatacommons.org/memory-alpha.wikia.com/resource/Velocity	http://dbkwik.webdatacommons.org/stexpanded.wikia.com/resource/Velocity	=	1.0000
http://dbkwik.webdatacommons.org/memory-alpha.wikia.com/resource/Listening_post	http://dbkwik.webdatacommons.org/stexpanded.wikia.com/resource/Listening_post	=	1.0000
http://dbkwik.webdatacommons.org/memory-alpha.wikia.com/resource/2320	http://dbkwik.webdatacommons.org/stexpanded.wikia.com/resource/2320	=	1.0000
http://dbkwik.webdatacommons.org/memory-alpha.wikia.com/resource/1940	http://dbkwik.webdatacommons.org/stexpanded.wikia.com/resource/1940	=	1.0000
http://dbkwik.webdatacommons.org/memory-alpha.wikia.com/resource/Pizza	http://dbkwik.webdatacommons.org/stexpanded.wikia.com/resource/Pizza	=	1.0000
http://dbkwik.webdatacommons.org/memory-alpha.wikia.com/resource/Mess_hall	http://dbkwik.webdatacommons.org/stexpanded.wikia.com/resource/Mess_hall	=	1.0000
http://dbkwik.webdatacommons.org/memory-alpha.wikia.com/resource/Starbase_237	http://dbkwik.webdatacommons.org/stexpanded.wikia.com/resource/Starbase_237	=	1.0000
http://memory-alpha.wikia.com/wiki/Special:FilePath/Tng_mcpo.png?width=300	http://stexpanded.wikia.com/wiki/Special:FilePath/MCPO_(TNG).png?width=300	=	0.9274
http://dbkwik.webdatacommons.org/memory-alpha.wikia.com/resource/Akritirian	http://dbkwik.webdatacommons.org/stexpanded.wikia.com/resource/Akritirian	=	1.0000
http://dbkwik.webdatacommons.org/memory-alpha.wikia.com/resource/USS_Tolstoy	http://dbkwik.webdatacommons.org/stexpanded.wikia.com/resource/USS_Tolstoy	=	1.0000
http://memory-alpha.wikia.com/wiki/Special:FilePath/Arex.jpg?width=300	http://stexpanded.wikia.com/wiki/Special:FilePath/Arex.jpg?width=300	=	1.0000
http://memory-alpha.wikia.com/wiki/Special:FilePath/Garak_(mirror).jpg	http://stexpanded.wikia.com/wiki/Special:FilePath/Garak_(mirror).jpg	=	1.0000
http://dbkwik.webdatacommons.org/memory-alpha.wikia.com/resource/Starfleet_Citation_for_Conspicuous_Gallantry	http://dbkwik.webdatacommons.org/stexpanded.wikia.com/resource/Starfleet_Citation_for_Conspicuous_Gallantry	=	1.0000
http://memory-alpha.wikia.com/wiki/Special:FilePath/602_Club_patches_large.jpg	http://stexpanded.wikia.com/wiki/Special:FilePath/602_Club_patches_large.jpg	=	1.0000
http://dbkwik.webdatacommons.org/memory-alpha.wikia.com/resource/Fleet	http://dbkwik.webdatacommons.org/stexpanded.wikia.com/resource/Fleet	=	1.0000
http://dbkwik.webdatacommons.org/memory-alpha.wikia.com/resource/Drake	http://dbkwik.webdatacommons.org/stexpanded.wikia.com/resource/Drake	=	1.0000
http://dbkwik.webdatacommons.org/memory-alpha.wikia.com/resource/Starbase_134	http://dbkwik.webdatacommons.org/stexpanded.wikia.com/resource/Starbase_134	=	1.0000
http://dbkwik.webdatacommons.org/memory-alpha.wikia.com/resource/Category:Vulcan_starships	http://dbkwik.webdatacommons.org/stexpanded.wikia.com/resource/Category:Vulcan_starships	=	1.0000
http://dbkwik.webdatacommons.org/memory-alpha.wikia.com/resource/Category:Earth_starship_classes	http://dbkwik.webdatacommons.org/stexpanded.wikia.com/resource/Category:Earth_starship_classes	=	1.0000
http://dbkwik.webdatacommons.org/memory-alpha.wikia.com/resource/USS_Veracruz	http://dbkwik.webdatacommons.org/stexpanded.wikia.com/resource/USS_Veracruz	=	1.0000
http://memory-alpha.wikia.com/wiki/Special:FilePath/Federation_shuttlecraft_&_mission_scoutship.jpg	http://stexpanded.wikia.com/wiki/Special:FilePath/Federation_shuttlecraft_&_mission_scoutship.jpg	=	1.0000
http://dbkwik.webdatacommons.org/memory-alpha.wikia.com/resource/McKinley_Station	http://dbkwik.webdatacommons.org/stexpanded.wikia.com/resource/McKinley_Station	=	1.0000
http://memory-alpha.wikia.com/wiki/Special:FilePath/Amanda_Cole.jpg?width=300	http://stexpanded.wikia.com/wiki/Special:FilePath/Cole-Amanda.jpg?width=300	=	0.8796
http://dbkwik.webdatacommons.org/memory-alpha.wikia.com/resource/26th_century	http://dbkwik.webdatacommons.org/stexpanded.wikia.com/resource/26th_century	=	1.0000
http://dbkwik.webdatacommons.org/memory-alpha.wikia.com/resource/Elephant	http://dbkwik.webdatacommons.org/stexpanded.wikia.com/resource/Elephant	=	1.0000
http://dbkwik.webdatacommons.org/memory-alpha.wikia.com/resource/2207	http://dbkwik.webdatacommons.org/stexpanded.wikia.com/resource/2207	=	1.0000
http://dbkwik.webdatacommons.org/memory-alpha.wikia.com/resource/Temporal_Prime_Directive	http://dbkwik.webdatacommons.org/stexpanded.wikia.com/resource/Temporal_Prime_Directive	=	1.0000
http://dbkwik.webdatacommons.org/memory-alpha.wikia.com/resource/2057	http://dbkwik.webdatacommons.org/stexpanded.wikia.com/resource/2057	=	1.0000
http://dbkwik.webdatacommons.org/memory-alpha.wikia.com/resource/1995	http://dbkwik.webdatacommons.org/stexpanded.wikia.com/resource/1995	=	1.0000
http://dbkwik.webdatacommons.org/memory-alpha.wikia.com/resource/Morgan_Bateson	http://dbkwik.webdatacommons.org/stexpanded.wikia.com/resource/Morgan_Bateson	=	1.0000
http://dbkwik.webdatacommons.org/memory-alpha.wikia.com/resource/1981	http://dbkwik.webdatacommons.org/stexpanded.wikia.com/resource/1981	=	1.0000
http://dbkwik.webdatacommons.org/memory-alpha.wikia.com/resource/Liaison_officer	http://dbkwik.webdatacommons.org/stexpanded.wikia.com/resource/Liaison_officer	=	1.0000
http://dbkwik.webdatacommons.org/memory-alpha.wikia.com/resource/Klingon_Defense_Force	http://dbkwik.webdatacommons.org/stexpanded.wikia.com/resource/Klingon_Defense_Force	=	1.0000
http://dbkwik.webdatacommons.org/memory-alpha.wikia.com/resource/2146	http://dbkwik.webdatacommons.org/stexpanded.wikia.com/resource/2146	=	1.0000
http://dbkwik.webdatacommons.org/memory-alpha.wikia.com/resource/Extrasensory_perception	http://dbkwik.webdatacommons.org/stexpanded.wikia.com/resource/Extrasensory_perception	=	1.0000
http://dbkwik.webdatacommons.org/memory-alpha.wikia.com/resource/2279	http://dbkwik.webdatacommons.org/stexpanded.wikia.com/resource/2279	=	1.0000
http://dbkwik.webdatacommons.org/memory-alpha.wikia.com/resource/Topaline	http://dbkwik.webdatacommons.org/stexpanded.wikia.com/resource/Topaline	=	1.0000
http://dbkwik.webdatacommons.org/memory-alpha.wikia.com/resource/Charlene_Masters	http://dbkwik.webdatacommons.org/stexpanded.wikia.com/resource/Charlene_Masters	=	1.0000
http://dbkwik.webdatacommons.org/memory-alpha.wikia.com/resource/Malon	http://dbkwik.webdatacommons.org/stexpanded.wikia.com/resource/Malon	=	1.0000
http://memory-alpha.wikia.com/wiki/Special:FilePath/Constitution_Engineering.jpg?width=300	http://stexpanded.wikia.com/wiki/Special:FilePath/Constitution_Engineering.jpg?width=300	=	1.0000
http://dbkwik.webdatacommons.org/memory-alpha.wikia.com/resource/Match	http://dbkwik.webdatacommons.org/stexpanded.wikia.com/resource/Match	=	1.0000
http://dbkwik.webdatacommons.org/memory-alpha.wikia.com/property/stardate	http://dbkwik.webdatacommons.org/stexpanded.wikia.com/property/stardate	=	1.0000
http://memory-alpha.wikia.com/wiki/Special:FilePath/Astrometrics,_2374.jpg?width=300	http://stexpanded.wikia.com/wiki/Special:FilePath/Astrometrics2.jpg?width=300	=	0.8897
http://dbkwik.webdatacommons.org/memory-alpha.wikia.com/resource/X-ray_laser	http://dbkwik.webdatacommons.org/stexpanded.wikia.com/resource/X-ray_laser	=	1.0000
http://dbkwik.webdatacommons.org/memory-alpha.wikia.com/resource/2041	http://dbkwik.webdatacommons.org/stexpanded.wikia.com/resource/2041	=	1.0000
http://dbkwik.webdatacommons.org/memory-alpha.wikia.com/resource/South_Africa	http://dbkwik.webdatacommons.org/stexpanded.wikia.com/resource/South_Africa	=	1.0000
http://dbkwik.webdatacommons.org/memory-alpha.wikia.com/resource/Kurill_Prime	http://dbkwik.webdatacommons.org/stexpanded.wikia.com/resource/Kurill_Prime	=	1.0000
http://memory-alpha.wikia.com/wiki/Special:FilePath/Antares.jpg	http://stexpanded.wikia.com/wiki/Special:FilePath/Antares.jpg	=	1.0000
http://dbkwik.webdatacommons.org/memory-alpha.wikia.com/resource/Hair	http://dbkwik.webdatacommons.org/stexpanded.wikia.com/property/hair	=	1.0000
http://dbkwik.webdatacommons.org/memory-alpha.wikia.com/resource/Skagaran	http://dbkwik.webdatacommons.org/stexpanded.wikia.com/resource/Skagaran	=	1.0000
http://dbkwik.webdatacommons.org/memory-alpha.wikia.com/resource/2393	http://dbkwik.webdatacommons.org/stexpanded.wikia.com/resource/2393	=	1.0000
http://dbkwik.webdatacommons.org/memory-alpha.wikia.com/resource/Rigel_class	http://dbkwik.webdatacommons.org/stexpanded.wikia.com/resource/Rigel_class	=	1.0000
http://memory-alpha.wikia.com/wiki/Special:FilePath/Lissan.jpg	http://stexpanded.wikia.com/wiki/Special:FilePath/Lissan.jpg	=	1.0000
http://dbkwik.webdatacommons.org/memory-alpha.wikia.com/resource/2300	http://dbkwik.webdatacommons.org/stexpanded.wikia.com/resource/2300	=	1.0000
http://memory-alpha.wikia.com/wiki/Special:FilePath/Mavig.jpg?width=300	http://stexpanded.wikia.com/wiki/Special:FilePath/Mavis.jpg?width=300	=	0.8935
http://memory-alpha.wikia.com/wiki/Special:FilePath/Elizabeth.jpg?width=300	http://stexpanded.wikia.com/wiki/Special:FilePath/Elizabeth.jpg?width=300	=	1.0000
http://dbkwik.webdatacommons.org/memory-alpha.wikia.com/resource/Dikironium_cloud_creature	http://dbkwik.webdatacommons.org/stexpanded.wikia.com/resource/Dikironium_cloud_creature	=	1.0000
http://memory-alpha.wikia.com/wiki/Special:FilePath/Dominion_logo.png?width=300	http://stexpanded.wikia.com/wiki/Special:FilePath/600px-Dominion_logo.png?width=300	=	0.8816
http://dbkwik.webdatacommons.org/memory-alpha.wikia.com/resource/Central_University	http://dbkwik.webdatacommons.org/stexpanded.wikia.com/resource/Central_University	=	1.0000
http://memory-alpha.wikia.com/wiki/Special:FilePath/Trevean.jpg?width=300	http://stexpanded.wikia.com/wiki/Special:FilePath/Trevean.jpg?width=300	=	1.0000
http://dbkwik.webdatacommons.org/memory-alpha.wikia.com/resource/2012	http://dbkwik.webdatacommons.org/stexpanded.wikia.com/resource/2012	=	1.0000
http://dbkwik.webdatacommons.org/memory-alpha.wikia.com/resource/Federation-Tzenkethi_border	http://dbkwik.webdatacommons.org/stexpanded.wikia.com/resource/Federation-Tzenkethi_border	=	1.0000
http://dbkwik.webdatacommons.org/memory-alpha.wikia.com/property/writer	http://dbkwik.webdatacommons.org/stexpanded.wikia.com/property/writer	=	1.0000
http://dbkwik.webdatacommons.org/memory-alpha.wikia.com/resource/2128	http://dbkwik.webdatacommons.org/stexpanded.wikia.com/resource/2128	=	1.0000
http://dbkwik.webdatacommons.org/memory-alpha.wikia.com/resource/USS_Enterprise_(NCC-1701)_personnel	http://dbkwik.webdatacommons.org/stexpanded.wikia.com/resource/USS_Enterprise_(NCC-1701)_personnel	=	1.0000
http://memory-alpha.wikia.com/wiki/Special:FilePath/Evek.jpg?width=300	http://stexpanded.wikia.com/wiki/Special:FilePath/Aman_Evek.jpg?width=300	=	0.8952
http://dbkwik.webdatacommons.org/memory-alpha.wikia.com/resource/Starbase_46	http://dbkwik.webdatacommons.org/stexpanded.wikia.com/resource/Starbase_46	=	1.0000
http://memory-alpha.wikia.com/wiki/Special:FilePath/Andonian_tea.jpg?width=300	http://stexpanded.wikia.com/wiki/Special:FilePath/Andonian_tea.jpg?width=300	=	1.0000
http://dbkwik.webdatacommons.org/memory-alpha.wikia.com/resource/Class_3_neutronic_fuel_carrier	http://dbkwik.webdatacommons.org/stexpanded.wikia.com/resource/Class_3_neutronic_fuel_carrier	=	1.0000
http://dbkwik.webdatacommons.org/memory-alpha.wikia.com/property/released	http://dbkwik.webdatacommons.org/stexpanded.wikia.com/property/released	=	1.0000
http://dbkwik.webdatacommons.org/memory-alpha.wikia.com/resource/Delta_Vega_sector	http://dbkwik.webdatacommons.org/stexpanded.wikia.com/resource/Delta_Vega_sector	=	1.0000
http://dbkwik.webdatacommons.org/memory-alpha.wikia.com/resource/Tellus	http://dbkwik.webdatacommons.org/stexpanded.wikia.com/resource/Tellus	=	1.0000
http://dbkwik.webdatacommons.org/memory-alpha.wikia.com/resource/2266	http://dbkwik.webdatacommons.org/stexpanded.wikia.com/resource/2266	=	1.0000
http://dbkwik.webdatacommons.org/memory-alpha.wikia.com/resource/2251	http://dbkwik.webdatacommons.org/stexpanded.wikia.com/resource/2251	=	1.0000
http://memory-alpha.wikia.com/wiki/Special:FilePath/Intrepid_class,_main_engineering.jpg?width=300	http://stexpanded.wikia.com/wiki/Special:FilePath/Intrepid_class_main_engineering.jpg?width=300	=	1.0000
http://dbkwik.webdatacommons.org/memory-alpha.wikia.com/resource/2262	http://dbkwik.webdatacommons.org/stexpanded.wikia.com/resource/2262	=	1.0000
http://dbkwik.webdatacommons.org/memory-alpha.wikia.com/resource/Adarak_Prime	http://dbkwik.webdatacommons.org/stexpanded.wikia.com/resource/Adarak_Prime	=	1.0000
http://dbkwik.webdatacommons.org/memory-alpha.wikia.com/resource/2356	http://dbkwik.webdatacommons.org/stexpanded.wikia.com/resource/2356	=	1.0000
http://dbkwik.webdatacommons.org/memory-alpha.wikia.com/resource/Category:Ktarians	http://dbkwik.webdatacommons.org/stexpanded.wikia.com/resource/Category:Ktarians	=	1.0000
http://memory-alpha.wikia.com/wiki/Special:FilePath/USS_Phoenix.jpg?width=300	http://stexpanded.wikia.com/wiki/Special:FilePath/Uss_phoenix.jpg?width=300	=	1.0000
http://dbkwik.webdatacommons.org/memory-alpha.wikia.com/resource/2126	http://dbkwik.webdatacommons.org/stexpanded.wikia.com/resource/2126	=	1.0000
http://memory-alpha.wikia.com/wiki/Special:FilePath/Jonathan_Archer,_2155.jpg?width=300	http://stexpanded.wikia.com/wiki/Special:FilePath/Jonathan_Archer,_2155.jpg?width=300	=	1.0000
http://memory-alpha.wikia.com/wiki/Special:FilePath/Chu%27lak.jpg?width=300	http://stexpanded.wikia.com/wiki/Special:FilePath/Chu%27lak.jpg?width=300	=	1.0000
http://memory-alpha.wikia.com/wiki/Special:FilePath/Romulus2379.jpg?width=300	http://stexpanded.wikia.com/wiki/Special:FilePath/Romulus2379.jpg?width=300	=	1.0000
http://dbkwik.webdatacommons.org/memory-alpha.wikia.com/resource/Galen_border_conflicts	http://dbkwik.webdatacommons.org/stexpanded.wikia.com/resource/Galen_border_conflicts	=	1.0000
http://dbkwik.webdatacommons.org/memory-alpha.wikia.com/resource/1983	http://dbkwik.webdatacommons.org/stexpanded.wikia.com/resource/1983	=	1.0000
http://dbkwik.webdatacommons.org/memory-alpha.wikia.com/resource/2260s	http://dbkwik.webdatacommons.org/stexpanded.wikia.com/resource/2260s	=	1.0000
http://dbkwik.webdatacommons.org/memory-alpha.wikia.com/resource/Borath	http://dbkwik.webdatacommons.org/stexpanded.wikia.com/resource/Borath	=	1.0000
http://dbkwik.webdatacommons.org/memory-alpha.wikia.com/resource/Staff_sergeant	http://dbkwik.webdatacommons.org/stexpanded.wikia.com/resource/Staff_sergeant	=	1.0000
http://dbkwik.webdatacommons.org/memory-alpha.wikia.com/resource/Verathan	http://dbkwik.webdatacommons.org/stexpanded.wikia.com/resource/Verathan	=	1.0000
http://memory-alpha.wikia.com/wiki/Special:FilePath/Cup_of_tea.jpg?width=300	http://stexpanded.wikia.com/wiki/Special:FilePath/CupOfTea.jpg?width=300	=	1.0000
http://dbkwik.webdatacommons.org/memory-alpha.wikia.com/resource/2275	http://dbkwik.webdatacommons.org/stexpanded.wikia.com/resource/2275	=	1.0000
http://dbkwik.webdatacommons.org/memory-alpha.wikia.com/resource/Jefferson	http://dbkwik.webdatacommons.org/stexpanded.wikia.com/resource/Jefferson	=	1.0000
http://dbkwik.webdatacommons.org/memory-alpha.wikia.com/resource/Tereshkova	http://dbkwik.webdatacommons.org/stexpanded.wikia.com/resource/Tereshkova	=	1.0000
http://dbkwik.webdatacommons.org/memory-alpha.wikia.com/resource/USS_Merrimac	http://dbkwik.webdatacommons.org/stexpanded.wikia.com/resource/USS_Merrimac	=	1.0000
http://dbkwik.webdatacommons.org/memory-alpha.wikia.com/resource/Master_sergeant	http://dbkwik.webdatacommons.org/stexpanded.wikia.com/resource/Master_sergeant	=	1.0000
http://dbkwik.webdatacommons.org/memory-alpha.wikia.com/resource/2204	http://dbkwik.webdatacommons.org/stexpanded.wikia.com/resource/2204	=	1.0000
http://dbkwik.webdatacommons.org/memory-alpha.wikia.com/resource/Mars_Defense_Perimeter	http://dbkwik.webdatacommons.org/stexpanded.wikia.com/resource/Mars_Defense_Perimeter	=	1.0000
http://memory-alpha.wikia.com/wiki/Special:FilePath/Federation_Alliance_fleet.jpg	http://stexpanded.wikia.com/wiki/Special:FilePath/Federation_Alliance_fleet.jpg	=	1.0000
http://dbkwik.webdatacommons.org/memory-alpha.wikia.com/resource/Starship_classification	http://dbkwik.webdatacommons.org/stexpanded.wikia.com/resource/Starship_classification	=	1.0000
http://dbkwik.webdatacommons.org/memory-alpha.wikia.com/resource/Multiverse	http://dbkwik.webdatacommons.org/stexpanded.wikia.com/resource/Multiverse	=	1.0000
http://dbkwik.webdatacommons.org/memory-alpha.wikia.com/resource/Category:Romulan_military_personnel	http://dbkwik.webdatacommons.org/stexpanded.wikia.com/resource/Category:Romulan_military_personnel	=	1.0000
http://dbkwik.webdatacommons.org/memory-alpha.wikia.com/resource/Starfleet_lieutenant_commanders	http://dbkwik.webdatacommons.org/stexpanded.wikia.com/resource/Starfleet_lieutenant_commanders	=	1.0000
http://dbkwik.webdatacommons.org/memory-alpha.wikia.com/resource/Starbase_63	http://dbkwik.webdatacommons.org/stexpanded.wikia.com/resource/Starbase_61	=	0.9205
http://dbkwik.webdatacommons.org/memory-alpha.wikia.com/property/year	http://dbkwik.webdatacommons.org/stexpanded.wikia.com/property/year	=	1.0000
http://dbkwik.webdatacommons.org/memory-alpha.wikia.com/resource/Maxwell_Forrest	http://dbkwik.webdatacommons.org/stexpanded.wikia.com/resource/Maxwell_Forrest	=	1.0000
http://dbkwik.webdatacommons.org/memory-alpha.wikia.com/resource/Sarah_April	http://dbkwik.webdatacommons.org/stexpanded.wikia.com/resource/Sarah_April	=	1.0000
http://dbkwik.webdatacommons.org/memory-alpha.wikia.com/resource/Susanna_Leijten	http://dbkwik.webdatacommons.org/stexpanded.wikia.com/resource/Susanna_Leijten	=	1.0000
http://memory-alpha.wikia.com/wiki/Special:FilePath/Data,_2366.jpg	http://stexpanded.wikia.com/wiki/Special:FilePath/Data_(2366).jpg	=	1.0000
http://memory-alpha.wikia.com/wiki/Special:FilePath/D%27deridex_class.jpg	http://stexpanded.wikia.com/wiki/Special:FilePath/D%27deridex_Class.jpg	=	1.0000
http://dbkwik.webdatacommons.org/memory-alpha.wikia.com/resource/Mathenite	http://dbkwik.webdatacommons.org/stexpanded.wikia.com/resource/Mathenite	=	1.0000
http://memory-alpha.wikia.com/wiki/Special:FilePath/Shinzon.jpg?width=300	http://stexpanded.wikia.com/wiki/Special:FilePath/Shinzon2379.jpg?width=300	=	0.8767
http://dbkwik.webdatacommons.org/memory-alpha.wikia.com/resource/2390s	http://dbkwik.webdatacommons.org/stexpanded.wikia.com/resource/2390s	=	1.0000
http://dbkwik.webdatacommons.org/memory-alpha.wikia.com/resource/K%27t%27inga_class	http://dbkwik.webdatacommons.org/stexpanded.wikia.com/resource/K%27t%27inga_class	=	1.0000
http://dbkwik.webdatacommons.org/memory-alpha.wikia.com/resource/Bowsers	http://dbkwik.webdatacommons.org/stexpanded.wikia.com/resource/Bowser	=	0.9228
http://dbkwik.webdatacommons.org/memory-alpha.wikia.com/resource/USS_Trieste	http://dbkwik.webdatacommons.org/stexpanded.wikia.com/resource/USS_Trieste	=	1.0000
http://dbkwik.webdatacommons.org/memory-alpha.wikia.com/resource/Hawk_(Lieutenant)	http://dbkwik.webdatacommons.org/stexpanded.wikia.com/resource/Hawk_(Lieutenant)	=	1.0000
http://memory-alpha.wikia.com/wiki/Special:FilePath/Susanna_Leijten.jpg?width=300	http://stexpanded.wikia.com/wiki/Special:FilePath/Susanna_Leijten.jpg?width=300	=	1.0000
http://dbkwik.webdatacommons.org/memory-alpha.wikia.com/resource/Category:Ambassadors	http://dbkwik.webdatacommons.org/stexpanded.wikia.com/resource/Category:Ambassadors	=	1.0000
http://memory-alpha.wikia.com/wiki/Special:FilePath/Dukat_and_weyoun.jpg	http://stexpanded.wikia.com/wiki/Special:FilePath/Dukat_and_weyoun.jpg	=	1.0000
http://dbkwik.webdatacommons.org/memory-alpha.wikia.com/resource/Category:Federation_starships	http://dbkwik.webdatacommons.org/stexpanded.wikia.com/resource/Category:Federation_starships	=	1.0000
http://dbkwik.webdatacommons.org/memory-alpha.wikia.com/resource/2100s	http://dbkwik.webdatacommons.org/stexpanded.wikia.com/resource/2100s	=	1.0000
http://dbkwik.webdatacommons.org/memory-alpha.wikia.com/resource/IKS_Klothos	http://dbkwik.webdatacommons.org/stexpanded.wikia.com/resource/IKS_Klothos	=	1.0000
http://dbkwik.webdatacommons.org/memory-alpha.wikia.com/resource/Braxton	http://dbkwik.webdatacommons.org/stexpanded.wikia.com/resource/Braxton	=	1.0000
http://dbkwik.webdatacommons.org/memory-alpha.wikia.com/resource/Smuggler	http://dbkwik.webdatacommons.org/stexpanded.wikia.com/resource/Smuggler	=	1.0000
http://dbkwik.webdatacommons.org/memory-alpha.wikia.com/resource/Calvin_Hudson	http://dbkwik.webdatacommons.org/stexpanded.wikia.com/resource/Calvin_Hudson	=	1.0000
http://dbkwik.webdatacommons.org/memory-alpha.wikia.com/resource/Steward	http://dbkwik.webdatacommons.org/stexpanded.wikia.com/resource/Steward	=	1.0000
http://memory-alpha.wikia.com/wiki/Special:FilePath/NX_quarters.jpg?width=300	http://stexpanded.wikia.com/wiki/Special:FilePath/NX_quarters.jpg?width=300	=	1.0000
http://dbkwik.webdatacommons.org/memory-alpha.wikia.com/resource/English	http://dbkwik.webdatacommons.org/stexpanded.wikia.com/resource/English	=	1.0000
http://dbkwik.webdatacommons.org/memory-alpha.wikia.com/resource/2130s	http://dbkwik.webdatacommons.org/stexpanded.wikia.com/resource/2130s	=	1.0000
http://memory-alpha.wikia.com/wiki/Special:FilePath/Bajoran_1st_lt.png?width=300	http://stexpanded.wikia.com/wiki/Special:FilePath/1stLt_(Bajoran).png?width=300	=	0.9204
http://dbkwik.webdatacommons.org/memory-alpha.wikia.com/resource/First_Order	http://dbkwik.webdatacommons.org/stexpanded.wikia.com/resource/First_Order	=	1.0000
http://memory-alpha.wikia.com/wiki/Special:FilePath/USS_Kelvin.jpg	http://stexpanded.wikia.com/wiki/Special:FilePath/USS_Kelvin.jpg	=	1.0000
http://dbkwik.webdatacommons.org/memory-alpha.wikia.com/resource/Telepathy	http://dbkwik.webdatacommons.org/stexpanded.wikia.com/resource/Telepathy	=	1.0000
http://dbkwik.webdatacommons.org/memory-alpha.wikia.com/resource/Police	http://dbkwik.webdatacommons.org/stexpanded.wikia.com/resource/Police	=	1.0000
http://dbkwik.webdatacommons.org/memory-alpha.wikia.com/resource/T%27lana	http://dbkwik.webdatacommons.org/stexpanded.wikia.com/resource/T%27Lana	=	1.0000
http://dbkwik.webdatacommons.org/memory-alpha.wikia.com/resource/Treaty_of_Bajor	http://dbkwik.webdatacommons.org/stexpanded.wikia.com/resource/Treaty_of_Bajor	=	1.0000
http://dbkwik.webdatacommons.org/memory-alpha.wikia.com/resource/Defiant_class	http://dbkwik.webdatacommons.org/stexpanded.wikia.com/resource/Defiant_class	=	1.0000
http://dbkwik.webdatacommons.org/memory-alpha.wikia.com/property/speed	http://dbkwik.webdatacommons.org/stexpanded.wikia.com/property/speed	=	1.0000
http://memory-alpha.wikia.com/wiki/Special:FilePath/Chell_2371.jpg?width=300	http://stexpanded.wikia.com/wiki/Special:FilePath/Chell_2371.jpg?width=300	=	1.0000
http://dbkwik.webdatacommons.org/memory-alpha.wikia.com/resource/Coridan	http://dbkwik.webdatacommons.org/stexpanded.wikia.com/resource/Coridan	=	1.0000
http://dbkwik.webdatacommons.org/memory-alpha.wikia.com/resource/USS_Enterprise_(NCC-1701-J)	http://dbkwik.webdatacommons.org/stexpanded.wikia.com/resource/USS_Enterprise_(NCC-1701-J)	=	1.0000
http://dbkwik.webdatacommons.org/memory-alpha.wikia.com/resource/2151	http://dbkwik.webdatacommons.org/stexpanded.wikia.com/resource/2151	=	1.0000
http://memory-alpha.wikia.com/wiki/Special:FilePath/Dax_and_Bashir_married.jpg	http://stexpanded.wikia.com/wiki/Special:FilePath/Dax_and_Bashir_married.jpg	=	1.0000
http://dbkwik.webdatacommons.org/memory-alpha.wikia.com/resource/2196	http://dbkwik.webdatacommons.org/stexpanded.wikia.com/resource/2196	=	1.0000
http://dbkwik.webdatacommons.org/memory-alpha.wikia.com/resource/United_Earth	http://dbkwik.webdatacommons.org/stexpanded.wikia.com/resource/United_Earth	=	1.0000
http://dbkwik.webdatacommons.org/memory-alpha.wikia.com/resource/Midwife	http://dbkwik.webdatacommons.org/stexpanded.wikia.com/resource/Midwife	=	1.0000
http://dbkwik.webdatacommons.org/memory-alpha.wikia.com/resource/Keldon_class	http://dbkwik.webdatacommons.org/stexpanded.wikia.com/resource/Keldon_class	=	1.0000
http://dbkwik.webdatacommons.org/memory-alpha.wikia.com/resource/Category:Starbases	http://dbkwik.webdatacommons.org/stexpanded.wikia.com/resource/Category:Starbases	=	1.0000
http://dbkwik.webdatacommons.org/memory-alpha.wikia.com/resource/Diameter	http://dbkwik.webdatacommons.org/stexpanded.wikia.com/property/diameter	=	1.0000
http://dbkwik.webdatacommons.org/memory-alpha.wikia.com/resource/2318	http://dbkwik.webdatacommons.org/stexpanded.wikia.com/resource/2318	=	1.0000
http://dbkwik.webdatacommons.org/memory-alpha.wikia.com/class/e	http://dbkwik.webdatacommons.org/stexpanded.wikia.com/class/e	=	1.0000
http://dbkwik.webdatacommons.org/memory-alpha.wikia.com/resource/William_Ross	http://dbkwik.webdatacommons.org/stexpanded.wikia.com/resource/William_Ross	=	1.0000
http://dbkwik.webdatacommons.org/memory-alpha.wikia.com/resource/Teplan_blight	http://dbkwik.webdatacommons.org/stexpanded.wikia.com/resource/Teplan_blight	=	1.0000
http://dbkwik.webdatacommons.org/memory-alpha.wikia.com/resource/1980s	http://dbkwik.webdatacommons.org/stexpanded.wikia.com/resource/1980s	=	1.0000
http://dbkwik.webdatacommons.org/memory-alpha.wikia.com/resource/Biosynthetic_limb	http://dbkwik.webdatacommons.org/stexpanded.wikia.com/resource/Biosynthetic_limb	=	1.0000
http://dbkwik.webdatacommons.org/memory-alpha.wikia.com/resource/Rigellian	http://dbkwik.webdatacommons.org/stexpanded.wikia.com/resource/Rigellian	=	1.0000
http://dbkwik.webdatacommons.org/memory-alpha.wikia.com/resource/Away_team	http://dbkwik.webdatacommons.org/stexpanded.wikia.com/resource/Away_team	=	1.0000
http://dbkwik.webdatacommons.org/memory-alpha.wikia.com/resource/Commander_in_chief	http://dbkwik.webdatacommons.org/stexpanded.wikia.com/resource/Commander-in-Chief	=	1.0000
http://dbkwik.webdatacommons.org/memory-alpha.wikia.com/resource/Centurion	http://dbkwik.webdatacommons.org/stexpanded.wikia.com/resource/Centurion	=	1.0000
http://dbkwik.webdatacommons.org/memory-alpha.wikia.com/resource/School	http://dbkwik.webdatacommons.org/stexpanded.wikia.com/resource/School	=	1.0000
http://dbkwik.webdatacommons.org/memory-alpha.wikia.com/resource/Neutral_zone	http://dbkwik.webdatacommons.org/stexpanded.wikia.com/resource/Neutral_Zone	=	1.0000
http://dbkwik.webdatacommons.org/memory-alpha.wikia.com/resource/Far_future	http://dbkwik.webdatacommons.org/stexpanded.wikia.com/resource/Far_future	=	1.0000
http://dbkwik.webdatacommons.org/memory-alpha.wikia.com/resource/Andorian	http://dbkwik.webdatacommons.org/stexpanded.wikia.com/resource/Andorian	=	1.0000
http://dbkwik.webdatacommons.org/memory-alpha.wikia.com/resource/2362	http://dbkwik.webdatacommons.org/stexpanded.wikia.com/resource/2362	=	1.0000
http://memory-alpha.wikia.com/wiki/Special:FilePath/Shelby.jpg?width=300	http://stexpanded.wikia.com/wiki/Special:FilePath/Shelby.jpg?width=300	=	1.0000
http://dbkwik.webdatacommons.org/memory-alpha.wikia.com/resource/2153	http://dbkwik.webdatacommons.org/stexpanded.wikia.com/resource/2153	=	1.0000
http://memory-alpha.wikia.com/wiki/Special:FilePath/Harren%27s_theorem.jpg	http://stexpanded.wikia.com/wiki/Special:FilePath/Harrens_theorem.jpg	=	0.8693
http://dbkwik.webdatacommons.org/memory-alpha.wikia.com/resource/Richard_James	http://dbkwik.webdatacommons.org/stexpanded.wikia.com/resource/Richard_James	=	1.0000
http://dbkwik.webdatacommons.org/memory-alpha.wikia.com/resource/Mirror_universe	http://dbkwik.webdatacommons.org/stexpanded.wikia.com/resource/Mirror_universe	=	1.0000
http://dbkwik.webdatacommons.org/memory-alpha.wikia.com/resource/Daniels_(Crewman)	http://dbkwik.webdatacommons.org/stexpanded.wikia.com/resource/Daniels_(Crewman)	=	1.0000
http://dbkwik.webdatacommons.org/memory-alpha.wikia.com/resource/Starbase_133	http://dbkwik.webdatacommons.org/stexpanded.wikia.com/resource/Starbase_13	=	0.9203
http://dbkwik.webdatacommons.org/memory-alpha.wikia.com/resource/Termination_implant	http://dbkwik.webdatacommons.org/stexpanded.wikia.com/resource/Termination_implant	=	1.0000
http://dbkwik.webdatacommons.org/memory-alpha.wikia.com/resource/USS_Excalibur_(NCC-26517)	http://dbkwik.webdatacommons.org/stexpanded.wikia.com/resource/USS_Excalibur_(NCC-26517)	=	1.0000
http://dbkwik.webdatacommons.org/memory-alpha.wikia.com/resource/Utopia_Planitia	http://dbkwik.webdatacommons.org/stexpanded.wikia.com/resource/Utopia_Planitia	=	1.0000
http://dbkwik.webdatacommons.org/memory-alpha.wikia.com/resource/Antares_Ship_Yards	http://dbkwik.webdatacommons.org/stexpanded.wikia.com/resource/Antares_Ship_Yards	=	1.0000
http://dbkwik.webdatacommons.org/memory-alpha.wikia.com/resource/Folded-space_transporter	http://dbkwik.webdatacommons.org/stexpanded.wikia.com/resource/Folded-space_transport	=	0.9275
http://dbkwik.webdatacommons.org/memory-alpha.wikia.com/resource/Paul_Manheim	http://dbkwik.webdatacommons.org/stexpanded.wikia.com/resource/Paul_Manheim	=	1.0000
http://dbkwik.webdatacommons.org/memory-alpha.wikia.com/resource/The_Gift	http://dbkwik.webdatacommons.org/stexpanded.wikia.com/resource/The_Gift	=	1.0000
http://dbkwik.webdatacommons.org/memory-alpha.wikia.com/resource/Q_Continuum	http://dbkwik.webdatacommons.org/stexpanded.wikia.com/resource/Q_Continuum	=	1.0000
http://dbkwik.webdatacommons.org/memory-alpha.wikia.com/resource/Tharn_(mirror)	http://dbkwik.webdatacommons.org/stexpanded.wikia.com/resource/Tharn_(mirror)	=	1.0000
http://dbkwik.webdatacommons.org/memory-alpha.wikia.com/property/title	http://dbkwik.webdatacommons.org/stexpanded.wikia.com/property/title	=	1.0000
http://dbkwik.webdatacommons.org/memory-alpha.wikia.com/resource/Cardassian_starship_classes	http://dbkwik.webdatacommons.org/stexpanded.wikia.com/resource/Cardassian_starship_classes	=	1.0000
http://dbkwik.webdatacommons.org/memory-alpha.wikia.com/resource/Talas	http://dbkwik.webdatacommons.org/stexpanded.wikia.com/resource/Tala	=	0.8652
http://dbkwik.webdatacommons.org/memory-alpha.wikia.com/resource/2296	http://dbkwik.webdatacommons.org/stexpanded.wikia.com/resource/2296	=	1.0000
http://dbkwik.webdatacommons.org/memory-alpha.wikia.com/property/beam	http://dbkwik.webdatacommons.org/stexpanded.wikia.com/property/beam	=	1.0000
http://dbkwik.webdatacommons.org/memory-alpha.wikia.com/resource/2307	http://dbkwik.webdatacommons.org/stexpanded.wikia.com/resource/2307	=	1.0000
http://memory-alpha.wikia.com/wiki/Special:FilePath/USS_Rhode_Island_intercepts_SC-4.jpg?width=300	http://stexpanded.wikia.com/wiki/Special:FilePath/USS_Rhode_Island_intercepts_SC-4.jpg?width=300	=	1.0000
http://dbkwik.webdatacommons.org/memory-alpha.wikia.com/resource/Second_Order	http://dbkwik.webdatacommons.org/stexpanded.wikia.com/resource/Second_Order	=	1.0000
http://memory-alpha.wikia.com/wiki/Special:FilePath/valakis.jpg	http://stexpanded.wikia.com/wiki/Special:FilePath/Valakis.jpg	=	1.0000
http://memory-alpha.wikia.com/wiki/Special:FilePath/Keldon_class.jpg?width=300	http://stexpanded.wikia.com/wiki/Special:FilePath/Keldon_Class.jpg?width=300	=	1.0000
http://memory-alpha.wikia.com/wiki/Special:FilePath/Four_varieties_of_Gagh.jpg?width=300	http://stexpanded.wikia.com/wiki/Special:FilePath/Four_varieties_of_Gagh.jpg?width=300	=	1.0000
http://memory-alpha.wikia.com/wiki/Special:FilePath/SiskoAndDax2374.jpg?width=300	http://stexpanded.wikia.com/wiki/Special:FilePath/SiskoAndDax2374.jpg?width=300	=	1.0000
http://memory-alpha.wikia.com/wiki/Special:FilePath/Ten_Forward_design.jpg?width=300	http://stexpanded.wikia.com/wiki/Special:FilePath/Ten_Forward.jpg?width=300	=	0.8998
http://dbkwik.webdatacommons.org/memory-alpha.wikia.com/resource/USS_Enterprise_(NCC-1701-B)	http://dbkwik.webdatacommons.org/stexpanded.wikia.com/resource/USS_Enterprise_(NCC-1701-B)	=	1.0000
http://dbkwik.webdatacommons.org/memory-alpha.wikia.com/resource/2044	http://dbkwik.webdatacommons.org/stexpanded.wikia.com/resource/2044	=	1.0000
http://dbkwik.webdatacommons.org/memory-alpha.wikia.com/resource/Weyoun	http://dbkwik.webdatacommons.org/stexpanded.wikia.com/resource/Weyoun	=	1.0000
http://dbkwik.webdatacommons.org/memory-alpha.wikia.com/property/children	http://dbkwik.webdatacommons.org/stexpanded.wikia.com/property/children	=	1.0000
http://dbkwik.webdatacommons.org/memory-alpha.wikia.com/resource/40_Eridani_A_Starfleet_Construction_Yards	http://dbkwik.webdatacommons.org/stexpanded.wikia.com/resource/40_Eridani_A_Starfleet_Construction_Yards	=	1.0000
http://dbkwik.webdatacommons.org/memory-alpha.wikia.com/resource/Senegal	http://dbkwik.webdatacommons.org/stexpanded.wikia.com/resource/Senegal	=	1.0000
http://dbkwik.webdatacommons.org/memory-alpha.wikia.com/resource/Ancient_humanoid	http://dbkwik.webdatacommons.org/stexpanded.wikia.com/resource/Ancient_humanoid	=	1.0000
http://dbkwik.webdatacommons.org/memory-alpha.wikia.com/resource/George_Samuel_Kirk	http://dbkwik.webdatacommons.org/stexpanded.wikia.com/resource/George_Samuel_Kirk,_Sr.	=	0.9307
http://dbkwik.webdatacommons.org/memory-alpha.wikia.com/resource/2043	http://dbkwik.webdatacommons.org/stexpanded.wikia.com/resource/2043	=	1.0000
http://dbkwik.webdatacommons.org/memory-alpha.wikia.com/resource/1993	http://dbkwik.webdatacommons.org/stexpanded.wikia.com/resource/1993	=	1.0000
http://dbkwik.webdatacommons.org/memory-alpha.wikia.com/resource/Category:Federation_starship_classes	http://dbkwik.webdatacommons.org/stexpanded.wikia.com/resource/Category:Federation_starship_classes	=	1.0000
http://memory-alpha.wikia.com/wiki/Special:FilePath/Travis_Mayweather,_2161.jpg?width=300	http://stexpanded.wikia.com/wiki/Special:FilePath/Travis_Mayweather.jpg?width=300	=	0.8691
http://dbkwik.webdatacommons.org/memory-alpha.wikia.com/resource/Federation_starbases	http://dbkwik.webdatacommons.org/stexpanded.wikia.com/resource/Federation_starbases	=	1.0000
http://dbkwik.webdatacommons.org/memory-alpha.wikia.com/resource/Hansen	http://dbkwik.webdatacommons.org/stexpanded.wikia.com/resource/Hansen	=	1.0000
http://memory-alpha.wikia.com/wiki/Special:FilePath/Valeris.jpg	http://stexpanded.wikia.com/wiki/Special:FilePath/Valeris.jpg	=	1.0000
http://dbkwik.webdatacommons.org/memory-alpha.wikia.com/resource/Chief_of_Starfleet_Intelligence	http://dbkwik.webdatacommons.org/stexpanded.wikia.com/resource/Chief_of_Starfleet_Intelligence	=	1.0000
http://dbkwik.webdatacommons.org/memory-alpha.wikia.com/resource/Journalist	http://dbkwik.webdatacommons.org/stexpanded.wikia.com/resource/Journalist	=	1.0000
http://dbkwik.webdatacommons.org/memory-alpha.wikia.com/resource/Star_Fleet_Battle_Group_Omega	http://dbkwik.webdatacommons.org/stexpanded.wikia.com/resource/Star_Fleet_Battle_Group_Omega	=	1.0000
http://dbkwik.webdatacommons.org/memory-alpha.wikia.com/resource/2205	http://dbkwik.webdatacommons.org/stexpanded.wikia.com/resource/2205	=	1.0000
http://dbkwik.webdatacommons.org/memory-alpha.wikia.com/resource/Brown	http://dbkwik.webdatacommons.org/stexpanded.wikia.com/resource/Brown	=	1.0000
http://dbkwik.webdatacommons.org/memory-alpha.wikia.com/resource/Freighter	http://dbkwik.webdatacommons.org/stexpanded.wikia.com/resource/Freighter	=	1.0000
http://memory-alpha.wikia.com/wiki/Special:FilePath/Bio-neural_gel_packs_d14.jpg	http://stexpanded.wikia.com/wiki/Special:FilePath/Bio-neural_gel_packs.jpg	=	0.8879
http://memory-alpha.wikia.com/wiki/Special:FilePath/Injection_device.jpg?width=300	http://stexpanded.wikia.com/wiki/Special:FilePath/Injection.jpg?width=300	=	0.8689
http://dbkwik.webdatacommons.org/memory-alpha.wikia.com/resource/Dorvan_sector	http://dbkwik.webdatacommons.org/stexpanded.wikia.com/resource/Dorvan_sector	=	1.0000
http://memory-alpha.wikia.com/wiki/Special:FilePath/Vorcha_class_destroyed.jpg?width=300	http://stexpanded.wikia.com/wiki/Special:FilePath/Vorcha_class_destroyed.jpg?width=300	=	1.0000
http://dbkwik.webdatacommons.org/memory-alpha.wikia.com/resource/Where_No_One_Has_Gone_Before	http://dbkwik.webdatacommons.org/stexpanded.wikia.com/resource/Where_No_One_Has_Gone_Before	=	1.0000
http://dbkwik.webdatacommons.org/memory-alpha.wikia.com/resource/Cold_Station_12	http://dbkwik.webdatacommons.org/stexpanded.wikia.com/resource/Cold_Station_12	=	1.0000
http://dbkwik.webdatacommons.org/memory-alpha.wikia.com/resource/Category:Starships	http://dbkwik.webdatacommons.org/stexpanded.wikia.com/resource/Category:Starships	=	1.0000
http://dbkwik.webdatacommons.org/memory-alpha.wikia.com/resource/Orion_slave_girl	http://dbkwik.webdatacommons.org/stexpanded.wikia.com/resource/Orion_slave_girl	=	1.0000
http://dbkwik.webdatacommons.org/memory-alpha.wikia.com/resource/Antwerp	http://dbkwik.webdatacommons.org/stexpanded.wikia.com/resource/Antwerp	=	1.0000
http://dbkwik.webdatacommons.org/memory-alpha.wikia.com/resource/Superintendent	http://dbkwik.webdatacommons.org/stexpanded.wikia.com/resource/Superintendent	=	1.0000
http://dbkwik.webdatacommons.org/memory-alpha.wikia.com/resource/2334	http://dbkwik.webdatacommons.org/stexpanded.wikia.com/resource/2334	=	1.0000
http://dbkwik.webdatacommons.org/memory-alpha.wikia.com/resource/Green_tea	http://dbkwik.webdatacommons.org/stexpanded.wikia.com/resource/Green_tea	=	1.0000
http://dbkwik.webdatacommons.org/memory-alpha.wikia.com/resource/1929	http://dbkwik.webdatacommons.org/stexpanded.wikia.com/resource/1929	=	1.0000
http://memory-alpha.wikia.com/wiki/Special:FilePath/Federation_Alliance_fleet.jpg?width=300	http://stexpanded.wikia.com/wiki/Special:FilePath/Federation_Alliance_fleet.jpg?width=300	=	1.0000
http://dbkwik.webdatacommons.org/memory-alpha.wikia.com/resource/EBook	http://dbkwik.webdatacommons.org/stexpanded.wikia.com/resource/Ebook	=	1.0000
http://memory-alpha.wikia.com/wiki/Special:FilePath/NX_launch_bay.jpg?width=300	http://stexpanded.wikia.com/wiki/Special:FilePath/NX_launch_bay.jpg?width=300	=	1.0000
http://memory-alpha.wikia.com/wiki/Special:FilePath/Braxton-aeon.jpg?width=300	http://stexpanded.wikia.com/wiki/Special:FilePath/Braxton_Aeon.jpg?width=300	=	1.0000
http://dbkwik.webdatacommons.org/memory-alpha.wikia.com/resource/Sector_1045	http://dbkwik.webdatacommons.org/stexpanded.wikia.com/resource/Sector_1045	=	1.0000
http://memory-alpha.wikia.com/wiki/Special:FilePath/Cutter_beam.jpg?width=300	http://stexpanded.wikia.com/wiki/Special:FilePath/Cutting_Beam.jpg?width=300	=	0.9128
http://dbkwik.webdatacommons.org/memory-alpha.wikia.com/resource/Long_Island	http://dbkwik.webdatacommons.org/stexpanded.wikia.com/resource/Long_Island	=	1.0000
http://dbkwik.webdatacommons.org/memory-alpha.wikia.com/resource/USS_Excalibur_(NCC-26517)_personnel	http://dbkwik.webdatacommons.org/stexpanded.wikia.com/resource/USS_Excalibur_(NCC-26517-A)	=	0.9076
http://dbkwik.webdatacommons.org/memory-alpha.wikia.com/resource/Katherine_Pulaski	http://dbkwik.webdatacommons.org/stexpanded.wikia.com/resource/Katherine_Pulaski	=	1.0000
http://dbkwik.webdatacommons.org/memory-alpha.wikia.com/resource/Naarg	http://dbkwik.webdatacommons.org/stexpanded.wikia.com/resource/Naarg	=	1.0000
http://dbkwik.webdatacommons.org/memory-alpha.wikia.com/resource/2040s	http://dbkwik.webdatacommons.org/stexpanded.wikia.com/resource/2040s	=	1.0000
http://dbkwik.webdatacommons.org/memory-alpha.wikia.com/resource/Galaxy	http://dbkwik.webdatacommons.org/stexpanded.wikia.com/resource/Galaxy	=	1.0000
http://dbkwik.webdatacommons.org/memory-alpha.wikia.com/resource/Jean-Luc_Picard	http://dbkwik.webdatacommons.org/stexpanded.wikia.com/resource/Jean-Luc_Picard	=	1.0000
http://dbkwik.webdatacommons.org/memory-alpha.wikia.com/resource/USS_Potemkin_(NCC-1657)	http://dbkwik.webdatacommons.org/stexpanded.wikia.com/resource/USS_Potemkin_(NCC-1657)	=	1.0000
http://dbkwik.webdatacommons.org/memory-alpha.wikia.com/resource/Corsair	http://dbkwik.webdatacommons.org/stexpanded.wikia.com/resource/Corsair	=	1.0000
http://dbkwik.webdatacommons.org/memory-alpha.wikia.com/resource/USS_Rio_Grande	http://dbkwik.webdatacommons.org/stexpanded.wikia.com/resource/USS_Rio_Grande	=	1.0000
http://dbkwik.webdatacommons.org/memory-alpha.wikia.com/resource/USS_Stargazer	http://dbkwik.webdatacommons.org/stexpanded.wikia.com/resource/USS_Stargazer	=	1.0000
http://memory-alpha.wikia.com/wiki/Special:FilePath/Klingon_cranial_ridges_dissolve.jpg	http://stexpanded.wikia.com/wiki/Special:FilePath/Klingon_cranial_ridges_dissolve.jpg	=	1.0000
http://dbkwik.webdatacommons.org/memory-alpha.wikia.com/resource/Klingon-Romulan_border	http://dbkwik.webdatacommons.org/stexpanded.wikia.com/resource/Klingon-Romulan_border	=	1.0000
http://dbkwik.webdatacommons.org/memory-alpha.wikia.com/resource/USS_Bradbury	http://dbkwik.webdatacommons.org/stexpanded.wikia.com/resource/USS_Bradbury	=	1.0000
http://dbkwik.webdatacommons.org/memory-alpha.wikia.com/resource/IRW_Khazara	http://dbkwik.webdatacommons.org/stexpanded.wikia.com/resource/IRW_Khazara	=	1.0000
http://dbkwik.webdatacommons.org/memory-alpha.wikia.com/resource/2022	http://dbkwik.webdatacommons.org/stexpanded.wikia.com/resource/2022	=	1.0000
http://memory-alpha.wikia.com/wiki/Special:FilePath/Cloaking_device_distortion.jpg?width=300	http://stexpanded.wikia.com/wiki/Special:FilePath/Cloaking_device_distortion.jpg?width=300	=	1.0000
http://dbkwik.webdatacommons.org/memory-alpha.wikia.com/resource/New_Orleans	http://dbkwik.webdatacommons.org/stexpanded.wikia.com/resource/New_Orleans	=	1.0000
http://dbkwik.webdatacommons.org/memory-alpha.wikia.com/resource/Thopok	http://dbkwik.webdatacommons.org/stexpanded.wikia.com/resource/Thopok	=	1.0000
http://dbkwik.webdatacommons.org/memory-alpha.wikia.com/resource/USS_Intrepid_(NCC-38907)	http://dbkwik.webdatacommons.org/stexpanded.wikia.com/resource/USS_Intrepid_(NCC-38907)	=	1.0000
http://dbkwik.webdatacommons.org/memory-alpha.wikia.com/resource/2340s	http://dbkwik.webdatacommons.org/stexpanded.wikia.com/resource/2340s	=	1.0000
http://memory-alpha.wikia.com/wiki/Special:FilePath/Saladin_class.jpg	http://stexpanded.wikia.com/wiki/Special:FilePath/Saladin_Class.jpg	=	1.0000
http://dbkwik.webdatacommons.org/memory-alpha.wikia.com/resource/Timeline	http://dbkwik.webdatacommons.org/stexpanded.wikia.com/resource/Timeline	=	1.0000
http://memory-alpha.wikia.com/wiki/Special:FilePath/Lenaris_Holem.jpg	http://stexpanded.wikia.com/wiki/Special:FilePath/Lenaris_Holem.jpg	=	1.0000
http://dbkwik.webdatacommons.org/memory-alpha.wikia.com/resource/Tricorder	http://dbkwik.webdatacommons.org/stexpanded.wikia.com/resource/Tricorder	=	1.0000
http://memory-alpha.wikia.com/wiki/Special:FilePath/EddingtonStarfleet.jpg	http://stexpanded.wikia.com/wiki/Special:FilePath/EddingtonStarfleet.jpg	=	1.0000
http://dbkwik.webdatacommons.org/memory-alpha.wikia.com/resource/Structural_integrity_field	http://dbkwik.webdatacommons.org/stexpanded.wikia.com/resource/Structural_integrity_field	=	1.0000
http://dbkwik.webdatacommons.org/memory-alpha.wikia.com/resource/DeSalle	http://dbkwik.webdatacommons.org/stexpanded.wikia.com/resource/DeSalle	=	1.0000
http://memory-alpha.wikia.com/wiki/Special:FilePath/Shuttle_going_to_coaxial_warp.jpg	http://stexpanded.wikia.com/wiki/Special:FilePath/Shuttle_going_to_coaxial_warp.jpg	=	1.0000
http://dbkwik.webdatacommons.org/memory-alpha.wikia.com/resource/Joseph_Carey	http://dbkwik.webdatacommons.org/stexpanded.wikia.com/resource/Joseph_Carey	=	1.0000
http://dbkwik.webdatacommons.org/memory-alpha.wikia.com/resource/Sydney_class	http://dbkwik.webdatacommons.org/stexpanded.wikia.com/resource/Sydney_class	=	1.0000
http://dbkwik.webdatacommons.org/memory-alpha.wikia.com/resource/Category:Computer_technology	http://dbkwik.webdatacommons.org/stexpanded.wikia.com/resource/Category:Computer_technology	=	1.0000
http://dbkwik.webdatacommons.org/memory-alpha.wikia.com/resource/Pi	http://dbkwik.webdatacommons.org/stexpanded.wikia.com/resource/Pi	=	1.0000
http://dbkwik.webdatacommons.org/memory-alpha.wikia.com/resource/Kepla_sector	http://dbkwik.webdatacommons.org/stexpanded.wikia.com/resource/Kepla_sector	=	1.0000
http://memory-alpha.wikia.com/wiki/Special:FilePath/EMHs.jpg?width=300	http://stexpanded.wikia.com/wiki/Special:FilePath/EMHVI.jpg?width=300	=	0.8785
http://dbkwik.webdatacommons.org/memory-alpha.wikia.com/resource/USS_Budapest	http://dbkwik.webdatacommons.org/stexpanded.wikia.com/resource/USS_Budapest	=	1.0000
http://dbkwik.webdatacommons.org/memory-alpha.wikia.com/resource/USS_Kongo	http://dbkwik.webdatacommons.org/stexpanded.wikia.com/resource/USS_Kongo	=	1.0000
http://dbkwik.webdatacommons.org/memory-alpha.wikia.com/resource/Earth	http://dbkwik.webdatacommons.org/stexpanded.wikia.com/resource/Earth	=	1.0000
http://dbkwik.webdatacommons.org/memory-alpha.wikia.com/resource/Sweden	http://dbkwik.webdatacommons.org/stexpanded.wikia.com/resource/Sweden	=	1.0000
http://dbkwik.webdatacommons.org/memory-alpha.wikia.com/resource/Category:Starfleet_personnel_(24th_century)	http://dbkwik.webdatacommons.org/stexpanded.wikia.com/resource/Category:Starfleet_personnel_(24th_century)	=	1.0000
http://dbkwik.webdatacommons.org/memory-alpha.wikia.com/resource/2206	http://dbkwik.webdatacommons.org/stexpanded.wikia.com/resource/2206	=	1.0000
http://dbkwik.webdatacommons.org/memory-alpha.wikia.com/resource/Phasing_cloaking_device	http://dbkwik.webdatacommons.org/stexpanded.wikia.com/resource/Phasing_cloaking_device	=	1.0000
http://dbkwik.webdatacommons.org/memory-alpha.wikia.com/resource/Golf	http://dbkwik.webdatacommons.org/stexpanded.wikia.com/resource/Golf	=	1.0000
http://dbkwik.webdatacommons.org/memory-alpha.wikia.com/resource/Category:Cardassian_military_personnel	http://dbkwik.webdatacommons.org/stexpanded.wikia.com/resource/Category:Cardassian_military_personnel	=	1.0000
http://memory-alpha.wikia.com/wiki/Special:FilePath/USS_Enterprise-A_going_to_warp,_alternate_reality.png	http://stexpanded.wikia.com/wiki/Special:FilePath/USS_Enterprise-A_going_to_warp,_alternate_reality-1-.png	=	0.9309
http://dbkwik.webdatacommons.org/memory-alpha.wikia.com/resource/2092	http://dbkwik.webdatacommons.org/stexpanded.wikia.com/resource/2092	=	1.0000
http://dbkwik.webdatacommons.org/memory-alpha.wikia.com/resource/2050	http://dbkwik.webdatacommons.org/stexpanded.wikia.com/resource/2050	=	1.0000
http://dbkwik.webdatacommons.org/memory-alpha.wikia.com/resource/Galaxy_(disambiguation)	http://dbkwik.webdatacommons.org/stexpanded.wikia.com/resource/Galaxy_(disambiguation)	=	1.0000
http://memory-alpha.wikia.com/wiki/Special:FilePath/SiskoAndDax2374.jpg	http://stexpanded.wikia.com/wiki/Special:FilePath/SiskoAndDax2374.jpg	=	1.0000
http://memory-alpha.wikia.com/wiki/Special:FilePath/Borg_probe.jpg?width=300	http://stexpanded.wikia.com/wiki/Special:FilePath/Borg_probe.jpg?width=300	=	1.0000
http://dbkwik.webdatacommons.org/memory-alpha.wikia.com/resource/Illinois	http://dbkwik.webdatacommons.org/stexpanded.wikia.com/resource/Illinois	=	1.0000
http://dbkwik.webdatacommons.org/memory-alpha.wikia.com/resource/Grace_Lee_Whitney	http://dbkwik.webdatacommons.org/stexpanded.wikia.com/resource/Grace_Lee_Whitney	=	1.0000
http://memory-alpha.wikia.com/wiki/Special:FilePath/Soyuz.jpg?width=300	http://stexpanded.wikia.com/wiki/Special:FilePath/Soyuz_Class.jpg?width=300	=	0.8787
http://dbkwik.webdatacommons.org/memory-alpha.wikia.com/resource/Federation-Klingon_War_(2372-73)	http://dbkwik.webdatacommons.org/stexpanded.wikia.com/resource/Federation-Klingon_War_(2372-73)	=	1.0000
http://dbkwik.webdatacommons.org/memory-alpha.wikia.com/resource/Volleyball	http://dbkwik.webdatacommons.org/stexpanded.wikia.com/resource/Volleyball	=	1.0000
http://dbkwik.webdatacommons.org/memory-alpha.wikia.com/resource/Category:Explosives	http://dbkwik.webdatacommons.org/stexpanded.wikia.com/resource/Category:Explosives	=	1.0000
http://dbkwik.webdatacommons.org/memory-alpha.wikia.com/resource/Galaxy_class	http://dbkwik.webdatacommons.org/stexpanded.wikia.com/resource/Galaxy_class	=	1.0000
http://dbkwik.webdatacommons.org/memory-alpha.wikia.com/resource/Srivani	http://dbkwik.webdatacommons.org/stexpanded.wikia.com/resource/Srivani	=	1.0000
http://dbkwik.webdatacommons.org/memory-alpha.wikia.com/resource/USS_Lalo	http://dbkwik.webdatacommons.org/stexpanded.wikia.com/resource/USS_Lalo	=	1.0000
http://dbkwik.webdatacommons.org/memory-alpha.wikia.com/resource/Nacene	http://dbkwik.webdatacommons.org/stexpanded.wikia.com/resource/Nacene	=	1.0000
http://memory-alpha.wikia.com/wiki/Special:FilePath/Aurora_aft.jpg?width=300	http://stexpanded.wikia.com/wiki/Special:FilePath/Aurora_class.jpg?width=300	=	0.8725
http://dbkwik.webdatacommons.org/memory-alpha.wikia.com/resource/Klingon-Cardassian_Alliance	http://dbkwik.webdatacommons.org/stexpanded.wikia.com/resource/Klingon-Cardassian_Alliance	=	1.0000
http://dbkwik.webdatacommons.org/memory-alpha.wikia.com/resource/Category:Napeans	http://dbkwik.webdatacommons.org/stexpanded.wikia.com/resource/Category:Napeans	=	1.0000
http://dbkwik.webdatacommons.org/memory-alpha.wikia.com/resource/Lore	http://dbkwik.webdatacommons.org/stexpanded.wikia.com/resource/Lore	=	1.0000
http://dbkwik.webdatacommons.org/memory-alpha.wikia.com/resource/House_of_Martok	http://dbkwik.webdatacommons.org/stexpanded.wikia.com/resource/House_of_Martok	=	1.0000
http://dbkwik.webdatacommons.org/memory-alpha.wikia.com/resource/Seventh_Order	http://dbkwik.webdatacommons.org/stexpanded.wikia.com/resource/Seventh_Order	=	1.0000
http://dbkwik.webdatacommons.org/memory-alpha.wikia.com/resource/USS_Enterprise_(NCC-1701-C)	http://dbkwik.webdatacommons.org/stexpanded.wikia.com/resource/USS_Enterprise_(NCC-1701-C)	=	1.0000
http://dbkwik.webdatacommons.org/memory-alpha.wikia.com/resource/Benjamin_Sisko	http://dbkwik.webdatacommons.org/stexpanded.wikia.com/resource/Benjamin_Sisko	=	1.0000
http://dbkwik.webdatacommons.org/memory-alpha.wikia.com/resource/Guardian	http://dbkwik.webdatacommons.org/stexpanded.wikia.com/resource/Guardian	=	1.0000
http://dbkwik.webdatacommons.org/memory-alpha.wikia.com/resource/Metaphasic_radiation	http://dbkwik.webdatacommons.org/stexpanded.wikia.com/resource/Metaphasic_radiation	=	1.0000
http://dbkwik.webdatacommons.org/memory-alpha.wikia.com/resource/Spain	http://dbkwik.webdatacommons.org/stexpanded.wikia.com/resource/Spain	=	1.0000
http://dbkwik.webdatacommons.org/memory-alpha.wikia.com/resource/2387	http://dbkwik.webdatacommons.org/stexpanded.wikia.com/resource/2387	=	1.0000
http://memory-alpha.wikia.com/wiki/Special:FilePath/José_Tyler.jpg	http://stexpanded.wikia.com/wiki/Special:FilePath/José_Tyler.jpg	=	1.0000
http://dbkwik.webdatacommons.org/memory-alpha.wikia.com/resource/D%27deridex	http://dbkwik.webdatacommons.org/stexpanded.wikia.com/resource/D%27deridex	=	1.0000
http://dbkwik.webdatacommons.org/memory-alpha.wikia.com/resource/Inspector_general	http://dbkwik.webdatacommons.org/stexpanded.wikia.com/resource/Inspector_General	=	1.0000
http://dbkwik.webdatacommons.org/memory-alpha.wikia.com/resource/Dabo	http://dbkwik.webdatacommons.org/stexpanded.wikia.com/resource/Dabo	=	1.0000
http://dbkwik.webdatacommons.org/memory-alpha.wikia.com/resource/Sleeper_ship	http://dbkwik.webdatacommons.org/stexpanded.wikia.com/resource/Sleeper_ship	=	1.0000
http://dbkwik.webdatacommons.org/memory-alpha.wikia.com/resource/Battalion	http://dbkwik.webdatacommons.org/stexpanded.wikia.com/resource/Battalion	=	1.0000
http://dbkwik.webdatacommons.org/memory-alpha.wikia.com/resource/Dominion_starships	http://dbkwik.webdatacommons.org/stexpanded.wikia.com/resource/Dominion_starships	=	1.0000
http://dbkwik.webdatacommons.org/memory-alpha.wikia.com/resource/Starbase_21	http://dbkwik.webdatacommons.org/stexpanded.wikia.com/resource/Starbase_21	=	1.0000
http://dbkwik.webdatacommons.org/memory-alpha.wikia.com/resource/People	http://dbkwik.webdatacommons.org/stexpanded.wikia.com/resource/People	=	1.0000
http://dbkwik.webdatacommons.org/memory-alpha.wikia.com/resource/2027	http://dbkwik.webdatacommons.org/stexpanded.wikia.com/resource/2027	=	1.0000
http://dbkwik.webdatacommons.org/memory-alpha.wikia.com/resource/Holographic_program	http://dbkwik.webdatacommons.org/stexpanded.wikia.com/resource/Holographic_program	=	1.0000
http://memory-alpha.wikia.com/wiki/Special:FilePath/Qo%27nos2151.jpg?width=300	http://stexpanded.wikia.com/wiki/Special:FilePath/Qo%27nos2151.jpg?width=300	=	1.0000
http://dbkwik.webdatacommons.org/memory-alpha.wikia.com/resource/Sam_Lavelle	http://dbkwik.webdatacommons.org/stexpanded.wikia.com/resource/Sam_Lavelle	=	1.0000
http://dbkwik.webdatacommons.org/memory-alpha.wikia.com/resource/Thorn	http://dbkwik.webdatacommons.org/stexpanded.wikia.com/resource/Thorn	=	1.0000
http://dbkwik.webdatacommons.org/memory-alpha.wikia.com/resource/Belgium	http://dbkwik.webdatacommons.org/stexpanded.wikia.com/resource/Belgium	=	1.0000
http://dbkwik.webdatacommons.org/memory-alpha.wikia.com/resource/Tactical_station	http://dbkwik.webdatacommons.org/stexpanded.wikia.com/resource/Tactical_station	=	1.0000
http://dbkwik.webdatacommons.org/memory-alpha.wikia.com/resource/Beer	http://dbkwik.webdatacommons.org/stexpanded.wikia.com/resource/Beer	=	1.0000
http://memory-alpha.wikia.com/wiki/Special:FilePath/Jonathan_Archer,_2155.jpg	http://stexpanded.wikia.com/wiki/Special:FilePath/Jonathan_Archer,_2155.jpg	=	1.0000
http://dbkwik.webdatacommons.org/memory-alpha.wikia.com/resource/Klingon	http://dbkwik.webdatacommons.org/stexpanded.wikia.com/resource/Klingon	=	1.0000
http://dbkwik.webdatacommons.org/memory-alpha.wikia.com/resource/Marriage	http://dbkwik.webdatacommons.org/stexpanded.wikia.com/resource/Marriage	=	1.0000
http://dbkwik.webdatacommons.org/memory-alpha.wikia.com/resource/Plasma_bomb	http://dbkwik.webdatacommons.org/stexpanded.wikia.com/resource/Plasma_bomb	=	1.0000
http://memory-alpha.wikia.com/wiki/Special:FilePath/Constitution_class_model.jpg?width=300	http://stexpanded.wikia.com/wiki/Special:FilePath/Constitution_Class.jpg?width=300	=	0.9245
http://memory-alpha.wikia.com/wiki/Special:FilePath/Sector001.jpg?width=300	http://stexpanded.wikia.com/wiki/Special:FilePath/Sector001.jpg?width=300	=	1.0000
http://dbkwik.webdatacommons.org/memory-alpha.wikia.com/resource/Civil_war	http://dbkwik.webdatacommons.org/stexpanded.wikia.com/resource/Civil_war	=	1.0000
http://dbkwik.webdatacommons.org/memory-alpha.wikia.com/resource/2339	http://dbkwik.webdatacommons.org/stexpanded.wikia.com/resource/2339	=	1.0000
http://dbkwik.webdatacommons.org/memory-alpha.wikia.com/resource/Sector_22358	http://dbkwik.webdatacommons.org/stexpanded.wikia.com/resource/Sector_22309	=	0.8890
http://dbkwik.webdatacommons.org/memory-alpha.wikia.com/resource/Fleet_captain	http://dbkwik.webdatacommons.org/stexpanded.wikia.com/resource/Fleet_captain	=	1.0000
http://dbkwik.webdatacommons.org/memory-alpha.wikia.com/resource/Starfleet_Investigative_Services	http://dbkwik.webdatacommons.org/stexpanded.wikia.com/resource/Starfleet_Criminal_Investigative_Service	=	0.8773
http://dbkwik.webdatacommons.org/memory-alpha.wikia.com/resource/Moons	http://dbkwik.webdatacommons.org/stexpanded.wikia.com/property/moons	=	1.0000
http://dbkwik.webdatacommons.org/memory-alpha.wikia.com/resource/USS_Bellerophon_(NCC-62048)	http://dbkwik.webdatacommons.org/stexpanded.wikia.com/resource/USS_Bellerophon_(NCC-62048)	=	1.0000
http://dbkwik.webdatacommons.org/memory-alpha.wikia.com/resource/Cadet	http://dbkwik.webdatacommons.org/stexpanded.wikia.com/resource/Cadet	=	1.0000
http://memory-alpha.wikia.com/wiki/Special:FilePath/Bajoran_Militia,_war_room.jpg	http://stexpanded.wikia.com/wiki/Special:FilePath/Bajoran_Militia,_war_room.jpg	=	1.0000
http://dbkwik.webdatacommons.org/memory-alpha.wikia.com/class/w	http://dbkwik.webdatacommons.org/stexpanded.wikia.com/class/w	=	1.0000
http://dbkwik.webdatacommons.org/memory-alpha.wikia.com/resource/Category:Security	http://dbkwik.webdatacommons.org/stexpanded.wikia.com/resource/Category:Security	=	1.0000
http://dbkwik.webdatacommons.org/memory-alpha.wikia.com/resource/Petty_officer	http://dbkwik.webdatacommons.org/stexpanded.wikia.com/resource/Petty_officer	=	1.0000
http://dbkwik.webdatacommons.org/memory-alpha.wikia.com/resource/Cell	http://dbkwik.webdatacommons.org/stexpanded.wikia.com/resource/Cell	=	1.0000
http://dbkwik.webdatacommons.org/memory-alpha.wikia.com/resource/Data	http://dbkwik.webdatacommons.org/stexpanded.wikia.com/resource/Data	=	1.0000
http://memory-alpha.wikia.com/wiki/Special:FilePath/VulcanIDIC.jpg?width=300	http://stexpanded.wikia.com/wiki/Special:FilePath/VulcanIDIC.jpg?width=300	=	1.0000
http://memory-alpha.wikia.com/wiki/Special:FilePath/Yelgrun.jpg	http://stexpanded.wikia.com/wiki/Special:FilePath/Yelgrun.jpg	=	1.0000
http://dbkwik.webdatacommons.org/memory-alpha.wikia.com/resource/Teplan	http://dbkwik.webdatacommons.org/stexpanded.wikia.com/resource/Teplan	=	1.0000
http://dbkwik.webdatacommons.org/memory-alpha.wikia.com/resource/White_noise	http://dbkwik.webdatacommons.org/stexpanded.wikia.com/resource/White_Noise	=	1.0000
http://memory-alpha.wikia.com/wiki/Special:FilePath/BElanna-Human.jpg?width=300	http://stexpanded.wikia.com/wiki/Special:FilePath/Belanna.jpg?width=300	=	0.8834
http://dbkwik.webdatacommons.org/memory-alpha.wikia.com/resource/USS_Thomas_Paine	http://dbkwik.webdatacommons.org/stexpanded.wikia.com/resource/USS_Thomas_Paine	=	1.0000
http://dbkwik.webdatacommons.org/memory-alpha.wikia.com/resource/USS_Firebrand	http://dbkwik.webdatacommons.org/stexpanded.wikia.com/resource/USS_Firebrand	=	1.0000
http://dbkwik.webdatacommons.org/memory-alpha.wikia.com/resource/Demotion	http://dbkwik.webdatacommons.org/stexpanded.wikia.com/resource/Demotion	=	1.0000
http://dbkwik.webdatacommons.org/memory-alpha.wikia.com/resource/Stellar_cartography	http://dbkwik.webdatacommons.org/stexpanded.wikia.com/resource/Stellar_cartography	=	1.0000
http://memory-alpha.wikia.com/wiki/Special:FilePath/Future_Guy.jpg?width=300	http://stexpanded.wikia.com/wiki/Special:FilePath/Future_Guy.jpg?width=300	=	1.0000
http://dbkwik.webdatacommons.org/memory-alpha.wikia.com/resource/Charter_of_the_United_Federation_of_Planets	http://dbkwik.webdatacommons.org/stexpanded.wikia.com/resource/Charter_of_the_United_Federation_of_Planets	=	1.0000
http://memory-alpha.wikia.com/wiki/Special:FilePath/Janice_Rand,_2286.jpg?width=300	http://stexpanded.wikia.com/wiki/Special:FilePath/Janice_Rand_1.jpg?width=300	=	0.9061
http://memory-alpha.wikia.com/wiki/Special:FilePath/Stavos_Keniclius.jpg	http://stexpanded.wikia.com/wiki/Special:FilePath/Stavos_Keniclius.jpg	=	1.0000
http://dbkwik.webdatacommons.org/memory-alpha.wikia.com/resource/Star	http://dbkwik.webdatacommons.org/stexpanded.wikia.com/resource/Star	=	1.0000
http://dbkwik.webdatacommons.org/memory-alpha.wikia.com/resource/Reactive_armor	http://dbkwik.webdatacommons.org/stexpanded.wikia.com/resource/Reactive_armor	=	1.0000
http://memory-alpha.wikia.com/wiki/Special:FilePath/Jaro_Essa.jpg	http://stexpanded.wikia.com/wiki/Special:FilePath/Jaro_Essa.jpg	=	1.0000
http://memory-alpha.wikia.com/wiki/Special:FilePath/Sector001.jpg	http://stexpanded.wikia.com/wiki/Special:FilePath/Sector001.jpg	=	1.0000
http://memory-alpha.wikia.com/wiki/Special:FilePath/DNA.jpg	http://stexpanded.wikia.com/wiki/Special:FilePath/DNA.jpg	=	1.0000
http://dbkwik.webdatacommons.org/memory-alpha.wikia.com/resource/Briori	http://dbkwik.webdatacommons.org/stexpanded.wikia.com/resource/Briori	=	1.0000
http://memory-alpha.wikia.com/wiki/Special:FilePath/Command_division_uniform_29th_century.jpg?width=300	http://stexpanded.wikia.com/wiki/Special:FilePath/Command_division_uniform_29th_century.jpg?width=300	=	1.0000
http://memory-alpha.wikia.com/wiki/Special:FilePath/USS_Bonchune.jpg?width=300	http://stexpanded.wikia.com/wiki/Special:FilePath/USS_Bonchune.jpg?width=300	=	1.0000
http://dbkwik.webdatacommons.org/memory-alpha.wikia.com/resource/Professor	http://dbkwik.webdatacommons.org/stexpanded.wikia.com/resource/Professor	=	1.0000
http://dbkwik.webdatacommons.org/memory-alpha.wikia.com/resource/Akira	http://dbkwik.webdatacommons.org/stexpanded.wikia.com/resource/Akira	=	1.0000
http://dbkwik.webdatacommons.org/memory-alpha.wikia.com/resource/Starships_in_the_Dominion_War	http://dbkwik.webdatacommons.org/stexpanded.wikia.com/resource/Starships_in_the_Dominion_War	=	1.0000
http://dbkwik.webdatacommons.org/memory-alpha.wikia.com/resource/John_Harriman	http://dbkwik.webdatacommons.org/stexpanded.wikia.com/resource/John_Harriman	=	1.0000
http://dbkwik.webdatacommons.org/memory-alpha.wikia.com/resource/2020s	http://dbkwik.webdatacommons.org/stexpanded.wikia.com/resource/2020s	=	1.0000
http://dbkwik.webdatacommons.org/memory-alpha.wikia.com/resource/USS_Jenolan	http://dbkwik.webdatacommons.org/stexpanded.wikia.com/resource/USS_Jenolen	=	0.8828
http://dbkwik.webdatacommons.org/memory-alpha.wikia.com/resource/Gorn_Hegemony	http://dbkwik.webdatacommons.org/stexpanded.wikia.com/resource/Gorn_Hegemony	=	1.0000
http://memory-alpha.wikia.com/wiki/Special:FilePath/Tng_po2.png?width=300	http://stexpanded.wikia.com/wiki/Special:FilePath/PO2_(TNG).png?width=300	=	0.9381
http://dbkwik.webdatacommons.org/memory-alpha.wikia.com/resource/North_America	http://dbkwik.webdatacommons.org/stexpanded.wikia.com/resource/North_America	=	1.0000
http://dbkwik.webdatacommons.org/memory-alpha.wikia.com/resource/Torvin	http://dbkwik.webdatacommons.org/stexpanded.wikia.com/resource/Torvin	=	1.0000
http://dbkwik.webdatacommons.org/memory-alpha.wikia.com/resource/Ship	http://dbkwik.webdatacommons.org/stexpanded.wikia.com/resource/Ship	=	1.0000
http://memory-alpha.wikia.com/wiki/Special:FilePath/Quark%27s_cloaking_device.jpg	http://stexpanded.wikia.com/wiki/Special:FilePath/QuarksCloakingDevice.jpg	=	0.8790
http://dbkwik.webdatacommons.org/memory-alpha.wikia.com/resource/Granite	http://dbkwik.webdatacommons.org/stexpanded.wikia.com/resource/Granite	=	1.0000
http://dbkwik.webdatacommons.org/memory-alpha.wikia.com/resource/USS_Sarajevo	http://dbkwik.webdatacommons.org/stexpanded.wikia.com/resource/USS_Sarajevo	=	1.0000
http://dbkwik.webdatacommons.org/memory-alpha.wikia.com/resource/DiFalco	http://dbkwik.webdatacommons.org/stexpanded.wikia.com/resource/DiFalco	=	1.0000
http://memory-alpha.wikia.com/wiki/Special:FilePath/Vor%27cha_class,_profile.jpg?width=300	http://stexpanded.wikia.com/wiki/Special:FilePath/Vor%27cha_Class.jpg?width=300	=	0.8655
http://dbkwik.webdatacommons.org/memory-alpha.wikia.com/resource/Federation-Cardassian_War	http://dbkwik.webdatacommons.org/stexpanded.wikia.com/resource/Federation-Cardassian_War	=	1.0000
http://dbkwik.webdatacommons.org/memory-alpha.wikia.com/resource/2333	http://dbkwik.webdatacommons.org/stexpanded.wikia.com/resource/2333	=	1.0000
http://dbkwik.webdatacommons.org/memory-alpha.wikia.com/resource/B.G._Robinson	http://dbkwik.webdatacommons.org/stexpanded.wikia.com/resource/B.G._Robinson	=	1.0000
http://dbkwik.webdatacommons.org/memory-alpha.wikia.com/resource/2148	http://dbkwik.webdatacommons.org/stexpanded.wikia.com/resource/2148	=	1.0000
http://dbkwik.webdatacommons.org/memory-alpha.wikia.com/resource/Category:USS_Enterprise_(NCC-1701-E)_personnel	http://dbkwik.webdatacommons.org/stexpanded.wikia.com/resource/Category:USS_Enterprise_(NCC-1701-E)_personnel	=	1.0000
http://dbkwik.webdatacommons.org/memory-alpha.wikia.com/resource/Section_31	http://dbkwik.webdatacommons.org/stexpanded.wikia.com/resource/Section_31	=	1.0000
http://dbkwik.webdatacommons.org/memory-alpha.wikia.com/resource/Lexington	http://dbkwik.webdatacommons.org/stexpanded.wikia.com/resource/Lexington	=	1.0000
http://memory-alpha.wikia.com/wiki/Special:FilePath/Crew_observes_the_american_revolution.jpg?width=300	http://stexpanded.wikia.com/wiki/Special:FilePath/Crew_observes_the_american_revolution.jpg?width=300	=	1.0000
http://dbkwik.webdatacommons.org/memory-alpha.wikia.com/resource/Cardassian_neck_trick	http://dbkwik.webdatacommons.org/stexpanded.wikia.com/resource/Cardassian_neck_trick	=	1.0000
http://dbkwik.webdatacommons.org/memory-alpha.wikia.com/resource/Category:Measurements	http://dbkwik.webdatacommons.org/stexpanded.wikia.com/resource/Category:Measurements	=	1.0000
http://dbkwik.webdatacommons.org/memory-alpha.wikia.com/resource/Xindus	http://dbkwik.webdatacommons.org/stexpanded.wikia.com/resource/Xindus	=	1.0000
http://memory-alpha.wikia.com/wiki/Special:FilePath/Romulans_surround_the_Enterprise,_TEI_remastered.jpg?width=300	http://stexpanded.wikia.com/wiki/Special:FilePath/Romulans_surround_the_Enterprise,_TEI_remastered.jpg?width=300	=	1.0000
http://dbkwik.webdatacommons.org/memory-alpha.wikia.com/resource/Cargo_bay	http://dbkwik.webdatacommons.org/stexpanded.wikia.com/resource/Cargo_bay	=	1.0000
http://dbkwik.webdatacommons.org/memory-alpha.wikia.com/resource/Mapa_bread	http://dbkwik.webdatacommons.org/stexpanded.wikia.com/resource/Mapa_bread	=	1.0000
http://dbkwik.webdatacommons.org/memory-alpha.wikia.com/resource/Typhon_Expanse	http://dbkwik.webdatacommons.org/stexpanded.wikia.com/resource/Typhon_Expanse	=	1.0000
http://dbkwik.webdatacommons.org/memory-alpha.wikia.com/resource/Squad	http://dbkwik.webdatacommons.org/stexpanded.wikia.com/resource/Squad	=	1.0000
http://dbkwik.webdatacommons.org/memory-alpha.wikia.com/resource/Vacuum_cleaner	http://dbkwik.webdatacommons.org/stexpanded.wikia.com/resource/Vacuum_cleaner	=	1.0000
http://dbkwik.webdatacommons.org/memory-alpha.wikia.com/resource/2013	http://dbkwik.webdatacommons.org/stexpanded.wikia.com/resource/2013	=	1.0000
http://dbkwik.webdatacommons.org/memory-alpha.wikia.com/resource/USS_Prometheus_(NCC-71201)	http://dbkwik.webdatacommons.org/stexpanded.wikia.com/resource/USS_Prometheus_(NCC-71201)	=	1.0000
http://dbkwik.webdatacommons.org/memory-alpha.wikia.com/resource/Italy	http://dbkwik.webdatacommons.org/stexpanded.wikia.com/resource/Italy	=	1.0000
http://dbkwik.webdatacommons.org/memory-alpha.wikia.com/resource/2060	http://dbkwik.webdatacommons.org/stexpanded.wikia.com/resource/2060	=	1.0000
http://dbkwik.webdatacommons.org/memory-alpha.wikia.com/resource/Teacher	http://dbkwik.webdatacommons.org/stexpanded.wikia.com/resource/Teacher	=	1.0000
http://dbkwik.webdatacommons.org/memory-alpha.wikia.com/resource/PADD	http://dbkwik.webdatacommons.org/stexpanded.wikia.com/resource/PADD	=	1.0000
http://dbkwik.webdatacommons.org/memory-alpha.wikia.com/resource/The_Best_of_Trek	http://dbkwik.webdatacommons.org/stexpanded.wikia.com/resource/The_Best_of_Trek	=	1.0000
http://memory-alpha.wikia.com/wiki/Special:FilePath/Romulans_surround_the_Enterprise,_TEI_remastered.jpg	http://stexpanded.wikia.com/wiki/Special:FilePath/Romulans_surround_the_Enterprise,_TEI_remastered.jpg	=	1.0000
http://dbkwik.webdatacommons.org/memory-alpha.wikia.com/resource/Achilles	http://dbkwik.webdatacommons.org/stexpanded.wikia.com/resource/Achilles	=	1.0000
http://dbkwik.webdatacommons.org/memory-alpha.wikia.com/resource/Sedative	http://dbkwik.webdatacommons.org/stexpanded.wikia.com/resource/Sedative	=	1.0000
http://dbkwik.webdatacommons.org/memory-alpha.wikia.com/resource/Elizabeth_Cutler	http://dbkwik.webdatacommons.org/stexpanded.wikia.com/resource/Elizabeth_Cutler	=	1.0000
http://dbkwik.webdatacommons.org/memory-alpha.wikia.com/resource/Akira_class	http://dbkwik.webdatacommons.org/stexpanded.wikia.com/resource/Akira_class	=	1.0000
http://memory-alpha.wikia.com/wiki/Special:FilePath/Seven_of_Nine,_2376.jpg	http://stexpanded.wikia.com/wiki/Special:FilePath/Seven_of_Nine,_2377.jpg	=	0.9406
http://dbkwik.webdatacommons.org/memory-alpha.wikia.com/resource/1963	http://dbkwik.webdatacommons.org/stexpanded.wikia.com/resource/1963	=	1.0000
http://dbkwik.webdatacommons.org/memory-alpha.wikia.com/resource/Wine	http://dbkwik.webdatacommons.org/stexpanded.wikia.com/resource/Wine	=	1.0000
http://memory-alpha.wikia.com/wiki/Special:FilePath/Romulan_Neutral_Zone_map.jpg	http://stexpanded.wikia.com/wiki/Special:FilePath/Romulan_Neutral_Zone_map.jpg	=	1.0000
http://dbkwik.webdatacommons.org/memory-alpha.wikia.com/resource/2198	http://dbkwik.webdatacommons.org/stexpanded.wikia.com/resource/2198	=	1.0000
http://dbkwik.webdatacommons.org/memory-alpha.wikia.com/resource/Almatha_sector	http://dbkwik.webdatacommons.org/stexpanded.wikia.com/resource/Almatha_sector	=	1.0000
http://dbkwik.webdatacommons.org/memory-alpha.wikia.com/resource/Nimitz_class	http://dbkwik.webdatacommons.org/stexpanded.wikia.com/resource/Nimitz_class	=	1.0000
http://memory-alpha.wikia.com/wiki/Special:FilePath/Intrepid_assignment_patch.png?width=300	http://stexpanded.wikia.com/wiki/Special:FilePath/USS_Intrepid_assignment_patch_-_cmd.png?width=300	=	0.8819
http://dbkwik.webdatacommons.org/memory-alpha.wikia.com/resource/Coffee	http://dbkwik.webdatacommons.org/stexpanded.wikia.com/resource/Coffee	=	1.0000
http://dbkwik.webdatacommons.org/memory-alpha.wikia.com/resource/Juhraya	http://dbkwik.webdatacommons.org/stexpanded.wikia.com/resource/Juhraya	=	1.0000
http://dbkwik.webdatacommons.org/memory-alpha.wikia.com/resource/Nyota_Uhura_(mirror)	http://dbkwik.webdatacommons.org/stexpanded.wikia.com/resource/Nyota_Uhura_(mirror)	=	1.0000
http://dbkwik.webdatacommons.org/memory-alpha.wikia.com/resource/Tora_Naprem	http://dbkwik.webdatacommons.org/stexpanded.wikia.com/resource/Tora_Naprem	=	1.0000
http://dbkwik.webdatacommons.org/memory-alpha.wikia.com/resource/Azure_Nebula	http://dbkwik.webdatacommons.org/stexpanded.wikia.com/resource/Azure_Nebula	=	1.0000
http://dbkwik.webdatacommons.org/memory-alpha.wikia.com/resource/Starfleet_Surgeon_General	http://dbkwik.webdatacommons.org/stexpanded.wikia.com/resource/Starfleet_Surgeon_General	=	1.0000
http://memory-alpha.wikia.com/wiki/Special:FilePath/Rigel_XII_surface_remastered.jpg?width=300	http://stexpanded.wikia.com/wiki/Special:FilePath/Rigel_XII_surface.jpg?width=300	=	0.8898
http://dbkwik.webdatacommons.org/memory-alpha.wikia.com/resource/Clark_Terrell	http://dbkwik.webdatacommons.org/stexpanded.wikia.com/resource/Clark_Terrell	=	1.0000
http://dbkwik.webdatacommons.org/memory-alpha.wikia.com/resource/Stardate	http://dbkwik.webdatacommons.org/stexpanded.wikia.com/resource/Stardate	=	1.0000
http://dbkwik.webdatacommons.org/memory-alpha.wikia.com/resource/Subspace_relay	http://dbkwik.webdatacommons.org/stexpanded.wikia.com/resource/Subspace_relay	=	1.0000
http://dbkwik.webdatacommons.org/memory-alpha.wikia.com/resource/Sito_Jaxa	http://dbkwik.webdatacommons.org/stexpanded.wikia.com/resource/Sito_Jaxa	=	1.0000
http://dbkwik.webdatacommons.org/memory-alpha.wikia.com/resource/2202	http://dbkwik.webdatacommons.org/stexpanded.wikia.com/resource/2202	=	1.0000
http://dbkwik.webdatacommons.org/memory-alpha.wikia.com/resource/Runabout	http://dbkwik.webdatacommons.org/stexpanded.wikia.com/resource/Runabout	=	1.0000
http://dbkwik.webdatacommons.org/memory-alpha.wikia.com/resource/2298	http://dbkwik.webdatacommons.org/stexpanded.wikia.com/resource/2298	=	1.0000
http://dbkwik.webdatacommons.org/memory-alpha.wikia.com/resource/Color	http://dbkwik.webdatacommons.org/stexpanded.wikia.com/property/color	=	1.0000
http://dbkwik.webdatacommons.org/memory-alpha.wikia.com/resource/DePaul	http://dbkwik.webdatacommons.org/stexpanded.wikia.com/resource/DePaul	=	1.0000
http://dbkwik.webdatacommons.org/memory-alpha.wikia.com/resource/Cardassian	http://dbkwik.webdatacommons.org/stexpanded.wikia.com/resource/Cardassian	=	1.0000
http://memory-alpha.wikia.com/wiki/Special:FilePath/Richards.jpg?width=300	http://stexpanded.wikia.com/wiki/Special:FilePath/richards.jpg?width=300	=	1.0000
http://dbkwik.webdatacommons.org/memory-alpha.wikia.com/resource/Romulan_ale	http://dbkwik.webdatacommons.org/stexpanded.wikia.com/resource/Romulan_ale	=	1.0000
http://dbkwik.webdatacommons.org/memory-alpha.wikia.com/resource/Nausicaan	http://dbkwik.webdatacommons.org/stexpanded.wikia.com/resource/Nausicaan	=	1.0000
http://dbkwik.webdatacommons.org/memory-alpha.wikia.com/resource/Category:Stars	http://dbkwik.webdatacommons.org/stexpanded.wikia.com/resource/Category:Stars	=	1.0000
http://dbkwik.webdatacommons.org/memory-alpha.wikia.com/resource/Will_Kayden	http://dbkwik.webdatacommons.org/stexpanded.wikia.com/resource/Will_Kayden	=	1.0000
http://dbkwik.webdatacommons.org/memory-alpha.wikia.com/resource/Starbase_440	http://dbkwik.webdatacommons.org/stexpanded.wikia.com/resource/Starbase_44	=	0.8793
http://dbkwik.webdatacommons.org/memory-alpha.wikia.com/resource/Omega_Directive	http://dbkwik.webdatacommons.org/stexpanded.wikia.com/resource/Omega_Directive	=	1.0000
http://dbkwik.webdatacommons.org/memory-alpha.wikia.com/resource/Mizarian	http://dbkwik.webdatacommons.org/stexpanded.wikia.com/resource/Mizarian	=	1.0000
http://dbkwik.webdatacommons.org/memory-alpha.wikia.com/resource/2123	http://dbkwik.webdatacommons.org/stexpanded.wikia.com/resource/2123	=	1.0000
http://dbkwik.webdatacommons.org/memory-alpha.wikia.com/resource/Ranger	http://dbkwik.webdatacommons.org/stexpanded.wikia.com/resource/Ranger	=	1.0000
http://dbkwik.webdatacommons.org/memory-alpha.wikia.com/resource/Category:Sol_system	http://dbkwik.webdatacommons.org/stexpanded.wikia.com/resource/Category:Sol_system	=	1.0000
http://dbkwik.webdatacommons.org/memory-alpha.wikia.com/resource/Ballet	http://dbkwik.webdatacommons.org/stexpanded.wikia.com/resource/Ballet	=	1.0000
http://dbkwik.webdatacommons.org/memory-alpha.wikia.com/resource/1900s	http://dbkwik.webdatacommons.org/stexpanded.wikia.com/resource/1900s	=	1.0000
http://memory-alpha.wikia.com/wiki/Special:FilePath/Voyager_Bridge.jpg?width=300	http://stexpanded.wikia.com/wiki/Special:FilePath/Voyager_Bridge.jpg?width=300	=	1.0000
http://dbkwik.webdatacommons.org/memory-alpha.wikia.com/resource/Julian_Bashir	http://dbkwik.webdatacommons.org/stexpanded.wikia.com/resource/Julian_Bashir	=	1.0000
http://memory-alpha.wikia.com/wiki/Special:FilePath/Excelsior_Bridge_3.jpg?width=300	http://stexpanded.wikia.com/wiki/Special:FilePath/Excelsior_Bridge_3.jpg?width=300	=	1.0000
http://dbkwik.webdatacommons.org/memory-alpha.wikia.com/resource/2311	http://dbkwik.webdatacommons.org/stexpanded.wikia.com/resource/2311	=	1.0000
http://dbkwik.webdatacommons.org/memory-alpha.wikia.com/resource/Alternate_timeline	http://dbkwik.webdatacommons.org/stexpanded.wikia.com/resource/Alternate_timeline	=	1.0000
http://dbkwik.webdatacommons.org/memory-alpha.wikia.com/resource/University_of_Alpha_Centauri	http://dbkwik.webdatacommons.org/stexpanded.wikia.com/resource/University_of_Alpha_Centauri	=	1.0000
http://memory-alpha.wikia.com/wiki/Special:FilePath/Xindi-Aquatic_CGI.jpg	http://stexpanded.wikia.com/wiki/Special:FilePath/Xindi-Aquatic.jpg	=	0.8690
http://dbkwik.webdatacommons.org/memory-alpha.wikia.com/resource/Radio_silence	http://dbkwik.webdatacommons.org/stexpanded.wikia.com/resource/Radio_silence	=	1.0000
http://dbkwik.webdatacommons.org/memory-alpha.wikia.com/resource/Category:Klingons	http://dbkwik.webdatacommons.org/stexpanded.wikia.com/resource/Category:Klingons	=	1.0000
http://dbkwik.webdatacommons.org/memory-alpha.wikia.com/resource/20th_century	http://dbkwik.webdatacommons.org/stexpanded.wikia.com/resource/20th_century	=	1.0000
http://dbkwik.webdatacommons.org/memory-alpha.wikia.com/resource/NCC-1701/4	http://dbkwik.webdatacommons.org/stexpanded.wikia.com/resource/NCC-1701-A	=	0.8672
http://dbkwik.webdatacommons.org/memory-alpha.wikia.com/resource/Battle_of_Wolf_359	http://dbkwik.webdatacommons.org/stexpanded.wikia.com/resource/Battle_of_Wolf_359	=	1.0000
http://dbkwik.webdatacommons.org/memory-alpha.wikia.com/resource/Code_47	http://dbkwik.webdatacommons.org/stexpanded.wikia.com/resource/Code_47	=	1.0000
http://dbkwik.webdatacommons.org/memory-alpha.wikia.com/resource/Category:Colonies	http://dbkwik.webdatacommons.org/stexpanded.wikia.com/resource/Category:Colonies	=	1.0000
http://dbkwik.webdatacommons.org/memory-alpha.wikia.com/property/capital	http://dbkwik.webdatacommons.org/stexpanded.wikia.com/property/capital	=	1.0000
http://dbkwik.webdatacommons.org/memory-alpha.wikia.com/resource/Starbase_97	http://dbkwik.webdatacommons.org/stexpanded.wikia.com/resource/Starbase_397	=	0.8655
http://dbkwik.webdatacommons.org/memory-alpha.wikia.com/resource/Tuition	http://dbkwik.webdatacommons.org/stexpanded.wikia.com/resource/Tuition	=	1.0000
http://dbkwik.webdatacommons.org/memory-alpha.wikia.com/property/draft	http://dbkwik.webdatacommons.org/stexpanded.wikia.com/property/draft	=	1.0000
http://dbkwik.webdatacommons.org/memory-alpha.wikia.com/resource/2224	http://dbkwik.webdatacommons.org/stexpanded.wikia.com/resource/2224	=	1.0000
http://memory-alpha.wikia.com/wiki/Special:FilePath/San_Francisco,_2270s.jpg?width=300	http://stexpanded.wikia.com/wiki/Special:FilePath/SanFrancisco2272.jpg?width=300	=	0.8986
http://memory-alpha.wikia.com/wiki/Special:FilePath/Malik2154.jpg?width=300	http://stexpanded.wikia.com/wiki/Special:FilePath/Malik2154.jpg?width=300	=	1.0000
http://memory-alpha.wikia.com/wiki/Special:FilePath/Vorik,_2373.jpg?width=300	http://stexpanded.wikia.com/wiki/Special:FilePath/Vorik2379.jpg?width=300	=	0.8902
http://dbkwik.webdatacommons.org/memory-alpha.wikia.com/resource/Molecular_reversion_field	http://dbkwik.webdatacommons.org/stexpanded.wikia.com/resource/Molecular_reversion_field	=	1.0000
http://dbkwik.webdatacommons.org/memory-alpha.wikia.com/resource/Warp_core_ejection_system	http://dbkwik.webdatacommons.org/stexpanded.wikia.com/resource/Warp_core_ejection_system	=	1.0000
http://dbkwik.webdatacommons.org/memory-alpha.wikia.com/resource/Sol_system	http://dbkwik.webdatacommons.org/stexpanded.wikia.com/resource/Sol_system	=	1.0000
http://memory-alpha.wikia.com/wiki/Special:FilePath/Utopia_Planitia_Fleet_Yards.jpg	http://stexpanded.wikia.com/wiki/Special:FilePath/UtopiaPlanitiaFleetYards.jpg	=	1.0000
http://dbkwik.webdatacommons.org/memory-alpha.wikia.com/resource/Category:History	http://dbkwik.webdatacommons.org/stexpanded.wikia.com/resource/Category:History	=	1.0000
http://dbkwik.webdatacommons.org/memory-alpha.wikia.com/resource/Vor%27cha_class	http://dbkwik.webdatacommons.org/stexpanded.wikia.com/resource/Vor%27cha_class	=	1.0000
http://dbkwik.webdatacommons.org/memory-alpha.wikia.com/resource/Starbase_9	http://dbkwik.webdatacommons.org/stexpanded.wikia.com/resource/Starbase_9	=	1.0000
http://dbkwik.webdatacommons.org/memory-alpha.wikia.com/resource/ISS	http://dbkwik.webdatacommons.org/stexpanded.wikia.com/resource/ISS	=	1.0000
http://memory-alpha.wikia.com/wiki/Special:FilePath/World_War_III_flag.png	http://stexpanded.wikia.com/wiki/Special:FilePath/World_War_III_flag.png	=	1.0000
http://dbkwik.webdatacommons.org/memory-alpha.wikia.com/resource/Klingon_starships	http://dbkwik.webdatacommons.org/stexpanded.wikia.com/resource/Klingon_starships	=	1.0000
http://memory-alpha.wikia.com/wiki/Special:FilePath/Sovereign_class.jpg?width=300	http://stexpanded.wikia.com/wiki/Special:FilePath/sovereign_class.jpg?width=300	=	1.0000
http://dbkwik.webdatacommons.org/memory-alpha.wikia.com/resource/Starbase_260	http://dbkwik.webdatacommons.org/stexpanded.wikia.com/resource/Starbase_26	=	0.8859
http://dbkwik.webdatacommons.org/memory-alpha.wikia.com/resource/Life_support_system	http://dbkwik.webdatacommons.org/stexpanded.wikia.com/resource/Life_support_system	=	1.0000
http://dbkwik.webdatacommons.org/memory-alpha.wikia.com/resource/Septimus_III	http://dbkwik.webdatacommons.org/stexpanded.wikia.com/resource/Septimus_III	=	1.0000
http://dbkwik.webdatacommons.org/memory-alpha.wikia.com/resource/2003	http://dbkwik.webdatacommons.org/stexpanded.wikia.com/resource/2003	=	1.0000
http://dbkwik.webdatacommons.org/memory-alpha.wikia.com/resource/Nemo	http://dbkwik.webdatacommons.org/stexpanded.wikia.com/resource/Nemo	=	1.0000
http://dbkwik.webdatacommons.org/memory-alpha.wikia.com/resource/Kathryn_Janeway	http://dbkwik.webdatacommons.org/stexpanded.wikia.com/resource/Kathryn_Janeway	=	1.0000
http://dbkwik.webdatacommons.org/memory-alpha.wikia.com/resource/Kuttar	http://dbkwik.webdatacommons.org/stexpanded.wikia.com/resource/Kuttar	=	1.0000
http://memory-alpha.wikia.com/wiki/Special:FilePath/VoyagerWarpCore.jpg	http://stexpanded.wikia.com/wiki/Special:FilePath/VoyagerWarpCore.jpg	=	1.0000
http://memory-alpha.wikia.com/wiki/Special:FilePath/Orb_of_time.jpg	http://stexpanded.wikia.com/wiki/Special:FilePath/Orb_of_time.jpg	=	1.0000
http://dbkwik.webdatacommons.org/memory-alpha.wikia.com/resource/Phylosian	http://dbkwik.webdatacommons.org/stexpanded.wikia.com/resource/Phylosian	=	1.0000
http://dbkwik.webdatacommons.org/memory-alpha.wikia.com/resource/Andorian_Imperial_Guard	http://dbkwik.webdatacommons.org/stexpanded.wikia.com/resource/Andorian_Imperial_Guard	=	1.0000
http://dbkwik.webdatacommons.org/memory-alpha.wikia.com/resource/Moon	http://dbkwik.webdatacommons.org/stexpanded.wikia.com/resource/Moon	=	1.0000
http://memory-alpha.wikia.com/wiki/Special:FilePath/Saurian.jpg?width=300	http://stexpanded.wikia.com/wiki/Special:FilePath/Saurian.jpg?width=300	=	1.0000
http://memory-alpha.wikia.com/wiki/Special:FilePath/Soval_(mirror).jpg?width=300	http://stexpanded.wikia.com/wiki/Special:FilePath/Mirror_Soval.jpg?width=300	=	0.9021
http://dbkwik.webdatacommons.org/memory-alpha.wikia.com/resource/Helaspont_Nebula	http://dbkwik.webdatacommons.org/stexpanded.wikia.com/resource/Helaspont_Nebula	=	1.0000
http://dbkwik.webdatacommons.org/memory-alpha.wikia.com/resource/Borg_tactical_cube	http://dbkwik.webdatacommons.org/stexpanded.wikia.com/resource/Borg_tactical_cube	=	1.0000
http://dbkwik.webdatacommons.org/memory-alpha.wikia.com/resource/Tret_Akleen	http://dbkwik.webdatacommons.org/stexpanded.wikia.com/resource/Tret_Akleen	=	1.0000
http://dbkwik.webdatacommons.org/memory-alpha.wikia.com/resource/Hall_of_mirrors	http://dbkwik.webdatacommons.org/stexpanded.wikia.com/resource/Hall_of_Mirrors	=	1.0000
http://dbkwik.webdatacommons.org/memory-alpha.wikia.com/resource/Freedom_class	http://dbkwik.webdatacommons.org/stexpanded.wikia.com/resource/Freedom_class	=	1.0000
http://dbkwik.webdatacommons.org/memory-alpha.wikia.com/resource/USS_Ahwahnee_(NCC-2048)	http://dbkwik.webdatacommons.org/stexpanded.wikia.com/resource/USS_Ahwahnee_(NCC-2048)	=	1.0000
http://memory-alpha.wikia.com/wiki/Special:FilePath/Styles.jpg	http://stexpanded.wikia.com/wiki/Special:FilePath/Styles.jpg	=	1.0000
http://dbkwik.webdatacommons.org/memory-alpha.wikia.com/resource/2068	http://dbkwik.webdatacommons.org/stexpanded.wikia.com/resource/2068	=	1.0000
http://dbkwik.webdatacommons.org/memory-alpha.wikia.com/resource/2140	http://dbkwik.webdatacommons.org/stexpanded.wikia.com/resource/2140	=	1.0000
http://dbkwik.webdatacommons.org/memory-alpha.wikia.com/resource/Paramount	http://dbkwik.webdatacommons.org/stexpanded.wikia.com/resource/Paramount	=	1.0000
http://dbkwik.webdatacommons.org/memory-alpha.wikia.com/resource/Battle_of_the_Omarion_Nebula	http://dbkwik.webdatacommons.org/stexpanded.wikia.com/resource/Battle_of_the_Omarion_Nebula	=	1.0000
http://dbkwik.webdatacommons.org/memory-alpha.wikia.com/resource/Star_Trek_Online	http://dbkwik.webdatacommons.org/stexpanded.wikia.com/resource/Star_Trek_Online	=	1.0000
http://dbkwik.webdatacommons.org/memory-alpha.wikia.com/resource/Omicron_spore	http://dbkwik.webdatacommons.org/stexpanded.wikia.com/resource/Omicron_spore	=	1.0000
http://memory-alpha.wikia.com/wiki/Special:FilePath/Deneva_surface.jpg	http://stexpanded.wikia.com/wiki/Special:FilePath/Deneva_surface.jpg	=	1.0000
http://memory-alpha.wikia.com/wiki/Special:FilePath/Intrepid_class_sickbay,_2374.jpg?width=300	http://stexpanded.wikia.com/wiki/Special:FilePath/IntrepidClassSickbay.jpg?width=300	=	0.9321
http://dbkwik.webdatacommons.org/memory-alpha.wikia.com/resource/Category:Music	http://dbkwik.webdatacommons.org/stexpanded.wikia.com/resource/Category:Music	=	1.0000
http://dbkwik.webdatacommons.org/memory-alpha.wikia.com/resource/Iconian_gateway	http://dbkwik.webdatacommons.org/stexpanded.wikia.com/resource/Iconian_gateway	=	1.0000
http://dbkwik.webdatacommons.org/memory-alpha.wikia.com/resource/Cardassian_dissident_movement	http://dbkwik.webdatacommons.org/stexpanded.wikia.com/resource/Cardassian_dissident_movement	=	1.0000
http://memory-alpha.wikia.com/wiki/Special:FilePath/Ent_vadm.png?width=300	http://stexpanded.wikia.com/wiki/Special:FilePath/VADM_(ENT).png?width=300	=	0.9127
http://memory-alpha.wikia.com/wiki/Special:FilePath/StarfleetHeadquarters2372.jpg	http://stexpanded.wikia.com/wiki/Special:FilePath/StarfleetHeadquarters2372.jpg	=	1.0000
http://dbkwik.webdatacommons.org/memory-alpha.wikia.com/resource/Bloodwine	http://dbkwik.webdatacommons.org/stexpanded.wikia.com/resource/Bloodwine	=	1.0000
http://dbkwik.webdatacommons.org/memory-alpha.wikia.com/resource/IKS_Bortas	http://dbkwik.webdatacommons.org/stexpanded.wikia.com/resource/IKS_Bortas	=	1.0000
http://dbkwik.webdatacommons.org/memory-alpha.wikia.com/resource/Starbase_118	http://dbkwik.webdatacommons.org/stexpanded.wikia.com/resource/Starbase_118	=	1.0000
http://dbkwik.webdatacommons.org/memory-alpha.wikia.com/resource/Orion_(disambiguation)	http://dbkwik.webdatacommons.org/stexpanded.wikia.com/resource/Orion_(disambiguation)	=	1.0000
http://dbkwik.webdatacommons.org/memory-alpha.wikia.com/resource/Clash	http://dbkwik.webdatacommons.org/stexpanded.wikia.com/resource/Clash	=	1.0000
http://memory-alpha.wikia.com/wiki/Special:FilePath/VoyagerWarpCore.jpg?width=300	http://stexpanded.wikia.com/wiki/Special:FilePath/VoyagerWarpCore.jpg?width=300	=	1.0000
http://dbkwik.webdatacommons.org/memory-alpha.wikia.com/resource/Mettus	http://dbkwik.webdatacommons.org/stexpanded.wikia.com/resource/Mettus	=	1.0000
http://dbkwik.webdatacommons.org/memory-alpha.wikia.com/resource/Category:Mirror_universe	http://dbkwik.webdatacommons.org/stexpanded.wikia.com/resource/Category:Mirror_universe	=	1.0000
http://dbkwik.webdatacommons.org/memory-alpha.wikia.com/resource/Elizabeth	http://dbkwik.webdatacommons.org/stexpanded.wikia.com/resource/Elizabeth	=	1.0000
http://dbkwik.webdatacommons.org/memory-alpha.wikia.com/resource/2011	http://dbkwik.webdatacommons.org/stexpanded.wikia.com/resource/2011	=	1.0000
http://dbkwik.webdatacommons.org/memory-alpha.wikia.com/resource/Hideki_class	http://dbkwik.webdatacommons.org/stexpanded.wikia.com/resource/Hideki_class	=	1.0000
http://dbkwik.webdatacommons.org/memory-alpha.wikia.com/resource/True_Way	http://dbkwik.webdatacommons.org/stexpanded.wikia.com/resource/True_Way	=	1.0000
http://dbkwik.webdatacommons.org/memory-alpha.wikia.com/resource/Deneva	http://dbkwik.webdatacommons.org/stexpanded.wikia.com/resource/Deneva	=	1.0000
http://memory-alpha.wikia.com/wiki/Special:FilePath/Coal.jpg	http://stexpanded.wikia.com/wiki/Special:FilePath/Coal.jpg	=	1.0000
http://dbkwik.webdatacommons.org/memory-alpha.wikia.com/resource/Sitak	http://dbkwik.webdatacommons.org/stexpanded.wikia.com/resource/Sitak	=	1.0000
http://dbkwik.webdatacommons.org/memory-alpha.wikia.com/resource/USS_Billings	http://dbkwik.webdatacommons.org/stexpanded.wikia.com/resource/USS_Billings	=	1.0000
http://memory-alpha.wikia.com/wiki/Special:FilePath/Earth_viewed_from_McKinley_Station.jpg	http://stexpanded.wikia.com/wiki/Special:FilePath/Earth_viewed_from_McKinley_Station.jpg	=	1.0000
http://memory-alpha.wikia.com/wiki/Special:FilePath/Korinas.jpg?width=300	http://stexpanded.wikia.com/wiki/Special:FilePath/Korinas.jpg?width=300	=	1.0000
http://dbkwik.webdatacommons.org/memory-alpha.wikia.com/resource/Tools_and_technology	http://dbkwik.webdatacommons.org/stexpanded.wikia.com/resource/Tools_and_technology	=	1.0000
http://dbkwik.webdatacommons.org/memory-alpha.wikia.com/resource/Bekk	http://dbkwik.webdatacommons.org/stexpanded.wikia.com/resource/Bekk	=	1.0000
http://memory-alpha.wikia.com/wiki/Special:FilePath/Sovereign_Crew_Quarters_bedroom.jpg	http://stexpanded.wikia.com/wiki/Special:FilePath/Sovereign_Crew_Quarters_bedroom.jpg	=	1.0000
http://dbkwik.webdatacommons.org/memory-alpha.wikia.com/resource/Vorik	http://dbkwik.webdatacommons.org/stexpanded.wikia.com/resource/Vorik	=	1.0000
http://dbkwik.webdatacommons.org/memory-alpha.wikia.com/resource/Gas_giant	http://dbkwik.webdatacommons.org/stexpanded.wikia.com/resource/Gas_giant	=	1.0000
http://dbkwik.webdatacommons.org/memory-alpha.wikia.com/resource/2040	http://dbkwik.webdatacommons.org/stexpanded.wikia.com/resource/2040	=	1.0000
http://memory-alpha.wikia.com/wiki/Special:FilePath/Price_freedom.jpg	http://stexpanded.wikia.com/wiki/Special:FilePath/PriceofFreedom.jpg	=	0.8990
http://dbkwik.webdatacommons.org/memory-alpha.wikia.com/resource/Thrall	http://dbkwik.webdatacommons.org/stexpanded.wikia.com/resource/Thrall	=	1.0000
http://dbkwik.webdatacommons.org/memory-alpha.wikia.com/resource/T%27Plana-Hath	http://dbkwik.webdatacommons.org/stexpanded.wikia.com/resource/T%27Plana-Hath	=	1.0000
http://dbkwik.webdatacommons.org/memory-alpha.wikia.com/resource/Argo	http://dbkwik.webdatacommons.org/stexpanded.wikia.com/resource/Argo	=	1.0000
http://dbkwik.webdatacommons.org/memory-alpha.wikia.com/resource/Tyler	http://dbkwik.webdatacommons.org/stexpanded.wikia.com/resource/Tyler	=	1.0000
http://memory-alpha.wikia.com/wiki/Special:FilePath/Tos_lt.png?width=300	http://stexpanded.wikia.com/wiki/Special:FilePath/S-LT_(TOS).png?width=300	=	0.8870
http://dbkwik.webdatacommons.org/memory-alpha.wikia.com/resource/Twelfth_Order	http://dbkwik.webdatacommons.org/stexpanded.wikia.com/resource/Twelfth_Order	=	1.0000
http://dbkwik.webdatacommons.org/memory-alpha.wikia.com/resource/FASA	http://dbkwik.webdatacommons.org/stexpanded.wikia.com/resource/FASA	=	1.0000
http://dbkwik.webdatacommons.org/memory-alpha.wikia.com/resource/Phlox_(mirror)	http://dbkwik.webdatacommons.org/stexpanded.wikia.com/resource/Phlox_(mirror)	=	1.0000
http://dbkwik.webdatacommons.org/memory-alpha.wikia.com/resource/Warp_drive	http://dbkwik.webdatacommons.org/stexpanded.wikia.com/resource/Warp_drive	=	1.0000
http://dbkwik.webdatacommons.org/memory-alpha.wikia.com/resource/Cheating	http://dbkwik.webdatacommons.org/stexpanded.wikia.com/resource/Cheating	=	1.0000
http://memory-alpha.wikia.com/wiki/Special:FilePath/Jack.jpg	http://stexpanded.wikia.com/wiki/Special:FilePath/Jack.jpg	=	1.0000
http://memory-alpha.wikia.com/wiki/Special:FilePath/Tng_ltjg.png	http://stexpanded.wikia.com/wiki/Special:FilePath/LTJG_(TNG).png	=	0.9078
http://dbkwik.webdatacommons.org/memory-alpha.wikia.com/resource/Vulcan_(planet)	http://dbkwik.webdatacommons.org/stexpanded.wikia.com/resource/Vulcan_(planet)	=	1.0000
http://dbkwik.webdatacommons.org/memory-alpha.wikia.com/resource/European_Union	http://dbkwik.webdatacommons.org/stexpanded.wikia.com/resource/European_Union	=	1.0000
http://dbkwik.webdatacommons.org/memory-alpha.wikia.com/resource/Risian	http://dbkwik.webdatacommons.org/stexpanded.wikia.com/resource/Risian	=	1.0000
http://memory-alpha.wikia.com/wiki/Special:FilePath/AndorianEmblem.jpg	http://stexpanded.wikia.com/wiki/Special:FilePath/AndorianEmblem.jpg	=	1.0000
http://dbkwik.webdatacommons.org/memory-alpha.wikia.com/resource/Category:MACO_personnel	http://dbkwik.webdatacommons.org/stexpanded.wikia.com/resource/Category:MACO_personnel	=	1.0000
http://dbkwik.webdatacommons.org/memory-alpha.wikia.com/resource/Duranium	http://dbkwik.webdatacommons.org/stexpanded.wikia.com/resource/Duranium	=	1.0000
http://dbkwik.webdatacommons.org/memory-alpha.wikia.com/resource/Chicago	http://dbkwik.webdatacommons.org/stexpanded.wikia.com/resource/Chicago	=	1.0000
http://dbkwik.webdatacommons.org/memory-alpha.wikia.com/resource/Daniels_(Lieutenant)	http://dbkwik.webdatacommons.org/stexpanded.wikia.com/resource/Daniels_(Lieutenant)	=	1.0000
http://dbkwik.webdatacommons.org/memory-alpha.wikia.com/resource/Pulsar	http://dbkwik.webdatacommons.org/stexpanded.wikia.com/resource/Pulsar	=	1.0000
http://dbkwik.webdatacommons.org/memory-alpha.wikia.com/resource/Starbase_83	http://dbkwik.webdatacommons.org/stexpanded.wikia.com/resource/Starbase_8	=	0.9020
http://dbkwik.webdatacommons.org/memory-alpha.wikia.com/resource/Garbage_scow	http://dbkwik.webdatacommons.org/stexpanded.wikia.com/resource/Garbage_scow	=	1.0000
http://dbkwik.webdatacommons.org/memory-alpha.wikia.com/resource/Clarke%27s_Disease	http://dbkwik.webdatacommons.org/stexpanded.wikia.com/resource/Clarke%27s_Disease	=	1.0000
http://dbkwik.webdatacommons.org/memory-alpha.wikia.com/resource/Master_systems_display	http://dbkwik.webdatacommons.org/stexpanded.wikia.com/resource/Master_systems_display	=	1.0000
http://memory-alpha.wikia.com/wiki/Special:FilePath/Turrel.jpg	http://stexpanded.wikia.com/wiki/Special:FilePath/Turrel.jpg	=	1.0000
http://memory-alpha.wikia.com/wiki/Special:FilePath/USS_Defiant_mess_hall.jpg?width=300	http://stexpanded.wikia.com/wiki/Special:FilePath/USS_Defiant_mess_hall.jpg?width=300	=	1.0000
http://memory-alpha.wikia.com/wiki/Special:FilePath/Norway_class.jpg?width=300	http://stexpanded.wikia.com/wiki/Special:FilePath/Norway_Class.jpg?width=300	=	1.0000
http://dbkwik.webdatacommons.org/memory-alpha.wikia.com/property/planet	http://dbkwik.webdatacommons.org/stexpanded.wikia.com/resource/Planet	=	1.0000
http://dbkwik.webdatacommons.org/memory-alpha.wikia.com/resource/Korda	http://dbkwik.webdatacommons.org/stexpanded.wikia.com/resource/Kordat	=	0.8893
http://dbkwik.webdatacommons.org/memory-alpha.wikia.com/resource/Sword	http://dbkwik.webdatacommons.org/stexpanded.wikia.com/resource/Sword	=	1.0000
http://dbkwik.webdatacommons.org/memory-alpha.wikia.com/resource/Raymond_Boone	http://dbkwik.webdatacommons.org/stexpanded.wikia.com/resource/Raymond_Boone	=	1.0000
http://dbkwik.webdatacommons.org/memory-alpha.wikia.com/resource/Nanite	http://dbkwik.webdatacommons.org/stexpanded.wikia.com/resource/Nanite	=	1.0000
http://dbkwik.webdatacommons.org/memory-alpha.wikia.com/resource/Light_cruiser	http://dbkwik.webdatacommons.org/stexpanded.wikia.com/resource/Light_cruiser	=	1.0000
http://dbkwik.webdatacommons.org/memory-alpha.wikia.com/resource/Sisko%27s_Creole_Kitchen	http://dbkwik.webdatacommons.org/stexpanded.wikia.com/resource/Sisko%27s_Creole_Kitchen	=	1.0000
http://dbkwik.webdatacommons.org/memory-alpha.wikia.com/resource/Airman	http://dbkwik.webdatacommons.org/stexpanded.wikia.com/resource/Airman	=	1.0000
http://dbkwik.webdatacommons.org/memory-alpha.wikia.com/resource/Bajoran_Resistance	http://dbkwik.webdatacommons.org/stexpanded.wikia.com/resource/Bajoran_Resistance	=	1.0000
http://dbkwik.webdatacommons.org/memory-alpha.wikia.com/resource/Gagh	http://dbkwik.webdatacommons.org/stexpanded.wikia.com/resource/Gagh	=	1.0000
http://dbkwik.webdatacommons.org/memory-alpha.wikia.com/resource/Synthehol	http://dbkwik.webdatacommons.org/stexpanded.wikia.com/resource/Synthehol	=	1.0000
http://dbkwik.webdatacommons.org/memory-alpha.wikia.com/resource/2369	http://dbkwik.webdatacommons.org/stexpanded.wikia.com/resource/2369	=	1.0000
http://memory-alpha.wikia.com/wiki/Special:FilePath/Dyson_sphere.jpg?width=300	http://stexpanded.wikia.com/wiki/Special:FilePath/Dyson_sphere.jpg?width=300	=	1.0000
http://dbkwik.webdatacommons.org/memory-alpha.wikia.com/resource/2000	http://dbkwik.webdatacommons.org/stexpanded.wikia.com/resource/2000	=	1.0000
http://memory-alpha.wikia.com/wiki/Special:FilePath/Charles_Whatley.jpg	http://stexpanded.wikia.com/wiki/Special:FilePath/Charles_Whatley.jpg	=	1.0000
http://dbkwik.webdatacommons.org/memory-alpha.wikia.com/resource/D7_class	http://dbkwik.webdatacommons.org/stexpanded.wikia.com/resource/D7_class	=	1.0000
http://dbkwik.webdatacommons.org/memory-alpha.wikia.com/resource/2348	http://dbkwik.webdatacommons.org/stexpanded.wikia.com/resource/2348	=	1.0000
http://dbkwik.webdatacommons.org/memory-alpha.wikia.com/resource/Joel_Randolph	http://dbkwik.webdatacommons.org/stexpanded.wikia.com/resource/Joel_Randolph	=	1.0000
http://dbkwik.webdatacommons.org/memory-alpha.wikia.com/resource/Thot	http://dbkwik.webdatacommons.org/stexpanded.wikia.com/resource/Thot	=	1.0000
http://memory-alpha.wikia.com/wiki/Special:FilePath/M-11.jpg?width=300	http://stexpanded.wikia.com/wiki/Special:FilePath/11.jpg?width=300	=	0.9035
http://memory-alpha.wikia.com/wiki/Special:FilePath/Geordi_La_Forge,_2395.jpg?width=300	http://stexpanded.wikia.com/wiki/Special:FilePath/GeordiLaForge2379.jpg?width=300	=	0.8935
http://dbkwik.webdatacommons.org/memory-alpha.wikia.com/resource/2371	http://dbkwik.webdatacommons.org/stexpanded.wikia.com/resource/2371	=	1.0000
http://dbkwik.webdatacommons.org/memory-alpha.wikia.com/resource/Rigel_III	http://dbkwik.webdatacommons.org/stexpanded.wikia.com/resource/Rigel_III	=	1.0000
http://dbkwik.webdatacommons.org/memory-alpha.wikia.com/resource/1978	http://dbkwik.webdatacommons.org/stexpanded.wikia.com/resource/1978	=	1.0000
http://dbkwik.webdatacommons.org/memory-alpha.wikia.com/resource/Denobulan	http://dbkwik.webdatacommons.org/stexpanded.wikia.com/resource/Denobulan	=	1.0000
http://dbkwik.webdatacommons.org/memory-alpha.wikia.com/resource/Accounting	http://dbkwik.webdatacommons.org/stexpanded.wikia.com/resource/Accounting	=	1.0000
http://dbkwik.webdatacommons.org/memory-alpha.wikia.com/resource/Chief	http://dbkwik.webdatacommons.org/stexpanded.wikia.com/resource/Chief	=	1.0000
http://dbkwik.webdatacommons.org/memory-alpha.wikia.com/resource/Shelley	http://dbkwik.webdatacommons.org/stexpanded.wikia.com/resource/Shelley	=	1.0000
http://dbkwik.webdatacommons.org/memory-alpha.wikia.com/resource/USS_Merrimac_(NCC-1715)	http://dbkwik.webdatacommons.org/stexpanded.wikia.com/resource/USS_Merrimac_(NCC-1715)	=	1.0000
http://dbkwik.webdatacommons.org/memory-alpha.wikia.com/resource/Borias_Cluster	http://dbkwik.webdatacommons.org/stexpanded.wikia.com/resource/Borias_Cluster	=	1.0000
http://memory-alpha.wikia.com/wiki/Special:FilePath/Klingon_Bird-of-Prey.jpg	http://stexpanded.wikia.com/wiki/Special:FilePath/Klingon_Bird-of-Prey.jpg	=	1.0000
http://dbkwik.webdatacommons.org/memory-alpha.wikia.com/resource/IKS_Rotarran	http://dbkwik.webdatacommons.org/stexpanded.wikia.com/resource/IKS_Rotarran	=	1.0000
http://memory-alpha.wikia.com/wiki/Special:FilePath/Charlene_Masters.jpg?width=300	http://stexpanded.wikia.com/wiki/Special:FilePath/Charlene_Masters.jpg?width=300	=	1.0000
http://dbkwik.webdatacommons.org/memory-alpha.wikia.com/resource/1930s	http://dbkwik.webdatacommons.org/stexpanded.wikia.com/resource/1930s	=	1.0000
http://dbkwik.webdatacommons.org/memory-alpha.wikia.com/resource/Genre	http://dbkwik.webdatacommons.org/stexpanded.wikia.com/property/genre	=	1.0000
http://dbkwik.webdatacommons.org/memory-alpha.wikia.com/resource/Starbase_371	http://dbkwik.webdatacommons.org/stexpanded.wikia.com/resource/Starbase_371	=	1.0000
http://dbkwik.webdatacommons.org/memory-alpha.wikia.com/resource/2197	http://dbkwik.webdatacommons.org/stexpanded.wikia.com/resource/2197	=	1.0000
http://dbkwik.webdatacommons.org/memory-alpha.wikia.com/resource/Warship	http://dbkwik.webdatacommons.org/stexpanded.wikia.com/resource/Warship	=	1.0000
http://memory-alpha.wikia.com/wiki/Special:FilePath/Macet.jpg	http://stexpanded.wikia.com/wiki/Special:FilePath/Macet.jpg	=	1.0000
http://memory-alpha.wikia.com/wiki/Special:FilePath/MacintoshPlus.jpg?width=300	http://stexpanded.wikia.com/wiki/Special:FilePath/MacintoshPlus.jpg?width=300	=	1.0000
http://dbkwik.webdatacommons.org/memory-alpha.wikia.com/resource/Orb_experience	http://dbkwik.webdatacommons.org/stexpanded.wikia.com/resource/Orb_experience	=	1.0000
http://dbkwik.webdatacommons.org/memory-alpha.wikia.com/property/size	http://dbkwik.webdatacommons.org/stexpanded.wikia.com/property/size	=	1.0000
http://dbkwik.webdatacommons.org/memory-alpha.wikia.com/resource/Starbase_234	http://dbkwik.webdatacommons.org/stexpanded.wikia.com/resource/Starbase_234	=	1.0000
http://memory-alpha.wikia.com/wiki/Special:FilePath/Taitt.jpg?width=300	http://stexpanded.wikia.com/wiki/Special:FilePath/Taitt.jpg?width=300	=	1.0000
http://dbkwik.webdatacommons.org/memory-alpha.wikia.com/resource/James_T._Kirk_(alternate_reality)	http://dbkwik.webdatacommons.org/stexpanded.wikia.com/resource/James_T._Kirk_(alternate_reality)	=	1.0000
http://memory-alpha.wikia.com/wiki/Special:FilePath/Burke_(Chief).jpg	http://stexpanded.wikia.com/wiki/Special:FilePath/Burke(Chief).jpg	=	1.0000
http://dbkwik.webdatacommons.org/memory-alpha.wikia.com/resource/2328	http://dbkwik.webdatacommons.org/stexpanded.wikia.com/resource/2328	=	1.0000
http://dbkwik.webdatacommons.org/memory-alpha.wikia.com/resource/Plasma_torpedo	http://dbkwik.webdatacommons.org/stexpanded.wikia.com/resource/Plasma_torpedo	=	1.0000
http://dbkwik.webdatacommons.org/memory-alpha.wikia.com/resource/Lemon_tea	http://dbkwik.webdatacommons.org/stexpanded.wikia.com/resource/Lemon_tea	=	1.0000
http://dbkwik.webdatacommons.org/memory-alpha.wikia.com/resource/Magic	http://dbkwik.webdatacommons.org/stexpanded.wikia.com/resource/Magic	=	1.0000
http://dbkwik.webdatacommons.org/memory-alpha.wikia.com/resource/Icarus	http://dbkwik.webdatacommons.org/stexpanded.wikia.com/resource/Icarus	=	1.0000
http://dbkwik.webdatacommons.org/memory-alpha.wikia.com/resource/San_Francisco	http://dbkwik.webdatacommons.org/stexpanded.wikia.com/resource/San_Francisco	=	1.0000
http://dbkwik.webdatacommons.org/memory-alpha.wikia.com/resource/2199	http://dbkwik.webdatacommons.org/stexpanded.wikia.com/resource/2199	=	1.0000
http://memory-alpha.wikia.com/wiki/Special:FilePath/Excelsior_Bridge_1.jpg	http://stexpanded.wikia.com/wiki/Special:FilePath/Excelsior_Bridge_1.jpg	=	1.0000
http://memory-alpha.wikia.com/wiki/Special:FilePath/Vorcha_class.jpg?width=300	http://stexpanded.wikia.com/wiki/Special:FilePath/Vorcha-class.jpg?width=300	=	1.0000
http://dbkwik.webdatacommons.org/memory-alpha.wikia.com/resource/Parrises_squares	http://dbkwik.webdatacommons.org/stexpanded.wikia.com/resource/Parrises_squares	=	1.0000
http://dbkwik.webdatacommons.org/memory-alpha.wikia.com/resource/Beta_Antares_Ship_Yards	http://dbkwik.webdatacommons.org/stexpanded.wikia.com/resource/Beta_Antares_Ship_Yards	=	1.0000
http://dbkwik.webdatacommons.org/memory-alpha.wikia.com/resource/2085	http://dbkwik.webdatacommons.org/stexpanded.wikia.com/resource/2085	=	1.0000
http://dbkwik.webdatacommons.org/memory-alpha.wikia.com/resource/IKS_Vor%27nak	http://dbkwik.webdatacommons.org/stexpanded.wikia.com/resource/IKS_Vor%27nak	=	1.0000
http://memory-alpha.wikia.com/wiki/Special:FilePath/Defiant_Bridge.jpg?width=300	http://stexpanded.wikia.com/wiki/Special:FilePath/Defiant_Bridge2.jpg?width=300	=	0.8683
http://memory-alpha.wikia.com/wiki/Special:FilePath/Jadzia_(mirror),_Through_the_looking_glass.jpg?width=300	http://stexpanded.wikia.com/wiki/Special:FilePath/Jadzia_(mirror),_Through_the_looking_glass.jpg?width=300	=	1.0000
http://dbkwik.webdatacommons.org/memory-alpha.wikia.com/resource/Ocampa	http://dbkwik.webdatacommons.org/stexpanded.wikia.com/resource/Ocampa	=	1.0000
http://dbkwik.webdatacommons.org/memory-alpha.wikia.com/resource/Starfleet_ranks	http://dbkwik.webdatacommons.org/stexpanded.wikia.com/resource/Starfleet_ranks	=	1.0000
http://dbkwik.webdatacommons.org/memory-alpha.wikia.com/resource/City	http://dbkwik.webdatacommons.org/stexpanded.wikia.com/resource/City	=	1.0000
http://dbkwik.webdatacommons.org/memory-alpha.wikia.com/resource/2169	http://dbkwik.webdatacommons.org/stexpanded.wikia.com/resource/2169	=	1.0000
http://memory-alpha.wikia.com/wiki/Special:FilePath/Earth_viewed_from_McKinley_Station.jpg?width=300	http://stexpanded.wikia.com/wiki/Special:FilePath/Earth_viewed_from_McKinley_Station.jpg?width=300	=	1.0000
http://memory-alpha.wikia.com/wiki/Special:FilePath/Charles_Whatley.jpg?width=300	http://stexpanded.wikia.com/wiki/Special:FilePath/Charles_Whatley.jpg?width=300	=	1.0000
http://memory-alpha.wikia.com/wiki/Special:FilePath/Excelsior_Bridge_1.jpg?width=300	http://stexpanded.wikia.com/wiki/Special:FilePath/Excelsior_Bridge_1.jpg?width=300	=	1.0000
http://dbkwik.webdatacommons.org/memory-alpha.wikia.com/resource/Aurora	http://dbkwik.webdatacommons.org/stexpanded.wikia.com/resource/Aurora	=	1.0000
http://dbkwik.webdatacommons.org/memory-alpha.wikia.com/resource/Jem%27Hadar_fighter	http://dbkwik.webdatacommons.org/stexpanded.wikia.com/resource/Jem%27Hadar_fighter	=	1.0000
http://memory-alpha.wikia.com/wiki/Special:FilePath/Galor_class.jpg	http://stexpanded.wikia.com/wiki/Special:FilePath/Galor_Class.jpg	=	1.0000
http://memory-alpha.wikia.com/wiki/Special:FilePath/Mot.jpg?width=300	http://stexpanded.wikia.com/wiki/Special:FilePath/mot.jpeg?width=300	=	0.9064
http://dbkwik.webdatacommons.org/memory-alpha.wikia.com/property/location	http://dbkwik.webdatacommons.org/stexpanded.wikia.com/property/location	=	1.0000
http://dbkwik.webdatacommons.org/memory-alpha.wikia.com/resource/Germany	http://dbkwik.webdatacommons.org/stexpanded.wikia.com/resource/Germany	=	1.0000
http://dbkwik.webdatacommons.org/memory-alpha.wikia.com/resource/Bajoran_language	http://dbkwik.webdatacommons.org/stexpanded.wikia.com/resource/Bajoran_language	=	1.0000
http://memory-alpha.wikia.com/wiki/Special:FilePath/USS_Huron_aft.jpg	http://stexpanded.wikia.com/wiki/Special:FilePath/USS_Huron.jpg	=	0.8793
http://dbkwik.webdatacommons.org/memory-alpha.wikia.com/resource/Tanker	http://dbkwik.webdatacommons.org/stexpanded.wikia.com/resource/Tanker	=	1.0000
http://dbkwik.webdatacommons.org/memory-alpha.wikia.com/resource/Category:Organizations	http://dbkwik.webdatacommons.org/stexpanded.wikia.com/resource/Category:Organizations	=	1.0000
http://memory-alpha.wikia.com/wiki/Special:FilePath/Naomi2394.jpg?width=300	http://stexpanded.wikia.com/wiki/Special:FilePath/Naomi2394.jpg?width=300	=	1.0000
http://memory-alpha.wikia.com/wiki/Special:FilePath/Opaka.jpg?width=300	http://stexpanded.wikia.com/wiki/Special:FilePath/Opaka.jpg?width=300	=	1.0000
http://dbkwik.webdatacommons.org/memory-alpha.wikia.com/resource/Transwarp_drive	http://dbkwik.webdatacommons.org/stexpanded.wikia.com/resource/Transwarp_drive	=	1.0000
http://dbkwik.webdatacommons.org/memory-alpha.wikia.com/resource/Shaun_Geoffrey_Christopher	http://dbkwik.webdatacommons.org/stexpanded.wikia.com/resource/Shaun_Geoffrey_Christopher	=	1.0000
http://memory-alpha.wikia.com/wiki/Special:FilePath/Apollo_LM.jpg?width=300	http://stexpanded.wikia.com/wiki/Special:FilePath/Apollo_Class.jpg?width=300	=	0.8781
http://dbkwik.webdatacommons.org/memory-alpha.wikia.com/resource/USS_Enterprise_(CV-6)	http://dbkwik.webdatacommons.org/stexpanded.wikia.com/resource/USS_Enterprise_(CV-6)	=	1.0000
http://dbkwik.webdatacommons.org/memory-alpha.wikia.com/resource/Lenaris_Holem	http://dbkwik.webdatacommons.org/stexpanded.wikia.com/resource/Lenaris_Holem	=	1.0000
http://dbkwik.webdatacommons.org/memory-alpha.wikia.com/resource/Preservers	http://dbkwik.webdatacommons.org/stexpanded.wikia.com/resource/Preservers	=	1.0000
http://dbkwik.webdatacommons.org/memory-alpha.wikia.com/resource/Coalition_of_Planets	http://dbkwik.webdatacommons.org/stexpanded.wikia.com/resource/Coalition_of_Planets	=	1.0000
http://dbkwik.webdatacommons.org/memory-alpha.wikia.com/resource/Lifeform	http://dbkwik.webdatacommons.org/stexpanded.wikia.com/resource/Lifeform	=	1.0000
http://dbkwik.webdatacommons.org/memory-alpha.wikia.com/resource/Firewine	http://dbkwik.webdatacommons.org/stexpanded.wikia.com/resource/Firewine	=	1.0000
http://memory-alpha.wikia.com/wiki/Special:FilePath/Caitian-brown.jpg	http://stexpanded.wikia.com/wiki/Special:FilePath/Caitian-brown.jpg	=	1.0000
http://dbkwik.webdatacommons.org/memory-alpha.wikia.com/resource/Communications	http://dbkwik.webdatacommons.org/stexpanded.wikia.com/resource/Communications	=	1.0000
http://memory-alpha.wikia.com/wiki/Special:FilePath/Delta_Flyer.jpg?width=300	http://stexpanded.wikia.com/wiki/Special:FilePath/Delta_Flyer.jpg?width=300	=	1.0000
http://dbkwik.webdatacommons.org/memory-alpha.wikia.com/resource/2398	http://dbkwik.webdatacommons.org/stexpanded.wikia.com/resource/2398	=	1.0000
http://dbkwik.webdatacommons.org/memory-alpha.wikia.com/resource/2034	http://dbkwik.webdatacommons.org/stexpanded.wikia.com/resource/2034	=	1.0000
http://memory-alpha.wikia.com/wiki/Special:FilePath/Bio-neural_gel_packs_d14.jpg?width=300	http://stexpanded.wikia.com/wiki/Special:FilePath/Bio-neural_gel_packs.jpg?width=300	=	0.9428
http://dbkwik.webdatacommons.org/memory-alpha.wikia.com/resource/1950s	http://dbkwik.webdatacommons.org/stexpanded.wikia.com/resource/1950s	=	1.0000
http://memory-alpha.wikia.com/wiki/Special:FilePath/Tamarian_starship-galaxy_class.jpg	http://stexpanded.wikia.com/wiki/Special:FilePath/Tamarian_starship-galaxy_class.jpg	=	1.0000
http://dbkwik.webdatacommons.org/memory-alpha.wikia.com/resource/Human	http://dbkwik.webdatacommons.org/stexpanded.wikia.com/resource/Human	=	1.0000
http://dbkwik.webdatacommons.org/memory-alpha.wikia.com/resource/Starfleet_lieutenants_junior_grade	http://dbkwik.webdatacommons.org/stexpanded.wikia.com/resource/Starfleet_lieutenants_junior_grade	=	1.0000
http://dbkwik.webdatacommons.org/memory-alpha.wikia.com/resource/Alexander_Rozhenko	http://dbkwik.webdatacommons.org/stexpanded.wikia.com/resource/Alexander_Rozhenko	=	1.0000
http://dbkwik.webdatacommons.org/memory-alpha.wikia.com/resource/Star_Trek:_The_Final_Frontier	http://dbkwik.webdatacommons.org/stexpanded.wikia.com/resource/Star_Trek:_The_Final_Frontier	=	1.0000
http://dbkwik.webdatacommons.org/memory-alpha.wikia.com/resource/Suliban	http://dbkwik.webdatacommons.org/stexpanded.wikia.com/resource/Suliban	=	1.0000
http://memory-alpha.wikia.com/wiki/Special:FilePath/Archer_interrogates_T%27Pol.jpg	http://stexpanded.wikia.com/wiki/Special:FilePath/Archer_interrogates_T%27Pol.jpg	=	1.0000
http://dbkwik.webdatacommons.org/memory-alpha.wikia.com/resource/Armus	http://dbkwik.webdatacommons.org/stexpanded.wikia.com/resource/Armus	=	1.0000
http://dbkwik.webdatacommons.org/memory-alpha.wikia.com/resource/Starfleet_Medical_Journal	http://dbkwik.webdatacommons.org/stexpanded.wikia.com/resource/Starfleet_Medical_Journal	=	1.0000
http://dbkwik.webdatacommons.org/memory-alpha.wikia.com/resource/28th_century	http://dbkwik.webdatacommons.org/stexpanded.wikia.com/resource/28th_century	=	1.0000
http://dbkwik.webdatacommons.org/memory-alpha.wikia.com/resource/Category:Borg	http://dbkwik.webdatacommons.org/stexpanded.wikia.com/resource/Category:Borg	=	1.0000
http://dbkwik.webdatacommons.org/memory-alpha.wikia.com/property/rank	http://dbkwik.webdatacommons.org/stexpanded.wikia.com/resource/Rank	=	1.0000
http://memory-alpha.wikia.com/wiki/Special:FilePath/Defiant_class_aft.jpg?width=300	http://stexpanded.wikia.com/wiki/Special:FilePath/Defiant_Class.jpg?width=300	=	0.9458
http://memory-alpha.wikia.com/wiki/Special:FilePath/Beverly_Crusher,_2383.jpg?width=300	http://stexpanded.wikia.com/wiki/Special:FilePath/Beverly_Crusher.jpg?width=300	=	0.9365
http://dbkwik.webdatacommons.org/memory-alpha.wikia.com/resource/2291	http://dbkwik.webdatacommons.org/stexpanded.wikia.com/resource/2291	=	1.0000
http://dbkwik.webdatacommons.org/memory-alpha.wikia.com/resource/Berlin_(disambiguation)	http://dbkwik.webdatacommons.org/stexpanded.wikia.com/resource/Berlin_(disambiguation)	=	1.0000
http://memory-alpha.wikia.com/wiki/Special:FilePath/Deneva_surface.jpg?width=300	http://stexpanded.wikia.com/wiki/Special:FilePath/Deneva_surface.jpg?width=300	=	1.0000
http://dbkwik.webdatacommons.org/memory-alpha.wikia.com/resource/Time_portal	http://dbkwik.webdatacommons.org/stexpanded.wikia.com/resource/Time_portal	=	1.0000
http://dbkwik.webdatacommons.org/memory-alpha.wikia.com/resource/Beverly_Crusher	http://dbkwik.webdatacommons.org/stexpanded.wikia.com/resource/Beverly_Crusher	=	1.0000
http://dbkwik.webdatacommons.org/memory-alpha.wikia.com/resource/Garan	http://dbkwik.webdatacommons.org/stexpanded.wikia.com/resource/Garan	=	1.0000
http://dbkwik.webdatacommons.org/memory-alpha.wikia.com/resource/2361	http://dbkwik.webdatacommons.org/stexpanded.wikia.com/resource/2361	=	1.0000
http://dbkwik.webdatacommons.org/memory-alpha.wikia.com/resource/Star_Trek:_Phase_II	http://dbkwik.webdatacommons.org/stexpanded.wikia.com/resource/Star_Trek:_Phase_II	=	1.0000
http://dbkwik.webdatacommons.org/memory-alpha.wikia.com/resource/USS	http://dbkwik.webdatacommons.org/stexpanded.wikia.com/resource/USS	=	1.0000
http://memory-alpha.wikia.com/wiki/Special:FilePath/Benny_Russell.jpg	http://stexpanded.wikia.com/wiki/Special:FilePath/Benny_Russell.jpg	=	1.0000
http://dbkwik.webdatacommons.org/memory-alpha.wikia.com/resource/Austria	http://dbkwik.webdatacommons.org/stexpanded.wikia.com/resource/Austria	=	1.0000
http://memory-alpha.wikia.com/wiki/Special:FilePath/Bajoran_wormhole.jpg?width=300	http://stexpanded.wikia.com/wiki/Special:FilePath/Bajoran_wormhole.jpg?width=300	=	1.0000
http://dbkwik.webdatacommons.org/memory-alpha.wikia.com/resource/USS_Tripoli	http://dbkwik.webdatacommons.org/stexpanded.wikia.com/resource/USS_Tripoli	=	1.0000
http://dbkwik.webdatacommons.org/memory-alpha.wikia.com/resource/Lembatta_Cluster	http://dbkwik.webdatacommons.org/stexpanded.wikia.com/resource/Lembatta_Cluster	=	1.0000
http://memory-alpha.wikia.com/wiki/Special:FilePath/F_Hawkins.jpg?width=300	http://stexpanded.wikia.com/wiki/Special:FilePath/Sam_Hawkins.jpg?width=300	=	0.8931
http://dbkwik.webdatacommons.org/memory-alpha.wikia.com/resource/IKS_Vorn	http://dbkwik.webdatacommons.org/stexpanded.wikia.com/resource/IKS_Vorn	=	1.0000
http://dbkwik.webdatacommons.org/memory-alpha.wikia.com/resource/Zero_gravity	http://dbkwik.webdatacommons.org/stexpanded.wikia.com/resource/Zero_gravity	=	1.0000
http://memory-alpha.wikia.com/wiki/Special:FilePath/Crew_observes_the_american_revolution.jpg	http://stexpanded.wikia.com/wiki/Special:FilePath/Crew_observes_the_american_revolution.jpg	=	1.0000
http://dbkwik.webdatacommons.org/memory-alpha.wikia.com/resource/2241	http://dbkwik.webdatacommons.org/stexpanded.wikia.com/resource/2241	=	1.0000
http://dbkwik.webdatacommons.org/memory-alpha.wikia.com/resource/2160	http://dbkwik.webdatacommons.org/stexpanded.wikia.com/resource/2160	=	1.0000
http://dbkwik.webdatacommons.org/memory-alpha.wikia.com/resource/Planet_Q	http://dbkwik.webdatacommons.org/stexpanded.wikia.com/resource/Planet_Q	=	1.0000
http://memory-alpha.wikia.com/wiki/Special:FilePath/Dermal_regenerator_workforce.jpg	http://stexpanded.wikia.com/wiki/Special:FilePath/Dermal_regenerator_workforce.jpg	=	1.0000
http://dbkwik.webdatacommons.org/memory-alpha.wikia.com/resource/2292	http://dbkwik.webdatacommons.org/stexpanded.wikia.com/resource/2292	=	1.0000
http://dbkwik.webdatacommons.org/memory-alpha.wikia.com/resource/Running	http://dbkwik.webdatacommons.org/stexpanded.wikia.com/resource/Running	=	1.0000
http://dbkwik.webdatacommons.org/memory-alpha.wikia.com/resource/Category:Bolians	http://dbkwik.webdatacommons.org/stexpanded.wikia.com/resource/Category:Bolians	=	1.0000
http://memory-alpha.wikia.com/wiki/Special:FilePath/Constitution_class_refit_officers_quarters.jpg	http://stexpanded.wikia.com/wiki/Special:FilePath/Constitution_class_refit_officers_quarters.jpg	=	1.0000
http://dbkwik.webdatacommons.org/memory-alpha.wikia.com/resource/Real_estate	http://dbkwik.webdatacommons.org/stexpanded.wikia.com/resource/Real_estate	=	1.0000
http://dbkwik.webdatacommons.org/memory-alpha.wikia.com/resource/Category:Groups	http://dbkwik.webdatacommons.org/stexpanded.wikia.com/resource/Category:Groups	=	1.0000
http://dbkwik.webdatacommons.org/memory-alpha.wikia.com/resource/Romulan_mind_probe	http://dbkwik.webdatacommons.org/stexpanded.wikia.com/resource/Romulan_mind_probe	=	1.0000
http://memory-alpha.wikia.com/wiki/Special:FilePath/Dyson_sphere.jpg	http://stexpanded.wikia.com/wiki/Special:FilePath/Dyson_sphere.jpg	=	1.0000
http://dbkwik.webdatacommons.org/memory-alpha.wikia.com/resource/Chancellor_of_the_Klingon_High_Council	http://dbkwik.webdatacommons.org/stexpanded.wikia.com/resource/Chancellor_of_the_Klingon_High_Council	=	1.0000
http://dbkwik.webdatacommons.org/memory-alpha.wikia.com/resource/Category:UESPA_personnel	http://dbkwik.webdatacommons.org/stexpanded.wikia.com/resource/Category:UESPA_personnel	=	1.0000
http://dbkwik.webdatacommons.org/memory-alpha.wikia.com/resource/James_Moriarty	http://dbkwik.webdatacommons.org/stexpanded.wikia.com/resource/James_Moriarty	=	1.0000
http://memory-alpha.wikia.com/wiki/Special:FilePath/Andoria.jpg?width=300	http://stexpanded.wikia.com/wiki/Special:FilePath/Andoria.jpg?width=300	=	1.0000
http://dbkwik.webdatacommons.org/memory-alpha.wikia.com/resource/Iconian	http://dbkwik.webdatacommons.org/stexpanded.wikia.com/resource/Iconian	=	1.0000
http://dbkwik.webdatacommons.org/memory-alpha.wikia.com/resource/Ryan_T._Husk	http://dbkwik.webdatacommons.org/stexpanded.wikia.com/resource/Ryan_T._Husk	=	1.0000
http://memory-alpha.wikia.com/wiki/Special:FilePath/Isc.jpg?width=300	http://stexpanded.wikia.com/wiki/Special:FilePath/ISC-CC.jpg?width=300	=	0.9179
http://dbkwik.webdatacommons.org/memory-alpha.wikia.com/resource/Horta	http://dbkwik.webdatacommons.org/stexpanded.wikia.com/resource/Horta	=	1.0000
http://dbkwik.webdatacommons.org/memory-alpha.wikia.com/resource/Hayes_(Male_Admiral)	http://dbkwik.webdatacommons.org/stexpanded.wikia.com/resource/Hayes_(Male_Admiral)	=	1.0000
http://dbkwik.webdatacommons.org/memory-alpha.wikia.com/resource/Starfleet_uniform_(alternate)	http://dbkwik.webdatacommons.org/stexpanded.wikia.com/resource/Starfleet_uniform_(alternate)	=	1.0000
http://dbkwik.webdatacommons.org/memory-alpha.wikia.com/resource/Dyson	http://dbkwik.webdatacommons.org/stexpanded.wikia.com/resource/Dyson	=	1.0000
http://memory-alpha.wikia.com/wiki/Special:FilePath/IKS_Vorn.jpg?width=300	http://stexpanded.wikia.com/wiki/Special:FilePath/IKS_Ha%27vok.jpg?width=300	=	0.8662
http://memory-alpha.wikia.com/wiki/Special:FilePath/TalCeles.jpg?width=300	http://stexpanded.wikia.com/wiki/Special:FilePath/Tal_Celes.jpg?width=300	=	1.0000
http://dbkwik.webdatacommons.org/memory-alpha.wikia.com/resource/Elim_Garak	http://dbkwik.webdatacommons.org/stexpanded.wikia.com/resource/Elim_Garak	=	1.0000
http://dbkwik.webdatacommons.org/memory-alpha.wikia.com/resource/Warp_core	http://dbkwik.webdatacommons.org/stexpanded.wikia.com/resource/Warp_core	=	1.0000
http://dbkwik.webdatacommons.org/memory-alpha.wikia.com/resource/Cryogenic_stasis	http://dbkwik.webdatacommons.org/stexpanded.wikia.com/resource/Cryogenic_stasis	=	1.0000
http://dbkwik.webdatacommons.org/memory-alpha.wikia.com/resource/2020	http://dbkwik.webdatacommons.org/stexpanded.wikia.com/resource/2020	=	1.0000
http://dbkwik.webdatacommons.org/memory-alpha.wikia.com/resource/Kyle	http://dbkwik.webdatacommons.org/stexpanded.wikia.com/resource/Kyle	=	1.0000
http://dbkwik.webdatacommons.org/memory-alpha.wikia.com/resource/1962	http://dbkwik.webdatacommons.org/stexpanded.wikia.com/resource/1962	=	1.0000
http://dbkwik.webdatacommons.org/memory-alpha.wikia.com/resource/1984	http://dbkwik.webdatacommons.org/stexpanded.wikia.com/resource/1984	=	1.0000
http://dbkwik.webdatacommons.org/memory-alpha.wikia.com/resource/Martok	http://dbkwik.webdatacommons.org/stexpanded.wikia.com/resource/Martok	=	1.0000
http://memory-alpha.wikia.com/wiki/Special:FilePath/Molecular_reversion_field_diagram.jpg	http://stexpanded.wikia.com/wiki/Special:FilePath/Molecular_reversion_field_diagram.jpg	=	1.0000
http://dbkwik.webdatacommons.org/memory-alpha.wikia.com/resource/Erik_Pressman	http://dbkwik.webdatacommons.org/stexpanded.wikia.com/resource/Erik_Pressman	=	1.0000
http://dbkwik.webdatacommons.org/memory-alpha.wikia.com/resource/2067	http://dbkwik.webdatacommons.org/stexpanded.wikia.com/resource/2067	=	1.0000
http://dbkwik.webdatacommons.org/memory-alpha.wikia.com/resource/Dreadnought	http://dbkwik.webdatacommons.org/stexpanded.wikia.com/resource/Dreadnought	=	1.0000
http://dbkwik.webdatacommons.org/memory-alpha.wikia.com/resource/Plasma_coolant	http://dbkwik.webdatacommons.org/stexpanded.wikia.com/resource/Plasma_coolant	=	1.0000
http://memory-alpha.wikia.com/wiki/Special:FilePath/StarfleetHeadquarters2372.jpg?width=300	http://stexpanded.wikia.com/wiki/Special:FilePath/StarfleetHeadquarters2372.jpg?width=300	=	1.0000
http://dbkwik.webdatacommons.org/memory-alpha.wikia.com/resource/2325	http://dbkwik.webdatacommons.org/stexpanded.wikia.com/resource/2325	=	1.0000
http://dbkwik.webdatacommons.org/memory-alpha.wikia.com/resource/Helm	http://dbkwik.webdatacommons.org/stexpanded.wikia.com/resource/Helm	=	1.0000
http://dbkwik.webdatacommons.org/memory-alpha.wikia.com/resource/Torros_III	http://dbkwik.webdatacommons.org/stexpanded.wikia.com/resource/Torros_III	=	1.0000
http://memory-alpha.wikia.com/wiki/Special:FilePath/Aquiel_Uhnari.jpg?width=300	http://stexpanded.wikia.com/wiki/Special:FilePath/Uhnari,_Aquiel.jpg?width=300	=	0.9164
http://memory-alpha.wikia.com/wiki/Special:FilePath/JupiterStation.jpg	http://stexpanded.wikia.com/wiki/Special:FilePath/JupiterStation.jpg	=	1.0000
http://dbkwik.webdatacommons.org/memory-alpha.wikia.com/resource/Category:Lists	http://dbkwik.webdatacommons.org/stexpanded.wikia.com/resource/Category:Lists	=	1.0000
http://memory-alpha.wikia.com/wiki/Special:FilePath/Tuvok,_2293.jpg?width=300	http://stexpanded.wikia.com/wiki/Special:FilePath/Tuvok2384.jpg?width=300	=	0.8721
http://dbkwik.webdatacommons.org/memory-alpha.wikia.com/resource/Star_Trek:_Shattered_Universe	http://dbkwik.webdatacommons.org/stexpanded.wikia.com/resource/Star_Trek:_Shattered_Universe_(RPG)	=	0.8874
http://dbkwik.webdatacommons.org/memory-alpha.wikia.com/resource/Category:Agencies	http://dbkwik.webdatacommons.org/stexpanded.wikia.com/resource/Category:Agencies	=	1.0000
http://dbkwik.webdatacommons.org/memory-alpha.wikia.com/resource/Starbase_414	http://dbkwik.webdatacommons.org/stexpanded.wikia.com/resource/Starbase_414	=	1.0000
http://memory-alpha.wikia.com/wiki/Special:FilePath/Terra_Prime_logo.png	http://stexpanded.wikia.com/wiki/Special:FilePath/Terra_Prime_logo.png	=	1.0000
http://dbkwik.webdatacommons.org/memory-alpha.wikia.com/resource/Battle_of_Ricktor_Prime	http://dbkwik.webdatacommons.org/stexpanded.wikia.com/resource/Battle_of_Ricktor_Prime	=	1.0000
http://dbkwik.webdatacommons.org/memory-alpha.wikia.com/resource/Solkar	http://dbkwik.webdatacommons.org/stexpanded.wikia.com/resource/Solkar	=	1.0000
http://dbkwik.webdatacommons.org/memory-alpha.wikia.com/resource/Category:Prisons_and_penal_colonies	http://dbkwik.webdatacommons.org/stexpanded.wikia.com/resource/Category:Prisons_and_penal_colonies	=	1.0000
http://dbkwik.webdatacommons.org/memory-alpha.wikia.com/resource/Canberra	http://dbkwik.webdatacommons.org/stexpanded.wikia.com/resource/Canberra	=	1.0000
http://dbkwik.webdatacommons.org/memory-alpha.wikia.com/resource/Category:Terok_Nor_residents	http://dbkwik.webdatacommons.org/stexpanded.wikia.com/resource/Category:Terok_Nor_residents	=	1.0000
http://dbkwik.webdatacommons.org/memory-alpha.wikia.com/resource/Ghost_ship	http://dbkwik.webdatacommons.org/stexpanded.wikia.com/resource/Ghost_Ship	=	1.0000
http://memory-alpha.wikia.com/wiki/Special:FilePath/Arcadian.jpg?width=300	http://stexpanded.wikia.com/wiki/Special:FilePath/Arcadiaearth.jpg?width=300	=	0.8671
http://dbkwik.webdatacommons.org/memory-alpha.wikia.com/resource/Tellarite	http://dbkwik.webdatacommons.org/stexpanded.wikia.com/resource/Tellarite	=	1.0000
http://dbkwik.webdatacommons.org/memory-alpha.wikia.com/resource/Delta_Vega	http://dbkwik.webdatacommons.org/stexpanded.wikia.com/resource/Delta_Vega	=	1.0000
http://dbkwik.webdatacommons.org/memory-alpha.wikia.com/resource/Empok_Nor	http://dbkwik.webdatacommons.org/stexpanded.wikia.com/resource/Empok_Nor	=	1.0000
http://dbkwik.webdatacommons.org/memory-alpha.wikia.com/resource/Admiral	http://dbkwik.webdatacommons.org/stexpanded.wikia.com/resource/Admiral	=	1.0000
http://dbkwik.webdatacommons.org/memory-alpha.wikia.com/resource/Akaali	http://dbkwik.webdatacommons.org/stexpanded.wikia.com/resource/Akaali	=	1.0000
http://dbkwik.webdatacommons.org/memory-alpha.wikia.com/resource/USS_Intrepid_(NCC-1631)	http://dbkwik.webdatacommons.org/stexpanded.wikia.com/resource/USS_Intrepid_(NCC-1631)	=	1.0000
http://dbkwik.webdatacommons.org/memory-alpha.wikia.com/resource/Category:Starfleet_enlisted_personnel	http://dbkwik.webdatacommons.org/stexpanded.wikia.com/resource/Category:Starfleet_enlisted_personnel	=	1.0000
http://memory-alpha.wikia.com/wiki/Special:FilePath/Excelsior_class.jpg?width=300	http://stexpanded.wikia.com/wiki/Special:FilePath/Excelsior_Class.jpg?width=300	=	1.0000
http://dbkwik.webdatacommons.org/memory-alpha.wikia.com/resource/2028	http://dbkwik.webdatacommons.org/stexpanded.wikia.com/resource/2028	=	1.0000
http://dbkwik.webdatacommons.org/memory-alpha.wikia.com/resource/Sensor	http://dbkwik.webdatacommons.org/stexpanded.wikia.com/resource/Sensor	=	1.0000
http://dbkwik.webdatacommons.org/memory-alpha.wikia.com/resource/Bolian	http://dbkwik.webdatacommons.org/stexpanded.wikia.com/resource/Bolian	=	1.0000
http://dbkwik.webdatacommons.org/memory-alpha.wikia.com/resource/Court_Martial	http://dbkwik.webdatacommons.org/stexpanded.wikia.com/resource/Court-martial	=	1.0000
http://memory-alpha.wikia.com/wiki/Special:FilePath/Henry_Archer_and_young_Jonathan_Archer.jpg	http://stexpanded.wikia.com/wiki/Special:FilePath/Henry_Archer_and_young_Jonathan_Archer.jpg	=	1.0000
http://dbkwik.webdatacommons.org/memory-alpha.wikia.com/resource/Ships_of_the_Star_Fleet	http://dbkwik.webdatacommons.org/stexpanded.wikia.com/resource/Ships_of_the_Star_Fleet	=	1.0000
http://memory-alpha.wikia.com/wiki/Special:FilePath/Spock_dress_uniform.jpg	http://stexpanded.wikia.com/wiki/Special:FilePath/Spock_dress_uniform.jpg	=	1.0000
http://memory-alpha.wikia.com/wiki/Special:FilePath/Prometheus_class_sickbay.jpg?width=300	http://stexpanded.wikia.com/wiki/Special:FilePath/PrometheusClassSickbay.jpg?width=300	=	1.0000
http://dbkwik.webdatacommons.org/memory-alpha.wikia.com/resource/Klingon_Civil_War	http://dbkwik.webdatacommons.org/stexpanded.wikia.com/resource/Klingon_Civil_War	=	1.0000
http://dbkwik.webdatacommons.org/memory-alpha.wikia.com/resource/Demilitarized_Zone	http://dbkwik.webdatacommons.org/stexpanded.wikia.com/resource/Demilitarized_Zone	=	1.0000
http://dbkwik.webdatacommons.org/memory-alpha.wikia.com/resource/Intelligence_agency	http://dbkwik.webdatacommons.org/stexpanded.wikia.com/resource/Intelligence_agency	=	1.0000
http://memory-alpha.wikia.com/wiki/Special:FilePath/DNA.jpg?width=300	http://stexpanded.wikia.com/wiki/Special:FilePath/DNA.jpg?width=300	=	1.0000
http://dbkwik.webdatacommons.org/memory-alpha.wikia.com/resource/Phaser	http://dbkwik.webdatacommons.org/stexpanded.wikia.com/resource/Phaser	=	1.0000
http://dbkwik.webdatacommons.org/memory-alpha.wikia.com/resource/Soyuz_class	http://dbkwik.webdatacommons.org/stexpanded.wikia.com/resource/Soyuz_class	=	1.0000
http://dbkwik.webdatacommons.org/memory-alpha.wikia.com/resource/Q	http://dbkwik.webdatacommons.org/stexpanded.wikia.com/resource/Q	=	1.0000
http://dbkwik.webdatacommons.org/memory-alpha.wikia.com/resource/SS_Columbia	http://dbkwik.webdatacommons.org/stexpanded.wikia.com/resource/SS_Columbia	=	1.0000
http://memory-alpha.wikia.com/wiki/Special:FilePath/Silik2151.jpg?width=300	http://stexpanded.wikia.com/wiki/Special:FilePath/Silik2151.jpg?width=300	=	1.0000
http://dbkwik.webdatacommons.org/memory-alpha.wikia.com/resource/Seattle	http://dbkwik.webdatacommons.org/stexpanded.wikia.com/resource/Seattle	=	1.0000
http://dbkwik.webdatacommons.org/memory-alpha.wikia.com/resource/Category:Deep_Space_9_personnel	http://dbkwik.webdatacommons.org/stexpanded.wikia.com/resource/Category:Deep_Space_9_personnel	=	1.0000
http://dbkwik.webdatacommons.org/memory-alpha.wikia.com/resource/Starbase_201	http://dbkwik.webdatacommons.org/stexpanded.wikia.com/resource/Starbase_201	=	1.0000
http://dbkwik.webdatacommons.org/memory-alpha.wikia.com/resource/Gowron	http://dbkwik.webdatacommons.org/stexpanded.wikia.com/resource/Gowron	=	1.0000
http://dbkwik.webdatacommons.org/memory-alpha.wikia.com/resource/Vienna	http://dbkwik.webdatacommons.org/stexpanded.wikia.com/resource/Vienna	=	1.0000
http://dbkwik.webdatacommons.org/memory-alpha.wikia.com/resource/Tachyon_detection_grid	http://dbkwik.webdatacommons.org/stexpanded.wikia.com/resource/Tachyon_detection_grid	=	1.0000
http://dbkwik.webdatacommons.org/memory-alpha.wikia.com/resource/Foods_and_beverages	http://dbkwik.webdatacommons.org/stexpanded.wikia.com/resource/Foods_and_beverages	=	1.0000
http://dbkwik.webdatacommons.org/memory-alpha.wikia.com/resource/Category:Reference_books	http://dbkwik.webdatacommons.org/stexpanded.wikia.com/resource/Category:Reference_books	=	1.0000
http://dbkwik.webdatacommons.org/memory-alpha.wikia.com/resource/Redshirt	http://dbkwik.webdatacommons.org/stexpanded.wikia.com/resource/Redshirt	=	1.0000
http://dbkwik.webdatacommons.org/memory-alpha.wikia.com/resource/Alliance	http://dbkwik.webdatacommons.org/stexpanded.wikia.com/resource/Alliance	=	1.0000
http://memory-alpha.wikia.com/wiki/Special:FilePath/Jonathan_Archer,_2154.jpg?width=300	http://stexpanded.wikia.com/wiki/Special:FilePath/JonathanArcher2143.jpg?width=300	=	0.9119
http://memory-alpha.wikia.com/wiki/Special:FilePath/Danube_class,_2369.jpg	http://stexpanded.wikia.com/wiki/Special:FilePath/Danube_Class.jpg	=	0.8712
http://dbkwik.webdatacommons.org/memory-alpha.wikia.com/resource/2039	http://dbkwik.webdatacommons.org/stexpanded.wikia.com/resource/2039	=	1.0000
http://dbkwik.webdatacommons.org/memory-alpha.wikia.com/resource/D%27Arsay	http://dbkwik.webdatacommons.org/stexpanded.wikia.com/resource/D%27Arsay	=	1.0000
http://memory-alpha.wikia.com/wiki/Special:FilePath/Vash.jpg	http://stexpanded.wikia.com/wiki/Special:FilePath/Vash.jpg	=	1.0000
http://dbkwik.webdatacommons.org/memory-alpha.wikia.com/resource/Lara	http://dbkwik.webdatacommons.org/stexpanded.wikia.com/resource/Lara	=	1.0000
http://dbkwik.webdatacommons.org/memory-alpha.wikia.com/resource/Regiment	http://dbkwik.webdatacommons.org/stexpanded.wikia.com/resource/Regiment	=	1.0000
http://dbkwik.webdatacommons.org/memory-alpha.wikia.com/resource/Phase_inducer	http://dbkwik.webdatacommons.org/stexpanded.wikia.com/resource/Phase_inducer	=	1.0000
http://memory-alpha.wikia.com/wiki/Special:FilePath/Ocularimplant.jpg	http://stexpanded.wikia.com/wiki/Special:FilePath/Ocularimplant.jpg	=	1.0000
http://memory-alpha.wikia.com/wiki/Special:FilePath/Garrovick.jpg	http://stexpanded.wikia.com/wiki/Special:FilePath/Garrovick03.jpg	=	0.9077
http://memory-alpha.wikia.com/wiki/Special:FilePath/Raven_deckplan.jpg	http://stexpanded.wikia.com/wiki/Special:FilePath/Raven_deckplan.jpg	=	1.0000
http://dbkwik.webdatacommons.org/memory-alpha.wikia.com/resource/Helmsman	http://dbkwik.webdatacommons.org/stexpanded.wikia.com/resource/Helmsman	=	1.0000
http://dbkwik.webdatacommons.org/memory-alpha.wikia.com/resource/2171	http://dbkwik.webdatacommons.org/stexpanded.wikia.com/resource/2171	=	1.0000
http://dbkwik.webdatacommons.org/memory-alpha.wikia.com/resource/Ceti_Alpha_V	http://dbkwik.webdatacommons.org/stexpanded.wikia.com/resource/Ceti_Alpha_V	=	1.0000
http://dbkwik.webdatacommons.org/memory-alpha.wikia.com/resource/Russia	http://dbkwik.webdatacommons.org/stexpanded.wikia.com/resource/Russia	=	1.0000
http://dbkwik.webdatacommons.org/memory-alpha.wikia.com/resource/Colonel	http://dbkwik.webdatacommons.org/stexpanded.wikia.com/resource/Colonel	=	1.0000
http://memory-alpha.wikia.com/wiki/Special:FilePath/NX_quarters.jpg	http://stexpanded.wikia.com/wiki/Special:FilePath/NX_quarters.jpg	=	1.0000
http://dbkwik.webdatacommons.org/memory-alpha.wikia.com/resource/Tribble	http://dbkwik.webdatacommons.org/stexpanded.wikia.com/resource/Tribble	=	1.0000
http://memory-alpha.wikia.com/wiki/Special:FilePath/Romulan_bird-of-prey,_TOS-firing_torpedo.jpg	http://stexpanded.wikia.com/wiki/Special:FilePath/Romulan_bird-of-prey,_TOS-firing_torpedo.jpg	=	1.0000
http://dbkwik.webdatacommons.org/memory-alpha.wikia.com/resource/Illyrian	http://dbkwik.webdatacommons.org/stexpanded.wikia.com/resource/Illyrian	=	1.0000
http://dbkwik.webdatacommons.org/memory-alpha.wikia.com/resource/Temporal_displacement	http://dbkwik.webdatacommons.org/stexpanded.wikia.com/resource/Temporal_displacement	=	1.0000
http://dbkwik.webdatacommons.org/memory-alpha.wikia.com/resource/2340	http://dbkwik.webdatacommons.org/stexpanded.wikia.com/resource/2340	=	1.0000
http://dbkwik.webdatacommons.org/memory-alpha.wikia.com/resource/Katra	http://dbkwik.webdatacommons.org/stexpanded.wikia.com/resource/Katra	=	1.0000
http://dbkwik.webdatacommons.org/memory-alpha.wikia.com/resource/2234	http://dbkwik.webdatacommons.org/stexpanded.wikia.com/resource/2234	=	1.0000
http://memory-alpha.wikia.com/wiki/Special:FilePath/Sovereign_Ready_Room.jpg	http://stexpanded.wikia.com/wiki/Special:FilePath/Sovereign_Ready_Room.jpg	=	1.0000
http://dbkwik.webdatacommons.org/memory-alpha.wikia.com/resource/2338	http://dbkwik.webdatacommons.org/stexpanded.wikia.com/resource/2338	=	1.0000
http://dbkwik.webdatacommons.org/memory-alpha.wikia.com/resource/Neutron_star	http://dbkwik.webdatacommons.org/stexpanded.wikia.com/resource/Neutron_star	=	1.0000
http://dbkwik.webdatacommons.org/memory-alpha.wikia.com/resource/2350s	http://dbkwik.webdatacommons.org/stexpanded.wikia.com/resource/2350s	=	1.0000
http://dbkwik.webdatacommons.org/memory-alpha.wikia.com/resource/Earth_Outpost_Station	http://dbkwik.webdatacommons.org/stexpanded.wikia.com/resource/Earth_Outpost_Station	=	1.0000
http://dbkwik.webdatacommons.org/memory-alpha.wikia.com/resource/2359	http://dbkwik.webdatacommons.org/stexpanded.wikia.com/resource/2359	=	1.0000
http://dbkwik.webdatacommons.org/memory-alpha.wikia.com/resource/Sonak	http://dbkwik.webdatacommons.org/stexpanded.wikia.com/resource/Sonak	=	1.0000
http://memory-alpha.wikia.com/wiki/Special:FilePath/Macet.jpg?width=300	http://stexpanded.wikia.com/wiki/Special:FilePath/Macet.jpg?width=300	=	1.0000
http://dbkwik.webdatacommons.org/memory-alpha.wikia.com/resource/Zoo	http://dbkwik.webdatacommons.org/stexpanded.wikia.com/resource/Zoo	=	1.0000
http://dbkwik.webdatacommons.org/memory-alpha.wikia.com/resource/Category:Bajorans	http://dbkwik.webdatacommons.org/stexpanded.wikia.com/resource/Category:Bajorans	=	1.0000
http://dbkwik.webdatacommons.org/memory-alpha.wikia.com/resource/Category:Moons	http://dbkwik.webdatacommons.org/stexpanded.wikia.com/resource/Category:Moons	=	1.0000
http://dbkwik.webdatacommons.org/memory-alpha.wikia.com/resource/Black_hole	http://dbkwik.webdatacommons.org/stexpanded.wikia.com/resource/Black_hole	=	1.0000
http://memory-alpha.wikia.com/wiki/Special:FilePath/Gary_Mitchell.jpg	http://stexpanded.wikia.com/wiki/Special:FilePath/GaryMitchell.jpg	=	1.0000
http://dbkwik.webdatacommons.org/memory-alpha.wikia.com/resource/2313	http://dbkwik.webdatacommons.org/stexpanded.wikia.com/resource/2313	=	1.0000
http://memory-alpha.wikia.com/wiki/Special:FilePath/Denevan_3.jpg?width=300	http://stexpanded.wikia.com/wiki/Special:FilePath/Deneva.jpg?width=300	=	0.8820
http://dbkwik.webdatacommons.org/memory-alpha.wikia.com/resource/Category:Romulan_Neutral_Zone	http://dbkwik.webdatacommons.org/stexpanded.wikia.com/resource/Category:Romulan_Neutral_Zone	=	1.0000
http://dbkwik.webdatacommons.org/memory-alpha.wikia.com/resource/Shipyard	http://dbkwik.webdatacommons.org/stexpanded.wikia.com/resource/Shipyard	=	1.0000
http://memory-alpha.wikia.com/wiki/Special:FilePath/Selar.jpg	http://stexpanded.wikia.com/wiki/Special:FilePath/Selar.jpg	=	1.0000
http://dbkwik.webdatacommons.org/memory-alpha.wikia.com/resource/Interphase	http://dbkwik.webdatacommons.org/stexpanded.wikia.com/resource/Interphases	=	0.9095
http://dbkwik.webdatacommons.org/memory-alpha.wikia.com/resource/Category:Starfleet_personnel_(23rd_century)	http://dbkwik.webdatacommons.org/stexpanded.wikia.com/resource/Category:Starfleet_personnel_(23rd_century)	=	1.0000
http://dbkwik.webdatacommons.org/memory-alpha.wikia.com/resource/2330	http://dbkwik.webdatacommons.org/stexpanded.wikia.com/resource/2330	=	1.0000
http://dbkwik.webdatacommons.org/memory-alpha.wikia.com/resource/2255	http://dbkwik.webdatacommons.org/stexpanded.wikia.com/resource/2255	=	1.0000
http://dbkwik.webdatacommons.org/memory-alpha.wikia.com/resource/Archer	http://dbkwik.webdatacommons.org/stexpanded.wikia.com/resource/Archer	=	1.0000
http://dbkwik.webdatacommons.org/memory-alpha.wikia.com/resource/Bishop	http://dbkwik.webdatacommons.org/stexpanded.wikia.com/resource/Bishop	=	1.0000
http://dbkwik.webdatacommons.org/memory-alpha.wikia.com/resource/Sector_001	http://dbkwik.webdatacommons.org/stexpanded.wikia.com/resource/Sector_001	=	1.0000
http://dbkwik.webdatacommons.org/memory-alpha.wikia.com/resource/Tank	http://dbkwik.webdatacommons.org/stexpanded.wikia.com/resource/Tank	=	1.0000
http://memory-alpha.wikia.com/wiki/Special:FilePath/Cardassia_in_ruins.jpg?width=300	http://stexpanded.wikia.com/wiki/Special:FilePath/Cardassia_in_ruins.jpg?width=300	=	1.0000
http://dbkwik.webdatacommons.org/memory-alpha.wikia.com/resource/Maryland	http://dbkwik.webdatacommons.org/stexpanded.wikia.com/resource/Maryland	=	1.0000
http://memory-alpha.wikia.com/wiki/Special:FilePath/Chu%27lak.jpg	http://stexpanded.wikia.com/wiki/Special:FilePath/Chu%27lak.jpg	=	1.0000
http://dbkwik.webdatacommons.org/memory-alpha.wikia.com/resource/2132	http://dbkwik.webdatacommons.org/stexpanded.wikia.com/resource/2132	=	1.0000
http://dbkwik.webdatacommons.org/memory-alpha.wikia.com/resource/Kiev	http://dbkwik.webdatacommons.org/stexpanded.wikia.com/resource/Kiev	=	1.0000
http://memory-alpha.wikia.com/wiki/Special:FilePath/Tos_lcdr.png?width=300	http://stexpanded.wikia.com/wiki/Special:FilePath/S-LCDR_(TOS).png?width=300	=	0.9082
http://dbkwik.webdatacommons.org/memory-alpha.wikia.com/resource/Kamikaze	http://dbkwik.webdatacommons.org/stexpanded.wikia.com/resource/Kamikaze	=	1.0000
http://memory-alpha.wikia.com/wiki/Special:FilePath/Dunbar.jpg?width=300	http://stexpanded.wikia.com/wiki/Special:FilePath/James_Dunbar.jpg?width=300	=	0.8728
http://dbkwik.webdatacommons.org/memory-alpha.wikia.com/resource/2059	http://dbkwik.webdatacommons.org/stexpanded.wikia.com/resource/2059	=	1.0000
http://dbkwik.webdatacommons.org/memory-alpha.wikia.com/resource/Ansata	http://dbkwik.webdatacommons.org/stexpanded.wikia.com/resource/Ansata	=	1.0000
http://memory-alpha.wikia.com/wiki/Special:FilePath/Security_office.jpg?width=300	http://stexpanded.wikia.com/wiki/Special:FilePath/Security_Office.jpg?width=300	=	1.0000
http://memory-alpha.wikia.com/wiki/Special:FilePath/Milo.jpg	http://stexpanded.wikia.com/wiki/Special:FilePath/Milo.jpg	=	1.0000
http://dbkwik.webdatacommons.org/memory-alpha.wikia.com/resource/2281	http://dbkwik.webdatacommons.org/stexpanded.wikia.com/resource/2281	=	1.0000
http://dbkwik.webdatacommons.org/memory-alpha.wikia.com/resource/Borg_cube	http://dbkwik.webdatacommons.org/stexpanded.wikia.com/resource/Borg_cube	=	1.0000
http://dbkwik.webdatacommons.org/memory-alpha.wikia.com/resource/High_school	http://dbkwik.webdatacommons.org/stexpanded.wikia.com/resource/High_school	=	1.0000
http://dbkwik.webdatacommons.org/memory-alpha.wikia.com/resource/Federation_starship_classes	http://dbkwik.webdatacommons.org/stexpanded.wikia.com/resource/Federation_starship_classes	=	1.0000
http://memory-alpha.wikia.com/wiki/Special:FilePath/Tos_capt.png?width=300	http://stexpanded.wikia.com/wiki/Special:FilePath/S-CAPT_(TOS).png?width=300	=	0.9257
http://dbkwik.webdatacommons.org/memory-alpha.wikia.com/resource/Shakedown_cruise	http://dbkwik.webdatacommons.org/stexpanded.wikia.com/resource/Shakedown_cruise	=	1.0000
http://dbkwik.webdatacommons.org/memory-alpha.wikia.com/resource/Unroth	http://dbkwik.webdatacommons.org/stexpanded.wikia.com/resource/Unroth	=	1.0000
http://dbkwik.webdatacommons.org/memory-alpha.wikia.com/resource/Krenim	http://dbkwik.webdatacommons.org/stexpanded.wikia.com/resource/Krenim	=	1.0000
http://dbkwik.webdatacommons.org/memory-alpha.wikia.com/resource/Collins	http://dbkwik.webdatacommons.org/stexpanded.wikia.com/resource/Collins	=	1.0000
http://memory-alpha.wikia.com/wiki/Special:FilePath/Tharn_(mirror).jpg	http://stexpanded.wikia.com/wiki/Special:FilePath/Tharn_(mirror).jpg	=	1.0000
http://dbkwik.webdatacommons.org/memory-alpha.wikia.com/resource/Category:Tamarians	http://dbkwik.webdatacommons.org/stexpanded.wikia.com/resource/Category:Tamarians	=	1.0000
http://memory-alpha.wikia.com/wiki/Special:FilePath/FASA_logo.png	http://stexpanded.wikia.com/wiki/Special:FilePath/Fasa-logo.jpg	=	0.8923
http://dbkwik.webdatacommons.org/memory-alpha.wikia.com/resource/Temporal_displacement_drive	http://dbkwik.webdatacommons.org/stexpanded.wikia.com/resource/Temporal_displacement_drive	=	1.0000
http://dbkwik.webdatacommons.org/memory-alpha.wikia.com/resource/Plasma_intercooler	http://dbkwik.webdatacommons.org/stexpanded.wikia.com/resource/Plasma_intercooler	=	1.0000
http://memory-alpha.wikia.com/wiki/Special:FilePath/ZeframCochrane2063-2.jpg?width=300	http://stexpanded.wikia.com/wiki/Special:FilePath/ZeframCochrane2063-2.jpg?width=300	=	1.0000
http://dbkwik.webdatacommons.org/memory-alpha.wikia.com/resource/Arkonian	http://dbkwik.webdatacommons.org/stexpanded.wikia.com/resource/Arkonian	=	1.0000
http://dbkwik.webdatacommons.org/memory-alpha.wikia.com/resource/Category:Religions	http://dbkwik.webdatacommons.org/stexpanded.wikia.com/resource/Category:Religion	=	0.9243
http://dbkwik.webdatacommons.org/memory-alpha.wikia.com/resource/Kansas	http://dbkwik.webdatacommons.org/stexpanded.wikia.com/resource/Kansas	=	1.0000
http://memory-alpha.wikia.com/wiki/Special:FilePath/Q_admiral.jpg	http://stexpanded.wikia.com/wiki/Special:FilePath/Q_admiral.jpg	=	1.0000
http://dbkwik.webdatacommons.org/memory-alpha.wikia.com/resource/Fen_Domar	http://dbkwik.webdatacommons.org/stexpanded.wikia.com/resource/Fen_Domar	=	1.0000
http://dbkwik.webdatacommons.org/memory-alpha.wikia.com/resource/Jeremy_Aster	http://dbkwik.webdatacommons.org/stexpanded.wikia.com/resource/Jeremy_Aster	=	1.0000
http://dbkwik.webdatacommons.org/memory-alpha.wikia.com/resource/Head	http://dbkwik.webdatacommons.org/stexpanded.wikia.com/property/head	=	1.0000
http://dbkwik.webdatacommons.org/memory-alpha.wikia.com/resource/2310	http://dbkwik.webdatacommons.org/stexpanded.wikia.com/resource/2310	=	1.0000
http://dbkwik.webdatacommons.org/memory-alpha.wikia.com/resource/Starbase_23	http://dbkwik.webdatacommons.org/stexpanded.wikia.com/resource/Starbase_23	=	1.0000
http://dbkwik.webdatacommons.org/memory-alpha.wikia.com/resource/Starfleet_Academy_Preparatory_Program	http://dbkwik.webdatacommons.org/stexpanded.wikia.com/resource/Starfleet_Academy_Preparatory_Program	=	1.0000
http://memory-alpha.wikia.com/wiki/Special:FilePath/Yorktown_patch.png?width=300	http://stexpanded.wikia.com/wiki/Special:FilePath/Yorktown.png?width=300	=	0.8836
http://dbkwik.webdatacommons.org/memory-alpha.wikia.com/resource/Cheyenne_class	http://dbkwik.webdatacommons.org/stexpanded.wikia.com/resource/Cheyenne_class	=	1.0000
http://dbkwik.webdatacommons.org/memory-alpha.wikia.com/resource/Shield	http://dbkwik.webdatacommons.org/stexpanded.wikia.com/resource/Shield	=	1.0000
http://memory-alpha.wikia.com/wiki/Special:FilePath/Cestus_III_remastered.jpg?width=300	http://stexpanded.wikia.com/wiki/Special:FilePath/Cestus_III_remastered.jpg?width=300	=	1.0000
http://memory-alpha.wikia.com/wiki/Special:FilePath/Ayala,_2371.jpg?width=300	http://stexpanded.wikia.com/wiki/Special:FilePath/Ayala.jpg?width=300	=	0.9069
http://dbkwik.webdatacommons.org/memory-alpha.wikia.com/resource/2203	http://dbkwik.webdatacommons.org/stexpanded.wikia.com/resource/2203	=	1.0000
http://dbkwik.webdatacommons.org/memory-alpha.wikia.com/resource/Architecture	http://dbkwik.webdatacommons.org/stexpanded.wikia.com/resource/Architecture	=	1.0000
http://dbkwik.webdatacommons.org/memory-alpha.wikia.com/resource/Tarsus_IV	http://dbkwik.webdatacommons.org/stexpanded.wikia.com/resource/Tarsus_IV	=	1.0000
http://dbkwik.webdatacommons.org/memory-alpha.wikia.com/resource/1998	http://dbkwik.webdatacommons.org/stexpanded.wikia.com/resource/1998	=	1.0000
http://dbkwik.webdatacommons.org/memory-alpha.wikia.com/resource/Berthold_ray	http://dbkwik.webdatacommons.org/stexpanded.wikia.com/resource/Berthold_ray	=	1.0000
http://dbkwik.webdatacommons.org/memory-alpha.wikia.com/resource/Category:Borg_technology	http://dbkwik.webdatacommons.org/stexpanded.wikia.com/resource/Category:Borg_technology	=	1.0000
http://dbkwik.webdatacommons.org/memory-alpha.wikia.com/resource/Surak_(disambiguation)	http://dbkwik.webdatacommons.org/stexpanded.wikia.com/resource/Surak_(disambiguation)	=	1.0000
http://dbkwik.webdatacommons.org/memory-alpha.wikia.com/resource/Beyond_Antares	http://dbkwik.webdatacommons.org/stexpanded.wikia.com/resource/Beyond_Antares	=	1.0000
http://memory-alpha.wikia.com/wiki/Special:FilePath/Chintoka_tactical_map.jpg?width=300	http://stexpanded.wikia.com/wiki/Special:FilePath/Chintoka_tactical_map.jpg?width=300	=	1.0000
http://dbkwik.webdatacommons.org/memory-alpha.wikia.com/resource/Pathfinder_Project	http://dbkwik.webdatacommons.org/stexpanded.wikia.com/resource/Pathfinder_Project	=	1.0000
http://dbkwik.webdatacommons.org/memory-alpha.wikia.com/resource/Primary_hull	http://dbkwik.webdatacommons.org/stexpanded.wikia.com/resource/Primary_hull	=	1.0000
http://memory-alpha.wikia.com/wiki/Special:FilePath/Borg_tactical_cube.jpg?width=300	http://stexpanded.wikia.com/wiki/Special:FilePath/Borg_tactical_cube.jpg?width=300	=	1.0000
http://dbkwik.webdatacommons.org/memory-alpha.wikia.com/resource/Erwin_Rommel	http://dbkwik.webdatacommons.org/stexpanded.wikia.com/resource/Erwin_Rommel	=	1.0000
http://dbkwik.webdatacommons.org/memory-alpha.wikia.com/resource/Aircraft_carrier	http://dbkwik.webdatacommons.org/stexpanded.wikia.com/resource/Aircraft_carrier	=	1.0000
http://dbkwik.webdatacommons.org/memory-alpha.wikia.com/resource/Starbase_24	http://dbkwik.webdatacommons.org/stexpanded.wikia.com/resource/Starbase_24	=	1.0000
http://dbkwik.webdatacommons.org/memory-alpha.wikia.com/resource/Federation_Council	http://dbkwik.webdatacommons.org/stexpanded.wikia.com/resource/Federation_Council	=	1.0000
http://dbkwik.webdatacommons.org/memory-alpha.wikia.com/resource/Pirate	http://dbkwik.webdatacommons.org/stexpanded.wikia.com/resource/Pirate	=	1.0000
http://dbkwik.webdatacommons.org/memory-alpha.wikia.com/resource/Gorn	http://dbkwik.webdatacommons.org/stexpanded.wikia.com/resource/Gorn	=	1.0000
http://dbkwik.webdatacommons.org/memory-alpha.wikia.com/resource/Treaty_of_Organia	http://dbkwik.webdatacommons.org/stexpanded.wikia.com/resource/Treaty_of_Organia	=	1.0000
http://dbkwik.webdatacommons.org/memory-alpha.wikia.com/resource/Environmental_suit	http://dbkwik.webdatacommons.org/stexpanded.wikia.com/resource/Environmental_suit	=	1.0000
http://dbkwik.webdatacommons.org/memory-alpha.wikia.com/resource/Pike	http://dbkwik.webdatacommons.org/stexpanded.wikia.com/resource/Pike	=	1.0000
http://dbkwik.webdatacommons.org/memory-alpha.wikia.com/resource/Federation_starship_registries	http://dbkwik.webdatacommons.org/stexpanded.wikia.com/resource/Federation_starship_registries	=	1.0000
http://dbkwik.webdatacommons.org/memory-alpha.wikia.com/resource/Sixth_Order	http://dbkwik.webdatacommons.org/stexpanded.wikia.com/resource/Sixth_Order	=	1.0000
http://dbkwik.webdatacommons.org/memory-alpha.wikia.com/resource/Pilot	http://dbkwik.webdatacommons.org/stexpanded.wikia.com/resource/Pilot	=	1.0000
http://dbkwik.webdatacommons.org/memory-alpha.wikia.com/resource/Command_cruiser	http://dbkwik.webdatacommons.org/stexpanded.wikia.com/resource/Command_cruiser	=	1.0000
http://memory-alpha.wikia.com/wiki/Special:FilePath/odyssey_novel.jpg?width=300	http://stexpanded.wikia.com/wiki/Special:FilePath/Odyssey.jpg?width=300	=	0.9035
http://dbkwik.webdatacommons.org/memory-alpha.wikia.com/resource/Nurse	http://dbkwik.webdatacommons.org/stexpanded.wikia.com/resource/Nurse	=	1.0000
http://memory-alpha.wikia.com/wiki/Special:FilePath/TalCeles.jpg	http://stexpanded.wikia.com/wiki/Special:FilePath/Tal_Celes.jpg	=	1.0000
http://dbkwik.webdatacommons.org/memory-alpha.wikia.com/resource/Birthday	http://dbkwik.webdatacommons.org/stexpanded.wikia.com/resource/Birthday	=	1.0000
http://dbkwik.webdatacommons.org/memory-alpha.wikia.com/resource/Category:Augments	http://dbkwik.webdatacommons.org/stexpanded.wikia.com/resource/Category:Augments	=	1.0000
http://dbkwik.webdatacommons.org/memory-alpha.wikia.com/resource/Boothby	http://dbkwik.webdatacommons.org/stexpanded.wikia.com/resource/Boothby	=	1.0000
http://dbkwik.webdatacommons.org/memory-alpha.wikia.com/resource/2147	http://dbkwik.webdatacommons.org/stexpanded.wikia.com/resource/2147	=	1.0000
http://dbkwik.webdatacommons.org/memory-alpha.wikia.com/resource/Christopher_Hobson	http://dbkwik.webdatacommons.org/stexpanded.wikia.com/resource/Christopher_Hobson	=	1.0000
http://memory-alpha.wikia.com/wiki/Special:FilePath/Ships_of_the_Star_Fleet.jpg?width=300	http://stexpanded.wikia.com/wiki/Special:FilePath/Ships_of_the_Star_Fleet.jpg?width=300	=	1.0000
http://dbkwik.webdatacommons.org/memory-alpha.wikia.com/resource/Darwin	http://dbkwik.webdatacommons.org/stexpanded.wikia.com/resource/Darwin	=	1.0000
http://memory-alpha.wikia.com/wiki/Special:FilePath/Yog.jpg?width=300	http://stexpanded.wikia.com/wiki/Special:FilePath/yoth.jpg?width=300	=	0.8838
http://memory-alpha.wikia.com/wiki/Special:FilePath/Jack.jpg?width=300	http://stexpanded.wikia.com/wiki/Special:FilePath/Jack.jpg?width=300	=	1.0000
http://dbkwik.webdatacommons.org/memory-alpha.wikia.com/resource/Prison_ship	http://dbkwik.webdatacommons.org/stexpanded.wikia.com/resource/Prison_ship	=	1.0000
http://dbkwik.webdatacommons.org/memory-alpha.wikia.com/resource/Liaison	http://dbkwik.webdatacommons.org/stexpanded.wikia.com/resource/Liaison	=	1.0000
http://dbkwik.webdatacommons.org/memory-alpha.wikia.com/resource/2250s	http://dbkwik.webdatacommons.org/stexpanded.wikia.com/resource/2250s	=	1.0000
http://dbkwik.webdatacommons.org/memory-alpha.wikia.com/resource/Tranquility_Base	http://dbkwik.webdatacommons.org/stexpanded.wikia.com/resource/Tranquility_Base	=	1.0000
http://dbkwik.webdatacommons.org/memory-alpha.wikia.com/resource/Zeta	http://dbkwik.webdatacommons.org/stexpanded.wikia.com/resource/Zeta	=	1.0000
http://dbkwik.webdatacommons.org/memory-alpha.wikia.com/resource/Doctor	http://dbkwik.webdatacommons.org/stexpanded.wikia.com/resource/Doctor	=	1.0000
http://dbkwik.webdatacommons.org/memory-alpha.wikia.com/resource/Disruptor_pistol	http://dbkwik.webdatacommons.org/stexpanded.wikia.com/resource/Disruptor_pistol	=	1.0000
http://memory-alpha.wikia.com/wiki/Special:FilePath/FASA_logo.png?width=300	http://stexpanded.wikia.com/wiki/Special:FilePath/Fasa-logo.jpg?width=300	=	0.9110
http://dbkwik.webdatacommons.org/memory-alpha.wikia.com/resource/Category:Writers	http://dbkwik.webdatacommons.org/stexpanded.wikia.com/resource/Category:Writers	=	1.0000
http://dbkwik.webdatacommons.org/memory-alpha.wikia.com/resource/Restaurant	http://dbkwik.webdatacommons.org/stexpanded.wikia.com/resource/Restaurant	=	1.0000
http://dbkwik.webdatacommons.org/memory-alpha.wikia.com/resource/Rigel_X	http://dbkwik.webdatacommons.org/stexpanded.wikia.com/resource/Rigel_X	=	1.0000
http://dbkwik.webdatacommons.org/memory-alpha.wikia.com/resource/Sculptor	http://dbkwik.webdatacommons.org/stexpanded.wikia.com/resource/Sculptor	=	1.0000
http://memory-alpha.wikia.com/wiki/Special:FilePath/Keldon_class.jpg	http://stexpanded.wikia.com/wiki/Special:FilePath/Keldon_Class.jpg	=	1.0000
http://dbkwik.webdatacommons.org/memory-alpha.wikia.com/property/headOfGovernment	http://dbkwik.webdatacommons.org/stexpanded.wikia.com/property/headOfGovernment	=	1.0000
http://dbkwik.webdatacommons.org/memory-alpha.wikia.com/resource/Impulse_drive	http://dbkwik.webdatacommons.org/stexpanded.wikia.com/resource/Impulse_drive	=	1.0000
http://dbkwik.webdatacommons.org/memory-alpha.wikia.com/resource/Non-commissioned_officer	http://dbkwik.webdatacommons.org/stexpanded.wikia.com/resource/Non-commissioned_officer	=	1.0000
http://dbkwik.webdatacommons.org/memory-alpha.wikia.com/resource/Prime_Directive	http://dbkwik.webdatacommons.org/stexpanded.wikia.com/resource/Prime_Directive	=	1.0000
http://dbkwik.webdatacommons.org/memory-alpha.wikia.com/resource/Ro_Laren	http://dbkwik.webdatacommons.org/stexpanded.wikia.com/resource/Ro_Laren	=	1.0000
http://memory-alpha.wikia.com/wiki/Special:FilePath/Olympic_class,_lcars.jpg?width=300	http://stexpanded.wikia.com/wiki/Special:FilePath/Olympic_class.jpg?width=300	=	0.9072
http://memory-alpha.wikia.com/wiki/Special:FilePath/Starfleet_Academy_logo_2368.png?width=300	http://stexpanded.wikia.com/wiki/Special:FilePath/200px-Starfleet_Academy_logo_2368.png?width=300	=	0.8691
http://dbkwik.webdatacommons.org/memory-alpha.wikia.com/resource/2046	http://dbkwik.webdatacommons.org/stexpanded.wikia.com/resource/2046	=	1.0000
http://dbkwik.webdatacommons.org/memory-alpha.wikia.com/resource/Beer_pong	http://dbkwik.webdatacommons.org/stexpanded.wikia.com/resource/Beer_pong	=	1.0000
http://dbkwik.webdatacommons.org/memory-alpha.wikia.com/resource/Starbase_Earhart	http://dbkwik.webdatacommons.org/stexpanded.wikia.com/resource/Starbase_Earhart	=	1.0000
http://memory-alpha.wikia.com/wiki/Special:FilePath/Jaresh-Inyo.jpg?width=300	http://stexpanded.wikia.com/wiki/Special:FilePath/Jaresh-Inyo.jpg?width=300	=	1.0000
http://memory-alpha.wikia.com/wiki/Special:FilePath/Sikarian_atmospheric_sensor.jpg?width=300	http://stexpanded.wikia.com/wiki/Special:FilePath/Sikarian_atmospheric_sensor.jpg?width=300	=	1.0000
http://dbkwik.webdatacommons.org/memory-alpha.wikia.com/resource/Vaadwaur	http://dbkwik.webdatacommons.org/stexpanded.wikia.com/resource/Vaadwaur	=	1.0000
http://memory-alpha.wikia.com/wiki/Special:FilePath/Andonian_tea.jpg	http://stexpanded.wikia.com/wiki/Special:FilePath/Andonian_tea.jpg	=	1.0000
http://dbkwik.webdatacommons.org/memory-alpha.wikia.com/resource/1970s	http://dbkwik.webdatacommons.org/stexpanded.wikia.com/resource/1970s	=	1.0000
http://memory-alpha.wikia.com/wiki/Special:FilePath/Ro_maquis.jpg?width=300	http://stexpanded.wikia.com/wiki/Special:FilePath/ro_maquis.jpg?width=300	=	1.0000
http://dbkwik.webdatacommons.org/memory-alpha.wikia.com/resource/Temple	http://dbkwik.webdatacommons.org/stexpanded.wikia.com/resource/Temple	=	1.0000
http://dbkwik.webdatacommons.org/memory-alpha.wikia.com/resource/Starbase_11	http://dbkwik.webdatacommons.org/stexpanded.wikia.com/resource/Starbase_11	=	1.0000
http://memory-alpha.wikia.com/wiki/Special:FilePath/USS_Defiant_firing_quantum_torpedoes.jpg?width=300	http://stexpanded.wikia.com/wiki/Special:FilePath/USS_Defiant_firing_quantum_torpedoes.jpg?width=300	=	1.0000
http://memory-alpha.wikia.com/wiki/Special:FilePath/Galaxy_class_aft.jpg	http://stexpanded.wikia.com/wiki/Special:FilePath/Galaxy_Class.jpg	=	0.9003
http://dbkwik.webdatacommons.org/memory-alpha.wikia.com/resource/1943	http://dbkwik.webdatacommons.org/stexpanded.wikia.com/resource/1943	=	1.0000
http://dbkwik.webdatacommons.org/memory-alpha.wikia.com/resource/1964	http://dbkwik.webdatacommons.org/stexpanded.wikia.com/resource/1964	=	1.0000
http://dbkwik.webdatacommons.org/memory-alpha.wikia.com/resource/Alpha_Centauri	http://dbkwik.webdatacommons.org/stexpanded.wikia.com/resource/Alpha_Centauri_VII	=	0.9262
http://dbkwik.webdatacommons.org/memory-alpha.wikia.com/resource/Type_7_shuttlecraft	http://dbkwik.webdatacommons.org/stexpanded.wikia.com/resource/Type-13_shuttlecraft	=	0.8681
http://dbkwik.webdatacommons.org/memory-alpha.wikia.com/resource/Rules_of_Acquisition	http://dbkwik.webdatacommons.org/stexpanded.wikia.com/resource/Rules_of_Acquisition	=	1.0000
http://dbkwik.webdatacommons.org/memory-alpha.wikia.com/resource/Akharin	http://dbkwik.webdatacommons.org/stexpanded.wikia.com/resource/Akharin	=	1.0000
http://memory-alpha.wikia.com/wiki/Special:FilePath/maco-major.png?width=300	http://stexpanded.wikia.com/wiki/Special:FilePath/MACO_-_MAJ.png?width=300	=	0.8922
http://dbkwik.webdatacommons.org/memory-alpha.wikia.com/resource/2117	http://dbkwik.webdatacommons.org/stexpanded.wikia.com/resource/2117	=	1.0000
http://memory-alpha.wikia.com/wiki/Special:FilePath/Voyager_messhall.jpg?width=300	http://stexpanded.wikia.com/wiki/Special:FilePath/Voyager_messhall.jpg?width=300	=	1.0000
http://memory-alpha.wikia.com/wiki/Special:FilePath/RomulanCapital2154.jpg?width=300	http://stexpanded.wikia.com/wiki/Special:FilePath/RomulanCapital2154.jpg?width=300	=	1.0000
http://memory-alpha.wikia.com/wiki/Special:FilePath/Badlands_map.jpg	http://stexpanded.wikia.com/wiki/Special:FilePath/Badlands_map.jpg	=	1.0000
http://dbkwik.webdatacommons.org/memory-alpha.wikia.com/resource/Assimilation	http://dbkwik.webdatacommons.org/stexpanded.wikia.com/resource/Assimilation	=	1.0000
http://dbkwik.webdatacommons.org/memory-alpha.wikia.com/resource/Category:Astronomical_objects	http://dbkwik.webdatacommons.org/stexpanded.wikia.com/resource/Category:Astronomical_objects	=	1.0000
http://dbkwik.webdatacommons.org/memory-alpha.wikia.com/resource/Category:Technology	http://dbkwik.webdatacommons.org/stexpanded.wikia.com/resource/Category:Technology	=	1.0000
http://memory-alpha.wikia.com/wiki/Special:FilePath/Starfleet_CIC_2293.jpg	http://stexpanded.wikia.com/wiki/Special:FilePath/Starfleet_CIC_2293.jpg	=	1.0000
http://dbkwik.webdatacommons.org/memory-alpha.wikia.com/resource/Category:Awards	http://dbkwik.webdatacommons.org/stexpanded.wikia.com/resource/Category:Awards	=	1.0000
http://memory-alpha.wikia.com/wiki/Special:FilePath/Uhura_distracts_Hikaru_Sulu_(mirror).jpg?width=300	http://stexpanded.wikia.com/wiki/Special:FilePath/Uhura_distracts_Hikaru_Sulu_(mirror).jpg?width=300	=	1.0000
http://dbkwik.webdatacommons.org/memory-alpha.wikia.com/resource/Category:Culture	http://dbkwik.webdatacommons.org/stexpanded.wikia.com/resource/Category:Culture	=	1.0000
http://dbkwik.webdatacommons.org/memory-alpha.wikia.com/resource/Voyager	http://dbkwik.webdatacommons.org/stexpanded.wikia.com/resource/Voyager	=	1.0000
http://dbkwik.webdatacommons.org/memory-alpha.wikia.com/resource/Trill	http://dbkwik.webdatacommons.org/stexpanded.wikia.com/resource/Trill	=	1.0000
http://dbkwik.webdatacommons.org/memory-alpha.wikia.com/resource/Assignment_patch	http://dbkwik.webdatacommons.org/stexpanded.wikia.com/resource/Assignment_patch	=	1.0000
http://dbkwik.webdatacommons.org/memory-alpha.wikia.com/resource/Free_Haven	http://dbkwik.webdatacommons.org/stexpanded.wikia.com/resource/Free_Haven	=	1.0000
http://memory-alpha.wikia.com/wiki/Special:FilePath/TNG_head.jpg?width=300	http://stexpanded.wikia.com/wiki/Special:FilePath/Headly-TNG.jpg?width=300	=	0.8810
http://memory-alpha.wikia.com/wiki/Special:FilePath/Qo%27nos2151.jpg	http://stexpanded.wikia.com/wiki/Special:FilePath/Qo%27nos2151.jpg	=	1.0000
http://dbkwik.webdatacommons.org/memory-alpha.wikia.com/resource/Zombie	http://dbkwik.webdatacommons.org/stexpanded.wikia.com/resource/Zombie	=	1.0000
http://dbkwik.webdatacommons.org/memory-alpha.wikia.com/resource/Federation-Cardassian_Treaty	http://dbkwik.webdatacommons.org/stexpanded.wikia.com/resource/Federation-Cardassian_Treaty	=	1.0000
http://dbkwik.webdatacommons.org/memory-alpha.wikia.com/resource/Starfleet_Science	http://dbkwik.webdatacommons.org/stexpanded.wikia.com/resource/Starfleet_Science	=	1.0000
http://dbkwik.webdatacommons.org/memory-alpha.wikia.com/resource/2381	http://dbkwik.webdatacommons.org/stexpanded.wikia.com/resource/2381	=	1.0000
http://dbkwik.webdatacommons.org/memory-alpha.wikia.com/resource/Raider	http://dbkwik.webdatacommons.org/stexpanded.wikia.com/resource/Raider	=	1.0000
http://dbkwik.webdatacommons.org/memory-alpha.wikia.com/resource/Mercedes	http://dbkwik.webdatacommons.org/stexpanded.wikia.com/resource/Mercedes	=	1.0000
http://dbkwik.webdatacommons.org/memory-alpha.wikia.com/resource/2389	http://dbkwik.webdatacommons.org/stexpanded.wikia.com/resource/2389	=	1.0000
http://dbkwik.webdatacommons.org/memory-alpha.wikia.com/resource/William_T._Riker	http://dbkwik.webdatacommons.org/stexpanded.wikia.com/resource/William_T._Riker	=	1.0000
http://dbkwik.webdatacommons.org/memory-alpha.wikia.com/resource/Klingon_Imperial_Fleet	http://dbkwik.webdatacommons.org/stexpanded.wikia.com/resource/Klingon_Imperial_Fleet	=	1.0000
http://dbkwik.webdatacommons.org/memory-alpha.wikia.com/resource/2284	http://dbkwik.webdatacommons.org/stexpanded.wikia.com/resource/2284	=	1.0000
http://dbkwik.webdatacommons.org/memory-alpha.wikia.com/resource/2103	http://dbkwik.webdatacommons.org/stexpanded.wikia.com/resource/2103	=	1.0000
http://memory-alpha.wikia.com/wiki/Special:FilePath/Borg_probe.jpg	http://stexpanded.wikia.com/wiki/Special:FilePath/Borg_probe.jpg	=	1.0000
http://dbkwik.webdatacommons.org/memory-alpha.wikia.com/resource/USS_Zapata	http://dbkwik.webdatacommons.org/stexpanded.wikia.com/resource/USS_Zapata	=	1.0000
http://dbkwik.webdatacommons.org/memory-alpha.wikia.com/resource/Robert_April	http://dbkwik.webdatacommons.org/stexpanded.wikia.com/resource/Robert_April	=	1.0000
http://dbkwik.webdatacommons.org/memory-alpha.wikia.com/resource/Starbase_36	http://dbkwik.webdatacommons.org/stexpanded.wikia.com/resource/Starbase_36	=	1.0000
http://dbkwik.webdatacommons.org/memory-alpha.wikia.com/resource/Starbase_211	http://dbkwik.webdatacommons.org/stexpanded.wikia.com/resource/Starbase_211	=	1.0000
http://dbkwik.webdatacommons.org/memory-alpha.wikia.com/class/tng	http://dbkwik.webdatacommons.org/stexpanded.wikia.com/class/tng	=	1.0000
http://dbkwik.webdatacommons.org/memory-alpha.wikia.com/resource/Category:Starship_classes	http://dbkwik.webdatacommons.org/stexpanded.wikia.com/resource/Category:Starship_classes	=	1.0000
http://dbkwik.webdatacommons.org/memory-alpha.wikia.com/resource/Category:Q_Continuum	http://dbkwik.webdatacommons.org/stexpanded.wikia.com/resource/Category:Q_Continuum	=	1.0000
http://dbkwik.webdatacommons.org/memory-alpha.wikia.com/resource/Bob	http://dbkwik.webdatacommons.org/stexpanded.wikia.com/resource/BOB	=	1.0000
http://dbkwik.webdatacommons.org/memory-alpha.wikia.com/resource/2372	http://dbkwik.webdatacommons.org/stexpanded.wikia.com/resource/2372	=	1.0000
http://memory-alpha.wikia.com/wiki/Special:FilePath/Pran.jpg?width=300	http://stexpanded.wikia.com/wiki/Special:FilePath/Pran.jpg?width=300	=	1.0000
http://dbkwik.webdatacommons.org/memory-alpha.wikia.com/resource/Vinculum	http://dbkwik.webdatacommons.org/stexpanded.wikia.com/resource/Vinculum	=	1.0000
http://memory-alpha.wikia.com/wiki/Special:FilePath/Ocularimplant.jpg?width=300	http://stexpanded.wikia.com/wiki/Special:FilePath/Ocularimplant.jpg?width=300	=	1.0000
http://dbkwik.webdatacommons.org/memory-alpha.wikia.com/resource/Honor_Blade	http://dbkwik.webdatacommons.org/stexpanded.wikia.com/resource/Honor_blade	=	1.0000
http://memory-alpha.wikia.com/wiki/Special:FilePath/Constitution_class_refit_recreation.jpg	http://stexpanded.wikia.com/wiki/Special:FilePath/Constitution_Class_Refit.jpg	=	0.8975
http://dbkwik.webdatacommons.org/memory-alpha.wikia.com/resource/Hatchery	http://dbkwik.webdatacommons.org/stexpanded.wikia.com/resource/Hatchery	=	1.0000
http://memory-alpha.wikia.com/wiki/Special:FilePath/Malik2154.jpg	http://stexpanded.wikia.com/wiki/Special:FilePath/Malik2154.jpg	=	1.0000
http://dbkwik.webdatacommons.org/memory-alpha.wikia.com/resource/Tycho_City	http://dbkwik.webdatacommons.org/stexpanded.wikia.com/resource/Tycho_City	=	1.0000
http://memory-alpha.wikia.com/wiki/Special:FilePath/In_command.jpg?width=300	http://stexpanded.wikia.com/wiki/Special:FilePath/Sol_command.jpg?width=300	=	0.8943
http://dbkwik.webdatacommons.org/memory-alpha.wikia.com/resource/Money	http://dbkwik.webdatacommons.org/stexpanded.wikia.com/property/money	=	1.0000
http://memory-alpha.wikia.com/wiki/Special:FilePath/Transwarphub.jpg?width=300	http://stexpanded.wikia.com/wiki/Special:FilePath/Transwarphub.jpg?width=300	=	1.0000
http://dbkwik.webdatacommons.org/memory-alpha.wikia.com/resource/England	http://dbkwik.webdatacommons.org/stexpanded.wikia.com/resource/England	=	1.0000
http://dbkwik.webdatacommons.org/memory-alpha.wikia.com/resource/Federation_class	http://dbkwik.webdatacommons.org/stexpanded.wikia.com/resource/Federation_class	=	1.0000
http://memory-alpha.wikia.com/wiki/Special:FilePath/Jadzia_Dax,_2374.jpg?width=300	http://stexpanded.wikia.com/wiki/Special:FilePath/JadziaDax2374.jpg?width=300	=	0.9018
http://dbkwik.webdatacommons.org/memory-alpha.wikia.com/resource/Phoenix	http://dbkwik.webdatacommons.org/stexpanded.wikia.com/resource/Phoenix	=	1.0000
http://memory-alpha.wikia.com/wiki/Special:FilePath/KennethDalby.jpg?width=300	http://stexpanded.wikia.com/wiki/Special:FilePath/KennethDalby.jpg?width=300	=	1.0000
http://memory-alpha.wikia.com/wiki/Special:FilePath/Aenar_underground_city.jpg?width=300	http://stexpanded.wikia.com/wiki/Special:FilePath/Aenar_underground_city.jpg?width=300	=	1.0000
http://dbkwik.webdatacommons.org/memory-alpha.wikia.com/resource/Starbase_105	http://dbkwik.webdatacommons.org/stexpanded.wikia.com/resource/Starbase_105	=	1.0000
http://dbkwik.webdatacommons.org/memory-alpha.wikia.com/resource/2136	http://dbkwik.webdatacommons.org/stexpanded.wikia.com/resource/2136	=	1.0000
http://dbkwik.webdatacommons.org/memory-alpha.wikia.com/resource/Clone	http://dbkwik.webdatacommons.org/stexpanded.wikia.com/resource/Clone	=	1.0000
http://dbkwik.webdatacommons.org/memory-alpha.wikia.com/resource/USS_Hood_(NCC-1703)	http://dbkwik.webdatacommons.org/stexpanded.wikia.com/resource/USS_Hood_(NCC-1703)	=	1.0000
http://dbkwik.webdatacommons.org/memory-alpha.wikia.com/resource/Category:Alerts	http://dbkwik.webdatacommons.org/stexpanded.wikia.com/resource/Category:Alerts	=	1.0000
http://dbkwik.webdatacommons.org/memory-alpha.wikia.com/resource/Category:Educators	http://dbkwik.webdatacommons.org/stexpanded.wikia.com/resource/Category:Educators	=	1.0000
http://dbkwik.webdatacommons.org/memory-alpha.wikia.com/resource/NX_class	http://dbkwik.webdatacommons.org/stexpanded.wikia.com/resource/NX_class	=	1.0000
http://dbkwik.webdatacommons.org/memory-alpha.wikia.com/resource/Shakedown	http://dbkwik.webdatacommons.org/stexpanded.wikia.com/resource/Shakedown	=	1.0000
http://dbkwik.webdatacommons.org/memory-alpha.wikia.com/resource/Talosian	http://dbkwik.webdatacommons.org/stexpanded.wikia.com/resource/Talosian	=	1.0000
http://dbkwik.webdatacommons.org/memory-alpha.wikia.com/resource/Setlik_III_massacre	http://dbkwik.webdatacommons.org/stexpanded.wikia.com/resource/Setlik_III_massacre	=	1.0000
http://dbkwik.webdatacommons.org/memory-alpha.wikia.com/resource/Argo_(shuttlecraft)	http://dbkwik.webdatacommons.org/stexpanded.wikia.com/resource/Argo_(shuttle)	=	0.8743
http://dbkwik.webdatacommons.org/memory-alpha.wikia.com/resource/Arboretum	http://dbkwik.webdatacommons.org/stexpanded.wikia.com/resource/Arboretum	=	1.0000
http://dbkwik.webdatacommons.org/memory-alpha.wikia.com/resource/Category:Medicine	http://dbkwik.webdatacommons.org/stexpanded.wikia.com/resource/Category:Medicine	=	1.0000
http://memory-alpha.wikia.com/wiki/Special:FilePath/Federation_shuttlecraft_&_mission_scoutship.jpg?width=300	http://stexpanded.wikia.com/wiki/Special:FilePath/Federation_shuttlecraft_&_mission_scoutship.jpg?width=300	=	1.0000
http://memory-alpha.wikia.com/wiki/Special:FilePath/Sovereign_Warp_Core.jpg	http://stexpanded.wikia.com/wiki/Special:FilePath/Sovereign_Warp_Core.jpg	=	1.0000
http://dbkwik.webdatacommons.org/memory-alpha.wikia.com/resource/Tetryon	http://dbkwik.webdatacommons.org/stexpanded.wikia.com/resource/Tetryon	=	1.0000
http://dbkwik.webdatacommons.org/memory-alpha.wikia.com/resource/Leslie	http://dbkwik.webdatacommons.org/stexpanded.wikia.com/resource/Leslie	=	1.0000
http://dbkwik.webdatacommons.org/memory-alpha.wikia.com/resource/Shane	http://dbkwik.webdatacommons.org/stexpanded.wikia.com/resource/Shane	=	1.0000
http://dbkwik.webdatacommons.org/memory-alpha.wikia.com/resource/1979	http://dbkwik.webdatacommons.org/stexpanded.wikia.com/resource/1979	=	1.0000
http://dbkwik.webdatacommons.org/memory-alpha.wikia.com/resource/2200	http://dbkwik.webdatacommons.org/stexpanded.wikia.com/resource/2200	=	1.0000
http://dbkwik.webdatacommons.org/memory-alpha.wikia.com/resource/2370	http://dbkwik.webdatacommons.org/stexpanded.wikia.com/resource/2370	=	1.0000
http://dbkwik.webdatacommons.org/memory-alpha.wikia.com/resource/Sovereign_class	http://dbkwik.webdatacommons.org/stexpanded.wikia.com/resource/Sovereign_class	=	1.0000
http://dbkwik.webdatacommons.org/memory-alpha.wikia.com/resource/Movie_night	http://dbkwik.webdatacommons.org/stexpanded.wikia.com/resource/Movie_night	=	1.0000
http://memory-alpha.wikia.com/wiki/Special:FilePath/Galactic_barrier,_remastered.jpg?width=300	http://stexpanded.wikia.com/wiki/Special:FilePath/GalacticBarrier.jpg?width=300	=	0.8923
http://dbkwik.webdatacommons.org/memory-alpha.wikia.com/resource/Regula_I	http://dbkwik.webdatacommons.org/stexpanded.wikia.com/resource/Regula_I	=	1.0000
http://memory-alpha.wikia.com/wiki/Special:FilePath/Sikarian_atmospheric_sensor.jpg	http://stexpanded.wikia.com/wiki/Special:FilePath/Sikarian_atmospheric_sensor.jpg	=	1.0000
http://dbkwik.webdatacommons.org/memory-alpha.wikia.com/resource/Paramount_Pictures	http://dbkwik.webdatacommons.org/stexpanded.wikia.com/resource/Paramount_Pictures	=	1.0000
http://dbkwik.webdatacommons.org/memory-alpha.wikia.com/resource/Science_laboratory	http://dbkwik.webdatacommons.org/stexpanded.wikia.com/resource/Science_laboratory	=	1.0000
http://dbkwik.webdatacommons.org/memory-alpha.wikia.com/resource/Aeroshuttle	http://dbkwik.webdatacommons.org/stexpanded.wikia.com/resource/Aeroshuttle	=	1.0000
http://dbkwik.webdatacommons.org/memory-alpha.wikia.com/resource/2254	http://dbkwik.webdatacommons.org/stexpanded.wikia.com/resource/2254	=	1.0000
http://dbkwik.webdatacommons.org/memory-alpha.wikia.com/resource/2260	http://dbkwik.webdatacommons.org/stexpanded.wikia.com/resource/2260	=	1.0000
http://memory-alpha.wikia.com/wiki/Special:FilePath/Data_and_Leonard_McCoy.jpg	http://stexpanded.wikia.com/wiki/Special:FilePath/Data_and_Leonard_McCoy.jpg	=	1.0000
http://memory-alpha.wikia.com/wiki/Special:FilePath/Bajoran_Militia,_war_room.jpg?width=300	http://stexpanded.wikia.com/wiki/Special:FilePath/Bajoran_Militia,_war_room.jpg?width=300	=	1.0000
http://dbkwik.webdatacommons.org/memory-alpha.wikia.com/resource/Starfleet_Research_and_Development	http://dbkwik.webdatacommons.org/stexpanded.wikia.com/resource/Starfleet_Research_and_Development	=	1.0000
http://dbkwik.webdatacommons.org/memory-alpha.wikia.com/resource/2177	http://dbkwik.webdatacommons.org/stexpanded.wikia.com/resource/2177	=	1.0000
http://memory-alpha.wikia.com/wiki/Special:FilePath/Typhon_Expanse_map.jpg	http://stexpanded.wikia.com/wiki/Special:FilePath/Typhon_Expanse_map.jpg	=	1.0000
http://dbkwik.webdatacommons.org/memory-alpha.wikia.com/resource/2009	http://dbkwik.webdatacommons.org/stexpanded.wikia.com/resource/2009	=	1.0000
http://dbkwik.webdatacommons.org/memory-alpha.wikia.com/resource/United_Earth_Space_Probe_Agency	http://dbkwik.webdatacommons.org/stexpanded.wikia.com/resource/United_Earth_Space_Probe_Agency	=	1.0000
http://dbkwik.webdatacommons.org/memory-alpha.wikia.com/resource/Category:Linguists	http://dbkwik.webdatacommons.org/stexpanded.wikia.com/resource/Category:Linguists	=	1.0000
http://dbkwik.webdatacommons.org/memory-alpha.wikia.com/resource/Category:Suliban	http://dbkwik.webdatacommons.org/stexpanded.wikia.com/resource/Category:Suliban	=	1.0000
http://dbkwik.webdatacommons.org/memory-alpha.wikia.com/resource/Acting_captain	http://dbkwik.webdatacommons.org/stexpanded.wikia.com/resource/Acting_captain	=	1.0000
http://dbkwik.webdatacommons.org/memory-alpha.wikia.com/resource/2069	http://dbkwik.webdatacommons.org/stexpanded.wikia.com/resource/2069	=	1.0000
http://dbkwik.webdatacommons.org/memory-alpha.wikia.com/resource/2047	http://dbkwik.webdatacommons.org/stexpanded.wikia.com/resource/2047	=	1.0000
http://memory-alpha.wikia.com/wiki/Special:FilePath/Garak_(mirror).jpg?width=300	http://stexpanded.wikia.com/wiki/Special:FilePath/Garak_(mirror).jpg?width=300	=	1.0000
http://memory-alpha.wikia.com/wiki/Special:FilePath/Sovereign_class.jpg	http://stexpanded.wikia.com/wiki/Special:FilePath/Sovereign_class.jpg	=	1.0000
http://dbkwik.webdatacommons.org/memory-alpha.wikia.com/resource/Starbase_114	http://dbkwik.webdatacommons.org/stexpanded.wikia.com/resource/Starbase_148	=	0.8956
http://dbkwik.webdatacommons.org/memory-alpha.wikia.com/resource/Hastur	http://dbkwik.webdatacommons.org/stexpanded.wikia.com/resource/Hastur	=	1.0000
http://dbkwik.webdatacommons.org/memory-alpha.wikia.com/resource/Judge_Advocate_General	http://dbkwik.webdatacommons.org/stexpanded.wikia.com/resource/Judge_Advocate_General	=	1.0000
http://dbkwik.webdatacommons.org/memory-alpha.wikia.com/resource/Science_fair	http://dbkwik.webdatacommons.org/stexpanded.wikia.com/resource/Science_fair	=	1.0000
http://dbkwik.webdatacommons.org/memory-alpha.wikia.com/resource/2021	http://dbkwik.webdatacommons.org/stexpanded.wikia.com/resource/2021	=	1.0000
http://dbkwik.webdatacommons.org/memory-alpha.wikia.com/resource/Challenger	http://dbkwik.webdatacommons.org/stexpanded.wikia.com/resource/Challenger	=	1.0000
http://dbkwik.webdatacommons.org/memory-alpha.wikia.com/resource/Holography	http://dbkwik.webdatacommons.org/stexpanded.wikia.com/resource/Holography	=	1.0000
http://dbkwik.webdatacommons.org/memory-alpha.wikia.com/resource/Theta_Cygni_XII	http://dbkwik.webdatacommons.org/stexpanded.wikia.com/resource/Theta_Cygni_XII	=	1.0000
http://dbkwik.webdatacommons.org/memory-alpha.wikia.com/resource/Temporal_Accord	http://dbkwik.webdatacommons.org/stexpanded.wikia.com/resource/Temporal_Accord	=	1.0000
http://dbkwik.webdatacommons.org/memory-alpha.wikia.com/resource/Borg_Collective	http://dbkwik.webdatacommons.org/stexpanded.wikia.com/resource/Borg_Collective	=	1.0000
http://memory-alpha.wikia.com/wiki/Special:FilePath/Quark_and_Dax_Tongo.jpg	http://stexpanded.wikia.com/wiki/Special:FilePath/Quark_and_Dax_Tongo.jpg	=	1.0000
http://dbkwik.webdatacommons.org/memory-alpha.wikia.com/resource/Wing	http://dbkwik.webdatacommons.org/stexpanded.wikia.com/resource/Wing	=	1.0000
http://dbkwik.webdatacommons.org/memory-alpha.wikia.com/resource/Karemma	http://dbkwik.webdatacommons.org/stexpanded.wikia.com/resource/Karemma	=	1.0000
http://dbkwik.webdatacommons.org/memory-alpha.wikia.com/resource/2194	http://dbkwik.webdatacommons.org/stexpanded.wikia.com/resource/2194	=	1.0000
http://dbkwik.webdatacommons.org/memory-alpha.wikia.com/resource/Pirak	http://dbkwik.webdatacommons.org/stexpanded.wikia.com/resource/Pirak	=	1.0000
http://memory-alpha.wikia.com/wiki/Special:FilePath/Intrepid_class_sickbay.jpg?width=300	http://stexpanded.wikia.com/wiki/Special:FilePath/Intrepid_class_sickbay.jpg?width=300	=	1.0000
http://memory-alpha.wikia.com/wiki/Special:FilePath/Time_travel_pod_(26th_century).jpg	http://stexpanded.wikia.com/wiki/Special:FilePath/Time_travel_pod_26th_century.jpg	=	1.0000
http://dbkwik.webdatacommons.org/memory-alpha.wikia.com/resource/USS_Enterprise_(NCC-1701-E)	http://dbkwik.webdatacommons.org/stexpanded.wikia.com/resource/USS_Enterprise_(NCC-1701-E)	=	1.0000
http://memory-alpha.wikia.com/wiki/Special:FilePath/Odo_Mirror02.jpg	http://stexpanded.wikia.com/wiki/Special:FilePath/Odo_Mirror02.jpg	=	1.0000
http://dbkwik.webdatacommons.org/memory-alpha.wikia.com/resource/Replicator	http://dbkwik.webdatacommons.org/stexpanded.wikia.com/resource/Replicator	=	1.0000
http://dbkwik.webdatacommons.org/memory-alpha.wikia.com/resource/Kobayashi_Maru_(disambiguation)	http://dbkwik.webdatacommons.org/stexpanded.wikia.com/resource/Kobayashi_Maru_(disambiguation)	=	1.0000
http://dbkwik.webdatacommons.org/memory-alpha.wikia.com/resource/Merced_class	http://dbkwik.webdatacommons.org/stexpanded.wikia.com/resource/Merced_class	=	1.0000
http://dbkwik.webdatacommons.org/memory-alpha.wikia.com/resource/USS_Grissom_(NCC-638)	http://dbkwik.webdatacommons.org/stexpanded.wikia.com/resource/USS_Grissom_(NCC-638)	=	1.0000
http://dbkwik.webdatacommons.org/memory-alpha.wikia.com/resource/Aamin_Marritza	http://dbkwik.webdatacommons.org/stexpanded.wikia.com/resource/Aamin_Marritza	=	1.0000
http://dbkwik.webdatacommons.org/memory-alpha.wikia.com/resource/Qo%27noS	http://dbkwik.webdatacommons.org/stexpanded.wikia.com/resource/Qo%27noS	=	1.0000
http://memory-alpha.wikia.com/wiki/Special:FilePath/Jero.jpg?width=300	http://stexpanded.wikia.com/wiki/Special:FilePath/Jezra.jpg?width=300	=	0.8744
http://memory-alpha.wikia.com/wiki/Special:FilePath/Type_1_phaser_2260s.jpg?width=300	http://stexpanded.wikia.com/wiki/Special:FilePath/Type_1_phaser_2360s.png?width=300	=	0.8718
http://dbkwik.webdatacommons.org/memory-alpha.wikia.com/resource/Utopia_Planitia_Fleet_Yards	http://dbkwik.webdatacommons.org/stexpanded.wikia.com/resource/Utopia_Planitia_Fleet_Yards	=	1.0000
http://dbkwik.webdatacommons.org/memory-alpha.wikia.com/resource/Harrison	http://dbkwik.webdatacommons.org/stexpanded.wikia.com/resource/Harrison	=	1.0000
http://dbkwik.webdatacommons.org/memory-alpha.wikia.com/resource/Starbase_212	http://dbkwik.webdatacommons.org/stexpanded.wikia.com/resource/Starbase_212	=	1.0000
http://dbkwik.webdatacommons.org/memory-alpha.wikia.com/resource/Europe	http://dbkwik.webdatacommons.org/stexpanded.wikia.com/resource/Europe	=	1.0000
http://dbkwik.webdatacommons.org/memory-alpha.wikia.com/resource/Sally_Archer	http://dbkwik.webdatacommons.org/stexpanded.wikia.com/resource/Sally_Archer	=	1.0000
http://memory-alpha.wikia.com/wiki/Special:FilePath/Stron.jpg?width=300	http://stexpanded.wikia.com/wiki/Special:FilePath/STDragon.jpg?width=300	=	0.8722
http://dbkwik.webdatacommons.org/memory-alpha.wikia.com/resource/Romulan_Guard	http://dbkwik.webdatacommons.org/stexpanded.wikia.com/resource/Romulan_Guard	=	1.0000
http://dbkwik.webdatacommons.org/memory-alpha.wikia.com/resource/2374	http://dbkwik.webdatacommons.org/stexpanded.wikia.com/resource/2374	=	1.0000
http://dbkwik.webdatacommons.org/memory-alpha.wikia.com/resource/Oberth_class	http://dbkwik.webdatacommons.org/stexpanded.wikia.com/resource/Oberth_class	=	1.0000
http://dbkwik.webdatacommons.org/memory-alpha.wikia.com/resource/2096	http://dbkwik.webdatacommons.org/stexpanded.wikia.com/resource/2096	=	1.0000
http://dbkwik.webdatacommons.org/memory-alpha.wikia.com/resource/Cerberus	http://dbkwik.webdatacommons.org/stexpanded.wikia.com/resource/Cerberus	=	1.0000
http://memory-alpha.wikia.com/wiki/Special:FilePath/TPlana_hath_in_crowd.jpg?width=300	http://stexpanded.wikia.com/wiki/Special:FilePath/TPlana_hath_in_crowd.jpg?width=300	=	1.0000
http://dbkwik.webdatacommons.org/memory-alpha.wikia.com/resource/Fourth_Order	http://dbkwik.webdatacommons.org/stexpanded.wikia.com/resource/Fourth_Order	=	1.0000
http://dbkwik.webdatacommons.org/memory-alpha.wikia.com/resource/Bolarus_IX	http://dbkwik.webdatacommons.org/stexpanded.wikia.com/resource/Bolarus_IX	=	1.0000
http://memory-alpha.wikia.com/wiki/Special:FilePath/Paul_Rice.jpg	http://stexpanded.wikia.com/wiki/Special:FilePath/Paul_Rice.jpg	=	1.0000
http://dbkwik.webdatacommons.org/memory-alpha.wikia.com/resource/Federation-Tzenkethi_War	http://dbkwik.webdatacommons.org/stexpanded.wikia.com/resource/Federation-Tzenkethi_War	=	1.0000
http://dbkwik.webdatacommons.org/memory-alpha.wikia.com/resource/Zhian%27tara	http://dbkwik.webdatacommons.org/stexpanded.wikia.com/resource/Zhian%27tara	=	1.0000
http://dbkwik.webdatacommons.org/memory-alpha.wikia.com/resource/USS_Enterprise_(NCC-1701-A_alternate_reality)	http://dbkwik.webdatacommons.org/stexpanded.wikia.com/resource/USS_Enterprise_(NCC-1701-A)_(alternate_reality)	=	1.0000
http://memory-alpha.wikia.com/wiki/Special:FilePath/Quinn.jpg?width=300	http://stexpanded.wikia.com/wiki/Special:FilePath/Jonas_Quinn.jpg?width=300	=	0.8757
http://dbkwik.webdatacommons.org/memory-alpha.wikia.com/resource/Last_Unicorn_Games	http://dbkwik.webdatacommons.org/stexpanded.wikia.com/resource/Last_Unicorn_Games	=	1.0000
http://memory-alpha.wikia.com/wiki/Special:FilePath/Cold_Station_12_asteroid.jpg	http://stexpanded.wikia.com/wiki/Special:FilePath/ColdStation12Asteroid.jpg	=	0.9646
http://dbkwik.webdatacommons.org/memory-alpha.wikia.com/resource/Female_Changeling	http://dbkwik.webdatacommons.org/stexpanded.wikia.com/resource/Female_Changeling	=	1.0000
http://dbkwik.webdatacommons.org/memory-alpha.wikia.com/resource/Alynna_Nechayev	http://dbkwik.webdatacommons.org/stexpanded.wikia.com/resource/Alynna_Nechayev	=	1.0000
http://dbkwik.webdatacommons.org/memory-alpha.wikia.com/resource/Vosk	http://dbkwik.webdatacommons.org/stexpanded.wikia.com/resource/Vosk	=	1.0000
http://dbkwik.webdatacommons.org/memory-alpha.wikia.com/class/ss	http://dbkwik.webdatacommons.org/stexpanded.wikia.com/class/ss	=	0.8720
http://dbkwik.webdatacommons.org/memory-alpha.wikia.com/property/guest	http://dbkwik.webdatacommons.org/stexpanded.wikia.com/property/guest	=	1.0000
http://dbkwik.webdatacommons.org/memory-alpha.wikia.com/resource/Jadzia_Dax	http://dbkwik.webdatacommons.org/stexpanded.wikia.com/resource/Jadzia_Dax	=	1.0000
http://dbkwik.webdatacommons.org/memory-alpha.wikia.com/resource/Category:Cardassians	http://dbkwik.webdatacommons.org/stexpanded.wikia.com/resource/Category:Cardassians	=	1.0000
http://dbkwik.webdatacommons.org/memory-alpha.wikia.com/resource/Wagon_Train_to_the_Stars	http://dbkwik.webdatacommons.org/stexpanded.wikia.com/resource/Wagon_Train_to_the_Stars	=	1.0000
http://dbkwik.webdatacommons.org/memory-alpha.wikia.com/resource/Occupation_of_Bajor	http://dbkwik.webdatacommons.org/stexpanded.wikia.com/resource/Occupation_of_Bajor	=	1.0000
http://dbkwik.webdatacommons.org/memory-alpha.wikia.com/resource/Columbus	http://dbkwik.webdatacommons.org/stexpanded.wikia.com/resource/Columbus	=	1.0000
http://memory-alpha.wikia.com/wiki/Special:FilePath/Dderidex-engine_core.jpg	http://stexpanded.wikia.com/wiki/Special:FilePath/Dderidex-engine_core.jpg	=	1.0000
http://dbkwik.webdatacommons.org/memory-alpha.wikia.com/resource/USS_Constellation_(NCC-1017)	http://dbkwik.webdatacommons.org/stexpanded.wikia.com/resource/USS_Constellation_(NCC-1017)	=	1.0000
http://dbkwik.webdatacommons.org/memory-alpha.wikia.com/resource/2384	http://dbkwik.webdatacommons.org/stexpanded.wikia.com/resource/2384	=	1.0000
http://dbkwik.webdatacommons.org/memory-alpha.wikia.com/resource/Gravity	http://dbkwik.webdatacommons.org/stexpanded.wikia.com/property/gravity	=	1.0000
http://memory-alpha.wikia.com/wiki/Special:FilePath/Ambassador_class_bridge,_2368.jpg?width=300	http://stexpanded.wikia.com/wiki/Special:FilePath/Ambassador_class_bridge.jpg?width=300	=	0.9478
http://dbkwik.webdatacommons.org/memory-alpha.wikia.com/resource/Assault_team	http://dbkwik.webdatacommons.org/stexpanded.wikia.com/resource/Assault_team	=	1.0000
http://dbkwik.webdatacommons.org/memory-alpha.wikia.com/resource/Epsilon_Indi_II	http://dbkwik.webdatacommons.org/stexpanded.wikia.com/resource/Epsilon_Indi_IV	=	0.9043
http://dbkwik.webdatacommons.org/memory-alpha.wikia.com/resource/Pacifica	http://dbkwik.webdatacommons.org/stexpanded.wikia.com/resource/Pacifica	=	1.0000
http://dbkwik.webdatacommons.org/memory-alpha.wikia.com/resource/Manhunt	http://dbkwik.webdatacommons.org/stexpanded.wikia.com/resource/Manhunt	=	1.0000
http://dbkwik.webdatacommons.org/memory-alpha.wikia.com/resource/Subspace_turbulence	http://dbkwik.webdatacommons.org/stexpanded.wikia.com/resource/Subspace_turbulence	=	1.0000
http://memory-alpha.wikia.com/wiki/Special:FilePath/Arex.jpg	http://stexpanded.wikia.com/wiki/Special:FilePath/Arex.jpg	=	1.0000
http://dbkwik.webdatacommons.org/memory-alpha.wikia.com/resource/Category:Vulcans	http://dbkwik.webdatacommons.org/stexpanded.wikia.com/resource/Category:Vulcans	=	1.0000
http://dbkwik.webdatacommons.org/memory-alpha.wikia.com/resource/Zimmerman	http://dbkwik.webdatacommons.org/stexpanded.wikia.com/resource/Zimmerman	=	1.0000
http://dbkwik.webdatacommons.org/memory-alpha.wikia.com/resource/Category:Caitians	http://dbkwik.webdatacommons.org/stexpanded.wikia.com/resource/Category:Caitians	=	1.0000
http://memory-alpha.wikia.com/wiki/Special:FilePath/Coaxial_warp_drive.jpg?width=300	http://stexpanded.wikia.com/wiki/Special:FilePath/Coaxial_warp_drive.jpg?width=300	=	1.0000
http://dbkwik.webdatacommons.org/memory-alpha.wikia.com/resource/Plasma_weapon	http://dbkwik.webdatacommons.org/stexpanded.wikia.com/resource/Plasma_weapon	=	1.0000
http://dbkwik.webdatacommons.org/memory-alpha.wikia.com/resource/2385	http://dbkwik.webdatacommons.org/stexpanded.wikia.com/resource/2385	=	1.0000
http://memory-alpha.wikia.com/wiki/Special:FilePath/Yellowstone_MSD.jpg	http://stexpanded.wikia.com/wiki/Special:FilePath/YellowstoneMSD.jpg	=	1.0000
http://dbkwik.webdatacommons.org/memory-alpha.wikia.com/resource/Category:Sectors	http://dbkwik.webdatacommons.org/stexpanded.wikia.com/resource/Category:Sectors	=	1.0000
http://dbkwik.webdatacommons.org/memory-alpha.wikia.com/resource/Louisiana	http://dbkwik.webdatacommons.org/stexpanded.wikia.com/resource/Louisiana	=	1.0000
http://dbkwik.webdatacommons.org/memory-alpha.wikia.com/resource/Starbase_179	http://dbkwik.webdatacommons.org/stexpanded.wikia.com/resource/Starbase_17	=	0.9052
http://dbkwik.webdatacommons.org/memory-alpha.wikia.com/resource/Launch_bay	http://dbkwik.webdatacommons.org/stexpanded.wikia.com/resource/Launch_bay	=	1.0000
http://dbkwik.webdatacommons.org/memory-alpha.wikia.com/resource/Armory_officer	http://dbkwik.webdatacommons.org/stexpanded.wikia.com/resource/Armory_officer	=	1.0000
http://dbkwik.webdatacommons.org/memory-alpha.wikia.com/resource/Pah-wraith	http://dbkwik.webdatacommons.org/stexpanded.wikia.com/resource/Pah-wraith	=	1.0000
http://dbkwik.webdatacommons.org/memory-alpha.wikia.com/resource/Andorian_language	http://dbkwik.webdatacommons.org/stexpanded.wikia.com/resource/Andorian_language	=	1.0000
http://dbkwik.webdatacommons.org/memory-alpha.wikia.com/resource/Baseball	http://dbkwik.webdatacommons.org/stexpanded.wikia.com/resource/Baseball	=	1.0000
http://dbkwik.webdatacommons.org/memory-alpha.wikia.com/resource/Starfleet_personnel	http://dbkwik.webdatacommons.org/stexpanded.wikia.com/resource/Starfleet_personnel	=	1.0000
http://memory-alpha.wikia.com/wiki/Special:FilePath/Intrepid_class_crew_quarters.jpg?width=300	http://stexpanded.wikia.com/wiki/Special:FilePath/Intrepid_class_crew_quarters.jpg?width=300	=	1.0000
http://dbkwik.webdatacommons.org/memory-alpha.wikia.com/property/publisher	http://dbkwik.webdatacommons.org/stexpanded.wikia.com/property/publisher	=	1.0000
http://dbkwik.webdatacommons.org/memory-alpha.wikia.com/property/commander	http://dbkwik.webdatacommons.org/stexpanded.wikia.com/resource/Commander	=	1.0000
http://memory-alpha.wikia.com/wiki/Special:FilePath/Spock_(mirror).jpg	http://stexpanded.wikia.com/wiki/Special:FilePath/Mirror_Spock.jpg	=	0.8719
http://dbkwik.webdatacommons.org/memory-alpha.wikia.com/resource/Kira_Nerys_(mirror)	http://dbkwik.webdatacommons.org/stexpanded.wikia.com/resource/Kira_Nerys_(mirror)	=	1.0000
http://memory-alpha.wikia.com/wiki/Special:FilePath/dathon.jpg?width=300	http://stexpanded.wikia.com/wiki/Special:FilePath/Dathon.jpg?width=300	=	1.0000
http://dbkwik.webdatacommons.org/memory-alpha.wikia.com/resource/Seska	http://dbkwik.webdatacommons.org/stexpanded.wikia.com/resource/Seska	=	1.0000
http://dbkwik.webdatacommons.org/memory-alpha.wikia.com/resource/Recruit	http://dbkwik.webdatacommons.org/stexpanded.wikia.com/resource/Recruit	=	1.0000
http://memory-alpha.wikia.com/wiki/Special:FilePath/excalibur.jpg	http://stexpanded.wikia.com/wiki/Special:FilePath/Excalibur.jpg	=	1.0000
http://dbkwik.webdatacommons.org/memory-alpha.wikia.com/resource/2152	http://dbkwik.webdatacommons.org/stexpanded.wikia.com/resource/2152	=	1.0000
http://dbkwik.webdatacommons.org/memory-alpha.wikia.com/resource/Voth	http://dbkwik.webdatacommons.org/stexpanded.wikia.com/resource/Voth	=	1.0000
http://dbkwik.webdatacommons.org/memory-alpha.wikia.com/resource/2066	http://dbkwik.webdatacommons.org/stexpanded.wikia.com/resource/2066	=	1.0000
http://dbkwik.webdatacommons.org/memory-alpha.wikia.com/resource/Gravity_well	http://dbkwik.webdatacommons.org/stexpanded.wikia.com/resource/Gravity_well	=	1.0000
http://dbkwik.webdatacommons.org/memory-alpha.wikia.com/resource/Resurrection	http://dbkwik.webdatacommons.org/stexpanded.wikia.com/resource/Resurrections	=	0.9083
http://dbkwik.webdatacommons.org/memory-alpha.wikia.com/resource/Communications_officer	http://dbkwik.webdatacommons.org/stexpanded.wikia.com/resource/Communications_officer	=	1.0000
http://dbkwik.webdatacommons.org/memory-alpha.wikia.com/resource/2399	http://dbkwik.webdatacommons.org/stexpanded.wikia.com/resource/2399	=	1.0000
http://dbkwik.webdatacommons.org/memory-alpha.wikia.com/resource/2129	http://dbkwik.webdatacommons.org/stexpanded.wikia.com/resource/2129	=	1.0000
http://dbkwik.webdatacommons.org/memory-alpha.wikia.com/resource/2268	http://dbkwik.webdatacommons.org/stexpanded.wikia.com/resource/2268	=	1.0000
http://memory-alpha.wikia.com/wiki/Special:FilePath/Q_admiral.jpg?width=300	http://stexpanded.wikia.com/wiki/Special:FilePath/Q_admiral.jpg?width=300	=	1.0000
http://dbkwik.webdatacommons.org/memory-alpha.wikia.com/resource/1920s	http://dbkwik.webdatacommons.org/stexpanded.wikia.com/resource/1920s	=	1.0000
http://dbkwik.webdatacommons.org/memory-alpha.wikia.com/resource/Time_travel_pod_(31st_century)	http://dbkwik.webdatacommons.org/stexpanded.wikia.com/resource/Time_travel_pod_(26th_century)	=	0.8930
http://dbkwik.webdatacommons.org/memory-alpha.wikia.com/resource/Starbase_157	http://dbkwik.webdatacommons.org/stexpanded.wikia.com/resource/Starbase_150	=	0.8657
http://dbkwik.webdatacommons.org/memory-alpha.wikia.com/resource/2180s	http://dbkwik.webdatacommons.org/stexpanded.wikia.com/resource/2180s	=	1.0000
http://dbkwik.webdatacommons.org/memory-alpha.wikia.com/resource/Caitian	http://dbkwik.webdatacommons.org/stexpanded.wikia.com/resource/Caitian	=	1.0000
http://memory-alpha.wikia.com/wiki/Special:FilePath/MirrorPhlox.jpg?width=300	http://stexpanded.wikia.com/wiki/Special:FilePath/MirrorPhlox.jpg?width=300	=	1.0000
http://memory-alpha.wikia.com/wiki/Special:FilePath/Hikaru_Sulu_(mirror).jpg	http://stexpanded.wikia.com/wiki/Special:FilePath/Hikaru_Sulu_(mirror).jpg	=	1.0000
http://dbkwik.webdatacommons.org/memory-alpha.wikia.com/resource/Marquez	http://dbkwik.webdatacommons.org/stexpanded.wikia.com/resource/Marquez	=	1.0000
http://dbkwik.webdatacommons.org/memory-alpha.wikia.com/resource/Trunks	http://dbkwik.webdatacommons.org/stexpanded.wikia.com/resource/Trunks	=	1.0000
http://dbkwik.webdatacommons.org/memory-alpha.wikia.com/resource/Eugenics_Wars	http://dbkwik.webdatacommons.org/stexpanded.wikia.com/resource/Eugenics_Wars	=	1.0000
http://dbkwik.webdatacommons.org/memory-alpha.wikia.com/resource/Legate	http://dbkwik.webdatacommons.org/stexpanded.wikia.com/resource/Legate	=	1.0000
http://dbkwik.webdatacommons.org/memory-alpha.wikia.com/resource/Casino	http://dbkwik.webdatacommons.org/stexpanded.wikia.com/resource/Casino	=	1.0000
http://dbkwik.webdatacommons.org/memory-alpha.wikia.com/resource/Travis_Mayweather	http://dbkwik.webdatacommons.org/stexpanded.wikia.com/resource/Travis_Mayweather	=	1.0000
http://memory-alpha.wikia.com/wiki/Special:FilePath/Ecs_horizon.jpg?width=300	http://stexpanded.wikia.com/wiki/Special:FilePath/Ecs_horizon.jpg?width=300	=	1.0000
http://dbkwik.webdatacommons.org/memory-alpha.wikia.com/resource/Dilithium	http://dbkwik.webdatacommons.org/stexpanded.wikia.com/resource/Dilithium	=	1.0000
http://dbkwik.webdatacommons.org/memory-alpha.wikia.com/resource/Amnesia	http://dbkwik.webdatacommons.org/stexpanded.wikia.com/resource/Amnesia	=	1.0000
http://dbkwik.webdatacommons.org/memory-alpha.wikia.com/resource/Starbase_152	http://dbkwik.webdatacommons.org/stexpanded.wikia.com/resource/Starbase_152	=	1.0000
http://dbkwik.webdatacommons.org/memory-alpha.wikia.com/resource/Temporal_Integrity_Commission	http://dbkwik.webdatacommons.org/stexpanded.wikia.com/resource/Temporal_Integrity_Commission	=	1.0000
http://memory-alpha.wikia.com/wiki/Special:FilePath/Tng_cpo.png?width=300	http://stexpanded.wikia.com/wiki/Special:FilePath/CPO_(TNG).png?width=300	=	0.9291
http://dbkwik.webdatacommons.org/memory-alpha.wikia.com/resource/Second_Battle_of_Deep_Space_9	http://dbkwik.webdatacommons.org/stexpanded.wikia.com/resource/Second_Battle_of_Deep_Space_9	=	1.0000
http://dbkwik.webdatacommons.org/memory-alpha.wikia.com/resource/Danula_II	http://dbkwik.webdatacommons.org/stexpanded.wikia.com/resource/Danula_II	=	1.0000
http://dbkwik.webdatacommons.org/memory-alpha.wikia.com/resource/Skon	http://dbkwik.webdatacommons.org/stexpanded.wikia.com/resource/Skon	=	1.0000
http://dbkwik.webdatacommons.org/memory-alpha.wikia.com/resource/Boy_Scout	http://dbkwik.webdatacommons.org/stexpanded.wikia.com/resource/Boy_Scouts	=	0.9074
http://dbkwik.webdatacommons.org/memory-alpha.wikia.com/resource/2029	http://dbkwik.webdatacommons.org/stexpanded.wikia.com/resource/2029	=	1.0000
http://memory-alpha.wikia.com/wiki/Special:FilePath/Kruge.jpg	http://stexpanded.wikia.com/wiki/Special:FilePath/Kruge.jpg	=	1.0000
http://dbkwik.webdatacommons.org/memory-alpha.wikia.com/resource/Christmas	http://dbkwik.webdatacommons.org/stexpanded.wikia.com/resource/Christmas	=	1.0000
http://dbkwik.webdatacommons.org/memory-alpha.wikia.com/resource/Whale_Probe	http://dbkwik.webdatacommons.org/stexpanded.wikia.com/resource/Whale_probe	=	1.0000
http://dbkwik.webdatacommons.org/memory-alpha.wikia.com/resource/Starfleet_Corps_of_Engineers	http://dbkwik.webdatacommons.org/stexpanded.wikia.com/resource/Starfleet_Corps_of_Engineers	=	1.0000
http://dbkwik.webdatacommons.org/memory-alpha.wikia.com/resource/Michael_Williams	http://dbkwik.webdatacommons.org/stexpanded.wikia.com/resource/Michael_Williams	=	1.0000
http://memory-alpha.wikia.com/wiki/Special:FilePath/Robert_April,_young.jpg	http://stexpanded.wikia.com/wiki/Special:FilePath/Robert_April_young.jpg	=	1.0000
http://dbkwik.webdatacommons.org/memory-alpha.wikia.com/resource/Rigelian_fever	http://dbkwik.webdatacommons.org/stexpanded.wikia.com/resource/Rigelian_fever	=	1.0000
http://dbkwik.webdatacommons.org/memory-alpha.wikia.com/resource/2187	http://dbkwik.webdatacommons.org/stexpanded.wikia.com/resource/2187	=	1.0000
http://dbkwik.webdatacommons.org/memory-alpha.wikia.com/resource/Khitomer_Accords	http://dbkwik.webdatacommons.org/stexpanded.wikia.com/resource/Khitomer_Accords	=	1.0000
http://dbkwik.webdatacommons.org/memory-alpha.wikia.com/resource/Rondac_III	http://dbkwik.webdatacommons.org/stexpanded.wikia.com/resource/Rondac_III	=	1.0000
http://dbkwik.webdatacommons.org/memory-alpha.wikia.com/resource/Red_Squad	http://dbkwik.webdatacommons.org/stexpanded.wikia.com/resource/Red_Squad	=	1.0000
http://dbkwik.webdatacommons.org/memory-alpha.wikia.com/resource/Starbase_18	http://dbkwik.webdatacommons.org/stexpanded.wikia.com/resource/Starbase_18	=	1.0000
http://dbkwik.webdatacommons.org/memory-alpha.wikia.com/resource/2189	http://dbkwik.webdatacommons.org/stexpanded.wikia.com/resource/2189	=	1.0000
http://dbkwik.webdatacommons.org/memory-alpha.wikia.com/resource/2293	http://dbkwik.webdatacommons.org/stexpanded.wikia.com/resource/2293	=	1.0000
http://dbkwik.webdatacommons.org/memory-alpha.wikia.com/resource/House_of_Grilka	http://dbkwik.webdatacommons.org/stexpanded.wikia.com/resource/House_of_Grilka	=	1.0000
http://memory-alpha.wikia.com/wiki/Special:FilePath/Class_3_Nebula.jpg?width=300	http://stexpanded.wikia.com/wiki/Special:FilePath/Nebula_class.jpg?width=300	=	0.9057
http://dbkwik.webdatacommons.org/memory-alpha.wikia.com/resource/Library	http://dbkwik.webdatacommons.org/stexpanded.wikia.com/resource/Library	=	1.0000
http://dbkwik.webdatacommons.org/memory-alpha.wikia.com/resource/Dance	http://dbkwik.webdatacommons.org/stexpanded.wikia.com/resource/Dance	=	1.0000
http://dbkwik.webdatacommons.org/memory-alpha.wikia.com/resource/USS_Farragut_(NCC-60597)	http://dbkwik.webdatacommons.org/stexpanded.wikia.com/resource/USS_Farragut_(NCC-60597)	=	1.0000
http://dbkwik.webdatacommons.org/memory-alpha.wikia.com/resource/Time	http://dbkwik.webdatacommons.org/stexpanded.wikia.com/resource/Time	=	1.0000
http://dbkwik.webdatacommons.org/memory-alpha.wikia.com/resource/European_Hegemony	http://dbkwik.webdatacommons.org/stexpanded.wikia.com/resource/European_Hegemony	=	1.0000
http://dbkwik.webdatacommons.org/memory-alpha.wikia.com/resource/2007	http://dbkwik.webdatacommons.org/stexpanded.wikia.com/resource/2007	=	1.0000
http://memory-alpha.wikia.com/wiki/Special:FilePath/Starbase173.jpg?width=300	http://stexpanded.wikia.com/wiki/Special:FilePath/Starbase515.jpg?width=300	=	0.9112
http://memory-alpha.wikia.com/wiki/Special:FilePath/Data_and_Leonard_McCoy.jpg?width=300	http://stexpanded.wikia.com/wiki/Special:FilePath/Data_and_Leonard_McCoy.jpg?width=300	=	1.0000
http://dbkwik.webdatacommons.org/memory-alpha.wikia.com/resource/Category:Radiation	http://dbkwik.webdatacommons.org/stexpanded.wikia.com/resource/Category:Radiation	=	1.0000
http://dbkwik.webdatacommons.org/memory-alpha.wikia.com/resource/Atmosphere	http://dbkwik.webdatacommons.org/stexpanded.wikia.com/property/atmosphere	=	1.0000
http://dbkwik.webdatacommons.org/memory-alpha.wikia.com/resource/Armageddon	http://dbkwik.webdatacommons.org/stexpanded.wikia.com/resource/Armageddon	=	1.0000
http://memory-alpha.wikia.com/wiki/Special:FilePath/Terev.jpg	http://stexpanded.wikia.com/wiki/Special:FilePath/Terev.jpg	=	1.0000
http://memory-alpha.wikia.com/wiki/Special:FilePath/Risan_sunset.jpg?width=300	http://stexpanded.wikia.com/wiki/Special:FilePath/Risa_sunset.jpg?width=300	=	0.9073
http://dbkwik.webdatacommons.org/memory-alpha.wikia.com/resource/2142	http://dbkwik.webdatacommons.org/stexpanded.wikia.com/resource/2142	=	1.0000
http://dbkwik.webdatacommons.org/memory-alpha.wikia.com/resource/Ezri_Dax	http://dbkwik.webdatacommons.org/stexpanded.wikia.com/resource/Ezri_Dax	=	1.0000
http://dbkwik.webdatacommons.org/memory-alpha.wikia.com/resource/NX-04	http://dbkwik.webdatacommons.org/stexpanded.wikia.com/resource/NX-04	=	1.0000
http://dbkwik.webdatacommons.org/memory-alpha.wikia.com/resource/Snake	http://dbkwik.webdatacommons.org/stexpanded.wikia.com/resource/Snake	=	1.0000
http://dbkwik.webdatacommons.org/memory-alpha.wikia.com/resource/Egypt	http://dbkwik.webdatacommons.org/stexpanded.wikia.com/resource/Egypt	=	1.0000
http://dbkwik.webdatacommons.org/memory-alpha.wikia.com/resource/Multi-adaptive_shielding	http://dbkwik.webdatacommons.org/stexpanded.wikia.com/resource/Multi-adaptive_shield	=	0.9078
http://memory-alpha.wikia.com/wiki/Special:FilePath/Lara.jpg?width=300	http://stexpanded.wikia.com/wiki/Special:FilePath/Lara.jpg?width=300	=	1.0000
http://dbkwik.webdatacommons.org/memory-alpha.wikia.com/resource/Tagra_IV	http://dbkwik.webdatacommons.org/stexpanded.wikia.com/resource/Tagra_IV	=	1.0000
http://dbkwik.webdatacommons.org/memory-alpha.wikia.com/resource/Cooper	http://dbkwik.webdatacommons.org/stexpanded.wikia.com/resource/Trooper	=	0.8729
http://dbkwik.webdatacommons.org/memory-alpha.wikia.com/resource/Starbase_515	http://dbkwik.webdatacommons.org/stexpanded.wikia.com/resource/Starbase_515	=	1.0000
http://dbkwik.webdatacommons.org/memory-alpha.wikia.com/resource/2240	http://dbkwik.webdatacommons.org/stexpanded.wikia.com/resource/2240	=	1.0000
http://memory-alpha.wikia.com/wiki/Special:FilePath/Saurian.jpg	http://stexpanded.wikia.com/wiki/Special:FilePath/Saurian.jpg	=	1.0000
http://dbkwik.webdatacommons.org/memory-alpha.wikia.com/resource/2375	http://dbkwik.webdatacommons.org/stexpanded.wikia.com/resource/2375	=	1.0000
http://memory-alpha.wikia.com/wiki/Special:FilePath/Bajoran_2nd_lt.png?width=300	http://stexpanded.wikia.com/wiki/Special:FilePath/2ndLt_(Bajoran).png?width=300	=	0.9263
http://dbkwik.webdatacommons.org/memory-alpha.wikia.com/resource/Halanan	http://dbkwik.webdatacommons.org/stexpanded.wikia.com/resource/Halanan	=	1.0000
http://dbkwik.webdatacommons.org/memory-alpha.wikia.com/resource/Ketracel-white_facility	http://dbkwik.webdatacommons.org/stexpanded.wikia.com/resource/Ketracel-white_facility	=	1.0000
http://dbkwik.webdatacommons.org/memory-alpha.wikia.com/resource/1977	http://dbkwik.webdatacommons.org/stexpanded.wikia.com/resource/1977	=	1.0000
http://dbkwik.webdatacommons.org/memory-alpha.wikia.com/resource/Category:Federation_agencies	http://dbkwik.webdatacommons.org/stexpanded.wikia.com/resource/Category:Federation_agencies	=	1.0000
http://dbkwik.webdatacommons.org/memory-alpha.wikia.com/resource/Star_Trek_is...	http://dbkwik.webdatacommons.org/stexpanded.wikia.com/resource/Star_Trek_is...	=	1.0000
http://dbkwik.webdatacommons.org/memory-alpha.wikia.com/resource/New_United_Nations	http://dbkwik.webdatacommons.org/stexpanded.wikia.com/resource/New_United_Nations	=	1.0000
http://dbkwik.webdatacommons.org/memory-alpha.wikia.com/resource/Andorian_Empire	http://dbkwik.webdatacommons.org/stexpanded.wikia.com/resource/Andorian_Empire	=	1.0000
http://dbkwik.webdatacommons.org/memory-alpha.wikia.com/resource/2185	http://dbkwik.webdatacommons.org/stexpanded.wikia.com/resource/2185	=	1.0000
http://dbkwik.webdatacommons.org/memory-alpha.wikia.com/resource/SS_Valiant	http://dbkwik.webdatacommons.org/stexpanded.wikia.com/resource/SS_Valiant	=	1.0000
http://dbkwik.webdatacommons.org/memory-alpha.wikia.com/resource/Homeworld	http://dbkwik.webdatacommons.org/stexpanded.wikia.com/resource/Homeworld	=	1.0000
http://dbkwik.webdatacommons.org/memory-alpha.wikia.com/resource/First_lieutenant	http://dbkwik.webdatacommons.org/stexpanded.wikia.com/resource/First_lieutenant	=	1.0000
http://dbkwik.webdatacommons.org/memory-alpha.wikia.com/resource/Starfleet_Medical	http://dbkwik.webdatacommons.org/stexpanded.wikia.com/resource/Starfleet_Medical	=	1.0000
http://dbkwik.webdatacommons.org/memory-alpha.wikia.com/resource/Cardassia_I	http://dbkwik.webdatacommons.org/stexpanded.wikia.com/resource/Cardassia	=	0.9179
http://memory-alpha.wikia.com/wiki/Special:FilePath/Orion_slave_girls.jpg?width=300	http://stexpanded.wikia.com/wiki/Special:FilePath/Orion_slave_girls.jpg?width=300	=	1.0000
http://dbkwik.webdatacommons.org/memory-alpha.wikia.com/resource/Scimitar	http://dbkwik.webdatacommons.org/stexpanded.wikia.com/resource/Scimitar	=	1.0000
http://dbkwik.webdatacommons.org/memory-alpha.wikia.com/resource/Andorian_Academy	http://dbkwik.webdatacommons.org/stexpanded.wikia.com/resource/Andorian_Academy	=	1.0000
http://dbkwik.webdatacommons.org/memory-alpha.wikia.com/resource/Cat	http://dbkwik.webdatacommons.org/stexpanded.wikia.com/resource/Cat	=	1.0000
http://memory-alpha.wikia.com/wiki/Special:FilePath/Geordi_La_Forge,_2379.jpg	http://stexpanded.wikia.com/wiki/Special:FilePath/GeordiLaForge2379.jpg	=	0.9268
http://dbkwik.webdatacommons.org/memory-alpha.wikia.com/resource/Medicine	http://dbkwik.webdatacommons.org/stexpanded.wikia.com/resource/Medicine	=	1.0000
http://memory-alpha.wikia.com/wiki/Special:FilePath/Hoshi_Sato,_mirror_Empress.jpg?width=300	http://stexpanded.wikia.com/wiki/Special:FilePath/Hoshi_Sato,_mirror_Empress.png?width=300	=	0.9112
http://dbkwik.webdatacommons.org/memory-alpha.wikia.com/resource/Starfleet_Headquarters	http://dbkwik.webdatacommons.org/stexpanded.wikia.com/resource/Starfleet_Headquarters	=	1.0000
http://dbkwik.webdatacommons.org/memory-alpha.wikia.com/resource/Starbase_200	http://dbkwik.webdatacommons.org/stexpanded.wikia.com/resource/Starbase_200	=	1.0000
http://dbkwik.webdatacommons.org/memory-alpha.wikia.com/resource/Jupiter_Station	http://dbkwik.webdatacommons.org/stexpanded.wikia.com/resource/Jupiter_Station	=	1.0000
http://dbkwik.webdatacommons.org/memory-alpha.wikia.com/resource/Category:Languages	http://dbkwik.webdatacommons.org/stexpanded.wikia.com/resource/Category:Languages	=	1.0000
http://dbkwik.webdatacommons.org/memory-alpha.wikia.com/resource/Bajoran_Militia	http://dbkwik.webdatacommons.org/stexpanded.wikia.com/resource/Bajoran_Militia	=	1.0000
http://memory-alpha.wikia.com/wiki/Special:FilePath/RigelVII-Holberg917G_fortress.jpg?width=300	http://stexpanded.wikia.com/wiki/Special:FilePath/RigelVII-Holberg917G_fortress.jpg?width=300	=	1.0000
http://memory-alpha.wikia.com/wiki/Special:FilePath/USS_Majestic.jpg	http://stexpanded.wikia.com/wiki/Special:FilePath/USS_Majestic_hit.jpg	=	0.8716
http://memory-alpha.wikia.com/wiki/Special:FilePath/Prometheus_class_bridge.jpg	http://stexpanded.wikia.com/wiki/Special:FilePath/Prometheus_class_bridge.jpg	=	1.0000
http://dbkwik.webdatacommons.org/memory-alpha.wikia.com/resource/2269	http://dbkwik.webdatacommons.org/stexpanded.wikia.com/resource/2269	=	1.0000
http://memory-alpha.wikia.com/wiki/Special:FilePath/Medusan.jpg	http://stexpanded.wikia.com/wiki/Special:FilePath/Medusan.jpg	=	1.0000
http://dbkwik.webdatacommons.org/memory-alpha.wikia.com/resource/Planet_killer	http://dbkwik.webdatacommons.org/stexpanded.wikia.com/resource/Planet_killer	=	1.0000
http://dbkwik.webdatacommons.org/memory-alpha.wikia.com/resource/Labor_camp	http://dbkwik.webdatacommons.org/stexpanded.wikia.com/resource/Labor_camp	=	1.0000
http://memory-alpha.wikia.com/wiki/Special:FilePath/Tng_fadm.png?width=300	http://stexpanded.wikia.com/wiki/Special:FilePath/FADM_(TNG).png?width=300	=	0.9097
http://dbkwik.webdatacommons.org/memory-alpha.wikia.com/resource/New_Berlin	http://dbkwik.webdatacommons.org/stexpanded.wikia.com/resource/New_Berlin	=	1.0000
http://dbkwik.webdatacommons.org/memory-alpha.wikia.com/resource/USS_Tian_An_Men	http://dbkwik.webdatacommons.org/stexpanded.wikia.com/resource/USS_Tian_An_Men	=	1.0000
http://dbkwik.webdatacommons.org/memory-alpha.wikia.com/resource/Berengaria_VII	http://dbkwik.webdatacommons.org/stexpanded.wikia.com/resource/Berengaria_VII	=	1.0000
http://dbkwik.webdatacommons.org/memory-alpha.wikia.com/resource/USS_Volga	http://dbkwik.webdatacommons.org/stexpanded.wikia.com/resource/USS_Volga	=	1.0000
http://dbkwik.webdatacommons.org/memory-alpha.wikia.com/resource/Survival	http://dbkwik.webdatacommons.org/stexpanded.wikia.com/resource/Survival	=	1.0000
http://dbkwik.webdatacommons.org/memory-alpha.wikia.com/property/spouse(s)	http://dbkwik.webdatacommons.org/stexpanded.wikia.com/property/spouse(s)	=	1.0000
http://dbkwik.webdatacommons.org/memory-alpha.wikia.com/resource/Ten_Forward	http://dbkwik.webdatacommons.org/stexpanded.wikia.com/resource/Ten_Forward	=	1.0000
http://dbkwik.webdatacommons.org/memory-alpha.wikia.com/resource/Donatu_V	http://dbkwik.webdatacommons.org/stexpanded.wikia.com/resource/Donatu_V	=	1.0000
http://dbkwik.webdatacommons.org/memory-alpha.wikia.com/class/tas	http://dbkwik.webdatacommons.org/stexpanded.wikia.com/class/tas	=	1.0000
http://memory-alpha.wikia.com/wiki/Special:FilePath/Lito.jpg?width=300	http://stexpanded.wikia.com/wiki/Special:FilePath/Sito.jpg?width=300	=	0.8978
http://dbkwik.webdatacommons.org/memory-alpha.wikia.com/resource/Orion_Syndicate	http://dbkwik.webdatacommons.org/stexpanded.wikia.com/resource/Orion_Syndicate	=	1.0000
http://dbkwik.webdatacommons.org/memory-alpha.wikia.com/resource/Music	http://dbkwik.webdatacommons.org/stexpanded.wikia.com/property/music	=	1.0000
http://dbkwik.webdatacommons.org/memory-alpha.wikia.com/resource/Orb_of_Time	http://dbkwik.webdatacommons.org/stexpanded.wikia.com/resource/Orb_of_Time	=	1.0000
http://memory-alpha.wikia.com/wiki/Special:FilePath/Romulan_science_vessel,_profile.jpg?width=300	http://stexpanded.wikia.com/wiki/Special:FilePath/Romulan_science_vessel.jpg?width=300	=	0.9232
http://dbkwik.webdatacommons.org/memory-alpha.wikia.com/resource/Wellington	http://dbkwik.webdatacommons.org/stexpanded.wikia.com/resource/Wellington	=	1.0000
http://dbkwik.webdatacommons.org/memory-alpha.wikia.com/resource/Khan_Noonien_Singh	http://dbkwik.webdatacommons.org/stexpanded.wikia.com/resource/Khan_Noonien_Singh	=	1.0000
http://dbkwik.webdatacommons.org/memory-alpha.wikia.com/resource/Garon_II	http://dbkwik.webdatacommons.org/stexpanded.wikia.com/resource/Garon_II	=	1.0000
http://memory-alpha.wikia.com/wiki/Special:FilePath/Odo_Chimera.jpg?width=300	http://stexpanded.wikia.com/wiki/Special:FilePath/chimera.jpg?width=300	=	0.8660
http://dbkwik.webdatacommons.org/memory-alpha.wikia.com/resource/Royal_Navy	http://dbkwik.webdatacommons.org/stexpanded.wikia.com/resource/Royal_Navy	=	1.0000
http://dbkwik.webdatacommons.org/memory-alpha.wikia.com/resource/SS_Botany_Bay	http://dbkwik.webdatacommons.org/stexpanded.wikia.com/resource/SS_Botany_Bay	=	1.0000
http://dbkwik.webdatacommons.org/memory-alpha.wikia.com/resource/Starbase_2	http://dbkwik.webdatacommons.org/stexpanded.wikia.com/resource/Starbase_2	=	1.0000
http://dbkwik.webdatacommons.org/memory-alpha.wikia.com/resource/Unity	http://dbkwik.webdatacommons.org/stexpanded.wikia.com/resource/Unity	=	1.0000
http://dbkwik.webdatacommons.org/memory-alpha.wikia.com/resource/Category:Denobulans	http://dbkwik.webdatacommons.org/stexpanded.wikia.com/resource/Category:Denobulans	=	1.0000
http://dbkwik.webdatacommons.org/memory-alpha.wikia.com/resource/Patrol_ship	http://dbkwik.webdatacommons.org/stexpanded.wikia.com/resource/Patrol_ship	=	1.0000
http://dbkwik.webdatacommons.org/memory-alpha.wikia.com/resource/2010s	http://dbkwik.webdatacommons.org/stexpanded.wikia.com/resource/2010s	=	1.0000
http://dbkwik.webdatacommons.org/memory-alpha.wikia.com/resource/Category:Legal_documents	http://dbkwik.webdatacommons.org/stexpanded.wikia.com/resource/Category:Legal_documents	=	1.0000
http://dbkwik.webdatacommons.org/memory-alpha.wikia.com/resource/Intruder_alert	http://dbkwik.webdatacommons.org/stexpanded.wikia.com/resource/Intruder_alert	=	1.0000
http://dbkwik.webdatacommons.org/memory-alpha.wikia.com/resource/Category:Starfleet_personnel_(22nd_century)	http://dbkwik.webdatacommons.org/stexpanded.wikia.com/resource/Category:Starfleet_personnel_(22nd_century)	=	1.0000
http://dbkwik.webdatacommons.org/memory-alpha.wikia.com/resource/Lawyer	http://dbkwik.webdatacommons.org/stexpanded.wikia.com/resource/Lawyer	=	1.0000
http://memory-alpha.wikia.com/wiki/Special:FilePath/Forge_map.jpg?width=300	http://stexpanded.wikia.com/wiki/Special:FilePath/ForgeMap2.jpg?width=300	=	0.9478
http://dbkwik.webdatacommons.org/memory-alpha.wikia.com/resource/Soval	http://dbkwik.webdatacommons.org/stexpanded.wikia.com/resource/Soval	=	1.0000
http://dbkwik.webdatacommons.org/memory-alpha.wikia.com/resource/Fan_fiction	http://dbkwik.webdatacommons.org/stexpanded.wikia.com/resource/Fan_fiction	=	1.0000
http://dbkwik.webdatacommons.org/memory-alpha.wikia.com/resource/Mary_Janowski	http://dbkwik.webdatacommons.org/stexpanded.wikia.com/resource/Mary_Janowski	=	1.0000
http://dbkwik.webdatacommons.org/memory-alpha.wikia.com/resource/University_of_Betazed	http://dbkwik.webdatacommons.org/stexpanded.wikia.com/resource/University_of_Betazed	=	1.0000
http://memory-alpha.wikia.com/wiki/Special:FilePath/Antares.jpg?width=300	http://stexpanded.wikia.com/wiki/Special:FilePath/Antares.jpg?width=300	=	1.0000
http://dbkwik.webdatacommons.org/memory-alpha.wikia.com/resource/2064	http://dbkwik.webdatacommons.org/stexpanded.wikia.com/resource/2064	=	1.0000
http://dbkwik.webdatacommons.org/memory-alpha.wikia.com/resource/Megan_Delaney	http://dbkwik.webdatacommons.org/stexpanded.wikia.com/resource/Megan_Delaney	=	1.0000
http://dbkwik.webdatacommons.org/memory-alpha.wikia.com/resource/USS_Enterprise_(CVN-65)	http://dbkwik.webdatacommons.org/stexpanded.wikia.com/resource/USS_Enterprise_(CVN-65)	=	1.0000
http://dbkwik.webdatacommons.org/memory-alpha.wikia.com/resource/Pregnancy	http://dbkwik.webdatacommons.org/stexpanded.wikia.com/resource/Pregnancy	=	1.0000
http://dbkwik.webdatacommons.org/memory-alpha.wikia.com/resource/Borg_starship_classes	http://dbkwik.webdatacommons.org/stexpanded.wikia.com/resource/Borg_starship_classes	=	1.0000
http://dbkwik.webdatacommons.org/memory-alpha.wikia.com/resource/Deep_Space_9	http://dbkwik.webdatacommons.org/stexpanded.wikia.com/resource/Deep_Space_9	=	1.0000
http://dbkwik.webdatacommons.org/memory-alpha.wikia.com/resource/Gateway	http://dbkwik.webdatacommons.org/stexpanded.wikia.com/resource/Gateway	=	1.0000
http://dbkwik.webdatacommons.org/memory-alpha.wikia.com/resource/Spacedock_(Earth)	http://dbkwik.webdatacommons.org/stexpanded.wikia.com/resource/Earth_Spacedock	=	0.8699
http://dbkwik.webdatacommons.org/memory-alpha.wikia.com/resource/Alien	http://dbkwik.webdatacommons.org/stexpanded.wikia.com/resource/Alien	=	1.0000
http://dbkwik.webdatacommons.org/memory-alpha.wikia.com/resource/Berlinghoff_Rasmussen	http://dbkwik.webdatacommons.org/stexpanded.wikia.com/resource/Berlinghoff_Rasmussen	=	1.0000
http://dbkwik.webdatacommons.org/memory-alpha.wikia.com/resource/Federation_News_Network	http://dbkwik.webdatacommons.org/stexpanded.wikia.com/resource/Federation_News_Network	=	1.0000
http://memory-alpha.wikia.com/wiki/Special:FilePath/Velal.jpg?width=300	http://stexpanded.wikia.com/wiki/Special:FilePath/Velal.jpg?width=300	=	1.0000
http://memory-alpha.wikia.com/wiki/Special:FilePath/Earth_station_mckinley.jpg	http://stexpanded.wikia.com/wiki/Special:FilePath/Earth_station_mckinley.jpg	=	1.0000
http://dbkwik.webdatacommons.org/memory-alpha.wikia.com/resource/Category:Klingon_starship_classes	http://dbkwik.webdatacommons.org/stexpanded.wikia.com/resource/Category:Klingon_starship_classes	=	1.0000
http://dbkwik.webdatacommons.org/memory-alpha.wikia.com/resource/London	http://dbkwik.webdatacommons.org/stexpanded.wikia.com/resource/London	=	1.0000
http://dbkwik.webdatacommons.org/memory-alpha.wikia.com/resource/Dukat	http://dbkwik.webdatacommons.org/stexpanded.wikia.com/resource/Dukat	=	1.0000
http://dbkwik.webdatacommons.org/memory-alpha.wikia.com/resource/Ptolemy_class	http://dbkwik.webdatacommons.org/stexpanded.wikia.com/resource/Ptolemy_class	=	1.0000
http://dbkwik.webdatacommons.org/memory-alpha.wikia.com/resource/Amusement_park	http://dbkwik.webdatacommons.org/stexpanded.wikia.com/resource/Amusement_park	=	1.0000
http://dbkwik.webdatacommons.org/memory-alpha.wikia.com/resource/Kerla	http://dbkwik.webdatacommons.org/stexpanded.wikia.com/resource/Kerla	=	1.0000
http://dbkwik.webdatacommons.org/memory-alpha.wikia.com/resource/Species_8472	http://dbkwik.webdatacommons.org/stexpanded.wikia.com/resource/Species_8472	=	1.0000
http://dbkwik.webdatacommons.org/memory-alpha.wikia.com/resource/2378	http://dbkwik.webdatacommons.org/stexpanded.wikia.com/resource/2378	=	1.0000
http://dbkwik.webdatacommons.org/memory-alpha.wikia.com/resource/Category:Energy	http://dbkwik.webdatacommons.org/stexpanded.wikia.com/resource/Category:Energy	=	1.0000
http://memory-alpha.wikia.com/wiki/Special:FilePath/USS_Defiant_mess_hall.jpg	http://stexpanded.wikia.com/wiki/Special:FilePath/USS_Defiant_mess_hall.jpg	=	1.0000
http://memory-alpha.wikia.com/wiki/Special:FilePath/Enterprise_interphase_decloaking.jpg	http://stexpanded.wikia.com/wiki/Special:FilePath/Enterprise_interphase_decloaking.jpg	=	1.0000
http://dbkwik.webdatacommons.org/memory-alpha.wikia.com/resource/Tholian_Assembly	http://dbkwik.webdatacommons.org/stexpanded.wikia.com/resource/Tholian_Assembly	=	1.0000
http://memory-alpha.wikia.com/wiki/Special:FilePath/2230s_capt.png?width=300	http://stexpanded.wikia.com/wiki/Special:FilePath/CAPT_(2230s).png?width=300	=	0.9180
http://dbkwik.webdatacommons.org/memory-alpha.wikia.com/resource/Galorndon_Core	http://dbkwik.webdatacommons.org/stexpanded.wikia.com/resource/Galorndon_Core	=	1.0000
http://dbkwik.webdatacommons.org/memory-alpha.wikia.com/resource/Baikonur_Cosmodrome	http://dbkwik.webdatacommons.org/stexpanded.wikia.com/resource/Baikonur_Cosmodrome	=	1.0000
http://dbkwik.webdatacommons.org/memory-alpha.wikia.com/resource/Earth_starship_classes	http://dbkwik.webdatacommons.org/stexpanded.wikia.com/resource/Earth_starship_classes	=	1.0000
http://dbkwik.webdatacommons.org/memory-alpha.wikia.com/resource/Nova_Squadron	http://dbkwik.webdatacommons.org/stexpanded.wikia.com/resource/Nova_Squadron	=	1.0000
http://dbkwik.webdatacommons.org/memory-alpha.wikia.com/resource/Cutter	http://dbkwik.webdatacommons.org/stexpanded.wikia.com/resource/Cutter	=	1.0000
http://dbkwik.webdatacommons.org/memory-alpha.wikia.com/resource/Audrid_Dax	http://dbkwik.webdatacommons.org/stexpanded.wikia.com/resource/Audrid_Dax	=	1.0000
http://dbkwik.webdatacommons.org/memory-alpha.wikia.com/resource/Ba%27ku	http://dbkwik.webdatacommons.org/stexpanded.wikia.com/resource/Ba%27ku	=	1.0000
http://dbkwik.webdatacommons.org/memory-alpha.wikia.com/resource/Captain	http://dbkwik.webdatacommons.org/stexpanded.wikia.com/resource/Captain	=	1.0000
http://dbkwik.webdatacommons.org/memory-alpha.wikia.com/resource/2055	http://dbkwik.webdatacommons.org/stexpanded.wikia.com/resource/2055	=	1.0000
http://dbkwik.webdatacommons.org/memory-alpha.wikia.com/resource/Parallel_universe	http://dbkwik.webdatacommons.org/stexpanded.wikia.com/resource/Parallel_universe	=	1.0000
http://memory-alpha.wikia.com/wiki/Special:FilePath/Starbase_11.jpg	http://stexpanded.wikia.com/wiki/Special:FilePath/Starbase_11.jpg	=	1.0000
http://dbkwik.webdatacommons.org/memory-alpha.wikia.com/resource/Avenal_VII	http://dbkwik.webdatacommons.org/stexpanded.wikia.com/resource/Avenal_VII	=	1.0000
http://dbkwik.webdatacommons.org/memory-alpha.wikia.com/resource/Emony_Dax	http://dbkwik.webdatacommons.org/stexpanded.wikia.com/resource/Emony_Dax	=	1.0000
http://dbkwik.webdatacommons.org/memory-alpha.wikia.com/resource/Starbase_185	http://dbkwik.webdatacommons.org/stexpanded.wikia.com/resource/Starbase_185	=	1.0000
http://memory-alpha.wikia.com/wiki/Special:FilePath/Cold_Station_12_asteroid.jpg?width=300	http://stexpanded.wikia.com/wiki/Special:FilePath/ColdStation12Asteroid.jpg?width=300	=	0.9669
http://memory-alpha.wikia.com/wiki/Special:FilePath/Dr._Crusher_firing.jpg?width=300	http://stexpanded.wikia.com/wiki/Special:FilePath/Dr._Crusher.jpg?width=300	=	0.8848
http://memory-alpha.wikia.com/wiki/Special:FilePath/Grankite_order_of_tactics.jpg	http://stexpanded.wikia.com/wiki/Special:FilePath/Grankite_order_of_tactics.jpg	=	1.0000
http://dbkwik.webdatacommons.org/memory-alpha.wikia.com/resource/Credit_card	http://dbkwik.webdatacommons.org/stexpanded.wikia.com/resource/Credit_card	=	1.0000
http://dbkwik.webdatacommons.org/memory-alpha.wikia.com/resource/USS_Endeavour_(NCC-71805)	http://dbkwik.webdatacommons.org/stexpanded.wikia.com/resource/USS_Endeavour_(NCC-71805)	=	1.0000
http://memory-alpha.wikia.com/wiki/Special:FilePath/Rand.jpg?width=300	http://stexpanded.wikia.com/wiki/Special:FilePath/Rand2293.jpg?width=300	=	0.8795
http://memory-alpha.wikia.com/wiki/Special:FilePath/Tos_radm.png?width=300	http://stexpanded.wikia.com/wiki/Special:FilePath/S-RADM_(TOS).png?width=300	=	0.9373
http://dbkwik.webdatacommons.org/memory-alpha.wikia.com/resource/Insignia	http://dbkwik.webdatacommons.org/stexpanded.wikia.com/resource/Insignia	=	1.0000
http://memory-alpha.wikia.com/wiki/Special:FilePath/JupiterStation.jpg?width=300	http://stexpanded.wikia.com/wiki/Special:FilePath/JupiterStation.jpg?width=300	=	1.0000
http://dbkwik.webdatacommons.org/memory-alpha.wikia.com/resource/Hirogen	http://dbkwik.webdatacommons.org/stexpanded.wikia.com/resource/Hirogen	=	1.0000
http://dbkwik.webdatacommons.org/memory-alpha.wikia.com/resource/2111	http://dbkwik.webdatacommons.org/stexpanded.wikia.com/resource/2111	=	1.0000
http://dbkwik.webdatacommons.org/memory-alpha.wikia.com/resource/Some_Assembly_Required	http://dbkwik.webdatacommons.org/stexpanded.wikia.com/resource/Some_Assembly_Required	=	1.0000
http://dbkwik.webdatacommons.org/memory-alpha.wikia.com/resource/1988	http://dbkwik.webdatacommons.org/stexpanded.wikia.com/resource/1988	=	1.0000
http://dbkwik.webdatacommons.org/memory-alpha.wikia.com/resource/1999	http://dbkwik.webdatacommons.org/stexpanded.wikia.com/resource/1999	=	1.0000
http://dbkwik.webdatacommons.org/memory-alpha.wikia.com/resource/2229	http://dbkwik.webdatacommons.org/stexpanded.wikia.com/resource/2229	=	1.0000
http://dbkwik.webdatacommons.org/memory-alpha.wikia.com/resource/2173	http://dbkwik.webdatacommons.org/stexpanded.wikia.com/resource/2173	=	1.0000
http://memory-alpha.wikia.com/wiki/Special:FilePath/USS_Centaur.jpg	http://stexpanded.wikia.com/wiki/Special:FilePath/USS_Centaur.jpg	=	1.0000
http://dbkwik.webdatacommons.org/memory-alpha.wikia.com/resource/2038	http://dbkwik.webdatacommons.org/stexpanded.wikia.com/resource/2038	=	1.0000
http://dbkwik.webdatacommons.org/memory-alpha.wikia.com/resource/2180	http://dbkwik.webdatacommons.org/stexpanded.wikia.com/resource/2180	=	1.0000
http://dbkwik.webdatacommons.org/memory-alpha.wikia.com/resource/Nebula_class	http://dbkwik.webdatacommons.org/stexpanded.wikia.com/resource/Nebula_class	=	1.0000
http://dbkwik.webdatacommons.org/memory-alpha.wikia.com/class/mb	http://dbkwik.webdatacommons.org/stexpanded.wikia.com/class/mb	=	1.0000
http://dbkwik.webdatacommons.org/memory-alpha.wikia.com/resource/Damar	http://dbkwik.webdatacommons.org/stexpanded.wikia.com/resource/Damar	=	1.0000
http://memory-alpha.wikia.com/wiki/Special:FilePath/Jem%27Hadar_battleship.jpg?width=300	http://stexpanded.wikia.com/wiki/Special:FilePath/Jem%27Hadar_Battleship.jpg?width=300	=	1.0000
http://dbkwik.webdatacommons.org/memory-alpha.wikia.com/property/founded	http://dbkwik.webdatacommons.org/stexpanded.wikia.com/property/founded	=	1.0000
http://memory-alpha.wikia.com/wiki/Special:FilePath/Badlands_runabout.jpg	http://stexpanded.wikia.com/wiki/Special:FilePath/Badlands_runabout.jpg	=	1.0000
http://dbkwik.webdatacommons.org/memory-alpha.wikia.com/resource/Starbase_41	http://dbkwik.webdatacommons.org/stexpanded.wikia.com/resource/Starbase_41	=	1.0000
http://dbkwik.webdatacommons.org/memory-alpha.wikia.com/resource/Salva_II	http://dbkwik.webdatacommons.org/stexpanded.wikia.com/resource/Salva_II	=	1.0000
http://dbkwik.webdatacommons.org/memory-alpha.wikia.com/resource/2101	http://dbkwik.webdatacommons.org/stexpanded.wikia.com/resource/2101	=	1.0000
http://dbkwik.webdatacommons.org/memory-alpha.wikia.com/resource/Rura_Penthe	http://dbkwik.webdatacommons.org/stexpanded.wikia.com/resource/Rura_Penthe	=	1.0000
http://memory-alpha.wikia.com/wiki/Special:FilePath/Archer_interrogates_T%27Pol.jpg?width=300	http://stexpanded.wikia.com/wiki/Special:FilePath/Archer_interrogates_T%27Pol.jpg?width=300	=	1.0000
http://dbkwik.webdatacommons.org/memory-alpha.wikia.com/resource/Neutronic_storm	http://dbkwik.webdatacommons.org/stexpanded.wikia.com/resource/Neutronic_storm	=	1.0000
http://memory-alpha.wikia.com/wiki/Special:FilePath/Ent_adm.png?width=300	http://stexpanded.wikia.com/wiki/Special:FilePath/ADM_(ENT).png?width=300	=	0.9143
http://memory-alpha.wikia.com/wiki/Special:FilePath/Vorcha_fleet,_battle_ds9.jpg?width=300	http://stexpanded.wikia.com/wiki/Special:FilePath/Vorcha_fleet,_battle_ds9.jpg?width=300	=	1.0000
http://dbkwik.webdatacommons.org/memory-alpha.wikia.com/resource/Sigma_Iotia_II	http://dbkwik.webdatacommons.org/stexpanded.wikia.com/resource/Sigma_Iotia_II	=	1.0000
http://dbkwik.webdatacommons.org/memory-alpha.wikia.com/resource/Subatomic_particle	http://dbkwik.webdatacommons.org/stexpanded.wikia.com/resource/Subatomic_particle	=	1.0000
http://dbkwik.webdatacommons.org/memory-alpha.wikia.com/resource/Category:Remans	http://dbkwik.webdatacommons.org/stexpanded.wikia.com/resource/Category:Remans	=	1.0000
http://dbkwik.webdatacommons.org/memory-alpha.wikia.com/resource/Meditation	http://dbkwik.webdatacommons.org/stexpanded.wikia.com/resource/Meditation	=	1.0000
http://memory-alpha.wikia.com/wiki/Special:FilePath/Cestus_III_remastered.jpg	http://stexpanded.wikia.com/wiki/Special:FilePath/Cestus_III_remastered.jpg	=	1.0000
http://dbkwik.webdatacommons.org/memory-alpha.wikia.com/resource/Spacecraft	http://dbkwik.webdatacommons.org/stexpanded.wikia.com/resource/Spacecraft	=	1.0000
http://dbkwik.webdatacommons.org/memory-alpha.wikia.com/resource/USS_Wyoming	http://dbkwik.webdatacommons.org/stexpanded.wikia.com/resource/USS_Wyoming	=	1.0000
http://dbkwik.webdatacommons.org/memory-alpha.wikia.com/resource/Memory_Alpha:Disambiguation	http://dbkwik.webdatacommons.org/stexpanded.wikia.com/resource/Memory_Alpha_(disambiguation)	=	1.0000
http://dbkwik.webdatacommons.org/memory-alpha.wikia.com/resource/Manora_shipyards	http://dbkwik.webdatacommons.org/stexpanded.wikia.com/resource/Manora_shipyards	=	1.0000
http://dbkwik.webdatacommons.org/memory-alpha.wikia.com/resource/Deflector_shield	http://dbkwik.webdatacommons.org/stexpanded.wikia.com/resource/Deflector_shield	=	1.0000
http://dbkwik.webdatacommons.org/memory-alpha.wikia.com/resource/Marlena_Moreau_(mirror)	http://dbkwik.webdatacommons.org/stexpanded.wikia.com/resource/Marlena_Moreau_(mirror)	=	1.0000
http://dbkwik.webdatacommons.org/memory-alpha.wikia.com/resource/Ferengi_Alliance	http://dbkwik.webdatacommons.org/stexpanded.wikia.com/resource/Ferengi_Alliance	=	1.0000
http://dbkwik.webdatacommons.org/memory-alpha.wikia.com/resource/2108	http://dbkwik.webdatacommons.org/stexpanded.wikia.com/resource/2108	=	1.0000
http://dbkwik.webdatacommons.org/memory-alpha.wikia.com/resource/IKS_Qu%27Vat	http://dbkwik.webdatacommons.org/stexpanded.wikia.com/resource/IKS_Qu%27Vat	=	1.0000
http://memory-alpha.wikia.com/wiki/Special:FilePath/Ptolemy_class.jpg	http://stexpanded.wikia.com/wiki/Special:FilePath/Ptolemy-Class.jpg	=	1.0000
http://dbkwik.webdatacommons.org/memory-alpha.wikia.com/class/ent	http://dbkwik.webdatacommons.org/stexpanded.wikia.com/class/ent	=	1.0000
http://dbkwik.webdatacommons.org/memory-alpha.wikia.com/resource/Category:Starfleet_Academy	http://dbkwik.webdatacommons.org/stexpanded.wikia.com/resource/Category:Starfleet_Academy	=	1.0000
http://memory-alpha.wikia.com/wiki/Special:FilePath/Patrick.jpg?width=300	http://stexpanded.wikia.com/wiki/Special:FilePath/Patrick.jpg?width=300	=	1.0000
http://dbkwik.webdatacommons.org/memory-alpha.wikia.com/resource/USS_Antares_(NCC-9844)	http://dbkwik.webdatacommons.org/stexpanded.wikia.com/resource/USS_Antares_(NCC-734)	=	0.8660
http://dbkwik.webdatacommons.org/memory-alpha.wikia.com/resource/Dax_(symbiont)	http://dbkwik.webdatacommons.org/stexpanded.wikia.com/resource/Dax_(symbiont)	=	1.0000
http://dbkwik.webdatacommons.org/memory-alpha.wikia.com/resource/Shakaar_Edon	http://dbkwik.webdatacommons.org/stexpanded.wikia.com/resource/Shakaar_Edon	=	1.0000
http://memory-alpha.wikia.com/wiki/Special:FilePath/Astrometrics.jpg	http://stexpanded.wikia.com/wiki/Special:FilePath/Astrometrics.jpg	=	1.0000
http://dbkwik.webdatacommons.org/memory-alpha.wikia.com/resource/Category:Illyrians	http://dbkwik.webdatacommons.org/stexpanded.wikia.com/resource/Category:Illyrians	=	1.0000
http://dbkwik.webdatacommons.org/memory-alpha.wikia.com/resource/USS_Valiant_(NCC-75418)	http://dbkwik.webdatacommons.org/stexpanded.wikia.com/resource/USS_Valiant_(NCC-75418)	=	1.0000
http://dbkwik.webdatacommons.org/memory-alpha.wikia.com/resource/Category:Outposts	http://dbkwik.webdatacommons.org/stexpanded.wikia.com/resource/Category:Outposts	=	1.0000
http://dbkwik.webdatacommons.org/memory-alpha.wikia.com/resource/Ten_Commandments	http://dbkwik.webdatacommons.org/stexpanded.wikia.com/resource/Ten_Commandments	=	1.0000
http://dbkwik.webdatacommons.org/memory-alpha.wikia.com/resource/Starbase_153	http://dbkwik.webdatacommons.org/stexpanded.wikia.com/resource/Starbase_15	=	0.9191
http://memory-alpha.wikia.com/wiki/Special:FilePath/Iconian_gateway_toronto.jpg	http://stexpanded.wikia.com/wiki/Special:FilePath/Iconian_gateway_toronto.jpg	=	1.0000
http://dbkwik.webdatacommons.org/memory-alpha.wikia.com/resource/Category:Kobali	http://dbkwik.webdatacommons.org/stexpanded.wikia.com/resource/Category:Kobali	=	1.0000
http://dbkwik.webdatacommons.org/memory-alpha.wikia.com/resource/Corvette	http://dbkwik.webdatacommons.org/stexpanded.wikia.com/resource/Corvette	=	1.0000
http://dbkwik.webdatacommons.org/memory-alpha.wikia.com/resource/Anesthizine	http://dbkwik.webdatacommons.org/stexpanded.wikia.com/resource/Anesthizine	=	1.0000
http://dbkwik.webdatacommons.org/memory-alpha.wikia.com/resource/Sao_Paulo	http://dbkwik.webdatacommons.org/stexpanded.wikia.com/resource/São_Paulo	=	1.0000
http://memory-alpha.wikia.com/wiki/Special:FilePath/Masaro.jpg?width=300	http://stexpanded.wikia.com/wiki/Special:FilePath/masaru.jpg?width=300	=	0.8677
http://dbkwik.webdatacommons.org/memory-alpha.wikia.com/resource/1976	http://dbkwik.webdatacommons.org/stexpanded.wikia.com/resource/1976	=	1.0000
http://memory-alpha.wikia.com/wiki/Special:FilePath/Hermes_class.jpg?width=300	http://stexpanded.wikia.com/wiki/Special:FilePath/Hermes_Class_Columbia_1.jpg?width=300	=	0.8654
http://dbkwik.webdatacommons.org/memory-alpha.wikia.com/resource/Dakar	http://dbkwik.webdatacommons.org/stexpanded.wikia.com/resource/Dakar	=	1.0000
http://dbkwik.webdatacommons.org/memory-alpha.wikia.com/resource/The_Kobayashi_Maru	http://dbkwik.webdatacommons.org/stexpanded.wikia.com/resource/The_Kobayashi_Maru	=	1.0000
http://dbkwik.webdatacommons.org/memory-alpha.wikia.com/resource/Category:Planets	http://dbkwik.webdatacommons.org/stexpanded.wikia.com/resource/Category:Planets	=	1.0000
http://dbkwik.webdatacommons.org/memory-alpha.wikia.com/property/language	http://dbkwik.webdatacommons.org/stexpanded.wikia.com/property/language	=	1.0000
http://memory-alpha.wikia.com/wiki/Special:FilePath/Reman_viceroy.jpg	http://stexpanded.wikia.com/wiki/Special:FilePath/Reman_viceroy.jpg	=	1.0000
http://dbkwik.webdatacommons.org/memory-alpha.wikia.com/resource/Category:Aenar	http://dbkwik.webdatacommons.org/stexpanded.wikia.com/resource/Category:Aenar	=	1.0000
http://dbkwik.webdatacommons.org/memory-alpha.wikia.com/resource/Ground_assault_vehicle	http://dbkwik.webdatacommons.org/stexpanded.wikia.com/resource/Ground_assault_vehicle	=	1.0000
http://memory-alpha.wikia.com/wiki/Special:FilePath/Counselors_office.jpg	http://stexpanded.wikia.com/wiki/Special:FilePath/Counselors_office.jpg	=	1.0000
http://dbkwik.webdatacommons.org/memory-alpha.wikia.com/resource/Morgan	http://dbkwik.webdatacommons.org/stexpanded.wikia.com/resource/Morgan	=	1.0000
http://dbkwik.webdatacommons.org/memory-alpha.wikia.com/resource/Second_lieutenant	http://dbkwik.webdatacommons.org/stexpanded.wikia.com/resource/Second_lieutenant	=	1.0000
http://dbkwik.webdatacommons.org/memory-alpha.wikia.com/resource/Crell_Moset	http://dbkwik.webdatacommons.org/stexpanded.wikia.com/resource/Crell_Moset	=	1.0000
http://dbkwik.webdatacommons.org/memory-alpha.wikia.com/resource/Montana	http://dbkwik.webdatacommons.org/stexpanded.wikia.com/resource/Montana	=	1.0000
http://dbkwik.webdatacommons.org/memory-alpha.wikia.com/resource/Afterlife	http://dbkwik.webdatacommons.org/stexpanded.wikia.com/resource/Afterlife	=	1.0000
http://dbkwik.webdatacommons.org/memory-alpha.wikia.com/resource/Saturn	http://dbkwik.webdatacommons.org/stexpanded.wikia.com/resource/Saturn	=	1.0000
http://dbkwik.webdatacommons.org/memory-alpha.wikia.com/resource/Māori	http://dbkwik.webdatacommons.org/stexpanded.wikia.com/resource/Māori	=	1.0000
http://dbkwik.webdatacommons.org/memory-alpha.wikia.com/resource/Preantares_Ribbon_of_Commendation	http://dbkwik.webdatacommons.org/stexpanded.wikia.com/resource/Prentares_Ribbon_of_Commendation	=	0.9544
http://dbkwik.webdatacommons.org/memory-alpha.wikia.com/resource/Destiny	http://dbkwik.webdatacommons.org/stexpanded.wikia.com/resource/Destiny	=	1.0000
http://memory-alpha.wikia.com/wiki/Special:FilePath/Quantum_slipstream.jpg	http://stexpanded.wikia.com/wiki/Special:FilePath/Quantum_slipstream_drive.jpg	=	0.8719
http://dbkwik.webdatacommons.org/memory-alpha.wikia.com/resource/Rhodes	http://dbkwik.webdatacommons.org/stexpanded.wikia.com/resource/Rhodes	=	1.0000
http://memory-alpha.wikia.com/wiki/Special:FilePath/Sovereign_Warp_Core.jpg?width=300	http://stexpanded.wikia.com/wiki/Special:FilePath/Sovereign_Warp_Core.jpg?width=300	=	1.0000
http://memory-alpha.wikia.com/wiki/Special:FilePath/Donatra.jpg	http://stexpanded.wikia.com/wiki/Special:FilePath/Donatra.jpg	=	1.0000
http://dbkwik.webdatacommons.org/memory-alpha.wikia.com/resource/2329	http://dbkwik.webdatacommons.org/stexpanded.wikia.com/resource/2329	=	1.0000
http://dbkwik.webdatacommons.org/memory-alpha.wikia.com/resource/Japan	http://dbkwik.webdatacommons.org/stexpanded.wikia.com/resource/Japan	=	1.0000
http://dbkwik.webdatacommons.org/memory-alpha.wikia.com/resource/Subytt	http://dbkwik.webdatacommons.org/stexpanded.wikia.com/resource/Subytt	=	1.0000
http://dbkwik.webdatacommons.org/memory-alpha.wikia.com/resource/Category:Plants	http://dbkwik.webdatacommons.org/stexpanded.wikia.com/resource/Category:Plants	=	1.0000
http://dbkwik.webdatacommons.org/memory-alpha.wikia.com/resource/Isolytic_burst	http://dbkwik.webdatacommons.org/stexpanded.wikia.com/resource/Isolytic_burst	=	1.0000
http://dbkwik.webdatacommons.org/memory-alpha.wikia.com/resource/Hippocrates	http://dbkwik.webdatacommons.org/stexpanded.wikia.com/resource/Hippocrates	=	1.0000
http://dbkwik.webdatacommons.org/memory-alpha.wikia.com/resource/Vidiian	http://dbkwik.webdatacommons.org/stexpanded.wikia.com/resource/Vidiian	=	1.0000
http://dbkwik.webdatacommons.org/memory-alpha.wikia.com/resource/Subspace_weapon	http://dbkwik.webdatacommons.org/stexpanded.wikia.com/resource/Subspace_weapon	=	1.0000
http://dbkwik.webdatacommons.org/memory-alpha.wikia.com/resource/2053	http://dbkwik.webdatacommons.org/stexpanded.wikia.com/resource/2053	=	1.0000
http://dbkwik.webdatacommons.org/memory-alpha.wikia.com/resource/Alcohol	http://dbkwik.webdatacommons.org/stexpanded.wikia.com/resource/Alcohol	=	1.0000
http://dbkwik.webdatacommons.org/memory-alpha.wikia.com/resource/NX	http://dbkwik.webdatacommons.org/stexpanded.wikia.com/resource/NX	=	1.0000
http://memory-alpha.wikia.com/wiki/Special:FilePath/Ent_capt.png?width=300	http://stexpanded.wikia.com/wiki/Special:FilePath/CAPT_(ENT).png?width=300	=	0.9421
http://dbkwik.webdatacommons.org/memory-alpha.wikia.com/resource/Horatio	http://dbkwik.webdatacommons.org/stexpanded.wikia.com/resource/Horatio	=	1.0000
http://dbkwik.webdatacommons.org/memory-alpha.wikia.com/resource/Sector	http://dbkwik.webdatacommons.org/stexpanded.wikia.com/resource/Sector	=	1.0000
http://dbkwik.webdatacommons.org/memory-alpha.wikia.com/resource/Commandant	http://dbkwik.webdatacommons.org/stexpanded.wikia.com/resource/Commandant	=	1.0000
http://memory-alpha.wikia.com/wiki/Special:FilePath/Tekeny-Ghemor.jpg	http://stexpanded.wikia.com/wiki/Special:FilePath/Tekeny_Ghemor.jpg	=	1.0000
http://memory-alpha.wikia.com/wiki/Special:FilePath/Borg_tactical_cube.jpg	http://stexpanded.wikia.com/wiki/Special:FilePath/Borg_tactical_cube.jpg	=	1.0000
http://dbkwik.webdatacommons.org/memory-alpha.wikia.com/resource/USS_Enterprise_(XCV_330)	http://dbkwik.webdatacommons.org/stexpanded.wikia.com/resource/USS_Enterprise_(XCV_330)	=	1.0000
http://dbkwik.webdatacommons.org/memory-alpha.wikia.com/resource/Ninth_Order	http://dbkwik.webdatacommons.org/stexpanded.wikia.com/resource/Ninth_Order	=	1.0000
http://dbkwik.webdatacommons.org/memory-alpha.wikia.com/resource/Leonard_James_Akaar	http://dbkwik.webdatacommons.org/stexpanded.wikia.com/resource/Leonard_James_Akaar	=	1.0000
http://dbkwik.webdatacommons.org/memory-alpha.wikia.com/resource/Starfleet_Dental	http://dbkwik.webdatacommons.org/stexpanded.wikia.com/resource/Starfleet_Dental	=	1.0000
http://dbkwik.webdatacommons.org/memory-alpha.wikia.com/resource/Category:Humans	http://dbkwik.webdatacommons.org/stexpanded.wikia.com/resource/Category:Humans	=	1.0000
http://dbkwik.webdatacommons.org/memory-alpha.wikia.com/resource/Acamarian	http://dbkwik.webdatacommons.org/stexpanded.wikia.com/resource/Acamarian	=	1.0000
http://dbkwik.webdatacommons.org/memory-alpha.wikia.com/resource/Talos_star_group	http://dbkwik.webdatacommons.org/stexpanded.wikia.com/resource/Talos_star_group	=	1.0000
http://dbkwik.webdatacommons.org/memory-alpha.wikia.com/resource/IKS_Negh%27Var	http://dbkwik.webdatacommons.org/stexpanded.wikia.com/resource/IKS_Negh%27Var	=	1.0000
http://memory-alpha.wikia.com/wiki/Special:FilePath/Badlands_runabout.jpg?width=300	http://stexpanded.wikia.com/wiki/Special:FilePath/Badlands_runabout.jpg?width=300	=	1.0000
http://memory-alpha.wikia.com/wiki/Special:FilePath/Prometheus_class,_aft.jpg	http://stexpanded.wikia.com/wiki/Special:FilePath/Prometheus_Class.jpg	=	0.9300
http://memory-alpha.wikia.com/wiki/Special:FilePath/Uhura_distracts_Hikaru_Sulu_(mirror).jpg	http://stexpanded.wikia.com/wiki/Special:FilePath/Uhura_distracts_Hikaru_Sulu_(mirror).jpg	=	1.0000
http://memory-alpha.wikia.com/wiki/Special:FilePath/Donatra.jpg?width=300	http://stexpanded.wikia.com/wiki/Special:FilePath/Donatra.jpg?width=300	=	1.0000
http://dbkwik.webdatacommons.org/memory-alpha.wikia.com/resource/Category:Foods	http://dbkwik.webdatacommons.org/stexpanded.wikia.com/resource/Category:Foods	=	1.0000
http://dbkwik.webdatacommons.org/memory-alpha.wikia.com/resource/Astrometrics	http://dbkwik.webdatacommons.org/stexpanded.wikia.com/resource/Astrometrics	=	1.0000
http://memory-alpha.wikia.com/wiki/Special:FilePath/Romulan_capital_2379.jpg	http://stexpanded.wikia.com/wiki/Special:FilePath/Romulan_capital_2379.jpg	=	1.0000
http://memory-alpha.wikia.com/wiki/Special:FilePath/Sayana.jpg?width=300	http://stexpanded.wikia.com/wiki/Special:FilePath/Sayuri.jpg?width=300	=	0.8694
http://dbkwik.webdatacommons.org/memory-alpha.wikia.com/property/relatives	http://dbkwik.webdatacommons.org/stexpanded.wikia.com/property/relatives	=	1.0000
http://dbkwik.webdatacommons.org/memory-alpha.wikia.com/resource/2237	http://dbkwik.webdatacommons.org/stexpanded.wikia.com/resource/2237	=	1.0000
http://dbkwik.webdatacommons.org/memory-alpha.wikia.com/resource/2392	http://dbkwik.webdatacommons.org/stexpanded.wikia.com/resource/2392	=	1.0000
http://dbkwik.webdatacommons.org/memory-alpha.wikia.com/resource/Category:Androids	http://dbkwik.webdatacommons.org/stexpanded.wikia.com/resource/Category:Androids	=	1.0000
http://dbkwik.webdatacommons.org/memory-alpha.wikia.com/resource/Sickbay	http://dbkwik.webdatacommons.org/stexpanded.wikia.com/resource/Sickbay	=	1.0000
http://dbkwik.webdatacommons.org/memory-alpha.wikia.com/resource/Deep_Space_3	http://dbkwik.webdatacommons.org/stexpanded.wikia.com/resource/Deep_Space_3	=	1.0000
http://dbkwik.webdatacommons.org/memory-alpha.wikia.com/resource/2352	http://dbkwik.webdatacommons.org/stexpanded.wikia.com/resource/2352	=	1.0000
http://memory-alpha.wikia.com/wiki/Special:FilePath/MartinMadden.jpg	http://stexpanded.wikia.com/wiki/Special:FilePath/MartinMadden.jpg	=	1.0000
http://memory-alpha.wikia.com/wiki/Special:FilePath/Intrepid_class,_main_engineering.jpg	http://stexpanded.wikia.com/wiki/Special:FilePath/Intrepid_class_main_engineering.jpg	=	1.0000
http://dbkwik.webdatacommons.org/memory-alpha.wikia.com/resource/2317	http://dbkwik.webdatacommons.org/stexpanded.wikia.com/resource/2317	=	1.0000
http://memory-alpha.wikia.com/wiki/Special:FilePath/NX_main_engineering.jpg?width=300	http://stexpanded.wikia.com/wiki/Special:FilePath/Main_Engineering.jpg?width=300	=	0.9026
http://dbkwik.webdatacommons.org/memory-alpha.wikia.com/resource/2218	http://dbkwik.webdatacommons.org/stexpanded.wikia.com/resource/2218	=	1.0000
http://dbkwik.webdatacommons.org/memory-alpha.wikia.com/resource/1969	http://dbkwik.webdatacommons.org/stexpanded.wikia.com/resource/1969	=	1.0000
http://dbkwik.webdatacommons.org/memory-alpha.wikia.com/resource/Ambassador_class	http://dbkwik.webdatacommons.org/stexpanded.wikia.com/resource/Ambassador_class	=	1.0000
http://dbkwik.webdatacommons.org/memory-alpha.wikia.com/property/width	http://dbkwik.webdatacommons.org/stexpanded.wikia.com/property/width	=	1.0000
http://dbkwik.webdatacommons.org/memory-alpha.wikia.com/resource/2149	http://dbkwik.webdatacommons.org/stexpanded.wikia.com/resource/2149	=	1.0000
http://dbkwik.webdatacommons.org/memory-alpha.wikia.com/resource/Starbase_84	http://dbkwik.webdatacommons.org/stexpanded.wikia.com/resource/Starbase_804	=	0.8791
http://dbkwik.webdatacommons.org/memory-alpha.wikia.com/resource/Starbase_495	http://dbkwik.webdatacommons.org/stexpanded.wikia.com/resource/Starbase_45	=	0.8843
http://memory-alpha.wikia.com/wiki/Special:FilePath/Dermal_regenerator_muse.jpg	http://stexpanded.wikia.com/wiki/Special:FilePath/Dermal_regenerator_muse.jpg	=	1.0000
http://memory-alpha.wikia.com/wiki/Special:FilePath/Dermal_regenerator,_2374.jpg?width=300	http://stexpanded.wikia.com/wiki/Special:FilePath/Dermal_regenerator_fom.jpg?width=300	=	0.8807
http://dbkwik.webdatacommons.org/memory-alpha.wikia.com/resource/Attack_cruiser	http://dbkwik.webdatacommons.org/stexpanded.wikia.com/resource/Attack_cruiser	=	1.0000
http://dbkwik.webdatacommons.org/memory-alpha.wikia.com/resource/Starbase_56	http://dbkwik.webdatacommons.org/stexpanded.wikia.com/resource/Starbase_5	=	0.9055
http://dbkwik.webdatacommons.org/memory-alpha.wikia.com/resource/Zefram_Cochrane_High_School	http://dbkwik.webdatacommons.org/stexpanded.wikia.com/resource/Zefram_Cochrane_High_School	=	1.0000
http://memory-alpha.wikia.com/wiki/Special:FilePath/Gareb.jpg?width=300	http://stexpanded.wikia.com/wiki/Special:FilePath/Gareb.jpg?width=300	=	1.0000
http://memory-alpha.wikia.com/wiki/Special:FilePath/Ba%27ku_hummingbird.jpg?width=300	http://stexpanded.wikia.com/wiki/Special:FilePath/Hummingbird.jpg?width=300	=	0.8997
http://memory-alpha.wikia.com/wiki/Special:FilePath/Galor_class_model.jpg?width=300	http://stexpanded.wikia.com/wiki/Special:FilePath/Galor-class.jpg?width=300	=	0.9033
http://dbkwik.webdatacommons.org/memory-alpha.wikia.com/resource/Category:Schools	http://dbkwik.webdatacommons.org/stexpanded.wikia.com/resource/Category:Schools	=	1.0000
http://dbkwik.webdatacommons.org/memory-alpha.wikia.com/resource/Category:Starfleet_captains	http://dbkwik.webdatacommons.org/stexpanded.wikia.com/resource/Category:Starfleet_captains	=	1.0000
http://dbkwik.webdatacommons.org/memory-alpha.wikia.com/resource/Divide..._and_Conquer	http://dbkwik.webdatacommons.org/stexpanded.wikia.com/resource/Divide_and_Conquer	=	1.0000
http://dbkwik.webdatacommons.org/memory-alpha.wikia.com/resource/2082	http://dbkwik.webdatacommons.org/stexpanded.wikia.com/resource/2082	=	1.0000
http://memory-alpha.wikia.com/wiki/Special:FilePath/Gateway.jpg?width=300	http://stexpanded.wikia.com/wiki/Special:FilePath/Gateway.jpg?width=300	=	1.0000
http://dbkwik.webdatacommons.org/memory-alpha.wikia.com/resource/Carrier	http://dbkwik.webdatacommons.org/stexpanded.wikia.com/resource/Carrier	=	1.0000
http://dbkwik.webdatacommons.org/memory-alpha.wikia.com/resource/2355	http://dbkwik.webdatacommons.org/stexpanded.wikia.com/resource/2355	=	1.0000
http://dbkwik.webdatacommons.org/memory-alpha.wikia.com/resource/Degree	http://dbkwik.webdatacommons.org/stexpanded.wikia.com/resource/Degree	=	1.0000
http://dbkwik.webdatacommons.org/memory-alpha.wikia.com/resource/Starfleet_uniform_(22nd_century)	http://dbkwik.webdatacommons.org/stexpanded.wikia.com/resource/Starfleet_uniform_(29th_century)	=	0.8720
http://dbkwik.webdatacommons.org/memory-alpha.wikia.com/resource/Bryma	http://dbkwik.webdatacommons.org/stexpanded.wikia.com/resource/Bryma	=	1.0000
http://memory-alpha.wikia.com/wiki/Special:FilePath/Galor_class.jpg?width=300	http://stexpanded.wikia.com/wiki/Special:FilePath/Galor_Class.jpg?width=300	=	1.0000
http://dbkwik.webdatacommons.org/memory-alpha.wikia.com/class/mbeta	http://dbkwik.webdatacommons.org/stexpanded.wikia.com/class/mbeta	=	1.0000
http://memory-alpha.wikia.com/wiki/Special:FilePath/Shuttle_going_to_coaxial_warp.jpg?width=300	http://stexpanded.wikia.com/wiki/Special:FilePath/Shuttle_going_to_coaxial_warp.jpg?width=300	=	1.0000
http://dbkwik.webdatacommons.org/memory-alpha.wikia.com/resource/Ohio	http://dbkwik.webdatacommons.org/stexpanded.wikia.com/resource/Ohio	=	1.0000
http://memory-alpha.wikia.com/wiki/Special:FilePath/Excelsior_class_refit_sickbay.jpg?width=300	http://stexpanded.wikia.com/wiki/Special:FilePath/Excelsior_Class_Refit.jpg?width=300	=	0.9016
http://dbkwik.webdatacommons.org/memory-alpha.wikia.com/resource/Starfleet_Academy	http://dbkwik.webdatacommons.org/stexpanded.wikia.com/resource/Starfleet_Academy	=	1.0000
http://memory-alpha.wikia.com/wiki/Special:FilePath/Taurik.jpg	http://stexpanded.wikia.com/wiki/Special:FilePath/Taurik.jpg	=	1.0000
http://dbkwik.webdatacommons.org/memory-alpha.wikia.com/resource/Starbase_67	http://dbkwik.webdatacommons.org/stexpanded.wikia.com/resource/Starbase_7	=	0.8810
http://memory-alpha.wikia.com/wiki/Special:FilePath/JP_Hanson.jpg	http://stexpanded.wikia.com/wiki/Special:FilePath/JP_Hanson.jpg	=	1.0000
http://dbkwik.webdatacommons.org/memory-alpha.wikia.com/resource/2323	http://dbkwik.webdatacommons.org/stexpanded.wikia.com/resource/2323	=	1.0000
http://dbkwik.webdatacommons.org/memory-alpha.wikia.com/resource/Vulcan_system	http://dbkwik.webdatacommons.org/stexpanded.wikia.com/resource/Vulcan_system	=	1.0000
http://dbkwik.webdatacommons.org/memory-alpha.wikia.com/resource/Conference_room	http://dbkwik.webdatacommons.org/stexpanded.wikia.com/resource/Conference_room	=	1.0000
http://dbkwik.webdatacommons.org/memory-alpha.wikia.com/resource/Berlin	http://dbkwik.webdatacommons.org/stexpanded.wikia.com/resource/Berlin	=	1.0000
http://dbkwik.webdatacommons.org/memory-alpha.wikia.com/resource/Denobula	http://dbkwik.webdatacommons.org/stexpanded.wikia.com/resource/Denobula	=	1.0000
http://dbkwik.webdatacommons.org/memory-alpha.wikia.com/resource/Kai	http://dbkwik.webdatacommons.org/stexpanded.wikia.com/resource/Kai	=	1.0000
http://dbkwik.webdatacommons.org/memory-alpha.wikia.com/resource/Tea	http://dbkwik.webdatacommons.org/stexpanded.wikia.com/resource/Tea	=	1.0000
http://dbkwik.webdatacommons.org/memory-alpha.wikia.com/resource/Julian_Bashir_(mirror)	http://dbkwik.webdatacommons.org/stexpanded.wikia.com/resource/Julian_Bashir_(mirror)	=	1.0000
http://memory-alpha.wikia.com/wiki/Special:FilePath/Xindi-Avian.jpg	http://stexpanded.wikia.com/wiki/Special:FilePath/Xindi-Avian.jpg	=	1.0000
http://dbkwik.webdatacommons.org/memory-alpha.wikia.com/resource/Basketball	http://dbkwik.webdatacommons.org/stexpanded.wikia.com/resource/Basketball	=	1.0000
http://dbkwik.webdatacommons.org/memory-alpha.wikia.com/resource/Starbase_12	http://dbkwik.webdatacommons.org/stexpanded.wikia.com/resource/Starbase_12	=	1.0000
http://memory-alpha.wikia.com/wiki/Special:FilePath/Trager.jpg	http://stexpanded.wikia.com/wiki/Special:FilePath/Trager.jpg	=	1.0000
http://dbkwik.webdatacommons.org/memory-alpha.wikia.com/resource/Category:Science	http://dbkwik.webdatacommons.org/stexpanded.wikia.com/resource/Category:Science	=	1.0000
http://dbkwik.webdatacommons.org/memory-alpha.wikia.com/resource/1957	http://dbkwik.webdatacommons.org/stexpanded.wikia.com/resource/1957	=	1.0000
http://dbkwik.webdatacommons.org/memory-alpha.wikia.com/resource/Sector_21505	http://dbkwik.webdatacommons.org/stexpanded.wikia.com/resource/Sector_21505	=	1.0000
http://dbkwik.webdatacommons.org/memory-alpha.wikia.com/resource/1982	http://dbkwik.webdatacommons.org/stexpanded.wikia.com/resource/1982	=	1.0000
http://dbkwik.webdatacommons.org/memory-alpha.wikia.com/resource/2216	http://dbkwik.webdatacommons.org/stexpanded.wikia.com/resource/2216	=	1.0000
http://dbkwik.webdatacommons.org/memory-alpha.wikia.com/resource/Category:Earth_conflicts	http://dbkwik.webdatacommons.org/stexpanded.wikia.com/resource/Category:Earth_conflicts	=	1.0000
http://dbkwik.webdatacommons.org/memory-alpha.wikia.com/resource/2225	http://dbkwik.webdatacommons.org/stexpanded.wikia.com/resource/2225	=	1.0000
http://memory-alpha.wikia.com/wiki/Special:FilePath/Trelane.jpg?width=300	http://stexpanded.wikia.com/wiki/Special:FilePath/Trelane.jpg?width=300	=	1.0000
http://dbkwik.webdatacommons.org/memory-alpha.wikia.com/resource/Leslie_Wong	http://dbkwik.webdatacommons.org/stexpanded.wikia.com/resource/Leslie_Wong	=	1.0000
http://dbkwik.webdatacommons.org/memory-alpha.wikia.com/resource/2063	http://dbkwik.webdatacommons.org/stexpanded.wikia.com/resource/2063	=	1.0000
http://dbkwik.webdatacommons.org/memory-alpha.wikia.com/property/affiliation	http://dbkwik.webdatacommons.org/stexpanded.wikia.com/property/affiliation	=	1.0000
http://dbkwik.webdatacommons.org/memory-alpha.wikia.com/resource/IKS_B%27Moth	http://dbkwik.webdatacommons.org/stexpanded.wikia.com/resource/IKS_B%27Moth	=	1.0000
http://dbkwik.webdatacommons.org/memory-alpha.wikia.com/resource/2081	http://dbkwik.webdatacommons.org/stexpanded.wikia.com/resource/2081	=	1.0000
http://dbkwik.webdatacommons.org/memory-alpha.wikia.com/resource/Star_Trek_Adventure	http://dbkwik.webdatacommons.org/stexpanded.wikia.com/resource/Star_Trek:_Adventure	=	1.0000
http://memory-alpha.wikia.com/wiki/Special:FilePath/Orion_slave_girls.jpg	http://stexpanded.wikia.com/wiki/Special:FilePath/Orion_slave_girls.jpg	=	1.0000
http://dbkwik.webdatacommons.org/memory-alpha.wikia.com/resource/Ba%27ku_planet	http://dbkwik.webdatacommons.org/stexpanded.wikia.com/resource/Ba%27ku_(planet)	=	1.0000
http://dbkwik.webdatacommons.org/memory-alpha.wikia.com/resource/Valdore	http://dbkwik.webdatacommons.org/stexpanded.wikia.com/resource/Valdore	=	1.0000
http://dbkwik.webdatacommons.org/memory-alpha.wikia.com/resource/Barkonian	http://dbkwik.webdatacommons.org/stexpanded.wikia.com/resource/Barkonian	=	1.0000
http://memory-alpha.wikia.com/wiki/Special:FilePath/Vash.jpg?width=300	http://stexpanded.wikia.com/wiki/Special:FilePath/Vash.jpg?width=300	=	1.0000
http://dbkwik.webdatacommons.org/memory-alpha.wikia.com/resource/2042	http://dbkwik.webdatacommons.org/stexpanded.wikia.com/resource/2042	=	1.0000
http://dbkwik.webdatacommons.org/memory-alpha.wikia.com/resource/Denmark	http://dbkwik.webdatacommons.org/stexpanded.wikia.com/resource/Denmark	=	1.0000
http://dbkwik.webdatacommons.org/memory-alpha.wikia.com/resource/Henry_Archer	http://dbkwik.webdatacommons.org/stexpanded.wikia.com/resource/Henry_Archer	=	1.0000
http://dbkwik.webdatacommons.org/memory-alpha.wikia.com/resource/Think_Tank	http://dbkwik.webdatacommons.org/stexpanded.wikia.com/resource/Think_Tank	=	1.0000
http://dbkwik.webdatacommons.org/memory-alpha.wikia.com/resource/Category:Federation	http://dbkwik.webdatacommons.org/stexpanded.wikia.com/resource/Category:Federation	=	1.0000
http://dbkwik.webdatacommons.org/memory-alpha.wikia.com/resource/Hercules	http://dbkwik.webdatacommons.org/stexpanded.wikia.com/resource/Hercules	=	1.0000
http://dbkwik.webdatacommons.org/memory-alpha.wikia.com/resource/Bruce_Maddox	http://dbkwik.webdatacommons.org/stexpanded.wikia.com/resource/Bruce_Maddox	=	1.0000
http://dbkwik.webdatacommons.org/memory-alpha.wikia.com/resource/Metreon	http://dbkwik.webdatacommons.org/stexpanded.wikia.com/resource/Metreon	=	1.0000
http://dbkwik.webdatacommons.org/memory-alpha.wikia.com/resource/Surak_class	http://dbkwik.webdatacommons.org/stexpanded.wikia.com/resource/Surak_class	=	1.0000
http://memory-alpha.wikia.com/wiki/Special:FilePath/Vreenak2374.jpg	http://stexpanded.wikia.com/wiki/Special:FilePath/Vreenak2374.jpg	=	1.0000
http://dbkwik.webdatacommons.org/memory-alpha.wikia.com/resource/Lucsly	http://dbkwik.webdatacommons.org/stexpanded.wikia.com/resource/Lucsly	=	1.0000
http://memory-alpha.wikia.com/wiki/Special:FilePath/Tng_vadm.png?width=300	http://stexpanded.wikia.com/wiki/Special:FilePath/VADM_(TNG).png?width=300	=	0.9228
http://dbkwik.webdatacommons.org/memory-alpha.wikia.com/resource/Great_House	http://dbkwik.webdatacommons.org/stexpanded.wikia.com/resource/Great_House	=	1.0000
http://memory-alpha.wikia.com/wiki/Special:FilePath/Armus.jpg?width=300	http://stexpanded.wikia.com/wiki/Special:FilePath/Armus.jpg?width=300	=	1.0000
http://dbkwik.webdatacommons.org/memory-alpha.wikia.com/resource/Paralithium	http://dbkwik.webdatacommons.org/stexpanded.wikia.com/resource/Paralithium	=	1.0000
http://dbkwik.webdatacommons.org/memory-alpha.wikia.com/resource/Hermaphrodite	http://dbkwik.webdatacommons.org/stexpanded.wikia.com/resource/Hermaphrodite	=	1.0000
http://memory-alpha.wikia.com/wiki/Special:FilePath/Apollo.jpg?width=300	http://stexpanded.wikia.com/wiki/Special:FilePath/Apollo.jpeg?width=300	=	0.9118
http://dbkwik.webdatacommons.org/memory-alpha.wikia.com/class/dis	http://dbkwik.webdatacommons.org/stexpanded.wikia.com/class/dis	=	1.0000
http://dbkwik.webdatacommons.org/memory-alpha.wikia.com/resource/Phaser_array	http://dbkwik.webdatacommons.org/stexpanded.wikia.com/resource/Phaser_array	=	1.0000
http://dbkwik.webdatacommons.org/memory-alpha.wikia.com/resource/Lewis_Zimmerman	http://dbkwik.webdatacommons.org/stexpanded.wikia.com/resource/Lewis_Zimmerman	=	1.0000
http://dbkwik.webdatacommons.org/memory-alpha.wikia.com/resource/Colony_ship	http://dbkwik.webdatacommons.org/stexpanded.wikia.com/resource/Colony_ship	=	1.0000
http://memory-alpha.wikia.com/wiki/Special:FilePath/USS_Sao_Paulo.jpg	http://stexpanded.wikia.com/wiki/Special:FilePath/USS_Sao_Paulo.jpg	=	1.0000
http://dbkwik.webdatacommons.org/memory-alpha.wikia.com/resource/Briar_Patch	http://dbkwik.webdatacommons.org/stexpanded.wikia.com/resource/Briar_Patch	=	1.0000
http://dbkwik.webdatacommons.org/memory-alpha.wikia.com/resource/Cuellar_system	http://dbkwik.webdatacommons.org/stexpanded.wikia.com/resource/Cuellar_system	=	1.0000
http://dbkwik.webdatacommons.org/memory-alpha.wikia.com/resource/Starbase_137	http://dbkwik.webdatacommons.org/stexpanded.wikia.com/resource/Starbase_137	=	1.0000
http://dbkwik.webdatacommons.org/memory-alpha.wikia.com/resource/Jana_Haines	http://dbkwik.webdatacommons.org/stexpanded.wikia.com/resource/Jana_Haines	=	1.0000
http://dbkwik.webdatacommons.org/memory-alpha.wikia.com/resource/Gender	http://dbkwik.webdatacommons.org/stexpanded.wikia.com/property/gender	=	1.0000
http://dbkwik.webdatacommons.org/memory-alpha.wikia.com/resource/Category:Establishments	http://dbkwik.webdatacommons.org/stexpanded.wikia.com/resource/Category:Establishments	=	1.0000
http://dbkwik.webdatacommons.org/memory-alpha.wikia.com/resource/Montgomery	http://dbkwik.webdatacommons.org/stexpanded.wikia.com/resource/Montgomery	=	1.0000
http://dbkwik.webdatacommons.org/memory-alpha.wikia.com/resource/Category:Klingon_starships	http://dbkwik.webdatacommons.org/stexpanded.wikia.com/resource/Category:Klingon_starships	=	1.0000
http://memory-alpha.wikia.com/wiki/Special:FilePath/Vulcans_Forge.jpg?width=300	http://stexpanded.wikia.com/wiki/Special:FilePath/VulcansForge.jpg?width=300	=	1.0000
http://dbkwik.webdatacommons.org/memory-alpha.wikia.com/resource/2265	http://dbkwik.webdatacommons.org/stexpanded.wikia.com/resource/2265	=	1.0000
http://dbkwik.webdatacommons.org/memory-alpha.wikia.com/resource/Military_technology	http://dbkwik.webdatacommons.org/stexpanded.wikia.com/resource/Military_technology	=	1.0000
http://dbkwik.webdatacommons.org/memory-alpha.wikia.com/resource/Sublieutenant	http://dbkwik.webdatacommons.org/stexpanded.wikia.com/resource/Sublieutenant	=	1.0000
http://dbkwik.webdatacommons.org/memory-alpha.wikia.com/resource/Dulmur	http://dbkwik.webdatacommons.org/stexpanded.wikia.com/resource/Dulmur	=	1.0000
http://memory-alpha.wikia.com/wiki/Special:FilePath/Jonathan_Archer,_2154.jpg	http://stexpanded.wikia.com/wiki/Special:FilePath/JonathanArcher2143.jpg	=	0.8715
http://dbkwik.webdatacommons.org/memory-alpha.wikia.com/resource/Starbase_718	http://dbkwik.webdatacommons.org/stexpanded.wikia.com/resource/Starbase_718	=	1.0000
http://dbkwik.webdatacommons.org/memory-alpha.wikia.com/resource/Janus_loop	http://dbkwik.webdatacommons.org/stexpanded.wikia.com/resource/Janus_Loop	=	1.0000
http://dbkwik.webdatacommons.org/memory-alpha.wikia.com/resource/Category:Trill	http://dbkwik.webdatacommons.org/stexpanded.wikia.com/resource/Category:Trill	=	1.0000
http://memory-alpha.wikia.com/wiki/Special:FilePath/Order_of_the_Bat%27leth.jpg	http://stexpanded.wikia.com/wiki/Special:FilePath/Order_of_the_Bat%27leth.jpg	=	1.0000
http://memory-alpha.wikia.com/wiki/Special:FilePath/Robert_April,_young.jpg?width=300	http://stexpanded.wikia.com/wiki/Special:FilePath/Robert_April_young.jpg?width=300	=	1.0000
http://dbkwik.webdatacommons.org/memory-alpha.wikia.com/resource/Bradbury_class	http://dbkwik.webdatacommons.org/stexpanded.wikia.com/resource/Bradbury_class	=	1.0000
http://memory-alpha.wikia.com/wiki/Special:FilePath/Tng_po1.png?width=300	http://stexpanded.wikia.com/wiki/Special:FilePath/PO1_(TNG).png?width=300	=	0.9178
http://memory-alpha.wikia.com/wiki/Special:FilePath/Q_as_God.jpg	http://stexpanded.wikia.com/wiki/Special:FilePath/Q_as_God.jpg	=	1.0000
http://dbkwik.webdatacommons.org/memory-alpha.wikia.com/resource/Root	http://dbkwik.webdatacommons.org/stexpanded.wikia.com/resource/Root	=	1.0000
http://dbkwik.webdatacommons.org/memory-alpha.wikia.com/resource/Scientist	http://dbkwik.webdatacommons.org/stexpanded.wikia.com/resource/Scientist	=	1.0000
http://dbkwik.webdatacommons.org/memory-alpha.wikia.com/resource/2286	http://dbkwik.webdatacommons.org/stexpanded.wikia.com/resource/2286	=	1.0000
http://dbkwik.webdatacommons.org/memory-alpha.wikia.com/resource/Set%27leth	http://dbkwik.webdatacommons.org/stexpanded.wikia.com/resource/Set%27leth	=	1.0000
http://dbkwik.webdatacommons.org/memory-alpha.wikia.com/resource/Nyberrite_Alliance	http://dbkwik.webdatacommons.org/stexpanded.wikia.com/resource/Nyberrite_Alliance	=	1.0000
http://dbkwik.webdatacommons.org/memory-alpha.wikia.com/resource/Generational_ship	http://dbkwik.webdatacommons.org/stexpanded.wikia.com/resource/Generation_ship	=	0.8850
http://dbkwik.webdatacommons.org/memory-alpha.wikia.com/resource/2025	http://dbkwik.webdatacommons.org/stexpanded.wikia.com/resource/2025	=	1.0000
http://dbkwik.webdatacommons.org/memory-alpha.wikia.com/resource/USS_Exeter_(NCC-1672)	http://dbkwik.webdatacommons.org/stexpanded.wikia.com/resource/USS_Exeter_(NCC-1672)	=	1.0000
http://memory-alpha.wikia.com/wiki/Special:FilePath/Tkon_logo.png?width=300	http://stexpanded.wikia.com/wiki/Special:FilePath/Tkon_logo.png?width=300	=	1.0000
http://memory-alpha.wikia.com/wiki/Special:FilePath/Tos_vadm.png	http://stexpanded.wikia.com/wiki/Special:FilePath/VADM_(TOS).png	=	0.8840
http://dbkwik.webdatacommons.org/memory-alpha.wikia.com/resource/Nero	http://dbkwik.webdatacommons.org/stexpanded.wikia.com/resource/Nero	=	1.0000
http://dbkwik.webdatacommons.org/memory-alpha.wikia.com/resource/Agent	http://dbkwik.webdatacommons.org/stexpanded.wikia.com/resource/Agent	=	1.0000
http://dbkwik.webdatacommons.org/memory-alpha.wikia.com/resource/Federation_members	http://dbkwik.webdatacommons.org/stexpanded.wikia.com/resource/Federation_members	=	1.0000
http://dbkwik.webdatacommons.org/memory-alpha.wikia.com/resource/Morgue	http://dbkwik.webdatacommons.org/stexpanded.wikia.com/resource/Morgue	=	1.0000
http://dbkwik.webdatacommons.org/memory-alpha.wikia.com/resource/Gymnasium	http://dbkwik.webdatacommons.org/stexpanded.wikia.com/resource/Gymnasium	=	1.0000
http://dbkwik.webdatacommons.org/memory-alpha.wikia.com/resource/B%27Elanna_Torres	http://dbkwik.webdatacommons.org/stexpanded.wikia.com/resource/B%27Elanna_Torres	=	1.0000
http://dbkwik.webdatacommons.org/memory-alpha.wikia.com/resource/Pavel_Chekov	http://dbkwik.webdatacommons.org/stexpanded.wikia.com/resource/Pavel_Chekov	=	1.0000
http://dbkwik.webdatacommons.org/memory-alpha.wikia.com/resource/Column	http://dbkwik.webdatacommons.org/stexpanded.wikia.com/resource/Column	=	1.0000
http://dbkwik.webdatacommons.org/memory-alpha.wikia.com/resource/1956	http://dbkwik.webdatacommons.org/stexpanded.wikia.com/resource/1956	=	1.0000
http://dbkwik.webdatacommons.org/memory-alpha.wikia.com/resource/Vedek	http://dbkwik.webdatacommons.org/stexpanded.wikia.com/resource/Vedek	=	1.0000
http://dbkwik.webdatacommons.org/memory-alpha.wikia.com/resource/Argus	http://dbkwik.webdatacommons.org/stexpanded.wikia.com/resource/Argus	=	1.0000
http://dbkwik.webdatacommons.org/memory-alpha.wikia.com/resource/USS_Rubicon	http://dbkwik.webdatacommons.org/stexpanded.wikia.com/resource/USS_Rubicon	=	1.0000
http://memory-alpha.wikia.com/wiki/Special:FilePath/USS_Prometheus_dedication_plaque.jpg	http://stexpanded.wikia.com/wiki/Special:FilePath/U.S.S._Prometheus_Dedication_Plaque.jpg	=	0.8816
http://memory-alpha.wikia.com/wiki/Special:FilePath/Tal%27aura.jpg?width=300	http://stexpanded.wikia.com/wiki/Special:FilePath/Tal%27aura.jpg?width=300	=	1.0000
http://dbkwik.webdatacommons.org/memory-alpha.wikia.com/resource/2106	http://dbkwik.webdatacommons.org/stexpanded.wikia.com/resource/2106	=	1.0000
http://dbkwik.webdatacommons.org/memory-alpha.wikia.com/resource/Deanna_Troi	http://dbkwik.webdatacommons.org/stexpanded.wikia.com/resource/Deanna_Troi	=	1.0000
http://dbkwik.webdatacommons.org/memory-alpha.wikia.com/resource/Category:Geography	http://dbkwik.webdatacommons.org/stexpanded.wikia.com/resource/Category:Geography	=	1.0000
http://dbkwik.webdatacommons.org/memory-alpha.wikia.com/resource/France	http://dbkwik.webdatacommons.org/stexpanded.wikia.com/resource/France	=	1.0000
http://dbkwik.webdatacommons.org/memory-alpha.wikia.com/resource/2306	http://dbkwik.webdatacommons.org/stexpanded.wikia.com/resource/2306	=	1.0000
http://dbkwik.webdatacommons.org/memory-alpha.wikia.com/resource/Owen_Paris	http://dbkwik.webdatacommons.org/stexpanded.wikia.com/resource/Owen_Paris	=	1.0000
http://dbkwik.webdatacommons.org/memory-alpha.wikia.com/resource/2008	http://dbkwik.webdatacommons.org/stexpanded.wikia.com/resource/2008	=	1.0000
http://memory-alpha.wikia.com/wiki/Special:FilePath/Eric_Bana.jpg	http://stexpanded.wikia.com/wiki/Special:FilePath/Eric_bana.jpg	=	1.0000
http://dbkwik.webdatacommons.org/memory-alpha.wikia.com/resource/Induced_self-destruction	http://dbkwik.webdatacommons.org/stexpanded.wikia.com/resource/Induced_self-destruction	=	1.0000
http://memory-alpha.wikia.com/wiki/Special:FilePath/USS_Voyager_briefing_room.jpg	http://stexpanded.wikia.com/wiki/Special:FilePath/ISS_Voyager_Briefing_Room.jpg	=	0.8838
http://dbkwik.webdatacommons.org/memory-alpha.wikia.com/resource/Category:Saurians	http://dbkwik.webdatacommons.org/stexpanded.wikia.com/resource/Category:Saurians	=	1.0000
http://dbkwik.webdatacommons.org/memory-alpha.wikia.com/resource/Obsidian_Order	http://dbkwik.webdatacommons.org/stexpanded.wikia.com/resource/Obsidian_Order	=	1.0000
http://dbkwik.webdatacommons.org/memory-alpha.wikia.com/resource/Convergence	http://dbkwik.webdatacommons.org/stexpanded.wikia.com/resource/Convergence	=	1.0000
http://dbkwik.webdatacommons.org/memory-alpha.wikia.com/resource/1975	http://dbkwik.webdatacommons.org/stexpanded.wikia.com/resource/1975	=	1.0000
http://dbkwik.webdatacommons.org/memory-alpha.wikia.com/resource/Time_travel	http://dbkwik.webdatacommons.org/stexpanded.wikia.com/resource/Time_travel	=	1.0000
http://dbkwik.webdatacommons.org/memory-alpha.wikia.com/resource/2208	http://dbkwik.webdatacommons.org/stexpanded.wikia.com/resource/2208	=	1.0000
http://memory-alpha.wikia.com/wiki/Special:FilePath/NCC-73918.jpg?width=300	http://stexpanded.wikia.com/wiki/Special:FilePath/NCC_73811.jpg?width=300	=	0.9187
http://memory-alpha.wikia.com/wiki/Special:FilePath/Syrus.jpg?width=300	http://stexpanded.wikia.com/wiki/Special:FilePath/Syre.jpg?width=300	=	0.8831
http://dbkwik.webdatacommons.org/memory-alpha.wikia.com/resource/Starfleet_Tactical	http://dbkwik.webdatacommons.org/stexpanded.wikia.com/resource/Starfleet_Tactical	=	1.0000
http://memory-alpha.wikia.com/wiki/Special:FilePath/Sarina_Douglas,_2375.jpg	http://stexpanded.wikia.com/wiki/Special:FilePath/Sarina_Douglas_2375.jpg	=	1.0000
http://dbkwik.webdatacommons.org/memory-alpha.wikia.com/resource/Oblivion	http://dbkwik.webdatacommons.org/stexpanded.wikia.com/resource/Oblivion	=	1.0000
http://dbkwik.webdatacommons.org/memory-alpha.wikia.com/resource/The_Light	http://dbkwik.webdatacommons.org/stexpanded.wikia.com/resource/The_Light	=	1.0000
http://dbkwik.webdatacommons.org/memory-alpha.wikia.com/resource/Positronic_brain	http://dbkwik.webdatacommons.org/stexpanded.wikia.com/resource/Positronic_brain	=	1.0000
http://dbkwik.webdatacommons.org/memory-alpha.wikia.com/resource/Romulan_starship_classes	http://dbkwik.webdatacommons.org/stexpanded.wikia.com/resource/Romulan_starship_classes	=	1.0000
http://dbkwik.webdatacommons.org/memory-alpha.wikia.com/resource/Jem%27Hadar_battleship	http://dbkwik.webdatacommons.org/stexpanded.wikia.com/resource/Jem%27Hadar_battleship	=	1.0000
http://dbkwik.webdatacommons.org/memory-alpha.wikia.com/resource/Starfleet_uniform	http://dbkwik.webdatacommons.org/stexpanded.wikia.com/resource/Starfleet_uniform	=	1.0000
http://dbkwik.webdatacommons.org/memory-alpha.wikia.com/resource/Category:Military_units	http://dbkwik.webdatacommons.org/stexpanded.wikia.com/resource/Category:Military_units	=	1.0000
http://dbkwik.webdatacommons.org/memory-alpha.wikia.com/resource/Kira_Nerys	http://dbkwik.webdatacommons.org/stexpanded.wikia.com/resource/Kira_Nerys	=	1.0000
http://dbkwik.webdatacommons.org/memory-alpha.wikia.com/resource/Second_Battle_of_Chin%27toka	http://dbkwik.webdatacommons.org/stexpanded.wikia.com/resource/Second_Battle_of_Chin%27toka	=	1.0000
http://memory-alpha.wikia.com/wiki/Special:FilePath/Logan.jpg?width=300	http://stexpanded.wikia.com/wiki/Special:FilePath/Logan.jpg?width=300	=	1.0000
http://dbkwik.webdatacommons.org/memory-alpha.wikia.com/resource/2095	http://dbkwik.webdatacommons.org/stexpanded.wikia.com/resource/2095	=	1.0000
http://dbkwik.webdatacommons.org/memory-alpha.wikia.com/resource/D4_class	http://dbkwik.webdatacommons.org/stexpanded.wikia.com/resource/D4_class	=	1.0000
http://dbkwik.webdatacommons.org/memory-alpha.wikia.com/resource/Maiden_voyage	http://dbkwik.webdatacommons.org/stexpanded.wikia.com/resource/Maiden_Voyage	=	1.0000
http://dbkwik.webdatacommons.org/memory-alpha.wikia.com/resource/Funeral	http://dbkwik.webdatacommons.org/stexpanded.wikia.com/resource/Funeral	=	1.0000
http://memory-alpha.wikia.com/wiki/Special:FilePath/Sarah_April,_old.jpg	http://stexpanded.wikia.com/wiki/Special:FilePath/Sarah_April.jpg	=	0.8815
http://dbkwik.webdatacommons.org/memory-alpha.wikia.com/resource/2001	http://dbkwik.webdatacommons.org/stexpanded.wikia.com/resource/2001	=	1.0000
http://dbkwik.webdatacommons.org/memory-alpha.wikia.com/resource/Country	http://dbkwik.webdatacommons.org/stexpanded.wikia.com/resource/Country	=	1.0000
http://memory-alpha.wikia.com/wiki/Special:FilePath/Leonard_McCoy_(mirror).jpg?width=300	http://stexpanded.wikia.com/wiki/Special:FilePath/Leonard_McCoy_mirror.jpg?width=300	=	1.0000
http://dbkwik.webdatacommons.org/memory-alpha.wikia.com/resource/2239	http://dbkwik.webdatacommons.org/stexpanded.wikia.com/resource/2239	=	1.0000
http://dbkwik.webdatacommons.org/memory-alpha.wikia.com/resource/Constellation_(disambiguation)	http://dbkwik.webdatacommons.org/stexpanded.wikia.com/resource/Constellation_(disambiguation)	=	1.0000
http://dbkwik.webdatacommons.org/memory-alpha.wikia.com/resource/Bajoran_ranks	http://dbkwik.webdatacommons.org/stexpanded.wikia.com/resource/Bajoran_ranks	=	1.0000
http://dbkwik.webdatacommons.org/memory-alpha.wikia.com/resource/2273	http://dbkwik.webdatacommons.org/stexpanded.wikia.com/resource/2273	=	1.0000
http://dbkwik.webdatacommons.org/memory-alpha.wikia.com/property/crew	http://dbkwik.webdatacommons.org/stexpanded.wikia.com/property/crew	=	1.0000
http://memory-alpha.wikia.com/wiki/Special:FilePath/Sam_lavelle.jpg?width=300	http://stexpanded.wikia.com/wiki/Special:FilePath/Sam_Lavelle.jpg?width=300	=	1.0000
http://dbkwik.webdatacommons.org/memory-alpha.wikia.com/resource/Tavek	http://dbkwik.webdatacommons.org/stexpanded.wikia.com/resource/Tavek	=	1.0000
http://dbkwik.webdatacommons.org/memory-alpha.wikia.com/resource/Manheim_Effect	http://dbkwik.webdatacommons.org/stexpanded.wikia.com/resource/Manheim_effect	=	1.0000
http://dbkwik.webdatacommons.org/memory-alpha.wikia.com/resource/Jet	http://dbkwik.webdatacommons.org/stexpanded.wikia.com/resource/Jet	=	1.0000
http://dbkwik.webdatacommons.org/memory-alpha.wikia.com/resource/Norway_class	http://dbkwik.webdatacommons.org/stexpanded.wikia.com/resource/Norway_class	=	1.0000
http://dbkwik.webdatacommons.org/memory-alpha.wikia.com/resource/Mika	http://dbkwik.webdatacommons.org/stexpanded.wikia.com/resource/Mika	=	1.0000
http://dbkwik.webdatacommons.org/memory-alpha.wikia.com/resource/Starbase_47	http://dbkwik.webdatacommons.org/stexpanded.wikia.com/resource/Starbase_47	=	1.0000
http://memory-alpha.wikia.com/wiki/Special:FilePath/Tantalus_field.jpg?width=300	http://stexpanded.wikia.com/wiki/Special:FilePath/Tantalus_field.jpg?width=300	=	1.0000
http://dbkwik.webdatacommons.org/memory-alpha.wikia.com/resource/Narendra_III	http://dbkwik.webdatacommons.org/stexpanded.wikia.com/resource/Narendra_III	=	1.0000
http://dbkwik.webdatacommons.org/memory-alpha.wikia.com/resource/Knight	http://dbkwik.webdatacommons.org/stexpanded.wikia.com/resource/Knight	=	1.0000
http://memory-alpha.wikia.com/wiki/Special:FilePath/Class_1_Nebula.jpg?width=300	http://stexpanded.wikia.com/wiki/Special:FilePath/Nebula_Class.jpg?width=300	=	0.9030
http://dbkwik.webdatacommons.org/memory-alpha.wikia.com/resource/2358	http://dbkwik.webdatacommons.org/stexpanded.wikia.com/resource/2358	=	1.0000
http://dbkwik.webdatacommons.org/memory-alpha.wikia.com/resource/Starbase_39-Sierra	http://dbkwik.webdatacommons.org/stexpanded.wikia.com/resource/Starbase_39-Sierra	=	1.0000
http://dbkwik.webdatacommons.org/memory-alpha.wikia.com/resource/2116	http://dbkwik.webdatacommons.org/stexpanded.wikia.com/resource/2116	=	1.0000
http://memory-alpha.wikia.com/wiki/Special:FilePath/Harry_Kim,_2371.jpg	http://stexpanded.wikia.com/wiki/Special:FilePath/Harry_Kim_2371.jpg	=	1.0000
http://dbkwik.webdatacommons.org/memory-alpha.wikia.com/property/length	http://dbkwik.webdatacommons.org/stexpanded.wikia.com/property/length	=	1.0000
http://dbkwik.webdatacommons.org/memory-alpha.wikia.com/resource/Protest	http://dbkwik.webdatacommons.org/stexpanded.wikia.com/resource/Protest	=	1.0000
http://memory-alpha.wikia.com/wiki/Special:FilePath/Excelsior_class.jpg	http://stexpanded.wikia.com/wiki/Special:FilePath/Excelsior_Class.jpg	=	1.0000
http://dbkwik.webdatacommons.org/memory-alpha.wikia.com/resource/Melorazine	http://dbkwik.webdatacommons.org/stexpanded.wikia.com/resource/Melorazine	=	1.0000
http://dbkwik.webdatacommons.org/memory-alpha.wikia.com/resource/Natima_Lang	http://dbkwik.webdatacommons.org/stexpanded.wikia.com/resource/Natima_Lang	=	1.0000
http://memory-alpha.wikia.com/wiki/Special:FilePath/Iconian_gateway_toronto.jpg?width=300	http://stexpanded.wikia.com/wiki/Special:FilePath/Iconian_gateway_toronto.jpg?width=300	=	1.0000
http://dbkwik.webdatacommons.org/memory-alpha.wikia.com/resource/2071	http://dbkwik.webdatacommons.org/stexpanded.wikia.com/resource/2071	=	1.0000
http://memory-alpha.wikia.com/wiki/Special:FilePath/Coaxial_warp_drive.jpg	http://stexpanded.wikia.com/wiki/Special:FilePath/Coaxial_warp_drive.jpg	=	1.0000
http://memory-alpha.wikia.com/wiki/Special:FilePath/Starbase_11.jpg?width=300	http://stexpanded.wikia.com/wiki/Special:FilePath/Starbase_11.jpg?width=300	=	1.0000
http://memory-alpha.wikia.com/wiki/Special:FilePath/Defiant_class_aft.jpg	http://stexpanded.wikia.com/wiki/Special:FilePath/Defiant_Class.jpg	=	0.8748
http://dbkwik.webdatacommons.org/memory-alpha.wikia.com/resource/Trager	http://dbkwik.webdatacommons.org/stexpanded.wikia.com/resource/Trager	=	1.0000
http://dbkwik.webdatacommons.org/memory-alpha.wikia.com/resource/Cardassian_Union	http://dbkwik.webdatacommons.org/stexpanded.wikia.com/resource/Cardassian_Union	=	1.0000
http://dbkwik.webdatacommons.org/memory-alpha.wikia.com/resource/Category:Vorta	http://dbkwik.webdatacommons.org/stexpanded.wikia.com/resource/Category:Vorta	=	1.0000
http://dbkwik.webdatacommons.org/memory-alpha.wikia.com/resource/Sanctuary_District	http://dbkwik.webdatacommons.org/stexpanded.wikia.com/resource/Sanctuary_District	=	1.0000
http://dbkwik.webdatacommons.org/memory-alpha.wikia.com/resource/Talos_IV	http://dbkwik.webdatacommons.org/stexpanded.wikia.com/resource/Talos_IV	=	1.0000
http://dbkwik.webdatacommons.org/memory-alpha.wikia.com/resource/Robertson	http://dbkwik.webdatacommons.org/stexpanded.wikia.com/resource/Robertson	=	1.0000
http://dbkwik.webdatacommons.org/memory-alpha.wikia.com/resource/2105	http://dbkwik.webdatacommons.org/stexpanded.wikia.com/resource/2105	=	1.0000
http://memory-alpha.wikia.com/wiki/Special:FilePath/CCG_The_Rules_of_Acquisition.jpg?width=300	http://stexpanded.wikia.com/wiki/Special:FilePath/RulesofAcquisition.jpg?width=300	=	0.8980
http://dbkwik.webdatacommons.org/memory-alpha.wikia.com/resource/2360	http://dbkwik.webdatacommons.org/stexpanded.wikia.com/resource/2360	=	1.0000
http://memory-alpha.wikia.com/wiki/Special:FilePath/Silik2151.jpg	http://stexpanded.wikia.com/wiki/Special:FilePath/Silik2151.jpg	=	1.0000
http://dbkwik.webdatacommons.org/memory-alpha.wikia.com/resource/Khitomer	http://dbkwik.webdatacommons.org/stexpanded.wikia.com/resource/Khitomer	=	1.0000
http://dbkwik.webdatacommons.org/memory-alpha.wikia.com/resource/Xenophobia	http://dbkwik.webdatacommons.org/stexpanded.wikia.com/resource/Xenophobia	=	1.0000
http://dbkwik.webdatacommons.org/memory-alpha.wikia.com/resource/Tibor_Nebula	http://dbkwik.webdatacommons.org/stexpanded.wikia.com/resource/Tibor_Nebula	=	1.0000
http://memory-alpha.wikia.com/wiki/Special:FilePath/Tng_ltjg.png?width=300	http://stexpanded.wikia.com/wiki/Special:FilePath/LTJG_(TNG).png?width=300	=	0.9181
http://dbkwik.webdatacommons.org/memory-alpha.wikia.com/resource/Unroth_system	http://dbkwik.webdatacommons.org/stexpanded.wikia.com/resource/Unroth_system	=	1.0000
http://dbkwik.webdatacommons.org/memory-alpha.wikia.com/resource/Television	http://dbkwik.webdatacommons.org/stexpanded.wikia.com/resource/Television	=	1.0000
http://dbkwik.webdatacommons.org/memory-alpha.wikia.com/resource/2350	http://dbkwik.webdatacommons.org/stexpanded.wikia.com/resource/2350	=	1.0000
http://dbkwik.webdatacommons.org/memory-alpha.wikia.com/resource/Rigel_XII	http://dbkwik.webdatacommons.org/stexpanded.wikia.com/resource/Rigel_XII	=	1.0000
http://dbkwik.webdatacommons.org/memory-alpha.wikia.com/resource/Shore_leave	http://dbkwik.webdatacommons.org/stexpanded.wikia.com/resource/Shore_leave	=	1.0000
http://dbkwik.webdatacommons.org/memory-alpha.wikia.com/resource/Borg_drone	http://dbkwik.webdatacommons.org/stexpanded.wikia.com/resource/Borg_drone	=	1.0000
http://dbkwik.webdatacommons.org/memory-alpha.wikia.com/resource/2080s	http://dbkwik.webdatacommons.org/stexpanded.wikia.com/resource/2080s	=	1.0000
http://memory-alpha.wikia.com/wiki/Special:FilePath/Karemma_starship.jpg	http://stexpanded.wikia.com/wiki/Special:FilePath/Karemma_starship.jpg	=	1.0000
http://dbkwik.webdatacommons.org/memory-alpha.wikia.com/resource/2363	http://dbkwik.webdatacommons.org/stexpanded.wikia.com/resource/2363	=	1.0000
http://dbkwik.webdatacommons.org/memory-alpha.wikia.com/resource/Outpost	http://dbkwik.webdatacommons.org/stexpanded.wikia.com/resource/Outpost	=	1.0000
http://dbkwik.webdatacommons.org/memory-alpha.wikia.com/resource/Third_Order	http://dbkwik.webdatacommons.org/stexpanded.wikia.com/resource/Third_Order	=	1.0000
http://dbkwik.webdatacommons.org/memory-alpha.wikia.com/resource/Taylor	http://dbkwik.webdatacommons.org/stexpanded.wikia.com/resource/Taylor	=	1.0000
http://dbkwik.webdatacommons.org/memory-alpha.wikia.com/resource/Fast_food	http://dbkwik.webdatacommons.org/stexpanded.wikia.com/resource/Fast_food	=	1.0000
http://dbkwik.webdatacommons.org/memory-alpha.wikia.com/resource/Treaty_of_Algeron	http://dbkwik.webdatacommons.org/stexpanded.wikia.com/resource/Treaty_of_Algeron	=	1.0000
http://dbkwik.webdatacommons.org/memory-alpha.wikia.com/resource/2238	http://dbkwik.webdatacommons.org/stexpanded.wikia.com/resource/2238	=	1.0000
http://dbkwik.webdatacommons.org/memory-alpha.wikia.com/property/judiciary	http://dbkwik.webdatacommons.org/stexpanded.wikia.com/property/judiciary	=	1.0000
http://memory-alpha.wikia.com/wiki/Special:FilePath/Burke_(Chief).jpg?width=300	http://stexpanded.wikia.com/wiki/Special:FilePath/Burke(Chief).jpg?width=300	=	1.0000
http://memory-alpha.wikia.com/wiki/Special:FilePath/Galaxy_class_quaters2.jpg	http://stexpanded.wikia.com/wiki/Special:FilePath/Galaxy_class_quaters2.jpg	=	1.0000
http://memory-alpha.wikia.com/wiki/Special:FilePath/Spock,_2387.jpg?width=300	http://stexpanded.wikia.com/wiki/Special:FilePath/Spock,_2387.jpg?width=300	=	1.0000
http://dbkwik.webdatacommons.org/memory-alpha.wikia.com/resource/Nathan_Hale	http://dbkwik.webdatacommons.org/stexpanded.wikia.com/resource/Nathan_Hale	=	1.0000
http://dbkwik.webdatacommons.org/memory-alpha.wikia.com/resource/Deltan	http://dbkwik.webdatacommons.org/stexpanded.wikia.com/resource/Deltan	=	1.0000
http://dbkwik.webdatacommons.org/memory-alpha.wikia.com/resource/Romulan_Neutral_Zone	http://dbkwik.webdatacommons.org/stexpanded.wikia.com/resource/Romulan_Neutral_Zone	=	1.0000
http://dbkwik.webdatacommons.org/memory-alpha.wikia.com/resource/Io	http://dbkwik.webdatacommons.org/stexpanded.wikia.com/resource/Io	=	1.0000
http://memory-alpha.wikia.com/wiki/Special:FilePath/Turrel.jpg?width=300	http://stexpanded.wikia.com/wiki/Special:FilePath/Turrel.jpg?width=300	=	1.0000
http://dbkwik.webdatacommons.org/memory-alpha.wikia.com/resource/Category:Particles	http://dbkwik.webdatacommons.org/stexpanded.wikia.com/resource/Category:Particles	=	1.0000
http://dbkwik.webdatacommons.org/memory-alpha.wikia.com/resource/Eris	http://dbkwik.webdatacommons.org/stexpanded.wikia.com/resource/Eris	=	1.0000
http://dbkwik.webdatacommons.org/memory-alpha.wikia.com/resource/USS_Chicago	http://dbkwik.webdatacommons.org/stexpanded.wikia.com/resource/USS_Chicago	=	1.0000
http://dbkwik.webdatacommons.org/memory-alpha.wikia.com/resource/Armstrong	http://dbkwik.webdatacommons.org/stexpanded.wikia.com/resource/Armstrong	=	1.0000
http://dbkwik.webdatacommons.org/memory-alpha.wikia.com/resource/Kobliad	http://dbkwik.webdatacommons.org/stexpanded.wikia.com/resource/Kobliad	=	1.0000
http://dbkwik.webdatacommons.org/memory-alpha.wikia.com/resource/Penthara_IV	http://dbkwik.webdatacommons.org/stexpanded.wikia.com/resource/Penthara_IV	=	1.0000
http://dbkwik.webdatacommons.org/memory-alpha.wikia.com/resource/Chief_of_operations	http://dbkwik.webdatacommons.org/stexpanded.wikia.com/resource/Chief_of_Operations	=	1.0000
http://memory-alpha.wikia.com/wiki/Special:FilePath/Gav.jpg?width=300	http://stexpanded.wikia.com/wiki/Special:FilePath/graav.jpg?width=300	=	0.8797
http://dbkwik.webdatacommons.org/memory-alpha.wikia.com/resource/Canopus_III	http://dbkwik.webdatacommons.org/stexpanded.wikia.com/resource/Canopus_III	=	1.0000
http://dbkwik.webdatacommons.org/memory-alpha.wikia.com/resource/Civilization	http://dbkwik.webdatacommons.org/stexpanded.wikia.com/resource/Civilization	=	1.0000
http://dbkwik.webdatacommons.org/memory-alpha.wikia.com/resource/Stasis_box	http://dbkwik.webdatacommons.org/stexpanded.wikia.com/resource/Stasis_box	=	1.0000
http://dbkwik.webdatacommons.org/memory-alpha.wikia.com/resource/Saber_class	http://dbkwik.webdatacommons.org/stexpanded.wikia.com/resource/Saber_class	=	1.0000
http://dbkwik.webdatacommons.org/memory-alpha.wikia.com/resource/Category:Athletes	http://dbkwik.webdatacommons.org/stexpanded.wikia.com/resource/Category:Athletes	=	1.0000
http://dbkwik.webdatacommons.org/memory-alpha.wikia.com/resource/Bridge_Officer%27s_Test	http://dbkwik.webdatacommons.org/stexpanded.wikia.com/resource/Bridge_Officer%27s_Test	=	1.0000
http://dbkwik.webdatacommons.org/memory-alpha.wikia.com/resource/Vadosia	http://dbkwik.webdatacommons.org/stexpanded.wikia.com/resource/Vadosia	=	1.0000
http://dbkwik.webdatacommons.org/memory-alpha.wikia.com/resource/Prototype	http://dbkwik.webdatacommons.org/stexpanded.wikia.com/resource/Prototype	=	1.0000
http://dbkwik.webdatacommons.org/memory-alpha.wikia.com/resource/Tevak_shipyards	http://dbkwik.webdatacommons.org/stexpanded.wikia.com/resource/Tevak_shipyards	=	1.0000
http://memory-alpha.wikia.com/wiki/Special:FilePath/Constitution_Engineering.jpg	http://stexpanded.wikia.com/wiki/Special:FilePath/Constitution_Engineering.jpg	=	1.0000
http://dbkwik.webdatacommons.org/memory-alpha.wikia.com/resource/Chapman	http://dbkwik.webdatacommons.org/stexpanded.wikia.com/resource/Chapman	=	1.0000
http://dbkwik.webdatacommons.org/memory-alpha.wikia.com/resource/Delta	http://dbkwik.webdatacommons.org/stexpanded.wikia.com/resource/Delta	=	1.0000
http://memory-alpha.wikia.com/wiki/Special:FilePath/Vreenak2374.jpg?width=300	http://stexpanded.wikia.com/wiki/Special:FilePath/Vreenak2374.jpg?width=300	=	1.0000
http://dbkwik.webdatacommons.org/memory-alpha.wikia.com/resource/2295	http://dbkwik.webdatacommons.org/stexpanded.wikia.com/resource/2295	=	1.0000
http://dbkwik.webdatacommons.org/memory-alpha.wikia.com/resource/2270s	http://dbkwik.webdatacommons.org/stexpanded.wikia.com/resource/2270s	=	1.0000
http://dbkwik.webdatacommons.org/memory-alpha.wikia.com/resource/Boston	http://dbkwik.webdatacommons.org/stexpanded.wikia.com/resource/Boston	=	1.0000
http://dbkwik.webdatacommons.org/memory-alpha.wikia.com/resource/Away_mission	http://dbkwik.webdatacommons.org/stexpanded.wikia.com/resource/Away_mission	=	1.0000
http://memory-alpha.wikia.com/wiki/Special:FilePath/Warship_Voyager_graphic.jpg	http://stexpanded.wikia.com/wiki/Special:FilePath/Warship_Voyager_graphic.jpg	=	1.0000
http://dbkwik.webdatacommons.org/memory-alpha.wikia.com/resource/Hermes	http://dbkwik.webdatacommons.org/stexpanded.wikia.com/resource/Hermes	=	1.0000
http://dbkwik.webdatacommons.org/memory-alpha.wikia.com/resource/Archaeology_and_anthropology_officer	http://dbkwik.webdatacommons.org/stexpanded.wikia.com/resource/Archaeology_and_anthropology_officer	=	1.0000
http://dbkwik.webdatacommons.org/memory-alpha.wikia.com/property/height	http://dbkwik.webdatacommons.org/stexpanded.wikia.com/property/height	=	1.0000
http://memory-alpha.wikia.com/wiki/Special:FilePath/Grankite_order_of_tactics.jpg?width=300	http://stexpanded.wikia.com/wiki/Special:FilePath/Grankite_order_of_tactics.jpg?width=300	=	1.0000
http://memory-alpha.wikia.com/wiki/Special:FilePath/Earth_station_mckinley.jpg?width=300	http://stexpanded.wikia.com/wiki/Special:FilePath/Earth_station_mckinley.jpg?width=300	=	1.0000
http://dbkwik.webdatacommons.org/memory-alpha.wikia.com/resource/Bridge_officer	http://dbkwik.webdatacommons.org/stexpanded.wikia.com/resource/Bridge_officer	=	1.0000
http://memory-alpha.wikia.com/wiki/Special:FilePath/Caretakers_array.jpg	http://stexpanded.wikia.com/wiki/Special:FilePath/Caretaker_array.jpg	=	0.9510
http://dbkwik.webdatacommons.org/memory-alpha.wikia.com/resource/Starfleet_Security	http://dbkwik.webdatacommons.org/stexpanded.wikia.com/resource/Starfleet_Security	=	1.0000
http://dbkwik.webdatacommons.org/memory-alpha.wikia.com/resource/Category:El-Aurians	http://dbkwik.webdatacommons.org/stexpanded.wikia.com/resource/Category:El-Aurians	=	1.0000
http://memory-alpha.wikia.com/wiki/Special:FilePath/Voyager_messhall.jpg	http://stexpanded.wikia.com/wiki/Special:FilePath/Voyager_messhall.jpg	=	1.0000
http://memory-alpha.wikia.com/wiki/Special:FilePath/Khatan_zshaar.jpg	http://stexpanded.wikia.com/wiki/Special:FilePath/Khatan_zshaar.jpg	=	1.0000
http://dbkwik.webdatacommons.org/memory-alpha.wikia.com/resource/Category:Betazoids	http://dbkwik.webdatacommons.org/stexpanded.wikia.com/resource/Category:Betazoids	=	1.0000
http://memory-alpha.wikia.com/wiki/Special:FilePath/Paul_Rice.jpg?width=300	http://stexpanded.wikia.com/wiki/Special:FilePath/Paul_Rice.jpg?width=300	=	1.0000
http://dbkwik.webdatacommons.org/memory-alpha.wikia.com/resource/2310s	http://dbkwik.webdatacommons.org/stexpanded.wikia.com/resource/2310s	=	1.0000
http://dbkwik.webdatacommons.org/memory-alpha.wikia.com/resource/Breen_Confederacy	http://dbkwik.webdatacommons.org/stexpanded.wikia.com/resource/Breen_Confederacy	=	1.0000
http://dbkwik.webdatacommons.org/memory-alpha.wikia.com/resource/First_One	http://dbkwik.webdatacommons.org/stexpanded.wikia.com/resource/First_Ones	=	0.8862
http://memory-alpha.wikia.com/wiki/Special:FilePath/Dukat_and_weyoun.jpg?width=300	http://stexpanded.wikia.com/wiki/Special:FilePath/Dukat_and_weyoun.jpg?width=300	=	1.0000
http://dbkwik.webdatacommons.org/memory-alpha.wikia.com/resource/2220	http://dbkwik.webdatacommons.org/stexpanded.wikia.com/resource/2220	=	1.0000
http://dbkwik.webdatacommons.org/memory-alpha.wikia.com/resource/Crewman	http://dbkwik.webdatacommons.org/stexpanded.wikia.com/resource/Crewman	=	1.0000
http://dbkwik.webdatacommons.org/memory-alpha.wikia.com/resource/Tycho_IV	http://dbkwik.webdatacommons.org/stexpanded.wikia.com/resource/Tycho_IV	=	1.0000
http://dbkwik.webdatacommons.org/memory-alpha.wikia.com/resource/2086	http://dbkwik.webdatacommons.org/stexpanded.wikia.com/resource/2086	=	1.0000
http://dbkwik.webdatacommons.org/memory-alpha.wikia.com/resource/Star_Fleet_Battles	http://dbkwik.webdatacommons.org/stexpanded.wikia.com/resource/Star_Fleet_Battles	=	1.0000
http://dbkwik.webdatacommons.org/memory-alpha.wikia.com/class/sidebar_species	http://dbkwik.webdatacommons.org/stexpanded.wikia.com/class/sidebar_species	=	1.0000
http://dbkwik.webdatacommons.org/memory-alpha.wikia.com/resource/Breen_attack_on_Earth	http://dbkwik.webdatacommons.org/stexpanded.wikia.com/resource/Breen_attack_on_Earth	=	1.0000
http://dbkwik.webdatacommons.org/memory-alpha.wikia.com/resource/Quark	http://dbkwik.webdatacommons.org/stexpanded.wikia.com/resource/Quark	=	1.0000
http://dbkwik.webdatacommons.org/memory-alpha.wikia.com/resource/1994	http://dbkwik.webdatacommons.org/stexpanded.wikia.com/resource/1994	=	1.0000
http://dbkwik.webdatacommons.org/memory-alpha.wikia.com/resource/Subspace_anomaly	http://dbkwik.webdatacommons.org/stexpanded.wikia.com/resource/Subspace_anomaly	=	1.0000
http://dbkwik.webdatacommons.org/memory-alpha.wikia.com/resource/Gamma_Hydra	http://dbkwik.webdatacommons.org/stexpanded.wikia.com/resource/Gamma_Hydrae	=	0.9089
http://dbkwik.webdatacommons.org/memory-alpha.wikia.com/resource/Naomi_Wildman	http://dbkwik.webdatacommons.org/stexpanded.wikia.com/resource/Naomi_Wildman	=	1.0000
http://dbkwik.webdatacommons.org/memory-alpha.wikia.com/property/format	http://dbkwik.webdatacommons.org/stexpanded.wikia.com/property/format	=	1.0000
http://dbkwik.webdatacommons.org/memory-alpha.wikia.com/resource/Baguette	http://dbkwik.webdatacommons.org/stexpanded.wikia.com/resource/Baguette	=	1.0000
http://dbkwik.webdatacommons.org/memory-alpha.wikia.com/resource/Federation-Klingon_border	http://dbkwik.webdatacommons.org/stexpanded.wikia.com/resource/Federation-Klingon_border	=	1.0000
http://dbkwik.webdatacommons.org/memory-alpha.wikia.com/resource/2138	http://dbkwik.webdatacommons.org/stexpanded.wikia.com/resource/2138	=	1.0000
http://memory-alpha.wikia.com/wiki/Special:FilePath/Leonard_James_Akaar.jpg?width=300	http://stexpanded.wikia.com/wiki/Special:FilePath/Leonard_James_Akaar.jpg?width=300	=	1.0000
http://memory-alpha.wikia.com/wiki/Special:FilePath/Hoshi_Sato,_2165.jpg	http://stexpanded.wikia.com/wiki/Special:FilePath/Hoshi_Sato,_2165.png	=	0.8649
http://memory-alpha.wikia.com/wiki/Special:FilePath/Earth_Spacedock,_2293.jpg?width=300	http://stexpanded.wikia.com/wiki/Special:FilePath/Earth_Spacedock_MSD.jpg?width=300	=	0.8844
http://dbkwik.webdatacommons.org/memory-alpha.wikia.com/resource/Orbital_weapon_platform	http://dbkwik.webdatacommons.org/stexpanded.wikia.com/resource/Orbital_weapon_platform	=	1.0000
http://memory-alpha.wikia.com/wiki/Special:FilePath/Quark%27s_cloaking_device.jpg?width=300	http://stexpanded.wikia.com/wiki/Special:FilePath/QuarksCloakingDevice.jpg?width=300	=	0.9543
http://dbkwik.webdatacommons.org/memory-alpha.wikia.com/resource/Michael_Baxter	http://dbkwik.webdatacommons.org/stexpanded.wikia.com/resource/Michael_Baxter	=	1.0000
http://dbkwik.webdatacommons.org/memory-alpha.wikia.com/resource/Discovery	http://dbkwik.webdatacommons.org/stexpanded.wikia.com/resource/Discovery	=	1.0000
http://dbkwik.webdatacommons.org/memory-alpha.wikia.com/resource/Chakotay	http://dbkwik.webdatacommons.org/stexpanded.wikia.com/resource/Chakotay	=	1.0000
http://dbkwik.webdatacommons.org/memory-alpha.wikia.com/resource/2278	http://dbkwik.webdatacommons.org/stexpanded.wikia.com/resource/2278	=	1.0000
http://dbkwik.webdatacommons.org/memory-alpha.wikia.com/resource/United_Nations	http://dbkwik.webdatacommons.org/stexpanded.wikia.com/resource/United_Nations	=	1.0000
http://dbkwik.webdatacommons.org/memory-alpha.wikia.com/resource/Genesis_Device	http://dbkwik.webdatacommons.org/stexpanded.wikia.com/resource/Genesis_device	=	1.0000
http://dbkwik.webdatacommons.org/memory-alpha.wikia.com/property/abbr	http://dbkwik.webdatacommons.org/stexpanded.wikia.com/property/abbr	=	1.0000
http://dbkwik.webdatacommons.org/memory-alpha.wikia.com/resource/USS_Appalachia	http://dbkwik.webdatacommons.org/stexpanded.wikia.com/resource/USS_Appalachia	=	1.0000
http://dbkwik.webdatacommons.org/memory-alpha.wikia.com/resource/Federation_Naval_Patrol	http://dbkwik.webdatacommons.org/stexpanded.wikia.com/resource/Federation_Naval_Patrol	=	1.0000
http://dbkwik.webdatacommons.org/memory-alpha.wikia.com/resource/Kelvas_repair_facility	http://dbkwik.webdatacommons.org/stexpanded.wikia.com/resource/Kelvas_repair_facility	=	1.0000
http://dbkwik.webdatacommons.org/memory-alpha.wikia.com/resource/USS_Pegasus	http://dbkwik.webdatacommons.org/stexpanded.wikia.com/resource/USS_Pegasus	=	1.0000
http://dbkwik.webdatacommons.org/memory-alpha.wikia.com/resource/2379	http://dbkwik.webdatacommons.org/stexpanded.wikia.com/resource/2379	=	1.0000
http://dbkwik.webdatacommons.org/memory-alpha.wikia.com/resource/Cold_start	http://dbkwik.webdatacommons.org/stexpanded.wikia.com/resource/Cold_start	=	1.0000
http://dbkwik.webdatacommons.org/memory-alpha.wikia.com/resource/2227	http://dbkwik.webdatacommons.org/stexpanded.wikia.com/resource/2227	=	1.0000
http://dbkwik.webdatacommons.org/memory-alpha.wikia.com/resource/Bayonet	http://dbkwik.webdatacommons.org/stexpanded.wikia.com/resource/Bayonet	=	1.0000
http://dbkwik.webdatacommons.org/memory-alpha.wikia.com/resource/World_War_II	http://dbkwik.webdatacommons.org/stexpanded.wikia.com/resource/World_War_II	=	1.0000
http://dbkwik.webdatacommons.org/memory-alpha.wikia.com/resource/Deuterium	http://dbkwik.webdatacommons.org/stexpanded.wikia.com/resource/Deuterium	=	1.0000
http://memory-alpha.wikia.com/wiki/Special:FilePath/Andorian_helmsman_on_ISS_Avenger.jpg?width=300	http://stexpanded.wikia.com/wiki/Special:FilePath/Andorian_helmsman_on_ISS_Avenger.jpg?width=300	=	1.0000
http://dbkwik.webdatacommons.org/memory-alpha.wikia.com/resource/2391	http://dbkwik.webdatacommons.org/stexpanded.wikia.com/resource/2391	=	1.0000
http://dbkwik.webdatacommons.org/memory-alpha.wikia.com/resource/Disruptor_cannon	http://dbkwik.webdatacommons.org/stexpanded.wikia.com/resource/Disruptor_cannon	=	1.0000
http://dbkwik.webdatacommons.org/memory-alpha.wikia.com/resource/Category:Andorians	http://dbkwik.webdatacommons.org/stexpanded.wikia.com/resource/Category:Andorians	=	1.0000
http://memory-alpha.wikia.com/wiki/Special:FilePath/Sovereign_Ready_Room.jpg?width=300	http://stexpanded.wikia.com/wiki/Special:FilePath/Sovereign_Ready_Room.jpg?width=300	=	1.0000
http://memory-alpha.wikia.com/wiki/Special:FilePath/Ilia.jpg?width=300	http://stexpanded.wikia.com/wiki/Special:FilePath/Lt_Ilia.jpg?width=300	=	0.9288
http://memory-alpha.wikia.com/wiki/Special:FilePath/Romulan_Neutral_Zone_map.jpg?width=300	http://stexpanded.wikia.com/wiki/Special:FilePath/Romulan_Neutral_Zone_map.jpg?width=300	=	1.0000
http://dbkwik.webdatacommons.org/memory-alpha.wikia.com/resource/Lee_Kelso	http://dbkwik.webdatacommons.org/stexpanded.wikia.com/resource/Lee_Kelso	=	1.0000
http://memory-alpha.wikia.com/wiki/Special:FilePath/MartusMazur.jpg	http://stexpanded.wikia.com/wiki/Special:FilePath/MartusMazur.jpg	=	1.0000
http://dbkwik.webdatacommons.org/memory-alpha.wikia.com/resource/Starbase_78	http://dbkwik.webdatacommons.org/stexpanded.wikia.com/resource/Starbase_78	=	1.0000
http://dbkwik.webdatacommons.org/memory-alpha.wikia.com/resource/1941	http://dbkwik.webdatacommons.org/stexpanded.wikia.com/resource/1941	=	1.0000
http://dbkwik.webdatacommons.org/memory-alpha.wikia.com/resource/Brussels	http://dbkwik.webdatacommons.org/stexpanded.wikia.com/resource/Brussels	=	1.0000
http://dbkwik.webdatacommons.org/memory-alpha.wikia.com/resource/Cardassian_Central_Command	http://dbkwik.webdatacommons.org/stexpanded.wikia.com/resource/Cardassian_Central_Command	=	1.0000
http://dbkwik.webdatacommons.org/memory-alpha.wikia.com/resource/Florida	http://dbkwik.webdatacommons.org/stexpanded.wikia.com/resource/Florida	=	1.0000
http://dbkwik.webdatacommons.org/memory-alpha.wikia.com/property/father	http://dbkwik.webdatacommons.org/stexpanded.wikia.com/property/father	=	1.0000
http://dbkwik.webdatacommons.org/memory-alpha.wikia.com/resource/Ambassador	http://dbkwik.webdatacommons.org/stexpanded.wikia.com/resource/Ambassador	=	1.0000
http://dbkwik.webdatacommons.org/memory-alpha.wikia.com/resource/Fencing	http://dbkwik.webdatacommons.org/stexpanded.wikia.com/resource/Fencing	=	1.0000
http://dbkwik.webdatacommons.org/memory-alpha.wikia.com/resource/Exobiology	http://dbkwik.webdatacommons.org/stexpanded.wikia.com/resource/Exobiology	=	1.0000
http://memory-alpha.wikia.com/wiki/Special:FilePath/USS_Centaur.jpg?width=300	http://stexpanded.wikia.com/wiki/Special:FilePath/USS_Centaur.jpg?width=300	=	1.0000
http://dbkwik.webdatacommons.org/memory-alpha.wikia.com/resource/Category:Holograms	http://dbkwik.webdatacommons.org/stexpanded.wikia.com/resource/Category:Holograms	=	1.0000
http://dbkwik.webdatacommons.org/memory-alpha.wikia.com/resource/Starbase_214	http://dbkwik.webdatacommons.org/stexpanded.wikia.com/resource/Starbase_214	=	1.0000
http://memory-alpha.wikia.com/wiki/Special:FilePath/Aurora.jpg	http://stexpanded.wikia.com/wiki/Special:FilePath/Aurora.jpg	=	1.0000
http://memory-alpha.wikia.com/wiki/Special:FilePath/Sona_battle_cruiser_aft.jpg?width=300	http://stexpanded.wikia.com/wiki/Special:FilePath/Sona_battle_cruiser.jpg?width=300	=	0.9358
http://dbkwik.webdatacommons.org/memory-alpha.wikia.com/resource/2093	http://dbkwik.webdatacommons.org/stexpanded.wikia.com/resource/2093	=	1.0000
http://memory-alpha.wikia.com/wiki/Special:FilePath/Romulan_shuttle.jpg	http://stexpanded.wikia.com/wiki/Special:FilePath/Romulan_shuttle.jpg	=	1.0000
http://dbkwik.webdatacommons.org/memory-alpha.wikia.com/resource/2172	http://dbkwik.webdatacommons.org/stexpanded.wikia.com/resource/2172	=	1.0000
http://dbkwik.webdatacommons.org/memory-alpha.wikia.com/resource/Chief_of_Starfleet_Security	http://dbkwik.webdatacommons.org/stexpanded.wikia.com/resource/Chief_of_Starfleet_Security	=	1.0000
http://dbkwik.webdatacommons.org/memory-alpha.wikia.com/resource/Cochrane_Medal_of_Excellence	http://dbkwik.webdatacommons.org/stexpanded.wikia.com/resource/Zefram_Cochrane_Medal_of_Excellence	=	0.8641
http://dbkwik.webdatacommons.org/memory-alpha.wikia.com/resource/Retirement	http://dbkwik.webdatacommons.org/stexpanded.wikia.com/resource/Retirement	=	1.0000
http://dbkwik.webdatacommons.org/memory-alpha.wikia.com/resource/Skiing	http://dbkwik.webdatacommons.org/stexpanded.wikia.com/resource/Skiing	=	1.0000
http://memory-alpha.wikia.com/wiki/Special:FilePath/Columbia_(NX-02),_early_2153.jpg?width=300	http://stexpanded.wikia.com/wiki/Special:FilePath/Columbia_(NX-02),_early_2153.jpg?width=300	=	1.0000
http://dbkwik.webdatacommons.org/memory-alpha.wikia.com/resource/Eiffel_Tower	http://dbkwik.webdatacommons.org/stexpanded.wikia.com/resource/Eiffel_Tower	=	1.0000
http://dbkwik.webdatacommons.org/memory-alpha.wikia.com/resource/Dark_matter_nebula	http://dbkwik.webdatacommons.org/stexpanded.wikia.com/resource/Dark_matter_nebula	=	1.0000
http://dbkwik.webdatacommons.org/memory-alpha.wikia.com/resource/2253	http://dbkwik.webdatacommons.org/stexpanded.wikia.com/resource/2253	=	1.0000
http://memory-alpha.wikia.com/wiki/Special:FilePath/Tng_capt.png?width=300	http://stexpanded.wikia.com/wiki/Special:FilePath/Capt_(TNG).png?width=300	=	0.9309
http://dbkwik.webdatacommons.org/memory-alpha.wikia.com/resource/Holodeck	http://dbkwik.webdatacommons.org/stexpanded.wikia.com/resource/Holodeck	=	1.0000
http://memory-alpha.wikia.com/wiki/Special:FilePath/Benny_Russell_and_Doctor_Wykoff.jpg	http://stexpanded.wikia.com/wiki/Special:FilePath/Benny_Russell_and_Doctor_Wykoff.jpg	=	1.0000
http://dbkwik.webdatacommons.org/memory-alpha.wikia.com/resource/Starbase_324	http://dbkwik.webdatacommons.org/stexpanded.wikia.com/resource/Starbase_332	=	0.8986
http://dbkwik.webdatacommons.org/memory-alpha.wikia.com/resource/2183	http://dbkwik.webdatacommons.org/stexpanded.wikia.com/resource/2183	=	1.0000
http://dbkwik.webdatacommons.org/memory-alpha.wikia.com/resource/Starfleet_Medical_Academy	http://dbkwik.webdatacommons.org/stexpanded.wikia.com/resource/Starfleet_Medical_Academy	=	1.0000
http://dbkwik.webdatacommons.org/memory-alpha.wikia.com/resource/Starbase_220	http://dbkwik.webdatacommons.org/stexpanded.wikia.com/resource/Starbase_20	=	0.8770
http://dbkwik.webdatacommons.org/memory-alpha.wikia.com/resource/Terran_Rebellion	http://dbkwik.webdatacommons.org/stexpanded.wikia.com/resource/Terran_Rebellion	=	1.0000
http://dbkwik.webdatacommons.org/memory-alpha.wikia.com/resource/2312	http://dbkwik.webdatacommons.org/stexpanded.wikia.com/resource/2312	=	1.0000
http://dbkwik.webdatacommons.org/memory-alpha.wikia.com/resource/Tomed_Incident	http://dbkwik.webdatacommons.org/stexpanded.wikia.com/resource/Tomed_Incident	=	1.0000
http://dbkwik.webdatacommons.org/memory-alpha.wikia.com/resource/Tasmeen	http://dbkwik.webdatacommons.org/stexpanded.wikia.com/resource/Tasmeen	=	1.0000
http://dbkwik.webdatacommons.org/memory-alpha.wikia.com/resource/Sanders_(Captain)	http://dbkwik.webdatacommons.org/stexpanded.wikia.com/resource/Sanders_(Captain)	=	1.0000
http://dbkwik.webdatacommons.org/memory-alpha.wikia.com/resource/Series	http://dbkwik.webdatacommons.org/stexpanded.wikia.com/property/series	=	1.0000
http://dbkwik.webdatacommons.org/memory-alpha.wikia.com/resource/2335	http://dbkwik.webdatacommons.org/stexpanded.wikia.com/resource/2335	=	1.0000
http://dbkwik.webdatacommons.org/memory-alpha.wikia.com/property/pages	http://dbkwik.webdatacommons.org/stexpanded.wikia.com/property/pages	=	1.0000
http://memory-alpha.wikia.com/wiki/Special:FilePath/StarfleetSimulator.jpg	http://stexpanded.wikia.com/wiki/Special:FilePath/StarfleetSimulator.jpg	=	1.0000
http://dbkwik.webdatacommons.org/memory-alpha.wikia.com/resource/Genesis_(planet)	http://dbkwik.webdatacommons.org/stexpanded.wikia.com/resource/Genesis_(planet)	=	1.0000
http://dbkwik.webdatacommons.org/memory-alpha.wikia.com/resource/Transporter	http://dbkwik.webdatacommons.org/stexpanded.wikia.com/resource/Transporter	=	1.0000
http://memory-alpha.wikia.com/wiki/Special:FilePath/Klingon_Bird-of-Prey.jpg?width=300	http://stexpanded.wikia.com/wiki/Special:FilePath/Klingon_Bird-of-Prey.jpg?width=300	=	1.0000
http://memory-alpha.wikia.com/wiki/Special:FilePath/Command_division_uniform_29th_century.jpg	http://stexpanded.wikia.com/wiki/Special:FilePath/Command_division_uniform_29th_century.jpg	=	1.0000
http://dbkwik.webdatacommons.org/memory-alpha.wikia.com/resource/1945	http://dbkwik.webdatacommons.org/stexpanded.wikia.com/resource/1945	=	1.0000
http://dbkwik.webdatacommons.org/memory-alpha.wikia.com/resource/Cestus_III	http://dbkwik.webdatacommons.org/stexpanded.wikia.com/resource/Cestus_III	=	1.0000
http://dbkwik.webdatacommons.org/memory-alpha.wikia.com/resource/Argolis_Cluster	http://dbkwik.webdatacommons.org/stexpanded.wikia.com/resource/Argolis_Cluster	=	1.0000
http://dbkwik.webdatacommons.org/memory-alpha.wikia.com/resource/Delta_Flyer	http://dbkwik.webdatacommons.org/stexpanded.wikia.com/resource/Delta_Flyer	=	1.0000
http://memory-alpha.wikia.com/wiki/Special:FilePath/Robert_Wesley,_2268.jpg	http://stexpanded.wikia.com/wiki/Special:FilePath/Robert_Wesley,_2268.jpg	=	1.0000
http://dbkwik.webdatacommons.org/memory-alpha.wikia.com/resource/Metaphasic_shield	http://dbkwik.webdatacommons.org/stexpanded.wikia.com/resource/Metaphasic_shield	=	1.0000
http://dbkwik.webdatacommons.org/memory-alpha.wikia.com/resource/Rigel_VI	http://dbkwik.webdatacommons.org/stexpanded.wikia.com/resource/Rigel_VI	=	1.0000
http://dbkwik.webdatacommons.org/memory-alpha.wikia.com/resource/2182	http://dbkwik.webdatacommons.org/stexpanded.wikia.com/resource/2182	=	1.0000
http://dbkwik.webdatacommons.org/memory-alpha.wikia.com/resource/Category:Cardassian_starships	http://dbkwik.webdatacommons.org/stexpanded.wikia.com/resource/Category:Cardassian_starships	=	1.0000
http://dbkwik.webdatacommons.org/memory-alpha.wikia.com/resource/Starbase_55	http://dbkwik.webdatacommons.org/stexpanded.wikia.com/resource/Starbase_55	=	1.0000
http://dbkwik.webdatacommons.org/memory-alpha.wikia.com/resource/Counselor	http://dbkwik.webdatacommons.org/stexpanded.wikia.com/resource/Counselor	=	1.0000
http://memory-alpha.wikia.com/wiki/Special:FilePath/Tng_fcapt.png?width=300	http://stexpanded.wikia.com/wiki/Special:FilePath/FCAPT_(TNG).png?width=300	=	0.8993
http://dbkwik.webdatacommons.org/memory-alpha.wikia.com/resource/2303	http://dbkwik.webdatacommons.org/stexpanded.wikia.com/resource/2303	=	1.0000
http://memory-alpha.wikia.com/wiki/Special:FilePath/Sovereign_Crew_Quarters_bedroom.jpg?width=300	http://stexpanded.wikia.com/wiki/Special:FilePath/Sovereign_Crew_Quarters_bedroom.jpg?width=300	=	1.0000
http://dbkwik.webdatacommons.org/memory-alpha.wikia.com/resource/Brandon_Stacy	http://dbkwik.webdatacommons.org/stexpanded.wikia.com/resource/Brandon_Stacy	=	1.0000
http://dbkwik.webdatacommons.org/memory-alpha.wikia.com/resource/Christopher_Pike	http://dbkwik.webdatacommons.org/stexpanded.wikia.com/resource/Christopher_Pike	=	1.0000
http://dbkwik.webdatacommons.org/memory-alpha.wikia.com/resource/Nebula	http://dbkwik.webdatacommons.org/stexpanded.wikia.com/resource/Nebula	=	1.0000
http://dbkwik.webdatacommons.org/memory-alpha.wikia.com/resource/Monk	http://dbkwik.webdatacommons.org/stexpanded.wikia.com/resource/Monk	=	1.0000
http://dbkwik.webdatacommons.org/memory-alpha.wikia.com/resource/Security_clearance	http://dbkwik.webdatacommons.org/stexpanded.wikia.com/resource/Security_clearance	=	1.0000
http://dbkwik.webdatacommons.org/memory-alpha.wikia.com/resource/The_Minstrel_Boy	http://dbkwik.webdatacommons.org/stexpanded.wikia.com/resource/The_Minstrel_Boy	=	1.0000
http://dbkwik.webdatacommons.org/memory-alpha.wikia.com/resource/Senator	http://dbkwik.webdatacommons.org/stexpanded.wikia.com/resource/Senator	=	1.0000
http://dbkwik.webdatacommons.org/memory-alpha.wikia.com/resource/Metron	http://dbkwik.webdatacommons.org/stexpanded.wikia.com/resource/Metron	=	1.0000
http://dbkwik.webdatacommons.org/memory-alpha.wikia.com/resource/Dominion_War	http://dbkwik.webdatacommons.org/stexpanded.wikia.com/resource/Dominion_War	=	1.0000
http://dbkwik.webdatacommons.org/memory-alpha.wikia.com/resource/Earth-Kzin_Wars	http://dbkwik.webdatacommons.org/stexpanded.wikia.com/resource/Earth-Kzin_Wars	=	1.0000
http://dbkwik.webdatacommons.org/memory-alpha.wikia.com/resource/Oklahoma	http://dbkwik.webdatacommons.org/stexpanded.wikia.com/resource/Oklahoma	=	1.0000
http://dbkwik.webdatacommons.org/memory-alpha.wikia.com/resource/Warp_factor	http://dbkwik.webdatacommons.org/stexpanded.wikia.com/resource/Warp_factor	=	1.0000
http://dbkwik.webdatacommons.org/memory-alpha.wikia.com/resource/Rigel_V	http://dbkwik.webdatacommons.org/stexpanded.wikia.com/resource/Rigel_V	=	1.0000
http://dbkwik.webdatacommons.org/memory-alpha.wikia.com/resource/2365	http://dbkwik.webdatacommons.org/stexpanded.wikia.com/resource/2365	=	1.0000
http://memory-alpha.wikia.com/wiki/Special:FilePath/Andorian_helmsman_on_ISS_Avenger.jpg	http://stexpanded.wikia.com/wiki/Special:FilePath/Andorian_helmsman_on_ISS_Avenger.jpg	=	1.0000
http://dbkwik.webdatacommons.org/memory-alpha.wikia.com/resource/Edward	http://dbkwik.webdatacommons.org/stexpanded.wikia.com/resource/Edward	=	1.0000
http://dbkwik.webdatacommons.org/memory-alpha.wikia.com/resource/USS_Excalibur_(NCC-1664)	http://dbkwik.webdatacommons.org/stexpanded.wikia.com/resource/USS_Excalibur_(NCC-1664)	=	1.0000
http://memory-alpha.wikia.com/wiki/Special:FilePath/Jadzia_(mirror),_Through_the_looking_glass.jpg	http://stexpanded.wikia.com/wiki/Special:FilePath/Jadzia_(mirror),_Through_the_looking_glass.jpg	=	1.0000
http://memory-alpha.wikia.com/wiki/Special:FilePath/602_Club.jpg	http://stexpanded.wikia.com/wiki/Special:FilePath/602_Club.jpg	=	1.0000
http://memory-alpha.wikia.com/wiki/Special:FilePath/Order_of_the_Bat%27leth.jpg?width=300	http://stexpanded.wikia.com/wiki/Special:FilePath/Order_of_the_Bat%27leth.jpg?width=300	=	1.0000
http://dbkwik.webdatacommons.org/memory-alpha.wikia.com/resource/Jouret_IV	http://dbkwik.webdatacommons.org/stexpanded.wikia.com/resource/Jouret_IV	=	1.0000
http://dbkwik.webdatacommons.org/memory-alpha.wikia.com/resource/Water	http://dbkwik.webdatacommons.org/stexpanded.wikia.com/property/water	=	1.0000
http://memory-alpha.wikia.com/wiki/Special:FilePath/Guinan_(2366).jpg	http://stexpanded.wikia.com/wiki/Special:FilePath/Guinan_(2366).jpg	=	1.0000
http://memory-alpha.wikia.com/wiki/Special:FilePath/Henry_Archer_and_young_Jonathan_Archer.jpg?width=300	http://stexpanded.wikia.com/wiki/Special:FilePath/Henry_Archer_and_young_Jonathan_Archer.jpg?width=300	=	1.0000
http://dbkwik.webdatacommons.org/memory-alpha.wikia.com/resource/2161	http://dbkwik.webdatacommons.org/stexpanded.wikia.com/resource/2161	=	1.0000
http://dbkwik.webdatacommons.org/memory-alpha.wikia.com/resource/Falcon	http://dbkwik.webdatacommons.org/stexpanded.wikia.com/resource/Falcon	=	1.0000
http://dbkwik.webdatacommons.org/memory-alpha.wikia.com/resource/2210	http://dbkwik.webdatacommons.org/stexpanded.wikia.com/resource/2210	=	1.0000
http://dbkwik.webdatacommons.org/memory-alpha.wikia.com/resource/2045	http://dbkwik.webdatacommons.org/stexpanded.wikia.com/resource/2045	=	1.0000
http://dbkwik.webdatacommons.org/memory-alpha.wikia.com/resource/Category:Maquis_personnel	http://dbkwik.webdatacommons.org/stexpanded.wikia.com/resource/Category:Maquis_personnel	=	1.0000
http://dbkwik.webdatacommons.org/memory-alpha.wikia.com/resource/Arcadian	http://dbkwik.webdatacommons.org/stexpanded.wikia.com/resource/Arcadia	=	0.8644
http://dbkwik.webdatacommons.org/memory-alpha.wikia.com/resource/Uttan_Narsu	http://dbkwik.webdatacommons.org/stexpanded.wikia.com/resource/Uttan_Narsu	=	1.0000
http://dbkwik.webdatacommons.org/memory-alpha.wikia.com/resource/1939	http://dbkwik.webdatacommons.org/stexpanded.wikia.com/resource/1939	=	1.0000
http://dbkwik.webdatacommons.org/memory-alpha.wikia.com/resource/New_Vulcan	http://dbkwik.webdatacommons.org/stexpanded.wikia.com/resource/New_Vulcan	=	1.0000
http://memory-alpha.wikia.com/wiki/Special:FilePath/Raymond_Boone.jpg	http://stexpanded.wikia.com/wiki/Special:FilePath/Raymond_Boone.jpg	=	1.0000
http://dbkwik.webdatacommons.org/memory-alpha.wikia.com/resource/Harvard_University	http://dbkwik.webdatacommons.org/stexpanded.wikia.com/resource/Harvard_University	=	1.0000
http://dbkwik.webdatacommons.org/memory-alpha.wikia.com/resource/New_Zealand	http://dbkwik.webdatacommons.org/stexpanded.wikia.com/resource/New_Zealand	=	1.0000
http://dbkwik.webdatacommons.org/memory-alpha.wikia.com/resource/Category:Titles	http://dbkwik.webdatacommons.org/stexpanded.wikia.com/resource/Category:Titles	=	1.0000
http://dbkwik.webdatacommons.org/memory-alpha.wikia.com/resource/Starliner	http://dbkwik.webdatacommons.org/stexpanded.wikia.com/resource/Starliner	=	1.0000
http://dbkwik.webdatacommons.org/memory-alpha.wikia.com/resource/Navigational_deflector	http://dbkwik.webdatacommons.org/stexpanded.wikia.com/resource/Navigational_deflector	=	1.0000
http://dbkwik.webdatacommons.org/memory-alpha.wikia.com/resource/Safe	http://dbkwik.webdatacommons.org/stexpanded.wikia.com/resource/Safe	=	1.0000
http://dbkwik.webdatacommons.org/memory-alpha.wikia.com/resource/2386	http://dbkwik.webdatacommons.org/stexpanded.wikia.com/resource/2386	=	1.0000
http://dbkwik.webdatacommons.org/memory-alpha.wikia.com/resource/Torpedo	http://dbkwik.webdatacommons.org/stexpanded.wikia.com/resource/Torpedo	=	1.0000
http://dbkwik.webdatacommons.org/memory-alpha.wikia.com/resource/McKinley_Rocket_Base	http://dbkwik.webdatacommons.org/stexpanded.wikia.com/resource/McKinley_Rocket_Base	=	1.0000
http://dbkwik.webdatacommons.org/memory-alpha.wikia.com/resource/Fiji	http://dbkwik.webdatacommons.org/stexpanded.wikia.com/resource/Fiji	=	1.0000
http://dbkwik.webdatacommons.org/memory-alpha.wikia.com/resource/Miles_O%27Brien_(mirror)	http://dbkwik.webdatacommons.org/stexpanded.wikia.com/resource/Miles_O%27Brien_(mirror)	=	1.0000
http://dbkwik.webdatacommons.org/memory-alpha.wikia.com/property/spouse	http://dbkwik.webdatacommons.org/stexpanded.wikia.com/property/spouse	=	1.0000
http://dbkwik.webdatacommons.org/memory-alpha.wikia.com/resource/World_War_III	http://dbkwik.webdatacommons.org/stexpanded.wikia.com/resource/World_War_III	=	1.0000
http://dbkwik.webdatacommons.org/memory-alpha.wikia.com/resource/2188	http://dbkwik.webdatacommons.org/stexpanded.wikia.com/resource/2188	=	1.0000
http://dbkwik.webdatacommons.org/memory-alpha.wikia.com/resource/Danube_class	http://dbkwik.webdatacommons.org/stexpanded.wikia.com/resource/Danube_class	=	1.0000
http://dbkwik.webdatacommons.org/memory-alpha.wikia.com/resource/Psionic_energy	http://dbkwik.webdatacommons.org/stexpanded.wikia.com/resource/Psionic_energy	=	1.0000
http://dbkwik.webdatacommons.org/memory-alpha.wikia.com/resource/Erika_Benteen	http://dbkwik.webdatacommons.org/stexpanded.wikia.com/resource/Erika_Benteen	=	1.0000
http://dbkwik.webdatacommons.org/memory-alpha.wikia.com/resource/USS_Endeavour_(NCC-1895)	http://dbkwik.webdatacommons.org/stexpanded.wikia.com/resource/USS_Endeavour_(NCC-1895)	=	1.0000
http://dbkwik.webdatacommons.org/memory-alpha.wikia.com/resource/2168	http://dbkwik.webdatacommons.org/stexpanded.wikia.com/resource/2168	=	1.0000
http://dbkwik.webdatacommons.org/memory-alpha.wikia.com/resource/Government	http://dbkwik.webdatacommons.org/stexpanded.wikia.com/resource/Government	=	1.0000
http://dbkwik.webdatacommons.org/memory-alpha.wikia.com/resource/Major	http://dbkwik.webdatacommons.org/stexpanded.wikia.com/resource/Major	=	1.0000
http://dbkwik.webdatacommons.org/memory-alpha.wikia.com/resource/Federation_News_Service	http://dbkwik.webdatacommons.org/stexpanded.wikia.com/resource/Federation_News_Service	=	1.0000
http://dbkwik.webdatacommons.org/memory-alpha.wikia.com/resource/Montreal	http://dbkwik.webdatacommons.org/stexpanded.wikia.com/resource/Montreal	=	1.0000
http://memory-alpha.wikia.com/wiki/Special:FilePath/Karemma_starship.jpg?width=300	http://stexpanded.wikia.com/wiki/Special:FilePath/Karemma_starship.jpg?width=300	=	1.0000
http://dbkwik.webdatacommons.org/memory-alpha.wikia.com/resource/Governor	http://dbkwik.webdatacommons.org/stexpanded.wikia.com/resource/Governor	=	1.0000
http://dbkwik.webdatacommons.org/memory-alpha.wikia.com/resource/Terra_Prime	http://dbkwik.webdatacommons.org/stexpanded.wikia.com/resource/Terra_Prime	=	1.0000
http://memory-alpha.wikia.com/wiki/Special:FilePath/Gagh.jpg?width=300	http://stexpanded.wikia.com/wiki/Special:FilePath/Gagh.jpg?width=300	=	1.0000
http://dbkwik.webdatacommons.org/memory-alpha.wikia.com/resource/Brig	http://dbkwik.webdatacommons.org/stexpanded.wikia.com/resource/Brig	=	1.0000
http://dbkwik.webdatacommons.org/memory-alpha.wikia.com/resource/Category:Haliians	http://dbkwik.webdatacommons.org/stexpanded.wikia.com/resource/Category:Haliians	=	1.0000
http://dbkwik.webdatacommons.org/memory-alpha.wikia.com/resource/Alpha_Quadrant	http://dbkwik.webdatacommons.org/stexpanded.wikia.com/resource/Alpha_Quadrant	=	1.0000
http://memory-alpha.wikia.com/wiki/Special:FilePath/TPlana_hath_in_crowd.jpg	http://stexpanded.wikia.com/wiki/Special:FilePath/TPlana_hath_in_crowd.jpg	=	1.0000
http://dbkwik.webdatacommons.org/memory-alpha.wikia.com/resource/Badlands	http://dbkwik.webdatacommons.org/stexpanded.wikia.com/resource/Badlands	=	1.0000
http://dbkwik.webdatacommons.org/memory-alpha.wikia.com/resource/2120	http://dbkwik.webdatacommons.org/stexpanded.wikia.com/resource/2120	=	1.0000
http://dbkwik.webdatacommons.org/memory-alpha.wikia.com/resource/Jupiter	http://dbkwik.webdatacommons.org/stexpanded.wikia.com/resource/Jupiter	=	1.0000
http://dbkwik.webdatacommons.org/memory-alpha.wikia.com/resource/1973	http://dbkwik.webdatacommons.org/stexpanded.wikia.com/resource/1973	=	1.0000
http://dbkwik.webdatacommons.org/memory-alpha.wikia.com/resource/2242	http://dbkwik.webdatacommons.org/stexpanded.wikia.com/resource/2242	=	1.0000
http://dbkwik.webdatacommons.org/memory-alpha.wikia.com/resource/Terrorism	http://dbkwik.webdatacommons.org/stexpanded.wikia.com/resource/Terrorism	=	1.0000
http://dbkwik.webdatacommons.org/memory-alpha.wikia.com/resource/Atlanta	http://dbkwik.webdatacommons.org/stexpanded.wikia.com/resource/Atlanta	=	1.0000
http://dbkwik.webdatacommons.org/memory-alpha.wikia.com/resource/Orbital_bombardment	http://dbkwik.webdatacommons.org/stexpanded.wikia.com/resource/Orbital_bombardment	=	1.0000
http://dbkwik.webdatacommons.org/memory-alpha.wikia.com/resource/Toran	http://dbkwik.webdatacommons.org/stexpanded.wikia.com/resource/Toran	=	1.0000
http://dbkwik.webdatacommons.org/memory-alpha.wikia.com/resource/2366	http://dbkwik.webdatacommons.org/stexpanded.wikia.com/resource/2366	=	1.0000
http://memory-alpha.wikia.com/wiki/Special:FilePath/Vice_Admiral.jpg?width=300	http://stexpanded.wikia.com/wiki/Special:FilePath/Vice_Admiral_Ramius.jpg?width=300	=	0.8830
http://dbkwik.webdatacommons.org/memory-alpha.wikia.com/resource/2164	http://dbkwik.webdatacommons.org/stexpanded.wikia.com/resource/2164	=	1.0000
http://dbkwik.webdatacommons.org/memory-alpha.wikia.com/resource/Daedalus_class	http://dbkwik.webdatacommons.org/stexpanded.wikia.com/resource/Daedalus_class	=	1.0000
http://dbkwik.webdatacommons.org/memory-alpha.wikia.com/resource/Category:Borg_starships	http://dbkwik.webdatacommons.org/stexpanded.wikia.com/resource/Category:Borg_starships	=	1.0000
http://dbkwik.webdatacommons.org/memory-alpha.wikia.com/resource/Cloak_and_Dagger	http://dbkwik.webdatacommons.org/stexpanded.wikia.com/resource/Cloak_and_Dagger	=	1.0000
http://memory-alpha.wikia.com/wiki/Special:FilePath/Shelby.jpg	http://stexpanded.wikia.com/wiki/Special:FilePath/Shelby.jpg	=	1.0000
http://dbkwik.webdatacommons.org/memory-alpha.wikia.com/resource/Battle_of_Axanar	http://dbkwik.webdatacommons.org/stexpanded.wikia.com/resource/Battle_of_Axanar	=	1.0000
http://memory-alpha.wikia.com/wiki/Special:FilePath/Two_jumpers.jpg?width=300	http://stexpanded.wikia.com/wiki/Special:FilePath/Jumpers1.jpg?width=300	=	0.8778
http://dbkwik.webdatacommons.org/memory-alpha.wikia.com/resource/2233	http://dbkwik.webdatacommons.org/stexpanded.wikia.com/resource/2233	=	1.0000
http://dbkwik.webdatacommons.org/memory-alpha.wikia.com/resource/Category:Celebrations	http://dbkwik.webdatacommons.org/stexpanded.wikia.com/resource/Category:Celebrations	=	1.0000
http://dbkwik.webdatacommons.org/memory-alpha.wikia.com/resource/Category:Artists	http://dbkwik.webdatacommons.org/stexpanded.wikia.com/resource/Category:Artists	=	1.0000
http://dbkwik.webdatacommons.org/memory-alpha.wikia.com/resource/2299	http://dbkwik.webdatacommons.org/stexpanded.wikia.com/resource/2299	=	1.0000
http://dbkwik.webdatacommons.org/memory-alpha.wikia.com/property/actor	http://dbkwik.webdatacommons.org/stexpanded.wikia.com/resource/Actor	=	1.0000
http://dbkwik.webdatacommons.org/memory-alpha.wikia.com/resource/2113	http://dbkwik.webdatacommons.org/stexpanded.wikia.com/resource/2113	=	1.0000
http://dbkwik.webdatacommons.org/memory-alpha.wikia.com/resource/Tuvok	http://dbkwik.webdatacommons.org/stexpanded.wikia.com/resource/Tuvok	=	1.0000
http://dbkwik.webdatacommons.org/memory-alpha.wikia.com/resource/Lightning_shield	http://dbkwik.webdatacommons.org/stexpanded.wikia.com/resource/Lightning_shield	=	1.0000
http://memory-alpha.wikia.com/wiki/Special:FilePath/Sol.jpg?width=300	http://stexpanded.wikia.com/wiki/Special:FilePath/Solak.jpg?width=300	=	0.8979
http://dbkwik.webdatacommons.org/memory-alpha.wikia.com/resource/Log_buoy	http://dbkwik.webdatacommons.org/stexpanded.wikia.com/resource/Log_buoy	=	1.0000
http://dbkwik.webdatacommons.org/memory-alpha.wikia.com/resource/Transphasic_torpedo	http://dbkwik.webdatacommons.org/stexpanded.wikia.com/resource/Transphasic_torpedo	=	1.0000
http://memory-alpha.wikia.com/wiki/Special:FilePath/Logo_Ferengi.png	http://stexpanded.wikia.com/wiki/Special:FilePath/Logo_Ferengi.png	=	1.0000
http://dbkwik.webdatacommons.org/memory-alpha.wikia.com/resource/Peterson	http://dbkwik.webdatacommons.org/stexpanded.wikia.com/resource/Peterson	=	1.0000
http://dbkwik.webdatacommons.org/memory-alpha.wikia.com/resource/Scott_Williams	http://dbkwik.webdatacommons.org/stexpanded.wikia.com/resource/Scott_Williams	=	1.0000
http://memory-alpha.wikia.com/wiki/Special:FilePath/Seven_of_Nine,_2376.jpg?width=300	http://stexpanded.wikia.com/wiki/Special:FilePath/Seven_of_Nine,_2377.jpg?width=300	=	0.9565
http://dbkwik.webdatacommons.org/memory-alpha.wikia.com/resource/Klingon_Defense_Force_personnel	http://dbkwik.webdatacommons.org/stexpanded.wikia.com/resource/Klingon_Defense_Force_personnel	=	1.0000
http://dbkwik.webdatacommons.org/memory-alpha.wikia.com/resource/Star_Trek:_Discovery	http://dbkwik.webdatacommons.org/stexpanded.wikia.com/resource/Star_Trek:_Discovery	=	1.0000
http://dbkwik.webdatacommons.org/memory-alpha.wikia.com/resource/Independence_Day	http://dbkwik.webdatacommons.org/stexpanded.wikia.com/resource/Independence	=	0.8771
http://memory-alpha.wikia.com/wiki/Special:FilePath///www.joseralat.com/uploads/GoldModels/EntD.jpg?width=300	http://stexpanded.wikia.com/wiki/Special:FilePath/Ent-j.jpg?width=300	=	0.9163
http://memory-alpha.wikia.com/wiki/Special:FilePath/Eagleprise.jpg?width=300	http://stexpanded.wikia.com/wiki/Special:FilePath/Eagle4.jpg?width=300	=	0.8876
http://dbkwik.webdatacommons.org/memory-alpha.wikia.com/resource/Transport_inhibitor	http://dbkwik.webdatacommons.org/stexpanded.wikia.com/resource/Transport_inhibitor	=	1.0000
http://dbkwik.webdatacommons.org/memory-alpha.wikia.com/resource/2024	http://dbkwik.webdatacommons.org/stexpanded.wikia.com/resource/2024	=	1.0000
http://dbkwik.webdatacommons.org/memory-alpha.wikia.com/resource/IKS_T%27Acog	http://dbkwik.webdatacommons.org/stexpanded.wikia.com/resource/IKS_T%27Acog	=	1.0000
http://memory-alpha.wikia.com/wiki/Special:FilePath/Type_2_phaser,_ST6.jpg?width=300	http://stexpanded.wikia.com/wiki/Special:FilePath/Type_3_phaser.jpg?width=300	=	0.8868
http://dbkwik.webdatacommons.org/memory-alpha.wikia.com/resource/Pioneer	http://dbkwik.webdatacommons.org/stexpanded.wikia.com/resource/Pioneer	=	1.0000
http://dbkwik.webdatacommons.org/memory-alpha.wikia.com/resource/Lang	http://dbkwik.webdatacommons.org/stexpanded.wikia.com/property/lang	=	1.0000
http://dbkwik.webdatacommons.org/memory-alpha.wikia.com/resource/Space	http://dbkwik.webdatacommons.org/stexpanded.wikia.com/resource/Space	=	1.0000
http://memory-alpha.wikia.com/wiki/Special:FilePath/Travis_Mayweather,_2151.jpg	http://stexpanded.wikia.com/wiki/Special:FilePath/TravisMayweather2155.jpg	=	0.9054
http://dbkwik.webdatacommons.org/memory-alpha.wikia.com/resource/Koth	http://dbkwik.webdatacommons.org/stexpanded.wikia.com/resource/Koth	=	1.0000
http://dbkwik.webdatacommons.org/memory-alpha.wikia.com/resource/2232	http://dbkwik.webdatacommons.org/stexpanded.wikia.com/resource/2232	=	1.0000
http://memory-alpha.wikia.com/wiki/Special:FilePath/Spock_(mirror).jpg?width=300	http://stexpanded.wikia.com/wiki/Special:FilePath/Mirror_Spock.jpg?width=300	=	0.9133
http://dbkwik.webdatacommons.org/memory-alpha.wikia.com/resource/Starbase_129	http://dbkwik.webdatacommons.org/stexpanded.wikia.com/resource/Starbase_129	=	1.0000
http://dbkwik.webdatacommons.org/memory-alpha.wikia.com/resource/Tong_Beak_Nebula	http://dbkwik.webdatacommons.org/stexpanded.wikia.com/resource/Tong_Beak_Nebula	=	1.0000
http://dbkwik.webdatacommons.org/memory-alpha.wikia.com/resource/Crusher	http://dbkwik.webdatacommons.org/stexpanded.wikia.com/resource/Crusher	=	1.0000
http://dbkwik.webdatacommons.org/memory-alpha.wikia.com/resource/Category:Biology	http://dbkwik.webdatacommons.org/stexpanded.wikia.com/resource/Category:Biology	=	1.0000
http://memory-alpha.wikia.com/wiki/Special:FilePath/Starfleet_CIC_2293.jpg?width=300	http://stexpanded.wikia.com/wiki/Special:FilePath/Starfleet_CIC_2293.jpg?width=300	=	1.0000
http://dbkwik.webdatacommons.org/memory-alpha.wikia.com/resource/Hockey	http://dbkwik.webdatacommons.org/stexpanded.wikia.com/resource/Hockey	=	1.0000
http://dbkwik.webdatacommons.org/memory-alpha.wikia.com/class/stowiki	http://dbkwik.webdatacommons.org/stexpanded.wikia.com/class/stowiki	=	1.0000
http://dbkwik.webdatacommons.org/memory-alpha.wikia.com/resource/Lieutenant	http://dbkwik.webdatacommons.org/stexpanded.wikia.com/resource/Lieutenant	=	1.0000
http://memory-alpha.wikia.com/wiki/Special:FilePath/Harry_Morrow.jpg	http://stexpanded.wikia.com/wiki/Special:FilePath/Harry_Morrow.jpg	=	1.0000
http://dbkwik.webdatacommons.org/memory-alpha.wikia.com/resource/2056	http://dbkwik.webdatacommons.org/stexpanded.wikia.com/resource/2056	=	1.0000
http://memory-alpha.wikia.com/wiki/Special:FilePath/2387_Supernova.jpg	http://stexpanded.wikia.com/wiki/Special:FilePath/2387_Supernova.jpg	=	1.0000
http://dbkwik.webdatacommons.org/memory-alpha.wikia.com/class/class	http://dbkwik.webdatacommons.org/stexpanded.wikia.com/class/class	=	1.0000
http://dbkwik.webdatacommons.org/memory-alpha.wikia.com/resource/Sibling	http://dbkwik.webdatacommons.org/stexpanded.wikia.com/property/siblings	=	0.9283
http://dbkwik.webdatacommons.org/memory-alpha.wikia.com/resource/Category:Earth	http://dbkwik.webdatacommons.org/stexpanded.wikia.com/resource/Category:Earth	=	1.0000
http://dbkwik.webdatacommons.org/memory-alpha.wikia.com/resource/2102	http://dbkwik.webdatacommons.org/stexpanded.wikia.com/resource/2102	=	1.0000
http://dbkwik.webdatacommons.org/memory-alpha.wikia.com/resource/DY-500_class	http://stexpanded.wikia.com/wiki/Special:FilePath/DY-500-class.jpg	=	0.8868
http://dbkwik.webdatacommons.org/memory-alpha.wikia.com/resource/Nelson	http://dbkwik.webdatacommons.org/stexpanded.wikia.com/resource/Nelson	=	1.0000
http://dbkwik.webdatacommons.org/memory-alpha.wikia.com/resource/Terry	http://dbkwik.webdatacommons.org/stexpanded.wikia.com/resource/Terry	=	1.0000
http://memory-alpha.wikia.com/wiki/Special:FilePath/Archer_and_Daniels_in_the_Temporal_Observatory_(ENT_Cold_Front).jpg	http://stexpanded.wikia.com/wiki/Special:FilePath/Archer_and_Daniels_in_the_Temporal_Observatory_(ENT_Cold_Front).jpg	=	1.0000
http://memory-alpha.wikia.com/wiki/Special:FilePath/Ro_maquis.jpg	http://stexpanded.wikia.com/wiki/Special:FilePath/ro_maquis.jpg	=	1.0000
http://dbkwik.webdatacommons.org/memory-alpha.wikia.com/resource/Chroniton	http://dbkwik.webdatacommons.org/stexpanded.wikia.com/resource/Chroniton	=	1.0000
http://dbkwik.webdatacommons.org/memory-alpha.wikia.com/resource/Kazon	http://dbkwik.webdatacommons.org/stexpanded.wikia.com/resource/Kazon	=	1.0000
http://memory-alpha.wikia.com/wiki/Special:FilePath/Isolytic-burst.jpg?width=300	http://stexpanded.wikia.com/wiki/Special:FilePath/Isolytic-burst.jpg?width=300	=	1.0000
http://dbkwik.webdatacommons.org/memory-alpha.wikia.com/resource/Starbase_621	http://dbkwik.webdatacommons.org/stexpanded.wikia.com/resource/Starbase_621	=	1.0000
http://dbkwik.webdatacommons.org/memory-alpha.wikia.com/resource/USS_Hokule%27a	http://dbkwik.webdatacommons.org/stexpanded.wikia.com/resource/USS_Hokule%27a	=	1.0000
http://dbkwik.webdatacommons.org/memory-alpha.wikia.com/resource/Code	http://dbkwik.webdatacommons.org/stexpanded.wikia.com/property/code	=	1.0000
http://dbkwik.webdatacommons.org/memory-alpha.wikia.com/resource/Vash	http://dbkwik.webdatacommons.org/stexpanded.wikia.com/resource/Vash	=	1.0000
http://dbkwik.webdatacommons.org/memory-alpha.wikia.com/resource/Decipher	http://dbkwik.webdatacommons.org/stexpanded.wikia.com/resource/Decipher	=	1.0000
http://dbkwik.webdatacommons.org/memory-alpha.wikia.com/resource/Pulse_cannon	http://dbkwik.webdatacommons.org/stexpanded.wikia.com/resource/Pulse_cannon	=	1.0000
http://memory-alpha.wikia.com/wiki/Special:FilePath/Cardassian-Federation_border.jpg	http://stexpanded.wikia.com/wiki/Special:FilePath/Cardassian-Federation_border.jpg	=	1.0000
http://dbkwik.webdatacommons.org/memory-alpha.wikia.com/resource/Jaro_Essa	http://dbkwik.webdatacommons.org/stexpanded.wikia.com/resource/Jaro_Essa	=	1.0000
http://memory-alpha.wikia.com/wiki/Special:FilePath/Starbase_6.jpg?width=300	http://stexpanded.wikia.com/wiki/Special:FilePath/Starbase_Echo.jpg?width=300	=	0.8684
http://dbkwik.webdatacommons.org/memory-alpha.wikia.com/resource/Pennsylvania	http://dbkwik.webdatacommons.org/stexpanded.wikia.com/resource/Pennsylvania	=	1.0000
http://dbkwik.webdatacommons.org/memory-alpha.wikia.com/resource/Xindi-Arboreal	http://stexpanded.wikia.com/wiki/Special:FilePath/Xindi-Arboreal.jpg	=	0.8652
http://dbkwik.webdatacommons.org/memory-alpha.wikia.com/resource/Athena	http://dbkwik.webdatacommons.org/stexpanded.wikia.com/resource/Athena	=	1.0000
http://dbkwik.webdatacommons.org/memory-alpha.wikia.com/property/artist	http://dbkwik.webdatacommons.org/stexpanded.wikia.com/property/artist	=	1.0000
http://dbkwik.webdatacommons.org/memory-alpha.wikia.com/resource/Bait..._and_Switch	http://dbkwik.webdatacommons.org/stexpanded.wikia.com/resource/Bait_and_Switch	=	1.0000
http://dbkwik.webdatacommons.org/memory-alpha.wikia.com/resource/2107	http://dbkwik.webdatacommons.org/stexpanded.wikia.com/resource/2107	=	1.0000
http://dbkwik.webdatacommons.org/memory-alpha.wikia.com/resource/Starbase_4	http://dbkwik.webdatacommons.org/stexpanded.wikia.com/resource/Starbase_4	=	1.0000
http://dbkwik.webdatacommons.org/memory-alpha.wikia.com/resource/Department_of_Cartography	http://dbkwik.webdatacommons.org/stexpanded.wikia.com/resource/Department_of_Cartography	=	1.0000
http://dbkwik.webdatacommons.org/memory-alpha.wikia.com/resource/2058	http://dbkwik.webdatacommons.org/stexpanded.wikia.com/resource/2058	=	1.0000
http://memory-alpha.wikia.com/wiki/Special:FilePath/Travis_Mayweather,_2151.jpg?width=300	http://stexpanded.wikia.com/wiki/Special:FilePath/TravisMayweather2155.jpg?width=300	=	0.9299
http://dbkwik.webdatacommons.org/memory-alpha.wikia.com/resource/Pavel_Chekov_(alternate_reality)	http://dbkwik.webdatacommons.org/stexpanded.wikia.com/resource/Pavel_Chekov_(alternate_reality)	=	1.0000
http://dbkwik.webdatacommons.org/memory-alpha.wikia.com/resource/2162	http://dbkwik.webdatacommons.org/stexpanded.wikia.com/resource/2162	=	1.0000
http://dbkwik.webdatacommons.org/memory-alpha.wikia.com/resource/Bonaventure	http://dbkwik.webdatacommons.org/stexpanded.wikia.com/resource/Bonaventure	=	1.0000
http://dbkwik.webdatacommons.org/memory-alpha.wikia.com/resource/History	http://dbkwik.webdatacommons.org/stexpanded.wikia.com/resource/History	=	1.0000
http://dbkwik.webdatacommons.org/memory-alpha.wikia.com/resource/Nanoprobe	http://dbkwik.webdatacommons.org/stexpanded.wikia.com/resource/Nanoprobe	=	1.0000
http://dbkwik.webdatacommons.org/memory-alpha.wikia.com/resource/1937	http://dbkwik.webdatacommons.org/stexpanded.wikia.com/resource/1937	=	1.0000
http://dbkwik.webdatacommons.org/memory-alpha.wikia.com/resource/Christopher_Pike_Medal_of_Valor	http://dbkwik.webdatacommons.org/stexpanded.wikia.com/resource/Christopher_Pike_Medal_of_Valor	=	1.0000
http://dbkwik.webdatacommons.org/memory-alpha.wikia.com/resource/Borg	http://dbkwik.webdatacommons.org/stexpanded.wikia.com/resource/Borg	=	1.0000
http://dbkwik.webdatacommons.org/memory-alpha.wikia.com/property/planets	http://dbkwik.webdatacommons.org/stexpanded.wikia.com/property/planets	=	1.0000
http://memory-alpha.wikia.com/wiki/Special:FilePath/Andromeda_Galaxy_remastered.jpg?width=300	http://stexpanded.wikia.com/wiki/Special:FilePath/Andromeda_galaxy.jpg?width=300	=	0.8752
http://dbkwik.webdatacommons.org/memory-alpha.wikia.com/resource/Gol	http://dbkwik.webdatacommons.org/stexpanded.wikia.com/resource/Gol	=	1.0000
http://dbkwik.webdatacommons.org/memory-alpha.wikia.com/resource/Chekov%27s_Enterprise	http://dbkwik.webdatacommons.org/stexpanded.wikia.com/resource/Chekov%27s_Enterprise	=	1.0000
http://memory-alpha.wikia.com/wiki/Special:FilePath/Tng_chief.png?width=300	http://stexpanded.wikia.com/wiki/Special:FilePath/Chief_(TNG).png?width=300	=	0.9273
http://dbkwik.webdatacommons.org/memory-alpha.wikia.com/resource/2023	http://dbkwik.webdatacommons.org/stexpanded.wikia.com/resource/2023	=	1.0000
http://memory-alpha.wikia.com/wiki/Special:FilePath/Akira_class,_overview.jpg?width=300	http://stexpanded.wikia.com/wiki/Special:FilePath/Akira_Class-0.jpg?width=300	=	0.8833
http://dbkwik.webdatacommons.org/memory-alpha.wikia.com/resource/Dominion	http://dbkwik.webdatacommons.org/stexpanded.wikia.com/resource/Dominion	=	1.0000
http://dbkwik.webdatacommons.org/memory-alpha.wikia.com/resource/2261	http://dbkwik.webdatacommons.org/stexpanded.wikia.com/resource/2261	=	1.0000
http://dbkwik.webdatacommons.org/memory-alpha.wikia.com/resource/Jonathan_Archer	http://dbkwik.webdatacommons.org/stexpanded.wikia.com/resource/Jonathan_Archer	=	1.0000
http://dbkwik.webdatacommons.org/memory-alpha.wikia.com/resource/United_Federation_of_Planets	http://dbkwik.webdatacommons.org/stexpanded.wikia.com/resource/United_Federation_of_Planets	=	1.0000
http://dbkwik.webdatacommons.org/memory-alpha.wikia.com/resource/Colony	http://dbkwik.webdatacommons.org/stexpanded.wikia.com/resource/Colony	=	1.0000
http://dbkwik.webdatacommons.org/memory-alpha.wikia.com/resource/Moscow	http://dbkwik.webdatacommons.org/stexpanded.wikia.com/resource/Moscow	=	1.0000
http://memory-alpha.wikia.com/wiki/Special:FilePath/Tamarian_starship-galaxy_class.jpg?width=300	http://stexpanded.wikia.com/wiki/Special:FilePath/Tamarian_starship-galaxy_class.jpg?width=300	=	1.0000
http://memory-alpha.wikia.com/wiki/Special:FilePath/Dderidex-engine_core.jpg?width=300	http://stexpanded.wikia.com/wiki/Special:FilePath/Dderidex-engine_core.jpg?width=300	=	1.0000
http://memory-alpha.wikia.com/wiki/Special:FilePath/Vulcans_Forge.jpg	http://stexpanded.wikia.com/wiki/Special:FilePath/VulcansForge.jpg	=	1.0000
http://dbkwik.webdatacommons.org/memory-alpha.wikia.com/resource/Typhon_sector	http://dbkwik.webdatacommons.org/stexpanded.wikia.com/resource/Typhon_sector	=	1.0000
http://memory-alpha.wikia.com/wiki/Special:FilePath/Federation_cloaking_device.jpg?width=300	http://stexpanded.wikia.com/wiki/Special:FilePath/Federation_cloaking_device.jpg?width=300	=	1.0000
http://dbkwik.webdatacommons.org/memory-alpha.wikia.com/resource/2167	http://dbkwik.webdatacommons.org/stexpanded.wikia.com/resource/2167	=	1.0000
http://dbkwik.webdatacommons.org/memory-alpha.wikia.com/resource/Category:Romulans	http://dbkwik.webdatacommons.org/stexpanded.wikia.com/resource/Category:Romulans	=	1.0000
http://dbkwik.webdatacommons.org/memory-alpha.wikia.com/resource/Leonard_McCoy_(mirror)	http://dbkwik.webdatacommons.org/stexpanded.wikia.com/resource/Leonard_McCoy_(mirror)	=	1.0000
http://dbkwik.webdatacommons.org/memory-alpha.wikia.com/resource/William_Telfer	http://dbkwik.webdatacommons.org/stexpanded.wikia.com/resource/William_Telfer	=	1.0000
http://dbkwik.webdatacommons.org/memory-alpha.wikia.com/resource/Altonian_brain_teaser	http://dbkwik.webdatacommons.org/stexpanded.wikia.com/resource/Altonian_brain_teaser	=	1.0000
http://dbkwik.webdatacommons.org/memory-alpha.wikia.com/resource/2353	http://dbkwik.webdatacommons.org/stexpanded.wikia.com/resource/2353	=	1.0000
http://dbkwik.webdatacommons.org/memory-alpha.wikia.com/resource/Aaamazzarite	http://dbkwik.webdatacommons.org/stexpanded.wikia.com/resource/Aaamazzarite	=	1.0000
http://dbkwik.webdatacommons.org/memory-alpha.wikia.com/resource/2223	http://dbkwik.webdatacommons.org/stexpanded.wikia.com/resource/2223	=	1.0000
http://dbkwik.webdatacommons.org/memory-alpha.wikia.com/resource/Trelane	http://dbkwik.webdatacommons.org/stexpanded.wikia.com/resource/Trelane	=	1.0000
http://dbkwik.webdatacommons.org/memory-alpha.wikia.com/resource/Category:Occupations	http://dbkwik.webdatacommons.org/stexpanded.wikia.com/resource/Category:Occupations	=	1.0000
http://dbkwik.webdatacommons.org/memory-alpha.wikia.com/resource/2050s	http://dbkwik.webdatacommons.org/stexpanded.wikia.com/resource/2050s	=	1.0000
http://dbkwik.webdatacommons.org/memory-alpha.wikia.com/resource/2156	http://dbkwik.webdatacommons.org/stexpanded.wikia.com/resource/2156	=	1.0000
http://dbkwik.webdatacommons.org/memory-alpha.wikia.com/resource/USS_Niagara	http://dbkwik.webdatacommons.org/stexpanded.wikia.com/resource/USS_Niagara	=	1.0000
http://dbkwik.webdatacommons.org/memory-alpha.wikia.com/resource/Shroud	http://dbkwik.webdatacommons.org/stexpanded.wikia.com/resource/Shroud	=	1.0000
http://dbkwik.webdatacommons.org/memory-alpha.wikia.com/resource/Mead	http://dbkwik.webdatacommons.org/stexpanded.wikia.com/resource/Mead	=	1.0000
http://dbkwik.webdatacommons.org/memory-alpha.wikia.com/resource/Category:Starfleet_sciences_personnel	http://dbkwik.webdatacommons.org/stexpanded.wikia.com/resource/Category:Starfleet_sciences_personnel	=	1.0000
http://dbkwik.webdatacommons.org/memory-alpha.wikia.com/resource/Restoration	http://dbkwik.webdatacommons.org/stexpanded.wikia.com/resource/Restoration	=	1.0000
http://dbkwik.webdatacommons.org/memory-alpha.wikia.com/resource/Bandit	http://dbkwik.webdatacommons.org/stexpanded.wikia.com/resource/Bandit	=	1.0000
http://dbkwik.webdatacommons.org/memory-alpha.wikia.com/resource/2174	http://dbkwik.webdatacommons.org/stexpanded.wikia.com/resource/2174	=	1.0000
http://dbkwik.webdatacommons.org/memory-alpha.wikia.com/resource/Tokyo	http://dbkwik.webdatacommons.org/stexpanded.wikia.com/resource/Tokyo	=	1.0000
http://memory-alpha.wikia.com/wiki/Special:FilePath/Wesley_Crusher,_2368.jpg?width=300	http://stexpanded.wikia.com/wiki/Special:FilePath/Wesley_Crusher_2368.jpg?width=300	=	1.0000
http://memory-alpha.wikia.com/wiki/Special:FilePath/Becky.jpg?width=300	http://stexpanded.wikia.com/wiki/Special:FilePath/Becky.jpg?width=300	=	1.0000
http://dbkwik.webdatacommons.org/memory-alpha.wikia.com/resource/Hikaru_Sulu_(mirror)	http://dbkwik.webdatacommons.org/stexpanded.wikia.com/resource/Hikaru_Sulu_(mirror)	=	1.0000
http://memory-alpha.wikia.com/wiki/Special:FilePath/2230s_lt.png?width=300	http://stexpanded.wikia.com/wiki/Special:FilePath/LT_(2230s).png?width=300	=	0.9340
http://dbkwik.webdatacommons.org/memory-alpha.wikia.com/resource/Chief_petty_officer	http://dbkwik.webdatacommons.org/stexpanded.wikia.com/resource/Chief_petty_officer	=	1.0000
http://dbkwik.webdatacommons.org/memory-alpha.wikia.com/resource/2131	http://dbkwik.webdatacommons.org/stexpanded.wikia.com/resource/2131	=	1.0000
http://dbkwik.webdatacommons.org/memory-alpha.wikia.com/resource/Season	http://dbkwik.webdatacommons.org/stexpanded.wikia.com/property/season	=	1.0000
http://dbkwik.webdatacommons.org/memory-alpha.wikia.com/resource/Platoon	http://dbkwik.webdatacommons.org/stexpanded.wikia.com/resource/Platoon	=	1.0000
http://memory-alpha.wikia.com/wiki/Special:FilePath/Romulan_bird-of-prey,_ENT-aft,_cloaking.jpg?width=300	http://stexpanded.wikia.com/wiki/Special:FilePath/Romulan_bird-of-prey,_ENT-aft,_cloaking.jpg?width=300	=	1.0000
http://memory-alpha.wikia.com/wiki/Special:FilePath/Future_Guy.jpg	http://stexpanded.wikia.com/wiki/Special:FilePath/Future_Guy.jpg	=	1.0000
http://dbkwik.webdatacommons.org/memory-alpha.wikia.com/resource/Category:Technical_manuals	http://dbkwik.webdatacommons.org/stexpanded.wikia.com/resource/Category:Technical_manuals	=	1.0000
http://dbkwik.webdatacommons.org/memory-alpha.wikia.com/resource/Universal_translator	http://dbkwik.webdatacommons.org/stexpanded.wikia.com/resource/Universal_translator	=	1.0000
http://dbkwik.webdatacommons.org/memory-alpha.wikia.com/resource/USS_Springfield	http://dbkwik.webdatacommons.org/stexpanded.wikia.com/resource/USS_Springfield	=	1.0000
http://dbkwik.webdatacommons.org/memory-alpha.wikia.com/resource/Fifth_Order	http://dbkwik.webdatacommons.org/stexpanded.wikia.com/resource/Fifth_Order	=	1.0000
http://dbkwik.webdatacommons.org/memory-alpha.wikia.com/resource/Jenny_Delaney	http://dbkwik.webdatacommons.org/stexpanded.wikia.com/resource/Jenny_Delaney	=	1.0000
http://dbkwik.webdatacommons.org/memory-alpha.wikia.com/resource/USS_Shenandoah	http://dbkwik.webdatacommons.org/stexpanded.wikia.com/resource/USS_Shenandoah	=	1.0000
http://dbkwik.webdatacommons.org/memory-alpha.wikia.com/resource/Annulment	http://dbkwik.webdatacommons.org/stexpanded.wikia.com/resource/Annulment	=	1.0000
http://dbkwik.webdatacommons.org/memory-alpha.wikia.com/resource/Sek	http://dbkwik.webdatacommons.org/stexpanded.wikia.com/resource/Sek	=	1.0000
http://dbkwik.webdatacommons.org/memory-alpha.wikia.com/resource/Liverpool	http://dbkwik.webdatacommons.org/stexpanded.wikia.com/resource/Liverpool	=	1.0000
http://dbkwik.webdatacommons.org/memory-alpha.wikia.com/resource/Auction	http://dbkwik.webdatacommons.org/stexpanded.wikia.com/resource/Auction	=	1.0000
http://dbkwik.webdatacommons.org/memory-alpha.wikia.com/resource/United_States_armed_forces	http://dbkwik.webdatacommons.org/stexpanded.wikia.com/resource/United_States_armed_forces	=	1.0000
http://dbkwik.webdatacommons.org/memory-alpha.wikia.com/resource/Latinum	http://dbkwik.webdatacommons.org/stexpanded.wikia.com/resource/Latinum	=	1.0000
http://dbkwik.webdatacommons.org/memory-alpha.wikia.com/resource/Chancellor	http://dbkwik.webdatacommons.org/stexpanded.wikia.com/resource/Chancellor	=	1.0000
http://dbkwik.webdatacommons.org/memory-alpha.wikia.com/resource/USS_Roosevelt	http://dbkwik.webdatacommons.org/stexpanded.wikia.com/resource/USS_Roosevelt	=	1.0000
http://memory-alpha.wikia.com/wiki/Special:FilePath/LegionofMerit.png?width=300	http://stexpanded.wikia.com/wiki/Special:FilePath/Legion_of_Merit_Medal.png?width=300	=	0.8720
http://dbkwik.webdatacommons.org/memory-alpha.wikia.com/resource/USS_Lantree	http://dbkwik.webdatacommons.org/stexpanded.wikia.com/resource/USS_Lantree	=	1.0000
http://memory-alpha.wikia.com/wiki/Special:FilePath/EMH_Mark_II.jpg?width=300	http://stexpanded.wikia.com/wiki/Special:FilePath/EMHMarkII.jpg?width=300	=	0.8677
http://dbkwik.webdatacommons.org/memory-alpha.wikia.com/resource/Flight_controller	http://dbkwik.webdatacommons.org/stexpanded.wikia.com/resource/Flight_controller	=	1.0000
http://dbkwik.webdatacommons.org/memory-alpha.wikia.com/resource/Psychokinesis	http://dbkwik.webdatacommons.org/stexpanded.wikia.com/resource/Psychokinesis	=	1.0000
http://dbkwik.webdatacommons.org/memory-alpha.wikia.com/resource/NCC	http://dbkwik.webdatacommons.org/stexpanded.wikia.com/property/ncc	=	1.0000
http://memory-alpha.wikia.com/wiki/Special:FilePath/Constitution_class_original_recreation.jpg?width=300	http://stexpanded.wikia.com/wiki/Special:FilePath/Constitution_Class_Original.jpg?width=300	=	0.8881
http://memory-alpha.wikia.com/wiki/Special:FilePath/Discovery.jpg?width=300	http://stexpanded.wikia.com/wiki/Special:FilePath/Discovery-class.jpg?width=300	=	0.8853
http://dbkwik.webdatacommons.org/memory-alpha.wikia.com/resource/Kalandra_system	http://dbkwik.webdatacommons.org/stexpanded.wikia.com/resource/Kalandra_system	=	1.0000
http://dbkwik.webdatacommons.org/memory-alpha.wikia.com/resource/2337	http://dbkwik.webdatacommons.org/stexpanded.wikia.com/resource/2337	=	1.0000
http://dbkwik.webdatacommons.org/memory-alpha.wikia.com/resource/Iconia	http://dbkwik.webdatacommons.org/stexpanded.wikia.com/resource/Iconia	=	1.0000
http://dbkwik.webdatacommons.org/memory-alpha.wikia.com/resource/Raktajino	http://dbkwik.webdatacommons.org/stexpanded.wikia.com/resource/Raktajino	=	1.0000
http://memory-alpha.wikia.com/wiki/Special:FilePath/Earth.jpg	http://stexpanded.wikia.com/wiki/Special:FilePath/Earth.jpg	=	1.0000
http://dbkwik.webdatacommons.org/memory-alpha.wikia.com/resource/Minnesota	http://dbkwik.webdatacommons.org/stexpanded.wikia.com/resource/Minnesota	=	1.0000
http://dbkwik.webdatacommons.org/memory-alpha.wikia.com/resource/Starbase_434	http://dbkwik.webdatacommons.org/stexpanded.wikia.com/resource/Starbase_43	=	0.9234
http://dbkwik.webdatacommons.org/memory-alpha.wikia.com/resource/Lieutenant_general	http://dbkwik.webdatacommons.org/stexpanded.wikia.com/resource/Lieutenant_general	=	1.0000
http://dbkwik.webdatacommons.org/memory-alpha.wikia.com/resource/Donatra	http://dbkwik.webdatacommons.org/stexpanded.wikia.com/resource/Donatra	=	1.0000
http://dbkwik.webdatacommons.org/memory-alpha.wikia.com/resource/Valeris	http://dbkwik.webdatacommons.org/stexpanded.wikia.com/resource/Valeris	=	1.0000
http://dbkwik.webdatacommons.org/memory-alpha.wikia.com/resource/SS_Seattle	http://dbkwik.webdatacommons.org/stexpanded.wikia.com/resource/SS_Seattle	=	1.0000
http://dbkwik.webdatacommons.org/memory-alpha.wikia.com/resource/Memory_Alpha	http://dbkwik.webdatacommons.org/stexpanded.wikia.com/resource/Memory_Alpha	=	1.0000
http://memory-alpha.wikia.com/wiki/Special:FilePath/Harry_Morrow.jpg?width=300	http://stexpanded.wikia.com/wiki/Special:FilePath/Harry_Morrow.jpg?width=300	=	1.0000
http://dbkwik.webdatacommons.org/memory-alpha.wikia.com/resource/Cole	http://dbkwik.webdatacommons.org/stexpanded.wikia.com/resource/Cole	=	1.0000
http://dbkwik.webdatacommons.org/memory-alpha.wikia.com/resource/2256	http://dbkwik.webdatacommons.org/stexpanded.wikia.com/resource/2256	=	1.0000
http://dbkwik.webdatacommons.org/memory-alpha.wikia.com/resource/Category:Dominion	http://dbkwik.webdatacommons.org/stexpanded.wikia.com/resource/Category:Dominion	=	1.0000
http://dbkwik.webdatacommons.org/memory-alpha.wikia.com/resource/Styles	http://dbkwik.webdatacommons.org/stexpanded.wikia.com/resource/Styles	=	1.0000
http://memory-alpha.wikia.com/wiki/Special:FilePath/Constitution_class_refit_sickbay.jpg?width=300	http://stexpanded.wikia.com/wiki/Special:FilePath/Constitution_Class_Refit.jpg?width=300	=	0.9276
http://memory-alpha.wikia.com/wiki/Special:FilePath/Terev.jpg?width=300	http://stexpanded.wikia.com/wiki/Special:FilePath/Terev.jpg?width=300	=	1.0000
http://dbkwik.webdatacommons.org/memory-alpha.wikia.com/resource/Vedek_Assembly	http://dbkwik.webdatacommons.org/stexpanded.wikia.com/resource/Vedek_Assembly	=	1.0000
http://dbkwik.webdatacommons.org/memory-alpha.wikia.com/resource/2049	http://dbkwik.webdatacommons.org/stexpanded.wikia.com/resource/2049	=	1.0000
http://dbkwik.webdatacommons.org/memory-alpha.wikia.com/resource/Planet	http://dbkwik.webdatacommons.org/stexpanded.wikia.com/property/planet	=	1.0000
http://dbkwik.webdatacommons.org/memory-alpha.wikia.com/resource/2388	http://dbkwik.webdatacommons.org/stexpanded.wikia.com/resource/2388	=	1.0000
http://dbkwik.webdatacommons.org/memory-alpha.wikia.com/resource/Medical_technician	http://dbkwik.webdatacommons.org/stexpanded.wikia.com/resource/Medical_technician	=	1.0000
http://dbkwik.webdatacommons.org/memory-alpha.wikia.com/resource/IKS_Drovana	http://dbkwik.webdatacommons.org/stexpanded.wikia.com/resource/IKS_Drovana	=	1.0000
http://dbkwik.webdatacommons.org/memory-alpha.wikia.com/resource/1910s	http://dbkwik.webdatacommons.org/stexpanded.wikia.com/resource/1910s	=	1.0000
http://memory-alpha.wikia.com/wiki/Special:FilePath/Benny_Russell.jpg?width=300	http://stexpanded.wikia.com/wiki/Special:FilePath/Benny_Russell.jpg?width=300	=	1.0000
http://dbkwik.webdatacommons.org/memory-alpha.wikia.com/resource/Arex	http://dbkwik.webdatacommons.org/stexpanded.wikia.com/resource/Arex	=	1.0000
http://memory-alpha.wikia.com/wiki/Special:FilePath/Tng_lt.png?width=300	http://stexpanded.wikia.com/wiki/Special:FilePath/LT_(TNG).png?width=300	=	0.9145
http://dbkwik.webdatacommons.org/memory-alpha.wikia.com/resource/1992	http://dbkwik.webdatacommons.org/stexpanded.wikia.com/resource/1992	=	1.0000
http://dbkwik.webdatacommons.org/memory-alpha.wikia.com/resource/Deimos	http://dbkwik.webdatacommons.org/stexpanded.wikia.com/resource/Deimos	=	1.0000
http://dbkwik.webdatacommons.org/memory-alpha.wikia.com/resource/El-Aurian	http://dbkwik.webdatacommons.org/stexpanded.wikia.com/resource/El-Aurian	=	1.0000
http://memory-alpha.wikia.com/wiki/Special:FilePath/Spock,_2267.jpg	http://stexpanded.wikia.com/wiki/Special:FilePath/Spock,_2267.jpg	=	1.0000
http://dbkwik.webdatacommons.org/memory-alpha.wikia.com/resource/2037	http://dbkwik.webdatacommons.org/stexpanded.wikia.com/resource/2037	=	1.0000
http://memory-alpha.wikia.com/wiki/Special:FilePath/Chintoka_asteroid-moon_exploding.jpg?width=300	http://stexpanded.wikia.com/wiki/Special:FilePath/Chintoka_asteroid-moon_exploding.jpg?width=300	=	1.0000
http://memory-alpha.wikia.com/wiki/Special:FilePath/Kira_and_Dax_Camelot.jpg?width=300	http://stexpanded.wikia.com/wiki/Special:FilePath/Kira_and_Dax_Camelot.jpg?width=300	=	1.0000
http://dbkwik.webdatacommons.org/memory-alpha.wikia.com/resource/Morale_officer	http://dbkwik.webdatacommons.org/stexpanded.wikia.com/resource/Morale_officer	=	1.0000
http://dbkwik.webdatacommons.org/memory-alpha.wikia.com/resource/Hadley	http://dbkwik.webdatacommons.org/stexpanded.wikia.com/resource/Hadley	=	1.0000
http://dbkwik.webdatacommons.org/memory-alpha.wikia.com/resource/Perseus	http://dbkwik.webdatacommons.org/stexpanded.wikia.com/resource/Perseus	=	1.0000
http://dbkwik.webdatacommons.org/memory-alpha.wikia.com/resource/Barnard%27s_Star	http://dbkwik.webdatacommons.org/stexpanded.wikia.com/resource/Barnard%27s_Star	=	1.0000
http://dbkwik.webdatacommons.org/memory-alpha.wikia.com/resource/Challenger_class	http://dbkwik.webdatacommons.org/stexpanded.wikia.com/resource/Challenger_class	=	1.0000
http://dbkwik.webdatacommons.org/memory-alpha.wikia.com/resource/Excelsior_class	http://dbkwik.webdatacommons.org/stexpanded.wikia.com/resource/Excelsior_class	=	1.0000
http://dbkwik.webdatacommons.org/memory-alpha.wikia.com/resource/Belle_Terre	http://dbkwik.webdatacommons.org/stexpanded.wikia.com/resource/Belle_Terre	=	1.0000
http://memory-alpha.wikia.com/wiki/Special:FilePath/Yellowstone_MSD.jpg?width=300	http://stexpanded.wikia.com/wiki/Special:FilePath/YellowstoneMSD.jpg?width=300	=	1.0000
http://dbkwik.webdatacommons.org/memory-alpha.wikia.com/resource/Photonic_missile	http://dbkwik.webdatacommons.org/stexpanded.wikia.com/resource/Photonic_missile	=	1.0000
http://dbkwik.webdatacommons.org/memory-alpha.wikia.com/resource/Chell	http://dbkwik.webdatacommons.org/stexpanded.wikia.com/resource/Chell	=	1.0000
http://dbkwik.webdatacommons.org/memory-alpha.wikia.com/resource/Historian	http://dbkwik.webdatacommons.org/stexpanded.wikia.com/resource/Historian	=	1.0000
http://dbkwik.webdatacommons.org/memory-alpha.wikia.com/resource/Emergency_Medical_Holographic_program	http://dbkwik.webdatacommons.org/stexpanded.wikia.com/resource/Emergency_Medical_Holographic_program	=	1.0000
http://dbkwik.webdatacommons.org/memory-alpha.wikia.com/resource/Battle_of_Betazed	http://dbkwik.webdatacommons.org/stexpanded.wikia.com/resource/Battle_of_Betazed	=	1.0000
http://dbkwik.webdatacommons.org/memory-alpha.wikia.com/resource/Valakis	http://dbkwik.webdatacommons.org/stexpanded.wikia.com/resource/Valakis	=	1.0000
http://dbkwik.webdatacommons.org/memory-alpha.wikia.com/resource/2090s	http://dbkwik.webdatacommons.org/stexpanded.wikia.com/resource/2090s	=	1.0000
http://memory-alpha.wikia.com/wiki/Special:FilePath/602_Club.jpg?width=300	http://stexpanded.wikia.com/wiki/Special:FilePath/602_Club.jpg?width=300	=	1.0000
http://dbkwik.webdatacommons.org/memory-alpha.wikia.com/resource/2030	http://dbkwik.webdatacommons.org/stexpanded.wikia.com/resource/2030	=	1.0000
http://dbkwik.webdatacommons.org/memory-alpha.wikia.com/resource/Arvada_III	http://dbkwik.webdatacommons.org/stexpanded.wikia.com/resource/Arvada_III	=	1.0000
http://dbkwik.webdatacommons.org/memory-alpha.wikia.com/resource/1940s	http://dbkwik.webdatacommons.org/stexpanded.wikia.com/resource/1940s	=	1.0000
http://dbkwik.webdatacommons.org/memory-alpha.wikia.com/resource/Sirol	http://dbkwik.webdatacommons.org/stexpanded.wikia.com/resource/Sirol	=	1.0000
http://memory-alpha.wikia.com/wiki/Special:FilePath/Prometheus_class_bridge.jpg?width=300	http://stexpanded.wikia.com/wiki/Special:FilePath/Prometheus_class_bridge.jpg?width=300	=	1.0000
http://memory-alpha.wikia.com/wiki/Special:FilePath/Lissan.jpg?width=300	http://stexpanded.wikia.com/wiki/Special:FilePath/Lissan.jpg?width=300	=	1.0000
http://dbkwik.webdatacommons.org/memory-alpha.wikia.com/resource/Lakarian_City	http://dbkwik.webdatacommons.org/stexpanded.wikia.com/resource/Lakarian_City	=	1.0000
http://dbkwik.webdatacommons.org/memory-alpha.wikia.com/resource/Starbase_227	http://dbkwik.webdatacommons.org/stexpanded.wikia.com/resource/Starbase_227	=	1.0000
http://dbkwik.webdatacommons.org/memory-alpha.wikia.com/resource/Giotto	http://dbkwik.webdatacommons.org/stexpanded.wikia.com/resource/Giotto	=	1.0000
http://dbkwik.webdatacommons.org/memory-alpha.wikia.com/property/image	http://dbkwik.webdatacommons.org/stexpanded.wikia.com/property/image	=	1.0000
http://dbkwik.webdatacommons.org/memory-alpha.wikia.com/resource/Benny_Russell	http://dbkwik.webdatacommons.org/stexpanded.wikia.com/resource/Benny_Russell	=	1.0000
http://memory-alpha.wikia.com/wiki/Special:FilePath/Aenar_underground_city.jpg	http://stexpanded.wikia.com/wiki/Special:FilePath/Aenar_underground_city.jpg	=	1.0000
http://dbkwik.webdatacommons.org/memory-alpha.wikia.com/resource/1968	http://dbkwik.webdatacommons.org/stexpanded.wikia.com/resource/1968	=	1.0000
http://dbkwik.webdatacommons.org/memory-alpha.wikia.com/resource/Ablative_armor	http://dbkwik.webdatacommons.org/stexpanded.wikia.com/resource/Ablative_armor	=	1.0000
http://dbkwik.webdatacommons.org/memory-alpha.wikia.com/resource/Class_K_planet	http://dbkwik.webdatacommons.org/stexpanded.wikia.com/resource/Class_K_planet	=	1.0000
http://dbkwik.webdatacommons.org/memory-alpha.wikia.com/resource/Category:Chemical_compounds	http://dbkwik.webdatacommons.org/stexpanded.wikia.com/resource/Category:Chemical_compounds	=	1.0000
http://dbkwik.webdatacommons.org/memory-alpha.wikia.com/resource/Chief_of_Starfleet_Operations	http://dbkwik.webdatacommons.org/stexpanded.wikia.com/resource/Chief_of_Starfleet_Operations	=	1.0000
http://dbkwik.webdatacommons.org/memory-alpha.wikia.com/resource/Education	http://dbkwik.webdatacommons.org/stexpanded.wikia.com/resource/Education	=	1.0000
http://dbkwik.webdatacommons.org/memory-alpha.wikia.com/resource/2324	http://dbkwik.webdatacommons.org/stexpanded.wikia.com/resource/2324	=	1.0000
http://memory-alpha.wikia.com/wiki/Special:FilePath/AkiraBS.jpg?width=300	http://stexpanded.wikia.com/wiki/Special:FilePath/Akira.jpg?width=300	=	0.9306
http://dbkwik.webdatacommons.org/memory-alpha.wikia.com/resource/Kotanka_system	http://dbkwik.webdatacommons.org/stexpanded.wikia.com/resource/Kotanka_system	=	1.0000
http://dbkwik.webdatacommons.org/memory-alpha.wikia.com/resource/Tactical_officer	http://dbkwik.webdatacommons.org/stexpanded.wikia.com/resource/Tactical_officer	=	1.0000
http://dbkwik.webdatacommons.org/memory-alpha.wikia.com/resource/2252	http://dbkwik.webdatacommons.org/stexpanded.wikia.com/resource/2252	=	1.0000
http://memory-alpha.wikia.com/wiki/Special:FilePath/The_Romulan_War.jpg?width=300	http://stexpanded.wikia.com/wiki/Special:FilePath/Romulan_wars.jpg?width=300	=	0.8794
http://dbkwik.webdatacommons.org/memory-alpha.wikia.com/resource/Intrepid_type	http://dbkwik.webdatacommons.org/stexpanded.wikia.com/resource/Intrepid_type	=	1.0000
http://memory-alpha.wikia.com/wiki/Special:FilePath/MacintoshPlus.jpg	http://stexpanded.wikia.com/wiki/Special:FilePath/MacintoshPlus.jpg	=	1.0000
http://dbkwik.webdatacommons.org/memory-alpha.wikia.com/resource/Jem%27Hadar_battle_cruiser	http://dbkwik.webdatacommons.org/stexpanded.wikia.com/resource/Jem%27Hadar_battle_cruiser	=	1.0000
http://dbkwik.webdatacommons.org/memory-alpha.wikia.com/resource/Karemma_starship	http://dbkwik.webdatacommons.org/stexpanded.wikia.com/resource/Karemma_starship	=	1.0000
http://dbkwik.webdatacommons.org/memory-alpha.wikia.com/resource/Starfleet	http://dbkwik.webdatacommons.org/stexpanded.wikia.com/resource/Starfleet	=	1.0000
http://memory-alpha.wikia.com/wiki/Special:FilePath/Quark_(mirror).jpg?width=300	http://stexpanded.wikia.com/wiki/Special:FilePath/Quark_(mirror).jpg?width=300	=	1.0000
http://memory-alpha.wikia.com/wiki/Special:FilePath/Daniels2.jpg	http://stexpanded.wikia.com/wiki/Special:FilePath/Daniels2.jpg	=	1.0000
http://dbkwik.webdatacommons.org/memory-alpha.wikia.com/resource/Replimat	http://dbkwik.webdatacommons.org/stexpanded.wikia.com/resource/Replimat	=	1.0000
http://dbkwik.webdatacommons.org/memory-alpha.wikia.com/resource/Prop	http://dbkwik.webdatacommons.org/stexpanded.wikia.com/property/prop	=	1.0000
http://dbkwik.webdatacommons.org/memory-alpha.wikia.com/resource/Coridan_(planet)	http://dbkwik.webdatacommons.org/stexpanded.wikia.com/resource/Coridan_(planet)	=	1.0000
http://memory-alpha.wikia.com/wiki/Special:FilePath/Galaxy_class_bridge_security.jpg	http://stexpanded.wikia.com/wiki/Special:FilePath/Galaxy_class_bridge_security.jpg	=	1.0000
http://dbkwik.webdatacommons.org/memory-alpha.wikia.com/resource/Atlantis	http://dbkwik.webdatacommons.org/stexpanded.wikia.com/resource/Atlantis	=	1.0000
http://dbkwik.webdatacommons.org/memory-alpha.wikia.com/resource/25th_century	http://dbkwik.webdatacommons.org/stexpanded.wikia.com/resource/25th_century	=	1.0000
http://dbkwik.webdatacommons.org/memory-alpha.wikia.com/resource/Groumall	http://dbkwik.webdatacommons.org/stexpanded.wikia.com/resource/Groumall	=	1.0000
http://dbkwik.webdatacommons.org/memory-alpha.wikia.com/resource/Stiles	http://dbkwik.webdatacommons.org/stexpanded.wikia.com/resource/Stiles	=	1.0000
http://dbkwik.webdatacommons.org/memory-alpha.wikia.com/resource/IKS_Ki%27tang	http://dbkwik.webdatacommons.org/stexpanded.wikia.com/resource/IKS_Ki%27tang	=	1.0000
http://dbkwik.webdatacommons.org/memory-alpha.wikia.com/resource/Kzinti	http://dbkwik.webdatacommons.org/stexpanded.wikia.com/resource/Kzinti	=	1.0000
http://dbkwik.webdatacommons.org/memory-alpha.wikia.com/resource/Temporal_causality_loop	http://dbkwik.webdatacommons.org/stexpanded.wikia.com/resource/Temporal_causality_loop	=	1.0000
http://memory-alpha.wikia.com/wiki/Special:FilePath/Archer_and_Daniels_in_the_Temporal_Observatory_(ENT_Cold_Front).jpg?width=300	http://stexpanded.wikia.com/wiki/Special:FilePath/Archer_and_Daniels_in_the_Temporal_Observatory_(ENT_Cold_Front).jpg?width=300	=	1.0000
http://memory-alpha.wikia.com/wiki/Special:FilePath/Excelsior_class,_battle_of_Cardassia.jpg	http://stexpanded.wikia.com/wiki/Special:FilePath/Excelsior_class,_battle_of_Cardassia.jpg	=	1.0000
http://memory-alpha.wikia.com/wiki/Special:FilePath/Becky.jpg	http://stexpanded.wikia.com/wiki/Special:FilePath/Becky.jpg	=	1.0000
http://dbkwik.webdatacommons.org/memory-alpha.wikia.com/resource/Final_Frontier	http://dbkwik.webdatacommons.org/stexpanded.wikia.com/resource/The_Final_Frontier	=	0.8985
http://dbkwik.webdatacommons.org/memory-alpha.wikia.com/resource/Category:Martial_arts	http://dbkwik.webdatacommons.org/stexpanded.wikia.com/resource/Category:Martial_arts	=	1.0000
http://dbkwik.webdatacommons.org/memory-alpha.wikia.com/resource/Texas	http://dbkwik.webdatacommons.org/stexpanded.wikia.com/resource/Texas	=	1.0000
http://dbkwik.webdatacommons.org/memory-alpha.wikia.com/resource/Mutiny	http://dbkwik.webdatacommons.org/stexpanded.wikia.com/resource/Mutiny	=	1.0000
http://dbkwik.webdatacommons.org/memory-alpha.wikia.com/resource/2245	http://dbkwik.webdatacommons.org/stexpanded.wikia.com/resource/2245	=	1.0000
http://dbkwik.webdatacommons.org/memory-alpha.wikia.com/resource/Triangulum_Galaxy	http://dbkwik.webdatacommons.org/stexpanded.wikia.com/resource/Triangulum_Galaxy	=	1.0000
http://dbkwik.webdatacommons.org/memory-alpha.wikia.com/resource/Kent_State_University	http://dbkwik.webdatacommons.org/stexpanded.wikia.com/resource/Kent_State_University	=	1.0000
http://dbkwik.webdatacommons.org/memory-alpha.wikia.com/resource/Starbase_88	http://dbkwik.webdatacommons.org/stexpanded.wikia.com/resource/Starbase_88	=	1.0000
http://dbkwik.webdatacommons.org/memory-alpha.wikia.com/resource/Renaissance_class	http://dbkwik.webdatacommons.org/stexpanded.wikia.com/resource/Renaissance_class	=	1.0000
http://dbkwik.webdatacommons.org/memory-alpha.wikia.com/resource/Captain%27s_ready_room	http://dbkwik.webdatacommons.org/stexpanded.wikia.com/resource/Captain%27s_ready_room	=	1.0000
http://memory-alpha.wikia.com/wiki/Special:FilePath/Badlands_map.jpg?width=300	http://stexpanded.wikia.com/wiki/Special:FilePath/Badlands_map.jpg?width=300	=	1.0000
http://dbkwik.webdatacommons.org/memory-alpha.wikia.com/class/uss	http://dbkwik.webdatacommons.org/stexpanded.wikia.com/class/uss	=	1.0000
http://dbkwik.webdatacommons.org/memory-alpha.wikia.com/resource/Minefield	http://dbkwik.webdatacommons.org/stexpanded.wikia.com/resource/Minefield	=	1.0000
http://dbkwik.webdatacommons.org/memory-alpha.wikia.com/resource/Son%27a_battle_cruiser	http://dbkwik.webdatacommons.org/stexpanded.wikia.com/resource/Son%27a_battle_cruiser	=	1.0000
http://dbkwik.webdatacommons.org/memory-alpha.wikia.com/resource/Terok_Nor_(mirror)	http://dbkwik.webdatacommons.org/stexpanded.wikia.com/resource/Terok_Nor_(mirror)	=	1.0000
http://dbkwik.webdatacommons.org/memory-alpha.wikia.com/resource/Category:Subspace	http://dbkwik.webdatacommons.org/stexpanded.wikia.com/resource/Category:Subspace	=	1.0000
http://dbkwik.webdatacommons.org/memory-alpha.wikia.com/resource/Enterprise_(NX-01)	http://dbkwik.webdatacommons.org/stexpanded.wikia.com/resource/Enterprise_(NX-01)	=	1.0000
http://dbkwik.webdatacommons.org/memory-alpha.wikia.com/resource/2383	http://dbkwik.webdatacommons.org/stexpanded.wikia.com/resource/2383	=	1.0000
http://dbkwik.webdatacommons.org/memory-alpha.wikia.com/resource/Sculpture	http://dbkwik.webdatacommons.org/stexpanded.wikia.com/resource/Sculpture	=	1.0000
http://memory-alpha.wikia.com/wiki/Special:FilePath/Tos_vadm.png?width=300	http://stexpanded.wikia.com/wiki/Special:FilePath/S-VADM_(TOS).png?width=300	=	0.9019
http://memory-alpha.wikia.com/wiki/Special:FilePath/Demora_Sulu,_2293.jpg	http://stexpanded.wikia.com/wiki/Special:FilePath/DemoraSulu2293.jpg	=	0.8670
http://dbkwik.webdatacommons.org/memory-alpha.wikia.com/property/name	http://dbkwik.webdatacommons.org/stexpanded.wikia.com/property/name	=	1.0000
http://dbkwik.webdatacommons.org/memory-alpha.wikia.com/resource/Paqu	http://dbkwik.webdatacommons.org/stexpanded.wikia.com/resource/Paqu	=	1.0000
http://dbkwik.webdatacommons.org/memory-alpha.wikia.com/resource/2213	http://dbkwik.webdatacommons.org/stexpanded.wikia.com/resource/2213	=	1.0000
http://dbkwik.webdatacommons.org/memory-alpha.wikia.com/resource/2119	http://dbkwik.webdatacommons.org/stexpanded.wikia.com/resource/2119	=	1.0000
http://dbkwik.webdatacommons.org/memory-alpha.wikia.com/class/film	http://dbkwik.webdatacommons.org/stexpanded.wikia.com/class/film	=	1.0000
http://dbkwik.webdatacommons.org/memory-alpha.wikia.com/resource/Wells	http://dbkwik.webdatacommons.org/stexpanded.wikia.com/resource/Wells	=	1.0000
http://dbkwik.webdatacommons.org/memory-alpha.wikia.com/resource/Cruiser	http://dbkwik.webdatacommons.org/stexpanded.wikia.com/resource/Cruiser	=	1.0000
http://dbkwik.webdatacommons.org/memory-alpha.wikia.com/resource/Ultritium	http://dbkwik.webdatacommons.org/stexpanded.wikia.com/resource/Ultritium	=	1.0000
http://dbkwik.webdatacommons.org/memory-alpha.wikia.com/resource/Category:Scientists	http://dbkwik.webdatacommons.org/stexpanded.wikia.com/resource/Category:Scientists	=	1.0000
http://memory-alpha.wikia.com/wiki/Special:FilePath/Kell_Perim.jpg?width=300	http://stexpanded.wikia.com/wiki/Special:FilePath/Kell_Perim.jpg?width=300	=	1.0000
http://dbkwik.webdatacommons.org/memory-alpha.wikia.com/resource/Ceremony	http://dbkwik.webdatacommons.org/stexpanded.wikia.com/resource/Ceremonial	=	0.8829
http://dbkwik.webdatacommons.org/memory-alpha.wikia.com/resource/Archanis_sector	http://dbkwik.webdatacommons.org/stexpanded.wikia.com/resource/Archanis_sector	=	1.0000
http://dbkwik.webdatacommons.org/memory-alpha.wikia.com/resource/Circumference	http://dbkwik.webdatacommons.org/stexpanded.wikia.com/property/circumference	=	1.0000
http://dbkwik.webdatacommons.org/memory-alpha.wikia.com/resource/Photons_Be_Free	http://dbkwik.webdatacommons.org/stexpanded.wikia.com/resource/Photons_Be_Free	=	1.0000
http://dbkwik.webdatacommons.org/memory-alpha.wikia.com/resource/Daro	http://dbkwik.webdatacommons.org/stexpanded.wikia.com/resource/Daro	=	1.0000
http://dbkwik.webdatacommons.org/memory-alpha.wikia.com/resource/Amp	http://dbkwik.webdatacommons.org/stexpanded.wikia.com/resource/Amp	=	1.0000
http://memory-alpha.wikia.com/wiki/Special:FilePath/San_Francisco_attacked.jpg?width=300	http://stexpanded.wikia.com/wiki/Special:FilePath/San_Francisco_attacked2.jpg?width=300	=	0.9459
http://memory-alpha.wikia.com/wiki/Special:FilePath/Maco-major.png?width=300	http://stexpanded.wikia.com/wiki/Special:FilePath/MACO_-_MSG.png?width=300	=	0.8659
http://dbkwik.webdatacommons.org/memory-alpha.wikia.com/resource/Kelvan	http://dbkwik.webdatacommons.org/stexpanded.wikia.com/resource/Kelvan	=	1.0000
http://dbkwik.webdatacommons.org/memory-alpha.wikia.com/resource/Bajoran	http://dbkwik.webdatacommons.org/stexpanded.wikia.com/resource/Bajoran	=	1.0000
http://memory-alpha.wikia.com/wiki/Special:FilePath/Voyager_Bridge.jpg	http://stexpanded.wikia.com/wiki/Special:FilePath/Voyager_Bridge.jpg	=	1.0000
http://memory-alpha.wikia.com/wiki/Special:FilePath/Chintoka_asteroid-moon_exploding.jpg	http://stexpanded.wikia.com/wiki/Special:FilePath/Chintoka_asteroid-moon_exploding.jpg	=	1.0000
http://dbkwik.webdatacommons.org/memory-alpha.wikia.com/resource/2396	http://dbkwik.webdatacommons.org/stexpanded.wikia.com/resource/2396	=	1.0000
http://dbkwik.webdatacommons.org/memory-alpha.wikia.com/resource/New_York_City	http://dbkwik.webdatacommons.org/stexpanded.wikia.com/resource/New_York_City	=	1.0000
http://dbkwik.webdatacommons.org/memory-alpha.wikia.com/resource/2036	http://dbkwik.webdatacommons.org/stexpanded.wikia.com/resource/2036	=	1.0000
http://dbkwik.webdatacommons.org/memory-alpha.wikia.com/resource/Hera	http://dbkwik.webdatacommons.org/stexpanded.wikia.com/resource/Hera	=	1.0000
http://memory-alpha.wikia.com/wiki/Special:FilePath/Dominion_fires.jpg	http://stexpanded.wikia.com/wiki/Special:FilePath/Dominion_fires.jpg	=	1.0000
http://dbkwik.webdatacommons.org/memory-alpha.wikia.com/resource/Tractor_beam	http://dbkwik.webdatacommons.org/stexpanded.wikia.com/resource/Tractor_beam	=	1.0000
http://memory-alpha.wikia.com/wiki/Special:FilePath/Ptolemy_class.jpg?width=300	http://stexpanded.wikia.com/wiki/Special:FilePath/Ptolemy_Class.jpg?width=300	=	1.0000
http://memory-alpha.wikia.com/wiki/Special:FilePath/Tng_cdt2.png	http://stexpanded.wikia.com/wiki/Special:FilePath/CDT2_(TNG).png	=	0.8718
http://memory-alpha.wikia.com/wiki/Special:FilePath/EMHMarkI.jpg?width=300	http://stexpanded.wikia.com/wiki/Special:FilePath/EMHMarkI.jpg?width=300	=	1.0000
http://dbkwik.webdatacommons.org/memory-alpha.wikia.com/resource/Lemon	http://dbkwik.webdatacommons.org/stexpanded.wikia.com/resource/Lemon	=	1.0000
http://dbkwik.webdatacommons.org/memory-alpha.wikia.com/property/active	http://dbkwik.webdatacommons.org/stexpanded.wikia.com/resource/Active	=	1.0000
http://dbkwik.webdatacommons.org/memory-alpha.wikia.com/property/quadrant	http://dbkwik.webdatacommons.org/stexpanded.wikia.com/property/quadrant	=	1.0000
http://dbkwik.webdatacommons.org/memory-alpha.wikia.com/resource/USS_Yeager_(NCC-61947)	http://dbkwik.webdatacommons.org/stexpanded.wikia.com/resource/USS_Yeager_(NCC-61947)	=	1.0000
http://memory-alpha.wikia.com/wiki/Special:FilePath/Romulan_shuttle.jpg?width=300	http://stexpanded.wikia.com/wiki/Special:FilePath/Romulan_shuttle.jpg?width=300	=	1.0000
http://dbkwik.webdatacommons.org/memory-alpha.wikia.com/resource/Starbase_384	http://dbkwik.webdatacommons.org/stexpanded.wikia.com/resource/Starbase_38	=	0.9276
http://dbkwik.webdatacommons.org/memory-alpha.wikia.com/resource/Lieutenant_commander	http://dbkwik.webdatacommons.org/stexpanded.wikia.com/resource/Lieutenant_commander	=	1.0000
http://dbkwik.webdatacommons.org/memory-alpha.wikia.com/property/director	http://dbkwik.webdatacommons.org/stexpanded.wikia.com/property/director	=	1.0000
http://dbkwik.webdatacommons.org/memory-alpha.wikia.com/resource/Kyoto	http://dbkwik.webdatacommons.org/stexpanded.wikia.com/resource/Kyoto	=	1.0000
http://dbkwik.webdatacommons.org/memory-alpha.wikia.com/resource/2110	http://dbkwik.webdatacommons.org/stexpanded.wikia.com/resource/2110	=	1.0000
http://dbkwik.webdatacommons.org/memory-alpha.wikia.com/resource/Agamemnon	http://dbkwik.webdatacommons.org/stexpanded.wikia.com/resource/Agamemnon	=	1.0000
http://memory-alpha.wikia.com/wiki/Special:FilePath/Arkonian_destroyer.jpg?width=300	http://stexpanded.wikia.com/wiki/Special:FilePath/Arkonian_destroyer.jpg?width=300	=	1.0000
http://dbkwik.webdatacommons.org/memory-alpha.wikia.com/resource/2110s	http://dbkwik.webdatacommons.org/stexpanded.wikia.com/resource/2110s	=	1.0000
http://dbkwik.webdatacommons.org/memory-alpha.wikia.com/resource/2228	http://dbkwik.webdatacommons.org/stexpanded.wikia.com/resource/2228	=	1.0000
http://memory-alpha.wikia.com/wiki/Special:FilePath/Tng_cdt2.png?width=300	http://stexpanded.wikia.com/wiki/Special:FilePath/CDT2_(TNG).png?width=300	=	0.9196
http://dbkwik.webdatacommons.org/memory-alpha.wikia.com/resource/Phlox	http://dbkwik.webdatacommons.org/stexpanded.wikia.com/resource/Phlox	=	1.0000
http://dbkwik.webdatacommons.org/memory-alpha.wikia.com/resource/Captain%27s_dining_room	http://dbkwik.webdatacommons.org/stexpanded.wikia.com/resource/Captain%27s_dining_room	=	1.0000
http://dbkwik.webdatacommons.org/memory-alpha.wikia.com/resource/Isolation_suit	http://dbkwik.webdatacommons.org/stexpanded.wikia.com/resource/Isolation_suit	=	1.0000
http://dbkwik.webdatacommons.org/memory-alpha.wikia.com/resource/2016	http://dbkwik.webdatacommons.org/stexpanded.wikia.com/resource/2016	=	1.0000
http://dbkwik.webdatacommons.org/memory-alpha.wikia.com/resource/Dampening_field	http://dbkwik.webdatacommons.org/stexpanded.wikia.com/resource/Dampening_field	=	1.0000
http://dbkwik.webdatacommons.org/memory-alpha.wikia.com/resource/Resolution	http://dbkwik.webdatacommons.org/stexpanded.wikia.com/resource/Resolution	=	1.0000
http://dbkwik.webdatacommons.org/memory-alpha.wikia.com/resource/Hexatriol	http://dbkwik.webdatacommons.org/stexpanded.wikia.com/resource/Hexatriol	=	1.0000
http://dbkwik.webdatacommons.org/memory-alpha.wikia.com/resource/Hologram	http://dbkwik.webdatacommons.org/stexpanded.wikia.com/resource/Hologram	=	1.0000
http://memory-alpha.wikia.com/wiki/Special:FilePath/Quark_and_Dax_Tongo.jpg?width=300	http://stexpanded.wikia.com/wiki/Special:FilePath/Quark_and_Dax_Tongo.jpg?width=300	=	1.0000
http://dbkwik.webdatacommons.org/memory-alpha.wikia.com/resource/D%27Kora_class	http://dbkwik.webdatacommons.org/stexpanded.wikia.com/resource/D%27Kora_class	=	1.0000
http://dbkwik.webdatacommons.org/memory-alpha.wikia.com/resource/Chef	http://dbkwik.webdatacommons.org/stexpanded.wikia.com/resource/Chef	=	1.0000
http://dbkwik.webdatacommons.org/memory-alpha.wikia.com/resource/27th_century	http://dbkwik.webdatacommons.org/stexpanded.wikia.com/resource/27th_century	=	1.0000
http://memory-alpha.wikia.com/wiki/Special:FilePath/Jahn.jpg?width=300	http://stexpanded.wikia.com/wiki/Special:FilePath/Jahrod.jpg?width=300	=	0.8928
http://dbkwik.webdatacommons.org/memory-alpha.wikia.com/resource/Nog	http://dbkwik.webdatacommons.org/stexpanded.wikia.com/resource/Nog	=	1.0000
http://dbkwik.webdatacommons.org/memory-alpha.wikia.com/resource/Starbase_53	http://dbkwik.webdatacommons.org/stexpanded.wikia.com/resource/Starbase_53	=	1.0000
http://dbkwik.webdatacommons.org/memory-alpha.wikia.com/resource/Medical_school	http://dbkwik.webdatacommons.org/stexpanded.wikia.com/resource/Medical_school	=	1.0000
http://memory-alpha.wikia.com/wiki/Special:FilePath/MartusMazur.jpg?width=300	http://stexpanded.wikia.com/wiki/Special:FilePath/MartusMazur.jpg?width=300	=	1.0000
http://dbkwik.webdatacommons.org/memory-alpha.wikia.com/resource/Ron_Boyd	http://dbkwik.webdatacommons.org/stexpanded.wikia.com/resource/Ron_Boyd	=	1.0000
http://dbkwik.webdatacommons.org/memory-alpha.wikia.com/resource/Terek	http://dbkwik.webdatacommons.org/stexpanded.wikia.com/resource/Terek	=	1.0000
http://dbkwik.webdatacommons.org/memory-alpha.wikia.com/resource/2304	http://dbkwik.webdatacommons.org/stexpanded.wikia.com/resource/2304	=	1.0000
http://dbkwik.webdatacommons.org/memory-alpha.wikia.com/resource/2305	http://dbkwik.webdatacommons.org/stexpanded.wikia.com/resource/2305	=	1.0000
http://dbkwik.webdatacommons.org/memory-alpha.wikia.com/resource/2344	http://dbkwik.webdatacommons.org/stexpanded.wikia.com/resource/2344	=	1.0000
http://memory-alpha.wikia.com/wiki/Special:FilePath/Lenaris_Holem.jpg?width=300	http://stexpanded.wikia.com/wiki/Special:FilePath/Lenaris_Holem.jpg?width=300	=	1.0000
http://dbkwik.webdatacommons.org/memory-alpha.wikia.com/resource/2400	http://dbkwik.webdatacommons.org/stexpanded.wikia.com/resource/2400	=	1.0000
http://dbkwik.webdatacommons.org/memory-alpha.wikia.com/resource/2104	http://dbkwik.webdatacommons.org/stexpanded.wikia.com/resource/2104	=	1.0000
http://dbkwik.webdatacommons.org/memory-alpha.wikia.com/resource/Unit	http://dbkwik.webdatacommons.org/stexpanded.wikia.com/property/unit	=	1.0000
http://memory-alpha.wikia.com/wiki/Special:FilePath/Susanna_Leijten.jpg	http://stexpanded.wikia.com/wiki/Special:FilePath/Susanna_Leijten.jpg	=	1.0000
http://memory-alpha.wikia.com/wiki/Special:FilePath/KennethDalby.jpg	http://stexpanded.wikia.com/wiki/Special:FilePath/KennethDalby.jpg	=	1.0000
http://memory-alpha.wikia.com/wiki/Special:FilePath/Caitian-brown.jpg?width=300	http://stexpanded.wikia.com/wiki/Special:FilePath/Caitian-brown.jpg?width=300	=	1.0000
http://memory-alpha.wikia.com/wiki/Special:FilePath/Earth.jpg?width=300	http://stexpanded.wikia.com/wiki/Special:FilePath/Earth.jpg?width=300	=	1.0000
http://memory-alpha.wikia.com/wiki/Special:FilePath/matt_decker.jpg	http://stexpanded.wikia.com/wiki/Special:FilePath/Matt_Decker_Old.jpg	=	0.8836
http://dbkwik.webdatacommons.org/memory-alpha.wikia.com/resource/Category:Sports	http://dbkwik.webdatacommons.org/stexpanded.wikia.com/resource/Category:Sports	=	1.0000
http://dbkwik.webdatacommons.org/memory-alpha.wikia.com/resource/2000s	http://dbkwik.webdatacommons.org/stexpanded.wikia.com/resource/2000s	=	1.0000
http://dbkwik.webdatacommons.org/memory-alpha.wikia.com/resource/Princeton_University	http://dbkwik.webdatacommons.org/stexpanded.wikia.com/resource/Princeton_University	=	1.0000
http://dbkwik.webdatacommons.org/memory-alpha.wikia.com/resource/Intrepid_(disambiguation)	http://dbkwik.webdatacommons.org/stexpanded.wikia.com/resource/Intrepid_(disambiguation)	=	1.0000
http://dbkwik.webdatacommons.org/memory-alpha.wikia.com/resource/Hospital_ship	http://dbkwik.webdatacommons.org/stexpanded.wikia.com/resource/Hospital_ship	=	1.0000
http://memory-alpha.wikia.com/wiki/Special:FilePath/Ships_of_the_Star_Fleet.jpg	http://stexpanded.wikia.com/wiki/Special:FilePath/Ships_of_the_Star_Fleet.jpg	=	1.0000
http://dbkwik.webdatacommons.org/memory-alpha.wikia.com/resource/Star_Trek:_Armada	http://dbkwik.webdatacommons.org/stexpanded.wikia.com/resource/Star_Trek:_Dark_Armada	=	0.8901
http://dbkwik.webdatacommons.org/memory-alpha.wikia.com/resource/Mendez	http://dbkwik.webdatacommons.org/stexpanded.wikia.com/resource/Mendez	=	1.0000
http://dbkwik.webdatacommons.org/memory-alpha.wikia.com/resource/Battle_of_Procyon_V	http://dbkwik.webdatacommons.org/stexpanded.wikia.com/resource/Battle_of_Procyon_V	=	1.0000
http://dbkwik.webdatacommons.org/memory-alpha.wikia.com/resource/Type_1_phaser	http://dbkwik.webdatacommons.org/stexpanded.wikia.com/resource/Type_1_phaser	=	1.0000
http://dbkwik.webdatacommons.org/memory-alpha.wikia.com/resource/Category:Time_travel	http://dbkwik.webdatacommons.org/stexpanded.wikia.com/resource/Category:Time_travel	=	1.0000
http://dbkwik.webdatacommons.org/memory-alpha.wikia.com/resource/2250	http://dbkwik.webdatacommons.org/stexpanded.wikia.com/resource/2250	=	1.0000
http://dbkwik.webdatacommons.org/memory-alpha.wikia.com/resource/2179	http://dbkwik.webdatacommons.org/stexpanded.wikia.com/resource/2179	=	1.0000
http://dbkwik.webdatacommons.org/memory-alpha.wikia.com/resource/Union	http://dbkwik.webdatacommons.org/stexpanded.wikia.com/resource/Union	=	1.0000
http://memory-alpha.wikia.com/wiki/Special:FilePath/ZeframCochrane2063-2.jpg	http://stexpanded.wikia.com/wiki/Special:FilePath/ZeframCochrane2063-2.jpg	=	1.0000
http://dbkwik.webdatacommons.org/memory-alpha.wikia.com/resource/Category:Planetoids	http://dbkwik.webdatacommons.org/stexpanded.wikia.com/resource/Category:Planetoids	=	1.0000
http://dbkwik.webdatacommons.org/memory-alpha.wikia.com/resource/2327	http://dbkwik.webdatacommons.org/stexpanded.wikia.com/resource/2327	=	1.0000
http://memory-alpha.wikia.com/wiki/Special:FilePath/Julian_Bashir,_2375.jpg	http://stexpanded.wikia.com/wiki/Special:FilePath/JulianBashir2375.jpg	=	0.9026
http://dbkwik.webdatacommons.org/memory-alpha.wikia.com/resource/Evolution	http://dbkwik.webdatacommons.org/stexpanded.wikia.com/resource/Evolutions	=	0.8711
http://memory-alpha.wikia.com/wiki/Special:FilePath/Azan.jpg?width=300	http://stexpanded.wikia.com/wiki/Special:FilePath/azato.jpg?width=300	=	0.8860
http://memory-alpha.wikia.com/wiki/Special:FilePath/ISS_Avenger_explodes.jpg	http://stexpanded.wikia.com/wiki/Special:FilePath/ISS_Avenger_explodes.jpg	=	1.0000
http://memory-alpha.wikia.com/wiki/Special:FilePath/World_War_III_flag.png?width=300	http://stexpanded.wikia.com/wiki/Special:FilePath/World_War_III_flag.png?width=300	=	1.0000
http://dbkwik.webdatacommons.org/memory-alpha.wikia.com/resource/2094	http://dbkwik.webdatacommons.org/stexpanded.wikia.com/resource/2094	=	1.0000
http://dbkwik.webdatacommons.org/memory-alpha.wikia.com/resource/2121	http://dbkwik.webdatacommons.org/stexpanded.wikia.com/resource/2121	=	1.0000
http://dbkwik.webdatacommons.org/memory-alpha.wikia.com/resource/USS_Merrimac_(NCC-61827)	http://dbkwik.webdatacommons.org/stexpanded.wikia.com/resource/USS_Merrimac_(NCC-61827)	=	1.0000
http://dbkwik.webdatacommons.org/memory-alpha.wikia.com/resource/Deep_Space_4	http://dbkwik.webdatacommons.org/stexpanded.wikia.com/resource/Deep_Space_4	=	1.0000
http://memory-alpha.wikia.com/wiki/Special:FilePath/Baton.jpg?width=300	http://stexpanded.wikia.com/wiki/Special:FilePath/Batonrouge.jpg?width=300	=	0.9093
http://memory-alpha.wikia.com/wiki/Special:FilePath/Dominion_invasion.jpg?width=300	http://stexpanded.wikia.com/wiki/Special:FilePath/Dominion_invasion.jpg?width=300	=	1.0000
http://dbkwik.webdatacommons.org/memory-alpha.wikia.com/resource/Dorala_system	http://dbkwik.webdatacommons.org/stexpanded.wikia.com/resource/Dorala_system	=	1.0000
http://dbkwik.webdatacommons.org/memory-alpha.wikia.com/resource/USS_Brattain	http://dbkwik.webdatacommons.org/stexpanded.wikia.com/resource/USS_Brattain	=	1.0000
http://dbkwik.webdatacommons.org/memory-alpha.wikia.com/resource/Selek	http://dbkwik.webdatacommons.org/stexpanded.wikia.com/resource/Selek	=	1.0000
http://dbkwik.webdatacommons.org/memory-alpha.wikia.com/resource/I%27m_a_doctor,_not_a...	http://dbkwik.webdatacommons.org/stexpanded.wikia.com/resource/I%27m_a_doctor,_not_a...	=	1.0000
http://dbkwik.webdatacommons.org/memory-alpha.wikia.com/resource/USS_Oberth	http://dbkwik.webdatacommons.org/stexpanded.wikia.com/resource/USS_Oberth	=	1.0000
http://dbkwik.webdatacommons.org/memory-alpha.wikia.com/resource/Captain%27s_yacht	http://dbkwik.webdatacommons.org/stexpanded.wikia.com/resource/Captain%27s_yacht	=	1.0000
http://dbkwik.webdatacommons.org/memory-alpha.wikia.com/resource/Aenar	http://dbkwik.webdatacommons.org/stexpanded.wikia.com/resource/Aenar	=	1.0000
http://dbkwik.webdatacommons.org/memory-alpha.wikia.com/resource/2332	http://dbkwik.webdatacommons.org/stexpanded.wikia.com/resource/2332	=	1.0000
http://memory-alpha.wikia.com/wiki/Special:FilePath/Defiant_class_MSD.jpg?width=300	http://stexpanded.wikia.com/wiki/Special:FilePath/Defiant_class_msd-2.jpg?width=300	=	0.9398
http://dbkwik.webdatacommons.org/memory-alpha.wikia.com/resource/USS_Enterprise_(NCC-1701-E)_personnel	http://dbkwik.webdatacommons.org/stexpanded.wikia.com/resource/USS_Enterprise_(NCC-1701-E)_personnel	=	1.0000
http://memory-alpha.wikia.com/wiki/Special:FilePath/Akira_orbital_weapon_platform.jpg	http://stexpanded.wikia.com/wiki/Special:FilePath/Akira_orbital_weapon_platform.jpg	=	1.0000
http://dbkwik.webdatacommons.org/memory-alpha.wikia.com/resource/Bio-dampener	http://dbkwik.webdatacommons.org/stexpanded.wikia.com/resource/Bio-dampener	=	1.0000
http://dbkwik.webdatacommons.org/memory-alpha.wikia.com/resource/Starfleet_Medal_of_Commendation	http://dbkwik.webdatacommons.org/stexpanded.wikia.com/resource/Starfleet_Medal_of_Commendation	=	1.0000
http://dbkwik.webdatacommons.org/memory-alpha.wikia.com/resource/Artificial_intelligence	http://dbkwik.webdatacommons.org/stexpanded.wikia.com/resource/Artificial_intelligence	=	1.0000
http://memory-alpha.wikia.com/wiki/Special:FilePath/Akira_class_Legacy.jpg?width=300	http://stexpanded.wikia.com/wiki/Special:FilePath/Akira_Class.jpg?width=300	=	0.9094
http://dbkwik.webdatacommons.org/memory-alpha.wikia.com/resource/Slaver_Empire	http://dbkwik.webdatacommons.org/stexpanded.wikia.com/resource/Slaver_Empire	=	1.0000
http://dbkwik.webdatacommons.org/memory-alpha.wikia.com/resource/Starbase_343	http://dbkwik.webdatacommons.org/stexpanded.wikia.com/resource/Starbase_343	=	1.0000
http://dbkwik.webdatacommons.org/memory-alpha.wikia.com/resource/Tayna	http://dbkwik.webdatacommons.org/stexpanded.wikia.com/resource/Tayna	=	1.0000
http://dbkwik.webdatacommons.org/memory-alpha.wikia.com/resource/Martian_colonies	http://dbkwik.webdatacommons.org/stexpanded.wikia.com/resource/Martian_Colonies	=	1.0000
http://memory-alpha.wikia.com/wiki/Special:FilePath/Security_office.jpg	http://stexpanded.wikia.com/wiki/Special:FilePath/Security_Office.jpg	=	1.0000
http://dbkwik.webdatacommons.org/memory-alpha.wikia.com/resource/2264	http://dbkwik.webdatacommons.org/stexpanded.wikia.com/resource/2264	=	1.0000
http://dbkwik.webdatacommons.org/memory-alpha.wikia.com/resource/Roger_Korby	http://dbkwik.webdatacommons.org/stexpanded.wikia.com/resource/Roger_Korby	=	1.0000
http://memory-alpha.wikia.com/wiki/Special:FilePath/Spock,_2387.jpg	http://stexpanded.wikia.com/wiki/Special:FilePath/Spock,_2387.jpg	=	1.0000
http://memory-alpha.wikia.com/wiki/Special:FilePath/Madred.jpg	http://stexpanded.wikia.com/wiki/Special:FilePath/Madred.jpg	=	1.0000
http://dbkwik.webdatacommons.org/memory-alpha.wikia.com/resource/Devos_II	http://dbkwik.webdatacommons.org/stexpanded.wikia.com/resource/Devos_II	=	1.0000
http://dbkwik.webdatacommons.org/memory-alpha.wikia.com/resource/Category:Vaadwaur	http://dbkwik.webdatacommons.org/stexpanded.wikia.com/resource/Category:Vaadwaur	=	1.0000
http://dbkwik.webdatacommons.org/memory-alpha.wikia.com/resource/Bread	http://dbkwik.webdatacommons.org/stexpanded.wikia.com/resource/Bread	=	1.0000
http://memory-alpha.wikia.com/wiki/Special:FilePath/Starfleet_Academy_logo_2372.png	http://stexpanded.wikia.com/wiki/Special:FilePath/200px-Starfleet_Academy_logo_2372.png	=	0.8678
http://dbkwik.webdatacommons.org/memory-alpha.wikia.com/resource/Category:Changelings	http://dbkwik.webdatacommons.org/stexpanded.wikia.com/resource/Category:Changelings	=	1.0000
http://dbkwik.webdatacommons.org/memory-alpha.wikia.com/resource/Antimatter	http://dbkwik.webdatacommons.org/stexpanded.wikia.com/resource/Antimatter	=	1.0000
http://dbkwik.webdatacommons.org/memory-alpha.wikia.com/resource/Norkan_Campaign	http://dbkwik.webdatacommons.org/stexpanded.wikia.com/resource/Norkan_Campaign	=	1.0000
http://memory-alpha.wikia.com/wiki/Special:FilePath/Starfleet_Academy_logo_2368.png	http://stexpanded.wikia.com/wiki/Special:FilePath/200px-Starfleet_Academy_logo_2368.png	=	0.8831
http://dbkwik.webdatacommons.org/memory-alpha.wikia.com/resource/Category:Dominion_starships	http://dbkwik.webdatacommons.org/stexpanded.wikia.com/resource/Category:Dominion_starships	=	1.0000
http://dbkwik.webdatacommons.org/memory-alpha.wikia.com/resource/Category:Species	http://dbkwik.webdatacommons.org/stexpanded.wikia.com/resource/Category:Species	=	1.0000
http://dbkwik.webdatacommons.org/memory-alpha.wikia.com/resource/Ferenginar	http://dbkwik.webdatacommons.org/stexpanded.wikia.com/resource/Ferenginar	=	1.0000
http://dbkwik.webdatacommons.org/memory-alpha.wikia.com/resource/United_We_Stand	http://dbkwik.webdatacommons.org/stexpanded.wikia.com/resource/United_We_Stand	=	1.0000
http://dbkwik.webdatacommons.org/memory-alpha.wikia.com/resource/Category:Jem%27Hadar	http://dbkwik.webdatacommons.org/stexpanded.wikia.com/resource/Category:Jem%27Hadar	=	1.0000
http://dbkwik.webdatacommons.org/memory-alpha.wikia.com/resource/Tekeny_Ghemor	http://dbkwik.webdatacommons.org/stexpanded.wikia.com/resource/Tekeny_Ghemor	=	1.0000
http://dbkwik.webdatacommons.org/memory-alpha.wikia.com/resource/1980	http://dbkwik.webdatacommons.org/stexpanded.wikia.com/resource/1980	=	1.0000
http://dbkwik.webdatacommons.org/memory-alpha.wikia.com/resource/Reman	http://dbkwik.webdatacommons.org/stexpanded.wikia.com/resource/Reman	=	1.0000
http://dbkwik.webdatacommons.org/memory-alpha.wikia.com/resource/2166	http://dbkwik.webdatacommons.org/stexpanded.wikia.com/resource/2166	=	1.0000
http://dbkwik.webdatacommons.org/memory-alpha.wikia.com/resource/Norkan_outposts	http://dbkwik.webdatacommons.org/stexpanded.wikia.com/resource/Norkan_outposts	=	1.0000
http://dbkwik.webdatacommons.org/memory-alpha.wikia.com/resource/Delphic_Expanse	http://dbkwik.webdatacommons.org/stexpanded.wikia.com/resource/Delphic_Expanse	=	1.0000
http://dbkwik.webdatacommons.org/memory-alpha.wikia.com/resource/USS_Carolina	http://dbkwik.webdatacommons.org/stexpanded.wikia.com/resource/USS_Carolina	=	1.0000
http://dbkwik.webdatacommons.org/memory-alpha.wikia.com/resource/Corporal	http://dbkwik.webdatacommons.org/stexpanded.wikia.com/resource/Corporal	=	1.0000
http://dbkwik.webdatacommons.org/memory-alpha.wikia.com/resource/First_Strike	http://dbkwik.webdatacommons.org/stexpanded.wikia.com/resource/First_Strike	=	1.0000
http://dbkwik.webdatacommons.org/memory-alpha.wikia.com/resource/2380	http://dbkwik.webdatacommons.org/stexpanded.wikia.com/resource/2380	=	1.0000
http://dbkwik.webdatacommons.org/memory-alpha.wikia.com/resource/Sciences_division	http://dbkwik.webdatacommons.org/stexpanded.wikia.com/resource/Sciences_division	=	1.0000
http://dbkwik.webdatacommons.org/memory-alpha.wikia.com/resource/Auto-destruct	http://dbkwik.webdatacommons.org/stexpanded.wikia.com/resource/Auto-destruct	=	1.0000
http://dbkwik.webdatacommons.org/memory-alpha.wikia.com/resource/2370s	http://dbkwik.webdatacommons.org/stexpanded.wikia.com/resource/2370s	=	1.0000
http://dbkwik.webdatacommons.org/memory-alpha.wikia.com/resource/Sector_004	http://dbkwik.webdatacommons.org/stexpanded.wikia.com/resource/Sector_005	=	0.9212
http://dbkwik.webdatacommons.org/memory-alpha.wikia.com/resource/Category:Enterprise_(NX-01)_personnel	http://dbkwik.webdatacommons.org/stexpanded.wikia.com/resource/Category:Enterprise_(NX-01)_personnel	=	1.0000
http://dbkwik.webdatacommons.org/memory-alpha.wikia.com/resource/Starbase	http://dbkwik.webdatacommons.org/stexpanded.wikia.com/resource/Starbase	=	1.0000
http://dbkwik.webdatacommons.org/memory-alpha.wikia.com/resource/President_of_the_United_Federation_of_Planets	http://dbkwik.webdatacommons.org/stexpanded.wikia.com/resource/President_of_the_United_Federation_of_Planets	=	1.0000
http://dbkwik.webdatacommons.org/memory-alpha.wikia.com/resource/Tzenkethi	http://dbkwik.webdatacommons.org/stexpanded.wikia.com/resource/Tzenkethi	=	1.0000
http://dbkwik.webdatacommons.org/memory-alpha.wikia.com/resource/West_Point	http://dbkwik.webdatacommons.org/stexpanded.wikia.com/resource/West_Point	=	1.0000
http://dbkwik.webdatacommons.org/memory-alpha.wikia.com/property/rating	http://dbkwik.webdatacommons.org/stexpanded.wikia.com/resource/Rating	=	1.0000
http://dbkwik.webdatacommons.org/memory-alpha.wikia.com/resource/European_Alliance	http://dbkwik.webdatacommons.org/stexpanded.wikia.com/resource/European_Alliance	=	1.0000
http://memory-alpha.wikia.com/wiki/Special:FilePath/Defiant_and_Rotarran_at_Starbase_375.jpg	http://stexpanded.wikia.com/wiki/Special:FilePath/Defiant_and_Rotarran_at_Starbase_375.jpg	=	1.0000
http://memory-alpha.wikia.com/wiki/Special:FilePath/Q_on_viewscreen.jpg?width=300	http://stexpanded.wikia.com/wiki/Special:FilePath/Viewscreen.jpg?width=300	=	0.8768
http://dbkwik.webdatacommons.org/memory-alpha.wikia.com/resource/Klingon_Bird-of-Prey	http://dbkwik.webdatacommons.org/stexpanded.wikia.com/resource/Klingon_Bird-of-Prey	=	1.0000
http://dbkwik.webdatacommons.org/memory-alpha.wikia.com/resource/Tzenkethi_raider	http://dbkwik.webdatacommons.org/stexpanded.wikia.com/resource/Tzenkethi_raider	=	1.0000
http://dbkwik.webdatacommons.org/memory-alpha.wikia.com/resource/Kobheerian	http://dbkwik.webdatacommons.org/stexpanded.wikia.com/resource/Kobheerian	=	1.0000
http://dbkwik.webdatacommons.org/memory-alpha.wikia.com/resource/Keogh	http://dbkwik.webdatacommons.org/stexpanded.wikia.com/resource/Keogh	=	1.0000
http://dbkwik.webdatacommons.org/memory-alpha.wikia.com/resource/Toron_class	http://dbkwik.webdatacommons.org/stexpanded.wikia.com/resource/Toron_class	=	1.0000
http://dbkwik.webdatacommons.org/memory-alpha.wikia.com/resource/Norman	http://dbkwik.webdatacommons.org/stexpanded.wikia.com/resource/Norman	=	1.0000
http://memory-alpha.wikia.com/wiki/Special:FilePath/Spockchapel.jpg?width=300	http://stexpanded.wikia.com/wiki/Special:FilePath/Spockchapel.jpg?width=300	=	1.0000
http://dbkwik.webdatacommons.org/memory-alpha.wikia.com/resource/Vulcan%27s_Forge	http://dbkwik.webdatacommons.org/stexpanded.wikia.com/resource/Vulcan%27s_Forge	=	1.0000
http://dbkwik.webdatacommons.org/memory-alpha.wikia.com/resource/Starbase_1	http://dbkwik.webdatacommons.org/stexpanded.wikia.com/resource/Starbase_3	=	0.9091
http://dbkwik.webdatacommons.org/memory-alpha.wikia.com/resource/Battle_of_Deep_Space_9	http://dbkwik.webdatacommons.org/stexpanded.wikia.com/resource/Battle_of_Deep_Space_9	=	1.0000
http://dbkwik.webdatacommons.org/memory-alpha.wikia.com/resource/Shuttlebay	http://dbkwik.webdatacommons.org/stexpanded.wikia.com/resource/Shuttlebay	=	1.0000
http://memory-alpha.wikia.com/wiki/Special:FilePath/Nova_class_MSD.jpg?width=300	http://stexpanded.wikia.com/wiki/Special:FilePath/Nova_Class.jpg?width=300	=	0.9016
http://dbkwik.webdatacommons.org/memory-alpha.wikia.com/resource/Category:Starfleet_operations_personnel	http://dbkwik.webdatacommons.org/stexpanded.wikia.com/resource/Category:Starfleet_operations_personnel	=	1.0000
http://dbkwik.webdatacommons.org/memory-alpha.wikia.com/class/wikipedia	http://dbkwik.webdatacommons.org/stexpanded.wikia.com/class/wikipedia	=	1.0000
http://dbkwik.webdatacommons.org/memory-alpha.wikia.com/resource/Subspace_sandbar	http://dbkwik.webdatacommons.org/stexpanded.wikia.com/resource/Subspace_sandbar	=	1.0000
http://dbkwik.webdatacommons.org/memory-alpha.wikia.com/resource/Category:Crimes	http://dbkwik.webdatacommons.org/stexpanded.wikia.com/resource/Category:Crimes	=	1.0000
http://dbkwik.webdatacommons.org/memory-alpha.wikia.com/class/clear	http://dbkwik.webdatacommons.org/stexpanded.wikia.com/class/clear	=	1.0000
http://dbkwik.webdatacommons.org/memory-alpha.wikia.com/resource/Tora_Ziyal	http://dbkwik.webdatacommons.org/stexpanded.wikia.com/resource/Tora_Ziyal	=	1.0000
http://dbkwik.webdatacommons.org/memory-alpha.wikia.com/resource/First_Battle_of_Deep_Space_9	http://dbkwik.webdatacommons.org/stexpanded.wikia.com/resource/First_Battle_of_Deep_Space_9	=	1.0000
http://dbkwik.webdatacommons.org/memory-alpha.wikia.com/resource/Star_Trek:_New_Worlds	http://dbkwik.webdatacommons.org/stexpanded.wikia.com/resource/Star_Trek:_New_Worlds	=	1.0000
http://dbkwik.webdatacommons.org/memory-alpha.wikia.com/resource/2052	http://dbkwik.webdatacommons.org/stexpanded.wikia.com/resource/2052	=	1.0000
http://dbkwik.webdatacommons.org/memory-alpha.wikia.com/resource/2122	http://dbkwik.webdatacommons.org/stexpanded.wikia.com/resource/2122	=	1.0000
http://memory-alpha.wikia.com/wiki/Special:FilePath/Spock_dress_uniform.jpg?width=300	http://stexpanded.wikia.com/wiki/Special:FilePath/Spock_dress_uniform.jpg?width=300	=	1.0000
http://dbkwik.webdatacommons.org/memory-alpha.wikia.com/resource/IKS_K%27mpec	http://dbkwik.webdatacommons.org/stexpanded.wikia.com/resource/IKS_K%27mpec	=	1.0000
http://dbkwik.webdatacommons.org/memory-alpha.wikia.com/resource/Third_officer	http://dbkwik.webdatacommons.org/stexpanded.wikia.com/resource/Third_officer	=	1.0000
http://dbkwik.webdatacommons.org/memory-alpha.wikia.com/resource/Battle_cruiser	http://dbkwik.webdatacommons.org/stexpanded.wikia.com/resource/Battle_cruiser	=	1.0000
http://dbkwik.webdatacommons.org/memory-alpha.wikia.com/property/next	http://dbkwik.webdatacommons.org/stexpanded.wikia.com/property/next	=	1.0000
http://dbkwik.webdatacommons.org/memory-alpha.wikia.com/resource/Rigel	http://dbkwik.webdatacommons.org/stexpanded.wikia.com/resource/Rigel	=	1.0000
http://dbkwik.webdatacommons.org/memory-alpha.wikia.com/resource/Robert_McCall	http://dbkwik.webdatacommons.org/stexpanded.wikia.com/resource/Robert_McCall	=	1.0000
http://dbkwik.webdatacommons.org/memory-alpha.wikia.com/resource/IKS_Buruk	http://dbkwik.webdatacommons.org/stexpanded.wikia.com/resource/IKS_Buruk	=	1.0000
http://dbkwik.webdatacommons.org/memory-alpha.wikia.com/resource/Prime_minister	http://dbkwik.webdatacommons.org/stexpanded.wikia.com/resource/Prime_minister	=	1.0000
http://dbkwik.webdatacommons.org/memory-alpha.wikia.com/resource/South_Carolina	http://dbkwik.webdatacommons.org/stexpanded.wikia.com/resource/South_Carolina	=	1.0000
http://dbkwik.webdatacommons.org/memory-alpha.wikia.com/resource/Category:Dominion_starship_classes	http://dbkwik.webdatacommons.org/stexpanded.wikia.com/resource/Category:Dominion_starship_classes	=	1.0000
http://memory-alpha.wikia.com/wiki/Special:FilePath/Uhura_(mirror).jpg	http://stexpanded.wikia.com/wiki/Special:FilePath/Uhura_(mirror).jpg	=	1.0000
http://dbkwik.webdatacommons.org/memory-alpha.wikia.com/resource/Bilitrium	http://dbkwik.webdatacommons.org/stexpanded.wikia.com/resource/Bilitrium	=	1.0000
http://dbkwik.webdatacommons.org/memory-alpha.wikia.com/resource/Ocular_implant	http://dbkwik.webdatacommons.org/stexpanded.wikia.com/resource/Ocular_implant	=	1.0000
http://memory-alpha.wikia.com/wiki/Special:FilePath/Q_as_God.jpg?width=300	http://stexpanded.wikia.com/wiki/Special:FilePath/Q_as_God.jpg?width=300	=	1.0000
http://dbkwik.webdatacommons.org/memory-alpha.wikia.com/resource/2115	http://dbkwik.webdatacommons.org/stexpanded.wikia.com/resource/2115	=	1.0000
http://dbkwik.webdatacommons.org/memory-alpha.wikia.com/resource/Spock	http://dbkwik.webdatacommons.org/stexpanded.wikia.com/resource/Spock	=	1.0000
http://dbkwik.webdatacommons.org/memory-alpha.wikia.com/resource/2006	http://dbkwik.webdatacommons.org/stexpanded.wikia.com/resource/2006	=	1.0000
http://dbkwik.webdatacommons.org/memory-alpha.wikia.com/resource/USS_Eagle	http://dbkwik.webdatacommons.org/stexpanded.wikia.com/resource/USS_Eagle	=	1.0000
http://dbkwik.webdatacommons.org/memory-alpha.wikia.com/resource/Daniel_Dae_Kim	http://stexpanded.wikia.com/wiki/Special:FilePath/DanielDaeKim.jpg	=	0.8938
http://dbkwik.webdatacommons.org/memory-alpha.wikia.com/resource/2290s	http://dbkwik.webdatacommons.org/stexpanded.wikia.com/resource/2290s	=	1.0000
http://dbkwik.webdatacommons.org/memory-alpha.wikia.com/resource/Kryptonite	http://dbkwik.webdatacommons.org/stexpanded.wikia.com/resource/Kryptonite	=	1.0000
http://memory-alpha.wikia.com/wiki/Special:FilePath/Thompson_(Equinox).jpg?width=300	http://stexpanded.wikia.com/wiki/Special:FilePath/Thompson_(Equinox).jpg?width=300	=	1.0000
http://dbkwik.webdatacommons.org/memory-alpha.wikia.com/resource/Starbase_29	http://dbkwik.webdatacommons.org/stexpanded.wikia.com/resource/Starbase_29	=	1.0000
http://dbkwik.webdatacommons.org/memory-alpha.wikia.com/resource/2300s	http://dbkwik.webdatacommons.org/stexpanded.wikia.com/resource/2300s	=	1.0000
http://dbkwik.webdatacommons.org/memory-alpha.wikia.com/resource/Amanda_Cole	http://dbkwik.webdatacommons.org/stexpanded.wikia.com/resource/Amanda_Cole	=	1.0000
http://dbkwik.webdatacommons.org/memory-alpha.wikia.com/resource/Kanar	http://dbkwik.webdatacommons.org/stexpanded.wikia.com/resource/Kanar	=	1.0000
http://dbkwik.webdatacommons.org/memory-alpha.wikia.com/resource/Romulus	http://dbkwik.webdatacommons.org/stexpanded.wikia.com/resource/Romulus	=	1.0000
http://dbkwik.webdatacommons.org/memory-alpha.wikia.com/resource/Magellan	http://dbkwik.webdatacommons.org/stexpanded.wikia.com/resource/Magellan	=	1.0000
http://dbkwik.webdatacommons.org/memory-alpha.wikia.com/resource/Romulan_Star_Empire	http://dbkwik.webdatacommons.org/stexpanded.wikia.com/resource/Romulan_Star_Empire	=	1.0000
http://dbkwik.webdatacommons.org/memory-alpha.wikia.com/resource/1971	http://dbkwik.webdatacommons.org/stexpanded.wikia.com/resource/1971	=	1.0000
http://dbkwik.webdatacommons.org/memory-alpha.wikia.com/resource/Artillery	http://dbkwik.webdatacommons.org/stexpanded.wikia.com/resource/Artillery	=	1.0000
http://dbkwik.webdatacommons.org/memory-alpha.wikia.com/resource/Category:USS_Enterprise_(NCC-1701-D)_personnel	http://dbkwik.webdatacommons.org/stexpanded.wikia.com/resource/Category:USS_Enterprise_(NCC-1701-D)_personnel	=	1.0000
http://dbkwik.webdatacommons.org/memory-alpha.wikia.com/resource/1955	http://dbkwik.webdatacommons.org/stexpanded.wikia.com/resource/1955	=	1.0000
http://dbkwik.webdatacommons.org/memory-alpha.wikia.com/resource/Crystalline_Entity	http://dbkwik.webdatacommons.org/stexpanded.wikia.com/resource/Wil_Crystalline_Entity	=	0.8892
http://dbkwik.webdatacommons.org/memory-alpha.wikia.com/resource/Olmerak_system	http://dbkwik.webdatacommons.org/stexpanded.wikia.com/resource/Olmerak_system	=	1.0000
http://dbkwik.webdatacommons.org/memory-alpha.wikia.com/resource/2154	http://dbkwik.webdatacommons.org/stexpanded.wikia.com/resource/2154	=	1.0000
http://dbkwik.webdatacommons.org/memory-alpha.wikia.com/resource/Starbase_73	http://dbkwik.webdatacommons.org/stexpanded.wikia.com/resource/Starbase_73	=	1.0000
http://dbkwik.webdatacommons.org/memory-alpha.wikia.com/resource/2274	http://dbkwik.webdatacommons.org/stexpanded.wikia.com/resource/2274	=	1.0000
http://dbkwik.webdatacommons.org/memory-alpha.wikia.com/resource/Jadzia_Dax_(mirror)	http://dbkwik.webdatacommons.org/stexpanded.wikia.com/resource/Jadzia_Dax_(mirror)	=	1.0000
http://memory-alpha.wikia.com/wiki/Special:FilePath/Romulus_administrative_district,_2368.jpg?width=300	http://stexpanded.wikia.com/wiki/Special:FilePath/Romulus-AdministrativeDistrict2368.jpg?width=300	=	0.9350
http://dbkwik.webdatacommons.org/memory-alpha.wikia.com/resource/Veridian_III	http://dbkwik.webdatacommons.org/stexpanded.wikia.com/resource/Veridian_III	=	1.0000
http://dbkwik.webdatacommons.org/memory-alpha.wikia.com/resource/Borg_Queen	http://dbkwik.webdatacommons.org/stexpanded.wikia.com/resource/Borg_Queen	=	1.0000
http://dbkwik.webdatacommons.org/memory-alpha.wikia.com/resource/Category:Deltans	http://dbkwik.webdatacommons.org/stexpanded.wikia.com/resource/Category:Deltans	=	1.0000
http://dbkwik.webdatacommons.org/memory-alpha.wikia.com/resource/Category:Maneuvers	http://dbkwik.webdatacommons.org/stexpanded.wikia.com/resource/Category:Maneuvers	=	1.0000
http://memory-alpha.wikia.com/wiki/Special:FilePath/Federation_cloaking_device.jpg	http://stexpanded.wikia.com/wiki/Special:FilePath/Federation_cloaking_device.jpg	=	1.0000
http://dbkwik.webdatacommons.org/memory-alpha.wikia.com/resource/Velal	http://dbkwik.webdatacommons.org/stexpanded.wikia.com/resource/Velal	=	1.0000
http://dbkwik.webdatacommons.org/memory-alpha.wikia.com/resource/Five-year_mission	http://dbkwik.webdatacommons.org/stexpanded.wikia.com/resource/Five-year_mission	=	1.0000
http://dbkwik.webdatacommons.org/memory-alpha.wikia.com/resource/2210s	http://dbkwik.webdatacommons.org/stexpanded.wikia.com/resource/2210s	=	1.0000
http://dbkwik.webdatacommons.org/memory-alpha.wikia.com/resource/2267	http://dbkwik.webdatacommons.org/stexpanded.wikia.com/resource/2267	=	1.0000
http://memory-alpha.wikia.com/wiki/Special:FilePath/Romulan_capital_2379.jpg?width=300	http://stexpanded.wikia.com/wiki/Special:FilePath/Romulan_capital_2379.jpg?width=300	=	1.0000
http://dbkwik.webdatacommons.org/memory-alpha.wikia.com/resource/Phased_polaron_beam	http://dbkwik.webdatacommons.org/stexpanded.wikia.com/resource/Phased_polaron_beam	=	1.0000
http://dbkwik.webdatacommons.org/memory-alpha.wikia.com/resource/Weather_modification_network	http://dbkwik.webdatacommons.org/stexpanded.wikia.com/resource/Weather_modification_network	=	1.0000
http://memory-alpha.wikia.com/wiki/Special:FilePath/Braxton-aeon.jpg	http://stexpanded.wikia.com/wiki/Special:FilePath/Braxton_Aeon.jpg	=	1.0000
http://dbkwik.webdatacommons.org/memory-alpha.wikia.com/resource/Science	http://dbkwik.webdatacommons.org/stexpanded.wikia.com/resource/Science	=	1.0000
http://memory-alpha.wikia.com/wiki/Special:FilePath/Gateway.jpg	http://stexpanded.wikia.com/wiki/Special:FilePath/Gateway.jpg	=	1.0000
http://dbkwik.webdatacommons.org/memory-alpha.wikia.com/resource/1947	http://dbkwik.webdatacommons.org/stexpanded.wikia.com/resource/1947	=	1.0000
http://dbkwik.webdatacommons.org/memory-alpha.wikia.com/resource/Xindi-Aquatic	http://dbkwik.webdatacommons.org/stexpanded.wikia.com/resource/Xindi-Aquatic	=	1.0000
http://dbkwik.webdatacommons.org/memory-alpha.wikia.com/resource/Post-atomic_horror	http://dbkwik.webdatacommons.org/stexpanded.wikia.com/resource/Post-atomic_horror	=	1.0000
http://memory-alpha.wikia.com/wiki/Special:FilePath/USS_Rhode_Island_intercepts_SC-4.jpg	http://stexpanded.wikia.com/wiki/Special:FilePath/USS_Rhode_Island_intercepts_SC-4.jpg	=	1.0000
http://dbkwik.webdatacommons.org/memory-alpha.wikia.com/resource/Hoshi_Sato_(mirror)	http://dbkwik.webdatacommons.org/stexpanded.wikia.com/resource/Hoshi_Sato_(mirror)	=	1.0000
http://dbkwik.webdatacommons.org/memory-alpha.wikia.com/resource/Category:Law	http://dbkwik.webdatacommons.org/stexpanded.wikia.com/resource/Category:Law	=	1.0000
http://dbkwik.webdatacommons.org/memory-alpha.wikia.com/resource/Glasses	http://dbkwik.webdatacommons.org/stexpanded.wikia.com/resource/Glasses	=	1.0000
http://memory-alpha.wikia.com/wiki/Special:FilePath/Neria.jpg?width=300	http://stexpanded.wikia.com/wiki/Special:FilePath/Neringa.jpg?width=300	=	0.8948
http://dbkwik.webdatacommons.org/memory-alpha.wikia.com/resource/Category:Arbazans	http://dbkwik.webdatacommons.org/stexpanded.wikia.com/resource/Category:Arbazans	=	1.0000
http://memory-alpha.wikia.com/wiki/Special:FilePath/Kira_and_Kira.jpg?width=300	http://stexpanded.wikia.com/wiki/Special:FilePath/Kira_and_Kira.jpg?width=300	=	1.0000
http://dbkwik.webdatacommons.org/memory-alpha.wikia.com/resource/Wesley_Crusher	http://dbkwik.webdatacommons.org/stexpanded.wikia.com/resource/Wesley_Crusher	=	1.0000
http://dbkwik.webdatacommons.org/memory-alpha.wikia.com/resource/Parsec	http://dbkwik.webdatacommons.org/stexpanded.wikia.com/resource/Parsec	=	1.0000
http://dbkwik.webdatacommons.org/memory-alpha.wikia.com/resource/Scotland	http://dbkwik.webdatacommons.org/stexpanded.wikia.com/resource/Scotland	=	1.0000
http://dbkwik.webdatacommons.org/memory-alpha.wikia.com/property/armament	http://dbkwik.webdatacommons.org/stexpanded.wikia.com/property/armament	=	1.0000
http://dbkwik.webdatacommons.org/memory-alpha.wikia.com/resource/Atlantic_Ocean	http://dbkwik.webdatacommons.org/stexpanded.wikia.com/resource/Atlantic_Ocean	=	1.0000
http://dbkwik.webdatacommons.org/memory-alpha.wikia.com/resource/Andromeda_Galaxy	http://dbkwik.webdatacommons.org/stexpanded.wikia.com/resource/Andromeda_Galaxy	=	1.0000
http://dbkwik.webdatacommons.org/memory-alpha.wikia.com/resource/Category:Episodes	http://dbkwik.webdatacommons.org/stexpanded.wikia.com/resource/Category:Episodes	=	1.0000
http://dbkwik.webdatacommons.org/memory-alpha.wikia.com/resource/Hermes_class	http://dbkwik.webdatacommons.org/stexpanded.wikia.com/resource/Hermes_class	=	1.0000
http://memory-alpha.wikia.com/wiki/Special:FilePath/Galaxy_class_corridor.jpg	http://stexpanded.wikia.com/wiki/Special:FilePath/Galaxy_class_corridor.jpg	=	1.0000
http://dbkwik.webdatacommons.org/memory-alpha.wikia.com/resource/2288	http://dbkwik.webdatacommons.org/stexpanded.wikia.com/resource/2288	=	1.0000
http://memory-alpha.wikia.com/wiki/Special:FilePath/Dominion_fires.jpg?width=300	http://stexpanded.wikia.com/wiki/Special:FilePath/Dominion_fires.jpg?width=300	=	1.0000
http://dbkwik.webdatacommons.org/memory-alpha.wikia.com/resource/Command_chair	http://dbkwik.webdatacommons.org/stexpanded.wikia.com/resource/Command_chair	=	1.0000
http://dbkwik.webdatacommons.org/memory-alpha.wikia.com/resource/Category:Borg_starship_classes	http://dbkwik.webdatacommons.org/stexpanded.wikia.com/resource/Category:Borg_starship_classes	=	1.0000
http://dbkwik.webdatacommons.org/memory-alpha.wikia.com/resource/Sakuro%27s_Disease	http://dbkwik.webdatacommons.org/stexpanded.wikia.com/resource/Sakuro%27s_Disease	=	1.0000
http://dbkwik.webdatacommons.org/memory-alpha.wikia.com/resource/2193	http://dbkwik.webdatacommons.org/stexpanded.wikia.com/resource/2193	=	1.0000
http://dbkwik.webdatacommons.org/memory-alpha.wikia.com/resource/Category:Medical_equipment	http://dbkwik.webdatacommons.org/stexpanded.wikia.com/resource/Category:Medical_equipment	=	1.0000
http://dbkwik.webdatacommons.org/memory-alpha.wikia.com/resource/2249	http://dbkwik.webdatacommons.org/stexpanded.wikia.com/resource/2249	=	1.0000
http://dbkwik.webdatacommons.org/memory-alpha.wikia.com/resource/2247	http://dbkwik.webdatacommons.org/stexpanded.wikia.com/resource/2247	=	1.0000
http://dbkwik.webdatacommons.org/memory-alpha.wikia.com/resource/Federation_starships	http://dbkwik.webdatacommons.org/stexpanded.wikia.com/resource/Federation_starships	=	1.0000
http://dbkwik.webdatacommons.org/memory-alpha.wikia.com/resource/Doctor_of_Medicine	http://dbkwik.webdatacommons.org/stexpanded.wikia.com/resource/Doctor_of_Medicine	=	1.0000
http://dbkwik.webdatacommons.org/memory-alpha.wikia.com/resource/Linguistics	http://dbkwik.webdatacommons.org/stexpanded.wikia.com/resource/Linguistics	=	1.0000
http://dbkwik.webdatacommons.org/memory-alpha.wikia.com/resource/Yellow_alert	http://dbkwik.webdatacommons.org/stexpanded.wikia.com/resource/Yellow_alert	=	1.0000
http://dbkwik.webdatacommons.org/memory-alpha.wikia.com/resource/Tsunami	http://dbkwik.webdatacommons.org/stexpanded.wikia.com/resource/Tsunami	=	1.0000
http://dbkwik.webdatacommons.org/memory-alpha.wikia.com/resource/Prison	http://dbkwik.webdatacommons.org/stexpanded.wikia.com/resource/Prison	=	1.0000
http://dbkwik.webdatacommons.org/memory-alpha.wikia.com/resource/Harris	http://dbkwik.webdatacommons.org/stexpanded.wikia.com/resource/Harris	=	1.0000
http://dbkwik.webdatacommons.org/memory-alpha.wikia.com/resource/Category:Borg_drones	http://dbkwik.webdatacommons.org/stexpanded.wikia.com/resource/Category:Borg_drones	=	1.0000
http://dbkwik.webdatacommons.org/memory-alpha.wikia.com/resource/Klingon_ranks	http://dbkwik.webdatacommons.org/stexpanded.wikia.com/resource/Klingon_ranks	=	1.0000
http://dbkwik.webdatacommons.org/memory-alpha.wikia.com/resource/Duty_shift	http://dbkwik.webdatacommons.org/stexpanded.wikia.com/resource/Duty_shift	=	1.0000
http://dbkwik.webdatacommons.org/memory-alpha.wikia.com/resource/Energy_dissipator	http://dbkwik.webdatacommons.org/stexpanded.wikia.com/resource/Energy_dissipator	=	1.0000
http://dbkwik.webdatacommons.org/memory-alpha.wikia.com/resource/Sovereign	http://dbkwik.webdatacommons.org/stexpanded.wikia.com/resource/Sovereign	=	1.0000
http://memory-alpha.wikia.com/wiki/Special:FilePath/2387_Supernova.jpg?width=300	http://stexpanded.wikia.com/wiki/Special:FilePath/2387_Supernova.jpg?width=300	=	1.0000
http://memory-alpha.wikia.com/wiki/Special:FilePath/USS_Defiant_firing_quantum_torpedoes.jpg	http://stexpanded.wikia.com/wiki/Special:FilePath/USS_Defiant_firing_quantum_torpedoes.jpg	=	1.0000
http://dbkwik.webdatacommons.org/memory-alpha.wikia.com/resource/Anthropology	http://dbkwik.webdatacommons.org/stexpanded.wikia.com/resource/Anthropology	=	1.0000
http://dbkwik.webdatacommons.org/memory-alpha.wikia.com/resource/2184	http://dbkwik.webdatacommons.org/stexpanded.wikia.com/resource/2184	=	1.0000
http://dbkwik.webdatacommons.org/memory-alpha.wikia.com/resource/Subspace_relay_network	http://dbkwik.webdatacommons.org/stexpanded.wikia.com/resource/Subspace_relay_network	=	1.0000
http://memory-alpha.wikia.com/wiki/Special:FilePath/Sarina_Douglas,_2375.jpg?width=300	http://stexpanded.wikia.com/wiki/Special:FilePath/Sarina_Douglas_2375.jpg?width=300	=	1.0000
http://dbkwik.webdatacommons.org/memory-alpha.wikia.com/resource/Martian	http://dbkwik.webdatacommons.org/stexpanded.wikia.com/resource/Martian	=	1.0000
http://dbkwik.webdatacommons.org/memory-alpha.wikia.com/resource/USS_Horizon	http://dbkwik.webdatacommons.org/stexpanded.wikia.com/resource/USS_Horizon	=	1.0000
http://memory-alpha.wikia.com/wiki/Special:FilePath/Utopia_Planitia_Fleet_Yards.jpg?width=300	http://stexpanded.wikia.com/wiki/Special:FilePath/UtopiaPlanitiaFleetYards.jpg?width=300	=	1.0000
http://dbkwik.webdatacommons.org/memory-alpha.wikia.com/resource/Category:Ferengi	http://dbkwik.webdatacommons.org/stexpanded.wikia.com/resource/Category:Ferengi	=	1.0000
http://dbkwik.webdatacommons.org/memory-alpha.wikia.com/resource/Category:Earth_starships	http://dbkwik.webdatacommons.org/stexpanded.wikia.com/resource/Category:Earth_starships	=	1.0000
http://dbkwik.webdatacommons.org/memory-alpha.wikia.com/resource/Mine	http://dbkwik.webdatacommons.org/stexpanded.wikia.com/resource/Mine	=	1.0000
http://dbkwik.webdatacommons.org/memory-alpha.wikia.com/resource/Earth-Romulan_War	http://dbkwik.webdatacommons.org/stexpanded.wikia.com/resource/Earth-Romulan_War	=	1.0000
http://dbkwik.webdatacommons.org/memory-alpha.wikia.com/resource/Rebecca_Sullivan	http://dbkwik.webdatacommons.org/stexpanded.wikia.com/resource/Rebecca_Sullivan	=	1.0000
http://dbkwik.webdatacommons.org/memory-alpha.wikia.com/resource/Planet_X	http://dbkwik.webdatacommons.org/stexpanded.wikia.com/resource/Planet_X	=	1.0000
http://dbkwik.webdatacommons.org/memory-alpha.wikia.com/resource/2382	http://dbkwik.webdatacommons.org/stexpanded.wikia.com/resource/2382	=	1.0000
http://dbkwik.webdatacommons.org/memory-alpha.wikia.com/resource/Hara_cat	http://dbkwik.webdatacommons.org/stexpanded.wikia.com/resource/Hara_cat	=	1.0000
http://dbkwik.webdatacommons.org/memory-alpha.wikia.com/resource/New_Atlantis_Project	http://dbkwik.webdatacommons.org/stexpanded.wikia.com/resource/Atlantis_project	=	0.9048
http://memory-alpha.wikia.com/wiki/Special:FilePath/Tos_fadm.png?width=300	http://stexpanded.wikia.com/wiki/Special:FilePath/S-FADM_(TOS).png?width=300	=	0.9251
http://memory-alpha.wikia.com/wiki/Special:FilePath/Kira_and_Dax_Camelot.jpg	http://stexpanded.wikia.com/wiki/Special:FilePath/Kira_and_Dax_Camelot.jpg	=	1.0000
http://dbkwik.webdatacommons.org/memory-alpha.wikia.com/resource/MACO_ranks	http://dbkwik.webdatacommons.org/stexpanded.wikia.com/resource/MACO_ranks	=	1.0000
http://dbkwik.webdatacommons.org/memory-alpha.wikia.com/resource/New_Bajor	http://dbkwik.webdatacommons.org/stexpanded.wikia.com/resource/New_Bajor	=	1.0000
http://dbkwik.webdatacommons.org/memory-alpha.wikia.com/resource/Selar	http://dbkwik.webdatacommons.org/stexpanded.wikia.com/resource/Selar	=	1.0000
http://dbkwik.webdatacommons.org/memory-alpha.wikia.com/resource/Trial_By_Fire	http://dbkwik.webdatacommons.org/stexpanded.wikia.com/resource/Trial_By_Fire	=	1.0000
http://dbkwik.webdatacommons.org/memory-alpha.wikia.com/resource/Category:Conflicts	http://dbkwik.webdatacommons.org/stexpanded.wikia.com/resource/Category:Conflicts	=	1.0000
http://dbkwik.webdatacommons.org/memory-alpha.wikia.com/resource/2394	http://dbkwik.webdatacommons.org/stexpanded.wikia.com/resource/2394	=	1.0000
http://dbkwik.webdatacommons.org/memory-alpha.wikia.com/resource/Strategic_operations_officer	http://dbkwik.webdatacommons.org/stexpanded.wikia.com/resource/Strategic_operations_officer	=	1.0000
http://dbkwik.webdatacommons.org/memory-alpha.wikia.com/resource/D5_class	http://dbkwik.webdatacommons.org/stexpanded.wikia.com/resource/D5_class	=	1.0000
http://dbkwik.webdatacommons.org/memory-alpha.wikia.com/resource/Language	http://dbkwik.webdatacommons.org/stexpanded.wikia.com/resource/Language	=	1.0000
http://dbkwik.webdatacommons.org/memory-alpha.wikia.com/resource/Category:Breen	http://dbkwik.webdatacommons.org/stexpanded.wikia.com/resource/Category:Breen	=	1.0000
http://dbkwik.webdatacommons.org/memory-alpha.wikia.com/resource/Type_11_shuttlecraft	http://dbkwik.webdatacommons.org/stexpanded.wikia.com/resource/Type-11_shuttlecraft	=	1.0000
http://dbkwik.webdatacommons.org/memory-alpha.wikia.com/resource/James_T._Kirk	http://dbkwik.webdatacommons.org/stexpanded.wikia.com/resource/James_T._Kirk	=	1.0000
http://dbkwik.webdatacommons.org/memory-alpha.wikia.com/property/placeOfBirth	http://dbkwik.webdatacommons.org/stexpanded.wikia.com/property/placeOfBirth	=	1.0000
http://memory-alpha.wikia.com/wiki/Special:FilePath/Cal_hudson.jpg	http://stexpanded.wikia.com/wiki/Special:FilePath/Cal_hudson.jpg	=	1.0000
http://memory-alpha.wikia.com/wiki/Special:FilePath/Talos_IV.jpg?width=300	http://stexpanded.wikia.com/wiki/Special:FilePath/TalosIV.jpg?width=300	=	1.0000
http://dbkwik.webdatacommons.org/memory-alpha.wikia.com/resource/Georgia	http://dbkwik.webdatacommons.org/stexpanded.wikia.com/resource/Georgia	=	1.0000
http://dbkwik.webdatacommons.org/memory-alpha.wikia.com/resource/Warp_coil	http://dbkwik.webdatacommons.org/stexpanded.wikia.com/resource/Warp_coil	=	1.0000
http://dbkwik.webdatacommons.org/memory-alpha.wikia.com/resource/Shinzon	http://dbkwik.webdatacommons.org/stexpanded.wikia.com/resource/Shinzon	=	1.0000
http://memory-alpha.wikia.com/wiki/Special:FilePath/Qo%27nos_surface,_2150s.jpg?width=300	http://stexpanded.wikia.com/wiki/Special:FilePath/Qo%27nosSurface2151.jpg?width=300	=	0.8755
http://dbkwik.webdatacommons.org/memory-alpha.wikia.com/resource/San_Diego	http://dbkwik.webdatacommons.org/stexpanded.wikia.com/resource/San_Diego	=	1.0000
http://memory-alpha.wikia.com/wiki/Special:FilePath/Tekeny-Ghemor.jpg?width=300	http://stexpanded.wikia.com/wiki/Special:FilePath/Tekeny_Ghemor.jpg?width=300	=	1.0000
http://dbkwik.webdatacommons.org/memory-alpha.wikia.com/resource/Garth_of_Izar	http://dbkwik.webdatacommons.org/stexpanded.wikia.com/resource/Garth_of_Izar	=	1.0000
http://dbkwik.webdatacommons.org/memory-alpha.wikia.com/resource/Milky_Way_Galaxy	http://dbkwik.webdatacommons.org/stexpanded.wikia.com/resource/Milky_Way_Galaxy	=	1.0000
http://dbkwik.webdatacommons.org/memory-alpha.wikia.com/resource/Efrosian	http://dbkwik.webdatacommons.org/stexpanded.wikia.com/resource/Efrosian	=	1.0000
http://memory-alpha.wikia.com/wiki/Special:FilePath/Akira_orbital_weapon_platform.jpg?width=300	http://stexpanded.wikia.com/wiki/Special:FilePath/Akira_orbital_weapon_platform.jpg?width=300	=	1.0000
http://dbkwik.webdatacommons.org/memory-alpha.wikia.com/resource/Yelgrun	http://dbkwik.webdatacommons.org/stexpanded.wikia.com/resource/Yelgrun	=	1.0000
http://dbkwik.webdatacommons.org/memory-alpha.wikia.com/resource/Eastern_Coalition	http://dbkwik.webdatacommons.org/stexpanded.wikia.com/resource/Eastern_Coalition	=	1.0000
http://dbkwik.webdatacommons.org/memory-alpha.wikia.com/property/type	http://dbkwik.webdatacommons.org/stexpanded.wikia.com/property/type	=	1.0000
http://dbkwik.webdatacommons.org/memory-alpha.wikia.com/resource/Christianity	http://dbkwik.webdatacommons.org/stexpanded.wikia.com/resource/Christianity	=	1.0000
http://dbkwik.webdatacommons.org/memory-alpha.wikia.com/resource/Starbase_6	http://dbkwik.webdatacommons.org/stexpanded.wikia.com/resource/Starbase_6	=	1.0000
http://dbkwik.webdatacommons.org/memory-alpha.wikia.com/resource/Engineer	http://dbkwik.webdatacommons.org/stexpanded.wikia.com/resource/Engineer	=	1.0000
http://dbkwik.webdatacommons.org/memory-alpha.wikia.com/resource/Los_Angeles	http://dbkwik.webdatacommons.org/stexpanded.wikia.com/resource/Los_Angeles	=	1.0000
http://dbkwik.webdatacommons.org/memory-alpha.wikia.com/resource/Apple	http://dbkwik.webdatacommons.org/stexpanded.wikia.com/resource/Apple	=	1.0000
http://dbkwik.webdatacommons.org/memory-alpha.wikia.com/resource/Altair_water	http://dbkwik.webdatacommons.org/stexpanded.wikia.com/resource/Altair_water	=	1.0000
http://dbkwik.webdatacommons.org/memory-alpha.wikia.com/resource/1986	http://dbkwik.webdatacommons.org/stexpanded.wikia.com/resource/1986	=	1.0000
http://dbkwik.webdatacommons.org/memory-alpha.wikia.com/resource/Becky	http://dbkwik.webdatacommons.org/stexpanded.wikia.com/resource/Becky	=	1.0000
http://dbkwik.webdatacommons.org/memory-alpha.wikia.com/resource/Category:Elements	http://dbkwik.webdatacommons.org/stexpanded.wikia.com/resource/Category:Elements	=	1.0000
http://dbkwik.webdatacommons.org/memory-alpha.wikia.com/resource/Battle_of_Cardassia	http://dbkwik.webdatacommons.org/stexpanded.wikia.com/resource/Battle_of_Cardassia	=	1.0000
http://dbkwik.webdatacommons.org/memory-alpha.wikia.com/resource/Borg_sphere	http://dbkwik.webdatacommons.org/stexpanded.wikia.com/resource/Borg_sphere	=	1.0000
http://dbkwik.webdatacommons.org/memory-alpha.wikia.com/resource/2240s	http://dbkwik.webdatacommons.org/stexpanded.wikia.com/resource/2240s	=	1.0000
http://memory-alpha.wikia.com/wiki/Special:FilePath/Carson_(Ensign).jpg	http://stexpanded.wikia.com/wiki/Special:FilePath/Carson_(Ensign).jpg	=	1.0000
http://memory-alpha.wikia.com/wiki/Special:FilePath/Prometheus_class_MSD.jpg?width=300	http://stexpanded.wikia.com/wiki/Special:FilePath/Prometheusclassmsd.jpg?width=300	=	0.8929
http://memory-alpha.wikia.com/wiki/Special:FilePath/VulcanIDIC.jpg	http://stexpanded.wikia.com/wiki/Special:FilePath/VulcanIDIC.jpg	=	1.0000
http://memory-alpha.wikia.com/wiki/Special:FilePath/Breen_ship_illustration.jpg	http://stexpanded.wikia.com/wiki/Special:FilePath/Breen_ship_illustration.jpg	=	1.0000
http://dbkwik.webdatacommons.org/memory-alpha.wikia.com/resource/Kendra_Valley_Massacre	http://dbkwik.webdatacommons.org/stexpanded.wikia.com/resource/Kendra_Valley_Massacre	=	1.0000
http://dbkwik.webdatacommons.org/memory-alpha.wikia.com/resource/José_Tyler	http://dbkwik.webdatacommons.org/stexpanded.wikia.com/resource/José_Tyler	=	1.0000
http://memory-alpha.wikia.com/wiki/Special:FilePath/Romulus_administrative_district,_2368.jpg	http://stexpanded.wikia.com/wiki/Special:FilePath/Romulus-AdministrativeDistrict2368.jpg	=	0.9125
http://dbkwik.webdatacommons.org/memory-alpha.wikia.com/resource/Dominion_starship_classes	http://dbkwik.webdatacommons.org/stexpanded.wikia.com/resource/Dominion_starship_classes	=	1.0000
http://dbkwik.webdatacommons.org/memory-alpha.wikia.com/resource/American_Continent_Institute	http://dbkwik.webdatacommons.org/stexpanded.wikia.com/resource/American_Continent_Institute	=	1.0000
http://memory-alpha.wikia.com/wiki/Special:FilePath/Constitution_Novel.jpg?width=300	http://stexpanded.wikia.com/wiki/Special:FilePath/Constitution-03.jpg?width=300	=	0.8659
http://dbkwik.webdatacommons.org/memory-alpha.wikia.com/resource/University_of_California,_Berkeley	http://dbkwik.webdatacommons.org/stexpanded.wikia.com/resource/University_of_California,_Berkeley	=	1.0000
http://dbkwik.webdatacommons.org/memory-alpha.wikia.com/resource/Romulan	http://dbkwik.webdatacommons.org/stexpanded.wikia.com/resource/Romulan	=	1.0000
http://dbkwik.webdatacommons.org/memory-alpha.wikia.com/resource/Tkon_Empire	http://dbkwik.webdatacommons.org/stexpanded.wikia.com/resource/Tkon_Empire	=	1.0000
http://dbkwik.webdatacommons.org/memory-alpha.wikia.com/resource/Setlik_III	http://dbkwik.webdatacommons.org/stexpanded.wikia.com/resource/Setlik_III	=	1.0000
http://memory-alpha.wikia.com/wiki/Special:FilePath/Cardassia_in_ruins.jpg	http://stexpanded.wikia.com/wiki/Special:FilePath/Cardassia_in_ruins.jpg	=	1.0000
http://dbkwik.webdatacommons.org/memory-alpha.wikia.com/resource/2347	http://dbkwik.webdatacommons.org/stexpanded.wikia.com/resource/2347	=	1.0000
http://dbkwik.webdatacommons.org/memory-alpha.wikia.com/resource/Holographic_novel	http://dbkwik.webdatacommons.org/stexpanded.wikia.com/resource/Holographic_novel	=	1.0000
http://dbkwik.webdatacommons.org/memory-alpha.wikia.com/resource/Praetor	http://dbkwik.webdatacommons.org/stexpanded.wikia.com/resource/Praetor	=	1.0000
http://dbkwik.webdatacommons.org/memory-alpha.wikia.com/resource/Cardassian_ranks	http://dbkwik.webdatacommons.org/stexpanded.wikia.com/resource/Cardassian_ranks	=	1.0000
http://memory-alpha.wikia.com/wiki/Special:FilePath/Excelsior_class,_battle_of_Cardassia.jpg?width=300	http://stexpanded.wikia.com/wiki/Special:FilePath/Excelsior_class,_battle_of_Cardassia.jpg?width=300	=	1.0000
http://dbkwik.webdatacommons.org/memory-alpha.wikia.com/resource/Bendii_Syndrome	http://dbkwik.webdatacommons.org/stexpanded.wikia.com/resource/Bendii_Syndrome	=	1.0000
http://dbkwik.webdatacommons.org/memory-alpha.wikia.com/resource/USS_Yangtzee_Kiang	http://dbkwik.webdatacommons.org/stexpanded.wikia.com/resource/USS_Yangtzee_Kiang	=	1.0000
http://dbkwik.webdatacommons.org/memory-alpha.wikia.com/resource/Norah_Satie	http://dbkwik.webdatacommons.org/stexpanded.wikia.com/resource/Norah_Satie	=	1.0000
http://dbkwik.webdatacommons.org/memory-alpha.wikia.com/resource/Dave_Bailey	http://dbkwik.webdatacommons.org/stexpanded.wikia.com/resource/Dave_Bailey	=	1.0000
http://dbkwik.webdatacommons.org/memory-alpha.wikia.com/resource/Category:Musicians	http://dbkwik.webdatacommons.org/stexpanded.wikia.com/resource/Category:Musicians	=	1.0000
http://dbkwik.webdatacommons.org/memory-alpha.wikia.com/resource/IKS_T%27Ong	http://dbkwik.webdatacommons.org/stexpanded.wikia.com/resource/IKS_T%27Ong	=	1.0000
http://dbkwik.webdatacommons.org/memory-alpha.wikia.com/resource/Endeavour	http://dbkwik.webdatacommons.org/stexpanded.wikia.com/resource/Endeavour	=	1.0000
http://dbkwik.webdatacommons.org/memory-alpha.wikia.com/resource/Stronghold	http://dbkwik.webdatacommons.org/stexpanded.wikia.com/resource/The_Stronghold	=	0.8672
http://memory-alpha.wikia.com/wiki/Special:FilePath/Varis_Sul.jpg	http://stexpanded.wikia.com/wiki/Special:FilePath/Varis_Sul.jpg	=	1.0000
http://dbkwik.webdatacommons.org/memory-alpha.wikia.com/resource/Alden	http://dbkwik.webdatacommons.org/stexpanded.wikia.com/resource/Alden	=	1.0000
http://dbkwik.webdatacommons.org/memory-alpha.wikia.com/resource/Kearsarge	http://dbkwik.webdatacommons.org/stexpanded.wikia.com/resource/Kearsarge	=	1.0000
http://dbkwik.webdatacommons.org/memory-alpha.wikia.com/resource/Category:Nebulae	http://dbkwik.webdatacommons.org/stexpanded.wikia.com/resource/Category:Nebulae	=	1.0000
http://dbkwik.webdatacommons.org/memory-alpha.wikia.com/resource/Quantum_slipstream_drive	http://dbkwik.webdatacommons.org/stexpanded.wikia.com/resource/Quantum_slipstream_drive	=	1.0000
http://dbkwik.webdatacommons.org/memory-alpha.wikia.com/resource/Category:Authors	http://dbkwik.webdatacommons.org/stexpanded.wikia.com/resource/Category:Authors	=	1.0000
http://dbkwik.webdatacommons.org/memory-alpha.wikia.com/resource/Enlisted	http://dbkwik.webdatacommons.org/stexpanded.wikia.com/resource/Enlisted	=	1.0000
http://dbkwik.webdatacommons.org/memory-alpha.wikia.com/resource/T%27Plana-Hath_(starship)	http://dbkwik.webdatacommons.org/stexpanded.wikia.com/resource/T%27Plana-Hath_(starship)	=	1.0000
http://memory-alpha.wikia.com/wiki/Special:FilePath/Khatan_zshaar.jpg?width=300	http://stexpanded.wikia.com/wiki/Special:FilePath/Khatan_zshaar.jpg?width=300	=	1.0000
http://dbkwik.webdatacommons.org/memory-alpha.wikia.com/resource/Coffin	http://dbkwik.webdatacommons.org/stexpanded.wikia.com/resource/Coffin	=	1.0000
http://dbkwik.webdatacommons.org/memory-alpha.wikia.com/resource/Archaeology	http://dbkwik.webdatacommons.org/stexpanded.wikia.com/resource/Archaeology	=	1.0000
http://dbkwik.webdatacommons.org/memory-alpha.wikia.com/resource/Brisbane	http://dbkwik.webdatacommons.org/stexpanded.wikia.com/resource/Brisbane	=	1.0000
http://dbkwik.webdatacommons.org/memory-alpha.wikia.com/resource/2377	http://dbkwik.webdatacommons.org/stexpanded.wikia.com/resource/2377	=	1.0000
http://dbkwik.webdatacommons.org/memory-alpha.wikia.com/resource/2125	http://dbkwik.webdatacommons.org/stexpanded.wikia.com/resource/2125	=	1.0000
http://memory-alpha.wikia.com/wiki/Special:FilePath/Excelsior_Bridge_3.jpg	http://stexpanded.wikia.com/wiki/Special:FilePath/Excelsior_Bridge_3.jpg	=	1.0000
http://dbkwik.webdatacommons.org/memory-alpha.wikia.com/resource/Cloaking_device	http://dbkwik.webdatacommons.org/stexpanded.wikia.com/resource/Cloaking_device	=	1.0000
http://dbkwik.webdatacommons.org/memory-alpha.wikia.com/resource/Demora_Sulu	http://dbkwik.webdatacommons.org/stexpanded.wikia.com/resource/Demora_Sulu	=	1.0000
http://dbkwik.webdatacommons.org/memory-alpha.wikia.com/resource/Wolf_359	http://dbkwik.webdatacommons.org/stexpanded.wikia.com/resource/Wolf_359	=	1.0000
http://dbkwik.webdatacommons.org/memory-alpha.wikia.com/resource/TV_dinner	http://dbkwik.webdatacommons.org/stexpanded.wikia.com/resource/TV_dinner	=	1.0000
http://dbkwik.webdatacommons.org/memory-alpha.wikia.com/resource/Starbase_416	http://dbkwik.webdatacommons.org/stexpanded.wikia.com/resource/Starbase_42	=	0.8675
http://dbkwik.webdatacommons.org/memory-alpha.wikia.com/resource/Embassy	http://dbkwik.webdatacommons.org/stexpanded.wikia.com/resource/Embassy	=	1.0000
http://dbkwik.webdatacommons.org/memory-alpha.wikia.com/resource/2270	http://dbkwik.webdatacommons.org/stexpanded.wikia.com/resource/2270	=	1.0000
http://dbkwik.webdatacommons.org/memory-alpha.wikia.com/resource/Isoboramine	http://dbkwik.webdatacommons.org/stexpanded.wikia.com/resource/Isoboramine	=	1.0000
http://memory-alpha.wikia.com/wiki/Special:FilePath/Pike.jpg?width=300	http://stexpanded.wikia.com/wiki/Special:FilePath/pike1.jpg?width=300	=	0.9033
http://dbkwik.webdatacommons.org/memory-alpha.wikia.com/resource/2341	http://dbkwik.webdatacommons.org/stexpanded.wikia.com/resource/2341	=	1.0000
http://memory-alpha.wikia.com/wiki/Special:FilePath/IKS_NeghVar_attack.jpg?width=300	http://stexpanded.wikia.com/wiki/Special:FilePath/IKS_NeghVar_attack.jpg?width=300	=	1.0000
http://dbkwik.webdatacommons.org/memory-alpha.wikia.com/resource/IKS_Pagh	http://dbkwik.webdatacommons.org/stexpanded.wikia.com/resource/IKS_Pagh	=	1.0000
http://dbkwik.webdatacommons.org/memory-alpha.wikia.com/resource/Quantum_torpedo	http://dbkwik.webdatacommons.org/stexpanded.wikia.com/resource/Quantum_torpedo	=	1.0000
http://dbkwik.webdatacommons.org/memory-alpha.wikia.com/resource/USS_Exeter_(NCC-26531)	http://dbkwik.webdatacommons.org/stexpanded.wikia.com/resource/USS_Exeter_(NCC-26531)	=	1.0000
http://dbkwik.webdatacommons.org/memory-alpha.wikia.com/resource/Phase_cannon	http://dbkwik.webdatacommons.org/stexpanded.wikia.com/resource/Phase_cannon	=	1.0000
http://dbkwik.webdatacommons.org/memory-alpha.wikia.com/resource/Play	http://dbkwik.webdatacommons.org/stexpanded.wikia.com/property/plays	=	0.8712
http://dbkwik.webdatacommons.org/memory-alpha.wikia.com/resource/Trek_Nation	http://dbkwik.webdatacommons.org/stexpanded.wikia.com/resource/TrekNation	=	1.0000
http://memory-alpha.wikia.com/wiki/Special:FilePath/Terra_Prime_logo.png?width=300	http://stexpanded.wikia.com/wiki/Special:FilePath/Terra_Prime_logo.png?width=300	=	1.0000
http://dbkwik.webdatacommons.org/memory-alpha.wikia.com/resource/Category:Ceremonies	http://dbkwik.webdatacommons.org/stexpanded.wikia.com/resource/Category:Ceremonies	=	1.0000
http://memory-alpha.wikia.com/wiki/Special:FilePath/Tng_radm.png?width=300	http://stexpanded.wikia.com/wiki/Special:FilePath/RADM_(TNG).png?width=300	=	0.9273
http://dbkwik.webdatacommons.org/memory-alpha.wikia.com/resource/2345	http://dbkwik.webdatacommons.org/stexpanded.wikia.com/resource/2345	=	1.0000
http://dbkwik.webdatacommons.org/memory-alpha.wikia.com/resource/USS_Yeager_(NCC-65674)	http://dbkwik.webdatacommons.org/stexpanded.wikia.com/resource/USS_Yeager_(NCC-65674)	=	1.0000
http://dbkwik.webdatacommons.org/memory-alpha.wikia.com/resource/2220s	http://dbkwik.webdatacommons.org/stexpanded.wikia.com/resource/2220s	=	1.0000
http://dbkwik.webdatacommons.org/memory-alpha.wikia.com/resource/Voraxna	http://dbkwik.webdatacommons.org/stexpanded.wikia.com/resource/Voraxna	=	1.0000
http://memory-alpha.wikia.com/wiki/Special:FilePath/Trelane.jpg	http://stexpanded.wikia.com/wiki/Special:FilePath/Trelane.jpg	=	1.0000
http://dbkwik.webdatacommons.org/memory-alpha.wikia.com/resource/Subjective_mode	http://dbkwik.webdatacommons.org/stexpanded.wikia.com/resource/Subjective_mode	=	1.0000
http://memory-alpha.wikia.com/wiki/Special:FilePath/Bajoran_wormhole.jpg	http://stexpanded.wikia.com/wiki/Special:FilePath/Bajoran_wormhole.jpg	=	1.0000
http://dbkwik.webdatacommons.org/memory-alpha.wikia.com/resource/2301	http://dbkwik.webdatacommons.org/stexpanded.wikia.com/resource/2301	=	1.0000
http://dbkwik.webdatacommons.org/memory-alpha.wikia.com/resource/Cardassian_uniform	http://dbkwik.webdatacommons.org/stexpanded.wikia.com/resource/Cardassian_uniforms	=	0.9593
http://dbkwik.webdatacommons.org/memory-alpha.wikia.com/resource/Viewscreen	http://dbkwik.webdatacommons.org/stexpanded.wikia.com/resource/Viewscreen	=	1.0000
http://dbkwik.webdatacommons.org/memory-alpha.wikia.com/resource/Operation_Return	http://dbkwik.webdatacommons.org/stexpanded.wikia.com/resource/Operation_Return	=	1.0000
http://dbkwik.webdatacommons.org/memory-alpha.wikia.com/resource/NX-74205	http://dbkwik.webdatacommons.org/stexpanded.wikia.com/resource/NX-74205	=	1.0000
http://dbkwik.webdatacommons.org/memory-alpha.wikia.com/resource/Strike	http://dbkwik.webdatacommons.org/stexpanded.wikia.com/resource/Strike	=	1.0000
http://dbkwik.webdatacommons.org/memory-alpha.wikia.com/resource/Volan_III	http://dbkwik.webdatacommons.org/stexpanded.wikia.com/resource/Volan_III	=	1.0000
http://dbkwik.webdatacommons.org/memory-alpha.wikia.com/resource/First_Federation	http://dbkwik.webdatacommons.org/stexpanded.wikia.com/resource/First_Federation	=	1.0000
http://dbkwik.webdatacommons.org/memory-alpha.wikia.com/resource/Freeman	http://dbkwik.webdatacommons.org/stexpanded.wikia.com/resource/Freeman	=	1.0000
http://dbkwik.webdatacommons.org/memory-alpha.wikia.com/resource/Hawaii	http://dbkwik.webdatacommons.org/stexpanded.wikia.com/resource/Hawaii	=	1.0000
http://dbkwik.webdatacommons.org/memory-alpha.wikia.com/resource/USS_Sitak	http://dbkwik.webdatacommons.org/stexpanded.wikia.com/resource/USS_Sitak	=	1.0000
http://dbkwik.webdatacommons.org/memory-alpha.wikia.com/resource/Uhlan	http://dbkwik.webdatacommons.org/stexpanded.wikia.com/resource/Uhlan	=	1.0000
http://dbkwik.webdatacommons.org/memory-alpha.wikia.com/resource/Wheel	http://dbkwik.webdatacommons.org/stexpanded.wikia.com/resource/Wheel	=	1.0000
http://dbkwik.webdatacommons.org/memory-alpha.wikia.com/resource/Harvest	http://dbkwik.webdatacommons.org/stexpanded.wikia.com/resource/Harvest	=	1.0000
http://dbkwik.webdatacommons.org/memory-alpha.wikia.com/resource/Eighth_Order	http://dbkwik.webdatacommons.org/stexpanded.wikia.com/resource/Eighth_Order	=	1.0000
http://memory-alpha.wikia.com/wiki/Special:FilePath/Paris2342.jpg	http://stexpanded.wikia.com/wiki/Special:FilePath/Paris2372.jpg	=	0.8737
http://memory-alpha.wikia.com/wiki/Special:FilePath/Sitak.jpg?width=300	http://stexpanded.wikia.com/wiki/Special:FilePath/Sitak.jpg?width=300	=	1.0000
http://memory-alpha.wikia.com/wiki/Special:FilePath/Hikaru_Sulu_(mirror).jpg?width=300	http://stexpanded.wikia.com/wiki/Special:FilePath/Hikaru_Sulu_(mirror).jpg?width=300	=	1.0000
http://dbkwik.webdatacommons.org/memory-alpha.wikia.com/resource/Peter_Kirk	http://dbkwik.webdatacommons.org/stexpanded.wikia.com/resource/Peter_Kirk	=	1.0000
http://dbkwik.webdatacommons.org/memory-alpha.wikia.com/resource/William_Shakespeare	http://dbkwik.webdatacommons.org/stexpanded.wikia.com/resource/William_Shakespeare	=	1.0000
http://dbkwik.webdatacommons.org/memory-alpha.wikia.com/resource/Humans	http://dbkwik.webdatacommons.org/stexpanded.wikia.com/resource/Humanist	=	0.8688
http://dbkwik.webdatacommons.org/memory-alpha.wikia.com/resource/Starbase_247	http://dbkwik.webdatacommons.org/stexpanded.wikia.com/resource/Starbase_247	=	1.0000
http://memory-alpha.wikia.com/wiki/Special:FilePath/MartinMadden.jpg?width=300	http://stexpanded.wikia.com/wiki/Special:FilePath/martinMadden.jpg?width=300	=	1.0000
http://dbkwik.webdatacommons.org/memory-alpha.wikia.com/resource/1953	http://dbkwik.webdatacommons.org/stexpanded.wikia.com/resource/1953	=	1.0000
http://dbkwik.webdatacommons.org/memory-alpha.wikia.com/resource/2192	http://dbkwik.webdatacommons.org/stexpanded.wikia.com/resource/2192	=	1.0000
http://dbkwik.webdatacommons.org/memory-alpha.wikia.com/resource/Death	http://dbkwik.webdatacommons.org/stexpanded.wikia.com/property/death	=	1.0000
http://dbkwik.webdatacommons.org/memory-alpha.wikia.com/resource/Kobayashi_Maru_scenario	http://dbkwik.webdatacommons.org/stexpanded.wikia.com/resource/Kobayashi_Maru_scenario	=	1.0000
http://dbkwik.webdatacommons.org/memory-alpha.wikia.com/resource/Barstow	http://dbkwik.webdatacommons.org/stexpanded.wikia.com/resource/Barstow	=	1.0000
http://dbkwik.webdatacommons.org/memory-alpha.wikia.com/resource/Wormhole	http://dbkwik.webdatacommons.org/stexpanded.wikia.com/resource/Wormhole	=	1.0000
http://dbkwik.webdatacommons.org/memory-alpha.wikia.com/resource/Category:Galaxies	http://dbkwik.webdatacommons.org/stexpanded.wikia.com/resource/Category:Galaxies	=	1.0000
http://dbkwik.webdatacommons.org/memory-alpha.wikia.com/resource/1938	http://dbkwik.webdatacommons.org/stexpanded.wikia.com/resource/1938	=	1.0000
http://dbkwik.webdatacommons.org/memory-alpha.wikia.com/resource/Two_of_Three	http://dbkwik.webdatacommons.org/stexpanded.wikia.com/resource/Two_of_Three	=	1.0000
http://dbkwik.webdatacommons.org/memory-alpha.wikia.com/resource/Lakat	http://dbkwik.webdatacommons.org/stexpanded.wikia.com/resource/Lakat	=	1.0000
http://dbkwik.webdatacommons.org/memory-alpha.wikia.com/resource/Dominion_Headquarters	http://dbkwik.webdatacommons.org/stexpanded.wikia.com/resource/Dominion_Headquarters	=	1.0000
http://dbkwik.webdatacommons.org/memory-alpha.wikia.com/resource/Yridian	http://dbkwik.webdatacommons.org/stexpanded.wikia.com/resource/Yridian	=	1.0000
http://memory-alpha.wikia.com/wiki/Special:FilePath/Xindi-Aquatic_tank.jpg?width=300	http://stexpanded.wikia.com/wiki/Special:FilePath/Xindi-Aquatic.jpg?width=300	=	0.8918
http://memory-alpha.wikia.com/wiki/Special:FilePath/Prax.jpg?width=300	http://stexpanded.wikia.com/wiki/Special:FilePath/Prax.jpg?width=300	=	1.0000
http://memory-alpha.wikia.com/wiki/Special:FilePath/Prometheus_class_sickbay.jpg	http://stexpanded.wikia.com/wiki/Special:FilePath/PrometheusClassSickbay.jpg	=	1.0000
http://memory-alpha.wikia.com/wiki/Special:FilePath/Romulan_bird-of-prey,_TOS-firing_torpedo.jpg?width=300	http://stexpanded.wikia.com/wiki/Special:FilePath/Romulan_bird-of-prey,_TOS-firing_torpedo.jpg?width=300	=	1.0000
http://memory-alpha.wikia.com/wiki/Special:FilePath/USS_Sao_Paulo.jpg?width=300	http://stexpanded.wikia.com/wiki/Special:FilePath/USS_Sao_Paulo.jpg?width=300	=	1.0000
http://memory-alpha.wikia.com/wiki/Special:FilePath/Ambassador_class_bridge,_2368.jpg	http://stexpanded.wikia.com/wiki/Special:FilePath/Ambassador_class_bridge.jpg	=	0.9097
http://dbkwik.webdatacommons.org/memory-alpha.wikia.com/resource/Enterprise	http://dbkwik.webdatacommons.org/stexpanded.wikia.com/resource/Enterprise	=	1.0000
http://memory-alpha.wikia.com/wiki/Special:FilePath/Jem_Hadar_Attack_Ship.jpg?width=300	http://stexpanded.wikia.com/wiki/Special:FilePath/Jem%27Hadar_Attack_Ship.jpg?width=300	=	1.0000
http://memory-alpha.wikia.com/wiki/Special:FilePath/Galaxy_class_torpedo_launcher.jpg	http://stexpanded.wikia.com/wiki/Special:FilePath/Galaxy_class_torpedo_launcher.jpg	=	1.0000
http://dbkwik.webdatacommons.org/memory-alpha.wikia.com/resource/2158	http://dbkwik.webdatacommons.org/stexpanded.wikia.com/resource/2158	=	1.0000
http://dbkwik.webdatacommons.org/memory-alpha.wikia.com/resource/2209	http://dbkwik.webdatacommons.org/stexpanded.wikia.com/resource/2209	=	1.0000
http://memory-alpha.wikia.com/wiki/Special:FilePath/Lithium_cracking_station,_remastered.jpg?width=300	http://stexpanded.wikia.com/wiki/Special:FilePath/LithiumCrackingStation.jpg?width=300	=	0.8909
http://memory-alpha.wikia.com/wiki/Special:FilePath/Lauren.jpg	http://stexpanded.wikia.com/wiki/Special:FilePath/Lauren.jpg	=	1.0000
http://dbkwik.webdatacommons.org/memory-alpha.wikia.com/resource/Mars	http://dbkwik.webdatacommons.org/stexpanded.wikia.com/resource/Mars	=	1.0000
http://dbkwik.webdatacommons.org/memory-alpha.wikia.com/resource/Task_force	http://dbkwik.webdatacommons.org/stexpanded.wikia.com/resource/Task_force	=	1.0000
http://dbkwik.webdatacommons.org/memory-alpha.wikia.com/resource/2145	http://dbkwik.webdatacommons.org/stexpanded.wikia.com/resource/2145	=	1.0000
http://dbkwik.webdatacommons.org/memory-alpha.wikia.com/resource/Blue_alert	http://dbkwik.webdatacommons.org/stexpanded.wikia.com/resource/Blue_alert	=	1.0000
http://memory-alpha.wikia.com/wiki/Special:FilePath/Molecular_reversion_field_diagram.jpg?width=300	http://stexpanded.wikia.com/wiki/Special:FilePath/Molecular_reversion_field_diagram.jpg?width=300	=	1.0000
http://memory-alpha.wikia.com/wiki/Special:FilePath/dathon.jpg	http://stexpanded.wikia.com/wiki/Special:FilePath/Dathon.jpg	=	1.0000
http://dbkwik.webdatacommons.org/memory-alpha.wikia.com/resource/Dimension	http://dbkwik.webdatacommons.org/stexpanded.wikia.com/resource/Dimension	=	1.0000
http://dbkwik.webdatacommons.org/memory-alpha.wikia.com/resource/Science_vessel	http://dbkwik.webdatacommons.org/stexpanded.wikia.com/resource/Science_vessel	=	1.0000
http://dbkwik.webdatacommons.org/memory-alpha.wikia.com/resource/Kalandra_sector	http://dbkwik.webdatacommons.org/stexpanded.wikia.com/resource/Kalandra_sector	=	1.0000
http://dbkwik.webdatacommons.org/memory-alpha.wikia.com/resource/Vice_admiral	http://dbkwik.webdatacommons.org/stexpanded.wikia.com/resource/Vice_admiral	=	1.0000
http://dbkwik.webdatacommons.org/memory-alpha.wikia.com/resource/Wrigley%27s_pleasure_planet	http://dbkwik.webdatacommons.org/stexpanded.wikia.com/resource/Wrigley%27s_Pleasure_Planet	=	1.0000
http://memory-alpha.wikia.com/wiki/Special:FilePath/Gareb.jpg	http://stexpanded.wikia.com/wiki/Special:FilePath/Gareb.jpg	=	1.0000
http://dbkwik.webdatacommons.org/memory-alpha.wikia.com/resource/2367	http://dbkwik.webdatacommons.org/stexpanded.wikia.com/resource/2367	=	1.0000
http://dbkwik.webdatacommons.org/memory-alpha.wikia.com/resource/USS_Ticonderoga	http://dbkwik.webdatacommons.org/stexpanded.wikia.com/resource/USS_Ticonderoga	=	1.0000
http://dbkwik.webdatacommons.org/memory-alpha.wikia.com/resource/Phage	http://dbkwik.webdatacommons.org/stexpanded.wikia.com/resource/Phage	=	1.0000
http://dbkwik.webdatacommons.org/memory-alpha.wikia.com/resource/2015	http://dbkwik.webdatacommons.org/stexpanded.wikia.com/resource/2015	=	1.0000
http://memory-alpha.wikia.com/wiki/Special:FilePath/Dominion_invasion.jpg	http://stexpanded.wikia.com/wiki/Special:FilePath/Dominion_invasion.jpg	=	1.0000
http://dbkwik.webdatacommons.org/memory-alpha.wikia.com/resource/Perseus_Arm	http://dbkwik.webdatacommons.org/stexpanded.wikia.com/resource/Perseus_Arm	=	1.0000
http://dbkwik.webdatacommons.org/memory-alpha.wikia.com/resource/Lisa_Neeley	http://dbkwik.webdatacommons.org/stexpanded.wikia.com/resource/Lisa_Neeley	=	1.0000
http://dbkwik.webdatacommons.org/memory-alpha.wikia.com/resource/Kemocite	http://dbkwik.webdatacommons.org/stexpanded.wikia.com/resource/Kemocite	=	1.0000
http://dbkwik.webdatacommons.org/memory-alpha.wikia.com/resource/Category:Talarians	http://dbkwik.webdatacommons.org/stexpanded.wikia.com/resource/Category:Talarians	=	1.0000
http://dbkwik.webdatacommons.org/memory-alpha.wikia.com/resource/Starbase_375	http://dbkwik.webdatacommons.org/stexpanded.wikia.com/resource/Starbase_375	=	1.0000
http://dbkwik.webdatacommons.org/memory-alpha.wikia.com/resource/2376	http://dbkwik.webdatacommons.org/stexpanded.wikia.com/resource/2376	=	1.0000
http://dbkwik.webdatacommons.org/memory-alpha.wikia.com/resource/Category:Space_stations	http://dbkwik.webdatacommons.org/stexpanded.wikia.com/resource/Category:Space_stations	=	1.0000
http://dbkwik.webdatacommons.org/memory-alpha.wikia.com/property/result	http://dbkwik.webdatacommons.org/stexpanded.wikia.com/property/result	=	1.0000
http://dbkwik.webdatacommons.org/memory-alpha.wikia.com/resource/Jefferies_tube	http://dbkwik.webdatacommons.org/stexpanded.wikia.com/resource/Jefferies_tube	=	1.0000
http://dbkwik.webdatacommons.org/memory-alpha.wikia.com/resource/1958	http://dbkwik.webdatacommons.org/stexpanded.wikia.com/resource/1958	=	1.0000
http://memory-alpha.wikia.com/wiki/Special:FilePath/Gemini.jpg?width=300	http://stexpanded.wikia.com/wiki/Special:FilePath/Gemini_Class.jpg?width=300	=	0.8952
http://dbkwik.webdatacommons.org/memory-alpha.wikia.com/resource/Sheliak_Corporate	http://dbkwik.webdatacommons.org/stexpanded.wikia.com/resource/Sheliak_Corporate	=	1.0000
http://dbkwik.webdatacommons.org/memory-alpha.wikia.com/resource/Category:Timeline	http://dbkwik.webdatacommons.org/stexpanded.wikia.com/resource/Category:Timeline	=	1.0000
http://dbkwik.webdatacommons.org/memory-alpha.wikia.com/resource/Xon	http://dbkwik.webdatacommons.org/stexpanded.wikia.com/resource/Xon	=	1.0000
http://dbkwik.webdatacommons.org/memory-alpha.wikia.com/resource/New_Zealand_Penal_Settlement	http://dbkwik.webdatacommons.org/stexpanded.wikia.com/resource/New_Zealand_Penal_Settlement	=	1.0000
http://dbkwik.webdatacommons.org/memory-alpha.wikia.com/resource/Soup	http://dbkwik.webdatacommons.org/stexpanded.wikia.com/resource/Soup	=	1.0000
http://dbkwik.webdatacommons.org/memory-alpha.wikia.com/property/species	http://dbkwik.webdatacommons.org/stexpanded.wikia.com/property/species	=	1.0000
http://dbkwik.webdatacommons.org/memory-alpha.wikia.com/resource/Rachel_Garrett	http://dbkwik.webdatacommons.org/stexpanded.wikia.com/resource/Rachel_Garrett	=	1.0000
http://dbkwik.webdatacommons.org/memory-alpha.wikia.com/resource/USS_Bellerophon_(NCC-74705)	http://dbkwik.webdatacommons.org/stexpanded.wikia.com/resource/USS_Bellerophon_(NCC-74705)	=	1.0000
http://dbkwik.webdatacommons.org/memory-alpha.wikia.com/resource/Category:Tiburonians	http://dbkwik.webdatacommons.org/stexpanded.wikia.com/resource/Category:Tiburonians	=	1.0000
http://dbkwik.webdatacommons.org/memory-alpha.wikia.com/resource/2150	http://dbkwik.webdatacommons.org/stexpanded.wikia.com/resource/2150	=	1.0000
http://dbkwik.webdatacommons.org/memory-alpha.wikia.com/resource/Battle_of_Klach_D%27kel_Brakt	http://dbkwik.webdatacommons.org/stexpanded.wikia.com/resource/Battle_of_Klach_D%27kel_Brakt	=	1.0000
http://dbkwik.webdatacommons.org/memory-alpha.wikia.com/resource/American_Civil_War	http://dbkwik.webdatacommons.org/stexpanded.wikia.com/resource/American_Civil_War	=	1.0000
http://dbkwik.webdatacommons.org/memory-alpha.wikia.com/resource/2258	http://dbkwik.webdatacommons.org/stexpanded.wikia.com/resource/2258	=	1.0000
http://dbkwik.webdatacommons.org/memory-alpha.wikia.com/resource/Nyota_Uhura	http://dbkwik.webdatacommons.org/stexpanded.wikia.com/resource/Nyota_Uhura	=	1.0000
http://memory-alpha.wikia.com/wiki/Special:FilePath/Counselors_office.jpg?width=300	http://stexpanded.wikia.com/wiki/Special:FilePath/Counselors_office.jpg?width=300	=	1.0000
http://dbkwik.webdatacommons.org/memory-alpha.wikia.com/resource/Fitzpatrick	http://dbkwik.webdatacommons.org/stexpanded.wikia.com/resource/Fitzpatrick	=	1.0000
http://dbkwik.webdatacommons.org/memory-alpha.wikia.com/resource/2124	http://dbkwik.webdatacommons.org/stexpanded.wikia.com/resource/2124	=	1.0000
http://dbkwik.webdatacommons.org/memory-alpha.wikia.com/resource/2190s	http://dbkwik.webdatacommons.org/stexpanded.wikia.com/resource/2190s	=	1.0000
http://dbkwik.webdatacommons.org/memory-alpha.wikia.com/resource/2191	http://dbkwik.webdatacommons.org/stexpanded.wikia.com/resource/2191	=	1.0000
http://memory-alpha.wikia.com/wiki/Special:FilePath/Breen_ship_illustration.jpg?width=300	http://stexpanded.wikia.com/wiki/Special:FilePath/Breen_ship_illustration.jpg?width=300	=	1.0000
http://dbkwik.webdatacommons.org/memory-alpha.wikia.com/resource/John_Baldwin	http://dbkwik.webdatacommons.org/stexpanded.wikia.com/resource/John_Baldwin	=	1.0000
http://dbkwik.webdatacommons.org/memory-alpha.wikia.com/resource/Bajor	http://dbkwik.webdatacommons.org/stexpanded.wikia.com/resource/Bajor	=	1.0000
http://dbkwik.webdatacommons.org/memory-alpha.wikia.com/resource/2357	http://dbkwik.webdatacommons.org/stexpanded.wikia.com/resource/2357	=	1.0000
http://dbkwik.webdatacommons.org/memory-alpha.wikia.com/resource/IKS_Maht-H%27a	http://dbkwik.webdatacommons.org/stexpanded.wikia.com/resource/IKS_Maht-H%27a	=	1.0000
http://dbkwik.webdatacommons.org/memory-alpha.wikia.com/resource/Universe	http://dbkwik.webdatacommons.org/stexpanded.wikia.com/resource/Universe	=	1.0000
http://dbkwik.webdatacommons.org/memory-alpha.wikia.com/resource/2062	http://dbkwik.webdatacommons.org/stexpanded.wikia.com/resource/2062	=	1.0000
http://memory-alpha.wikia.com/wiki/Special:FilePath/JP_Hanson.jpg?width=300	http://stexpanded.wikia.com/wiki/Special:FilePath/JP_Hanson.jpg?width=300	=	1.0000
http://dbkwik.webdatacommons.org/memory-alpha.wikia.com/resource/Trill_(planet)	http://dbkwik.webdatacommons.org/stexpanded.wikia.com/resource/Trill_(planet)	=	1.0000
http://dbkwik.webdatacommons.org/memory-alpha.wikia.com/resource/Subspace	http://dbkwik.webdatacommons.org/stexpanded.wikia.com/resource/Subspace	=	1.0000
http://dbkwik.webdatacommons.org/memory-alpha.wikia.com/resource/Space_station	http://dbkwik.webdatacommons.org/stexpanded.wikia.com/resource/Space_station	=	1.0000
http://dbkwik.webdatacommons.org/memory-alpha.wikia.com/resource/James_Cawley	http://dbkwik.webdatacommons.org/stexpanded.wikia.com/resource/James_Cawley	=	1.0000
http://memory-alpha.wikia.com/wiki/Special:FilePath/Borath.jpg?width=300	http://stexpanded.wikia.com/wiki/Special:FilePath/Borath.jpg?width=300	=	1.0000
http://dbkwik.webdatacommons.org/memory-alpha.wikia.com/resource/2118	http://dbkwik.webdatacommons.org/stexpanded.wikia.com/resource/2118	=	1.0000
http://dbkwik.webdatacommons.org/memory-alpha.wikia.com/resource/2297	http://dbkwik.webdatacommons.org/stexpanded.wikia.com/resource/2297	=	1.0000
http://dbkwik.webdatacommons.org/memory-alpha.wikia.com/resource/2010	http://dbkwik.webdatacommons.org/stexpanded.wikia.com/resource/2010	=	1.0000
http://dbkwik.webdatacommons.org/memory-alpha.wikia.com/resource/Torpedo_launcher	http://dbkwik.webdatacommons.org/stexpanded.wikia.com/resource/Torpedo_launcher	=	1.0000
http://dbkwik.webdatacommons.org/memory-alpha.wikia.com/resource/Yard	http://dbkwik.webdatacommons.org/stexpanded.wikia.com/property/yard	=	1.0000
http://dbkwik.webdatacommons.org/memory-alpha.wikia.com/resource/Flagship	http://dbkwik.webdatacommons.org/stexpanded.wikia.com/resource/Flagship	=	1.0000
http://dbkwik.webdatacommons.org/memory-alpha.wikia.com/resource/Jem%27Hadar	http://dbkwik.webdatacommons.org/stexpanded.wikia.com/resource/Jem%27Hadar	=	1.0000
http://dbkwik.webdatacommons.org/memory-alpha.wikia.com/resource/2054	http://dbkwik.webdatacommons.org/stexpanded.wikia.com/resource/2054	=	1.0000
http://dbkwik.webdatacommons.org/memory-alpha.wikia.com/resource/Delphi_Ardu_IV	http://dbkwik.webdatacommons.org/stexpanded.wikia.com/resource/Delphi_Ardu_IV	=	1.0000
http://memory-alpha.wikia.com/wiki/Special:FilePath/Xindi-Avian.jpg?width=300	http://stexpanded.wikia.com/wiki/Special:FilePath/Xindi-Avian.jpg?width=300	=	1.0000
http://memory-alpha.wikia.com/wiki/Special:FilePath/Raymond_Boone.jpg?width=300	http://stexpanded.wikia.com/wiki/Special:FilePath/Raymond_Boone.jpg?width=300	=	1.0000
http://dbkwik.webdatacommons.org/memory-alpha.wikia.com/resource/2397	http://dbkwik.webdatacommons.org/stexpanded.wikia.com/resource/2397	=	1.0000
http://dbkwik.webdatacommons.org/memory-alpha.wikia.com/resource/Category:Governments	http://dbkwik.webdatacommons.org/stexpanded.wikia.com/resource/Category:Governments	=	1.0000
http://dbkwik.webdatacommons.org/memory-alpha.wikia.com/resource/Kuvah%27magh	http://dbkwik.webdatacommons.org/stexpanded.wikia.com/resource/Kuvah%27magh	=	1.0000
http://dbkwik.webdatacommons.org/memory-alpha.wikia.com/resource/Light_year	http://dbkwik.webdatacommons.org/stexpanded.wikia.com/resource/Light_year	=	1.0000
http://dbkwik.webdatacommons.org/memory-alpha.wikia.com/resource/Category:Punishments	http://dbkwik.webdatacommons.org/stexpanded.wikia.com/resource/Category:Punishments	=	1.0000
http://dbkwik.webdatacommons.org/memory-alpha.wikia.com/resource/Tantalus_field	http://dbkwik.webdatacommons.org/stexpanded.wikia.com/resource/Tantalus_field	=	1.0000
http://dbkwik.webdatacommons.org/memory-alpha.wikia.com/resource/Starbase_173	http://dbkwik.webdatacommons.org/stexpanded.wikia.com/resource/Starbase_193	=	0.8706
http://dbkwik.webdatacommons.org/memory-alpha.wikia.com/resource/Edward_Jellico	http://dbkwik.webdatacommons.org/stexpanded.wikia.com/resource/Edward_Jellico	=	1.0000
http://dbkwik.webdatacommons.org/memory-alpha.wikia.com/resource/Category:Beverages	http://dbkwik.webdatacommons.org/stexpanded.wikia.com/resource/Category:Beverages	=	1.0000
http://dbkwik.webdatacommons.org/memory-alpha.wikia.com/resource/Ghorusda	http://dbkwik.webdatacommons.org/stexpanded.wikia.com/resource/Ghorusda	=	1.0000
http://memory-alpha.wikia.com/wiki/Special:FilePath/Valdore.jpg	http://stexpanded.wikia.com/wiki/Special:FilePath/Valdore.jpg	=	1.0000
http://memory-alpha.wikia.com/wiki/Special:FilePath/Uhura_(mirror).jpg?width=300	http://stexpanded.wikia.com/wiki/Special:FilePath/Uhura_(mirror).jpg?width=300	=	1.0000
http://dbkwik.webdatacommons.org/memory-alpha.wikia.com/resource/Vetar	http://dbkwik.webdatacommons.org/stexpanded.wikia.com/resource/Vetar	=	1.0000
http://dbkwik.webdatacommons.org/memory-alpha.wikia.com/resource/2320s	http://dbkwik.webdatacommons.org/stexpanded.wikia.com/resource/2320s	=	1.0000
http://dbkwik.webdatacommons.org/memory-alpha.wikia.com/resource/God	http://dbkwik.webdatacommons.org/stexpanded.wikia.com/resource/God	=	1.0000
http://dbkwik.webdatacommons.org/memory-alpha.wikia.com/resource/Daedalus	http://dbkwik.webdatacommons.org/stexpanded.wikia.com/resource/Daedalus	=	1.0000
http://memory-alpha.wikia.com/wiki/Special:FilePath/V%27ger_cloud.jpg?width=300	http://stexpanded.wikia.com/wiki/Special:FilePath/Cloud.jpg?width=300	=	0.8665
http://dbkwik.webdatacommons.org/memory-alpha.wikia.com/resource/Category:Hybrids	http://dbkwik.webdatacommons.org/stexpanded.wikia.com/resource/Category:Hybrids	=	1.0000
http://dbkwik.webdatacommons.org/memory-alpha.wikia.com/resource/2163	http://dbkwik.webdatacommons.org/stexpanded.wikia.com/resource/2163	=	1.0000
http://dbkwik.webdatacommons.org/memory-alpha.wikia.com/resource/Changeling	http://dbkwik.webdatacommons.org/stexpanded.wikia.com/resource/Changeling	=	1.0000
http://dbkwik.webdatacommons.org/memory-alpha.wikia.com/resource/Africa	http://dbkwik.webdatacommons.org/stexpanded.wikia.com/resource/Africa	=	1.0000
http://dbkwik.webdatacommons.org/memory-alpha.wikia.com/resource/James_T._Kirk_(mirror)	http://dbkwik.webdatacommons.org/stexpanded.wikia.com/resource/James_T._Kirk_(mirror)	=	1.0000
http://dbkwik.webdatacommons.org/memory-alpha.wikia.com/resource/2280	http://dbkwik.webdatacommons.org/stexpanded.wikia.com/resource/2280	=	1.0000
http://dbkwik.webdatacommons.org/memory-alpha.wikia.com/resource/Category:Bajoran_Militia_personnel	http://dbkwik.webdatacommons.org/stexpanded.wikia.com/resource/Category:Bajoran_Militia_personnel	=	1.0000
http://dbkwik.webdatacommons.org/memory-alpha.wikia.com/resource/Carol_Marcus	http://dbkwik.webdatacommons.org/stexpanded.wikia.com/resource/Carol_Marcus	=	1.0000
http://dbkwik.webdatacommons.org/memory-alpha.wikia.com/resource/Christchurch	http://dbkwik.webdatacommons.org/stexpanded.wikia.com/resource/Christchurch	=	1.0000
http://memory-alpha.wikia.com/wiki/Special:FilePath/Teero_Anaydis.jpg	http://stexpanded.wikia.com/wiki/Special:FilePath/Teero_Anaydis.jpg	=	1.0000
http://dbkwik.webdatacommons.org/memory-alpha.wikia.com/resource/2004	http://dbkwik.webdatacommons.org/stexpanded.wikia.com/resource/2004	=	1.0000
http://memory-alpha.wikia.com/wiki/Special:FilePath/Delta_Flyer.jpg	http://stexpanded.wikia.com/wiki/Special:FilePath/Delta_Flyer.jpg	=	1.0000
http://dbkwik.webdatacommons.org/memory-alpha.wikia.com/resource/Delta_Quadrant	http://dbkwik.webdatacommons.org/stexpanded.wikia.com/resource/Delta_Quadrant	=	1.0000
http://dbkwik.webdatacommons.org/memory-alpha.wikia.com/resource/31st_century	http://dbkwik.webdatacommons.org/stexpanded.wikia.com/resource/31st_century	=	1.0000
http://dbkwik.webdatacommons.org/memory-alpha.wikia.com/resource/Switzerland	http://dbkwik.webdatacommons.org/stexpanded.wikia.com/resource/Switzerland	=	1.0000
http://dbkwik.webdatacommons.org/memory-alpha.wikia.com/resource/Cochrane	http://dbkwik.webdatacommons.org/stexpanded.wikia.com/resource/Cochrane	=	1.0000
http://dbkwik.webdatacommons.org/memory-alpha.wikia.com/resource/Category:Time	http://dbkwik.webdatacommons.org/stexpanded.wikia.com/resource/Category:Time	=	1.0000
http://dbkwik.webdatacommons.org/memory-alpha.wikia.com/resource/2134	http://dbkwik.webdatacommons.org/stexpanded.wikia.com/resource/2134	=	1.0000
http://memory-alpha.wikia.com/wiki/Special:FilePath/Marva_IV.jpg?width=300	http://stexpanded.wikia.com/wiki/Special:FilePath/Marva_IV.jpg?width=300	=	1.0000
http://dbkwik.webdatacommons.org/memory-alpha.wikia.com/resource/Clarke	http://dbkwik.webdatacommons.org/stexpanded.wikia.com/resource/Clarke	=	1.0000
http://dbkwik.webdatacommons.org/memory-alpha.wikia.com/resource/Joanna_McCoy	http://dbkwik.webdatacommons.org/stexpanded.wikia.com/resource/Joanna_McCoy	=	1.0000
http://memory-alpha.wikia.com/wiki/Special:FilePath/Stavos_Keniclius.jpg?width=300	http://stexpanded.wikia.com/wiki/Special:FilePath/Stavos_Keniclius.jpg?width=300	=	1.0000
http://dbkwik.webdatacommons.org/memory-alpha.wikia.com/resource/2342	http://dbkwik.webdatacommons.org/stexpanded.wikia.com/resource/2342	=	1.0000
http://dbkwik.webdatacommons.org/memory-alpha.wikia.com/resource/Protomatter	http://dbkwik.webdatacommons.org/stexpanded.wikia.com/resource/Protomatter	=	1.0000
http://memory-alpha.wikia.com/wiki/Special:FilePath/USS_Phoenix.jpg	http://stexpanded.wikia.com/wiki/Special:FilePath/Uss_phoenix.jpg	=	1.0000
http://dbkwik.webdatacommons.org/memory-alpha.wikia.com/resource/Wraith	http://dbkwik.webdatacommons.org/stexpanded.wikia.com/resource/Wraith	=	1.0000
http://dbkwik.webdatacommons.org/memory-alpha.wikia.com/resource/Na%27kuhl	http://dbkwik.webdatacommons.org/stexpanded.wikia.com/resource/Na%27kuhl	=	1.0000
http://dbkwik.webdatacommons.org/memory-alpha.wikia.com/resource/Hyronalin	http://dbkwik.webdatacommons.org/stexpanded.wikia.com/resource/Hyronalin	=	1.0000
http://memory-alpha.wikia.com/wiki/Special:FilePath/Regula_I_and_Mutara_Nebula.jpg	http://stexpanded.wikia.com/wiki/Special:FilePath/Regula_I_and_Mutara_Nebula.jpg	=	1.0000
http://dbkwik.webdatacommons.org/memory-alpha.wikia.com/resource/Star_Trek:_The_Animated_Series	http://dbkwik.webdatacommons.org/stexpanded.wikia.com/resource/Star_Trek:_The_Animated_Series_Comics	=	0.8815
http://memory-alpha.wikia.com/wiki/Special:FilePath/Cardassian_orbital_weapon_platform.jpg?width=300	http://stexpanded.wikia.com/wiki/Special:FilePath/Cardassian_orbital_weapon_platform.jpg?width=300	=	1.0000
http://memory-alpha.wikia.com/wiki/Special:FilePath/Styles.jpg?width=300	http://stexpanded.wikia.com/wiki/Special:FilePath/Styles.jpg?width=300	=	1.0000
http://dbkwik.webdatacommons.org/memory-alpha.wikia.com/resource/First_sergeant	http://dbkwik.webdatacommons.org/stexpanded.wikia.com/resource/First_sergeant	=	1.0000
http://memory-alpha.wikia.com/wiki/Special:FilePath/Intrepid_class_crew_quarters.jpg	http://stexpanded.wikia.com/wiki/Special:FilePath/Intrepid_class_crew_quarters.jpg	=	1.0000
http://dbkwik.webdatacommons.org/memory-alpha.wikia.com/resource/2322	http://dbkwik.webdatacommons.org/stexpanded.wikia.com/resource/2322	=	1.0000
http://memory-alpha.wikia.com/wiki/Special:FilePath/Naomi2394.jpg	http://stexpanded.wikia.com/wiki/Special:FilePath/Naomi2394.jpg	=	1.0000
http://dbkwik.webdatacommons.org/memory-alpha.wikia.com/resource/Romulan_starships	http://dbkwik.webdatacommons.org/stexpanded.wikia.com/resource/Romulan_starships	=	1.0000
http://memory-alpha.wikia.com/wiki/Special:FilePath/Odo_Mirror02.jpg?width=300	http://stexpanded.wikia.com/wiki/Special:FilePath/Odo_Mirror02.jpg?width=300	=	1.0000
http://memory-alpha.wikia.com/wiki/Special:FilePath/Astrometrics.jpg?width=300	http://stexpanded.wikia.com/wiki/Special:FilePath/Astrometrics.jpg?width=300	=	1.0000
http://dbkwik.webdatacommons.org/memory-alpha.wikia.com/resource/Main_Page	http://dbkwik.webdatacommons.org/stexpanded.wikia.com/resource/Main_Page	=	1.0000
http://dbkwik.webdatacommons.org/memory-alpha.wikia.com/resource/Lela_Dax	http://dbkwik.webdatacommons.org/stexpanded.wikia.com/resource/Lela_Dax	=	1.0000
http://dbkwik.webdatacommons.org/memory-alpha.wikia.com/resource/Assistant_chief_engineer	http://dbkwik.webdatacommons.org/stexpanded.wikia.com/resource/Assistant_chief_engineer	=	1.0000
http://memory-alpha.wikia.com/wiki/Special:FilePath/Smiley_O%27Brien.jpg	http://stexpanded.wikia.com/wiki/Special:FilePath/Smiley_O%27Brien.jpg	=	1.0000
http://memory-alpha.wikia.com/wiki/Special:FilePath/Ent_capt.png	http://stexpanded.wikia.com/wiki/Special:FilePath/CAPT_(ENT).png	=	0.8967
http://dbkwik.webdatacommons.org/memory-alpha.wikia.com/resource/Eleventh_Order	http://dbkwik.webdatacommons.org/stexpanded.wikia.com/resource/Eleventh_Order	=	1.0000
http://dbkwik.webdatacommons.org/memory-alpha.wikia.com/resource/Federation_Diplomatic_Corps	http://dbkwik.webdatacommons.org/stexpanded.wikia.com/resource/Federation_Diplomatic_Corps	=	1.0000
http://memory-alpha.wikia.com/wiki/Special:FilePath/D%27Kora_class,_aft.jpg	http://stexpanded.wikia.com/wiki/Special:FilePath/D%27Kora_Class.jpg	=	0.8853
http://dbkwik.webdatacommons.org/memory-alpha.wikia.com/resource/USS_Enterprise_(NCC-1701-D)	http://dbkwik.webdatacommons.org/stexpanded.wikia.com/resource/USS_Enterprise_(NCC-1701-D)	=	1.0000
http://dbkwik.webdatacommons.org/memory-alpha.wikia.com/property/combatant	http://dbkwik.webdatacommons.org/stexpanded.wikia.com/property/combatant	=	1.0000
http://dbkwik.webdatacommons.org/memory-alpha.wikia.com/resource/USS_Yukon	http://dbkwik.webdatacommons.org/stexpanded.wikia.com/resource/USS_Yukon	=	1.0000
http://dbkwik.webdatacommons.org/memory-alpha.wikia.com/class/iss	http://dbkwik.webdatacommons.org/stexpanded.wikia.com/class/iss	=	1.0000
http://memory-alpha.wikia.com/wiki/Special:FilePath/Xindi-Insectoid.jpg?width=300	http://stexpanded.wikia.com/wiki/Special:FilePath/Xindi-Insectoid.jpg?width=300	=	1.0000
http://dbkwik.webdatacommons.org/memory-alpha.wikia.com/resource/2060s	http://dbkwik.webdatacommons.org/stexpanded.wikia.com/resource/2060s	=	1.0000
http://dbkwik.webdatacommons.org/memory-alpha.wikia.com/resource/Cait	http://dbkwik.webdatacommons.org/stexpanded.wikia.com/resource/Cait	=	1.0000
http://dbkwik.webdatacommons.org/memory-alpha.wikia.com/resource/Amanda_Grayson	http://dbkwik.webdatacommons.org/stexpanded.wikia.com/resource/Amanda_Grayson	=	1.0000
http://dbkwik.webdatacommons.org/memory-alpha.wikia.com/property/date	http://dbkwik.webdatacommons.org/stexpanded.wikia.com/property/date	=	1.0000
http://dbkwik.webdatacommons.org/memory-alpha.wikia.com/resource/Charles_Tucker_III	http://dbkwik.webdatacommons.org/stexpanded.wikia.com/resource/Charles_Tucker_III	=	1.0000
http://dbkwik.webdatacommons.org/memory-alpha.wikia.com/resource/2395	http://dbkwik.webdatacommons.org/stexpanded.wikia.com/resource/2395	=	1.0000
http://memory-alpha.wikia.com/wiki/Special:FilePath/Rebecca_Sullivan.jpg	http://stexpanded.wikia.com/wiki/Special:FilePath/Rebecca_Sullivan.jpg	=	1.0000
http://dbkwik.webdatacommons.org/memory-alpha.wikia.com/resource/Rator_III	http://dbkwik.webdatacommons.org/stexpanded.wikia.com/resource/Rator_III	=	1.0000
http://dbkwik.webdatacommons.org/memory-alpha.wikia.com/resource/Cardassia_Prime	http://dbkwik.webdatacommons.org/stexpanded.wikia.com/resource/Cardassia_Prime	=	1.0000
http://memory-alpha.wikia.com/wiki/Special:FilePath/Eric_Bana.jpg?width=300	http://stexpanded.wikia.com/wiki/Special:FilePath/Eric_bana.jpg?width=300	=	1.0000
http://dbkwik.webdatacommons.org/memory-alpha.wikia.com/resource/2302	http://dbkwik.webdatacommons.org/stexpanded.wikia.com/resource/2302	=	1.0000
http://dbkwik.webdatacommons.org/memory-alpha.wikia.com/resource/Starbase_22	http://dbkwik.webdatacommons.org/stexpanded.wikia.com/resource/Starbase_22	=	1.0000
http://dbkwik.webdatacommons.org/memory-alpha.wikia.com/resource/Christopher_Pike_(alternate_reality)	http://dbkwik.webdatacommons.org/stexpanded.wikia.com/resource/Christopher_Pike_(alternate_reality)	=	1.0000
http://dbkwik.webdatacommons.org/memory-alpha.wikia.com/resource/Multiple_star_system	http://dbkwik.webdatacommons.org/stexpanded.wikia.com/resource/Multiple_star_system	=	1.0000
http://dbkwik.webdatacommons.org/memory-alpha.wikia.com/resource/Category:USS_Enterprise_(NCC-1701-A)_personnel	http://dbkwik.webdatacommons.org/stexpanded.wikia.com/resource/Category:USS_Enterprise_(NCC-1701-A)_personnel	=	1.0000
http://memory-alpha.wikia.com/wiki/Special:FilePath/Scorpion_class.jpg?width=300	http://stexpanded.wikia.com/wiki/Special:FilePath/Fed_Scorpion_class01.jpg?width=300	=	0.9013
http://memory-alpha.wikia.com/wiki/Special:FilePath/Soran.jpg?width=300	http://stexpanded.wikia.com/wiki/Special:FilePath/Soran.jpg?width=300	=	1.0000
http://memory-alpha.wikia.com/wiki/Special:FilePath/Aurora.jpg?width=300	http://stexpanded.wikia.com/wiki/Special:FilePath/Aurora.jpg?width=300	=	1.0000
http://memory-alpha.wikia.com/wiki/Special:FilePath/Coal.jpg?width=300	http://stexpanded.wikia.com/wiki/Special:FilePath/Coal.jpg?width=300	=	1.0000
http://dbkwik.webdatacommons.org/memory-alpha.wikia.com/resource/Command_division	http://dbkwik.webdatacommons.org/stexpanded.wikia.com/resource/Command_division	=	1.0000
http://dbkwik.webdatacommons.org/memory-alpha.wikia.com/resource/Omega_molecule	http://dbkwik.webdatacommons.org/stexpanded.wikia.com/resource/Omega_molecule	=	1.0000
http://dbkwik.webdatacommons.org/memory-alpha.wikia.com/resource/Protoplaser	http://dbkwik.webdatacommons.org/stexpanded.wikia.com/resource/Protoplaser	=	1.0000
http://dbkwik.webdatacommons.org/memory-alpha.wikia.com/resource/Nova	http://dbkwik.webdatacommons.org/stexpanded.wikia.com/resource/Nova	=	1.0000
http://memory-alpha.wikia.com/wiki/Special:FilePath/Thera.jpg?width=300	http://stexpanded.wikia.com/wiki/Special:FilePath/Therav.jpg?width=300	=	0.9222
http://dbkwik.webdatacommons.org/memory-alpha.wikia.com/resource/Romulan_shuttle	http://dbkwik.webdatacommons.org/stexpanded.wikia.com/resource/Romulan_shuttle	=	1.0000
http://dbkwik.webdatacommons.org/memory-alpha.wikia.com/resource/2120s	http://dbkwik.webdatacommons.org/stexpanded.wikia.com/resource/2120s	=	1.0000
http://dbkwik.webdatacommons.org/memory-alpha.wikia.com/resource/T%27Pol	http://dbkwik.webdatacommons.org/stexpanded.wikia.com/resource/T%27Pol	=	1.0000
http://dbkwik.webdatacommons.org/memory-alpha.wikia.com/resource/Vulcan	http://dbkwik.webdatacommons.org/stexpanded.wikia.com/resource/Vulcan	=	1.0000
http://dbkwik.webdatacommons.org/memory-alpha.wikia.com/resource/2271	http://dbkwik.webdatacommons.org/stexpanded.wikia.com/resource/2271	=	1.0000
http://dbkwik.webdatacommons.org/memory-alpha.wikia.com/resource/Diplomat	http://dbkwik.webdatacommons.org/stexpanded.wikia.com/resource/Diplomat	=	1.0000
http://dbkwik.webdatacommons.org/memory-alpha.wikia.com/resource/602_Club	http://dbkwik.webdatacommons.org/stexpanded.wikia.com/resource/602_Club	=	1.0000
http://dbkwik.webdatacommons.org/memory-alpha.wikia.com/resource/Staff_officer	http://dbkwik.webdatacommons.org/stexpanded.wikia.com/resource/Staff_officer	=	1.0000
http://dbkwik.webdatacommons.org/memory-alpha.wikia.com/resource/Hospital	http://dbkwik.webdatacommons.org/stexpanded.wikia.com/resource/Hospital	=	1.0000
http://dbkwik.webdatacommons.org/memory-alpha.wikia.com/resource/Australia	http://dbkwik.webdatacommons.org/stexpanded.wikia.com/resource/Australia	=	1.0000
http://dbkwik.webdatacommons.org/memory-alpha.wikia.com/resource/1987	http://dbkwik.webdatacommons.org/stexpanded.wikia.com/resource/1987	=	1.0000
http://memory-alpha.wikia.com/wiki/Special:FilePath/Richards.jpg	http://stexpanded.wikia.com/wiki/Special:FilePath/richards.jpg	=	1.0000
http://memory-alpha.wikia.com/wiki/Special:FilePath/Daniels2.jpg?width=300	http://stexpanded.wikia.com/wiki/Special:FilePath/Daniels2.jpg?width=300	=	1.0000
http://dbkwik.webdatacommons.org/memory-alpha.wikia.com/resource/Division	http://dbkwik.webdatacommons.org/stexpanded.wikia.com/resource/Division	=	1.0000
http://dbkwik.webdatacommons.org/memory-alpha.wikia.com/resource/Deep_Space_7	http://dbkwik.webdatacommons.org/stexpanded.wikia.com/resource/Deep_Space_7	=	1.0000
http://dbkwik.webdatacommons.org/memory-alpha.wikia.com/resource/2212	http://dbkwik.webdatacommons.org/stexpanded.wikia.com/resource/2212	=	1.0000
http://memory-alpha.wikia.com/wiki/Special:FilePath/Gorta.jpg?width=300	http://stexpanded.wikia.com/wiki/Special:FilePath/Gorgava.jpg?width=300	=	0.8709
http://memory-alpha.wikia.com/wiki/Special:FilePath/Valeris.jpg?width=300	http://stexpanded.wikia.com/wiki/Special:FilePath/Valeris.jpg?width=300	=	1.0000
http://dbkwik.webdatacommons.org/memory-alpha.wikia.com/resource/Lovok	http://dbkwik.webdatacommons.org/stexpanded.wikia.com/resource/Lovok	=	1.0000
http://dbkwik.webdatacommons.org/memory-alpha.wikia.com/resource/Aurelian	http://dbkwik.webdatacommons.org/stexpanded.wikia.com/resource/Aurelian	=	1.0000
http://memory-alpha.wikia.com/wiki/Special:FilePath/Hogan.jpg	http://stexpanded.wikia.com/wiki/Special:FilePath/Hogan.jpg	=	1.0000
http://memory-alpha.wikia.com/wiki/Special:FilePath/Data,_2366.jpg?width=300	http://stexpanded.wikia.com/wiki/Special:FilePath/Data_(2366).jpg?width=300	=	1.0000
http://memory-alpha.wikia.com/wiki/Special:FilePath/Taris.jpg?width=300	http://stexpanded.wikia.com/wiki/Special:FilePath/K%27Taria.jpg?width=300	=	0.8715
http://memory-alpha.wikia.com/wiki/Special:FilePath/Kira_and_Kira.jpg	http://stexpanded.wikia.com/wiki/Special:FilePath/Kira_and_Kira.jpg	=	1.0000
http://dbkwik.webdatacommons.org/memory-alpha.wikia.com/resource/Sarina_Douglas	http://dbkwik.webdatacommons.org/stexpanded.wikia.com/resource/Sarina_Douglas	=	1.0000
http://dbkwik.webdatacommons.org/memory-alpha.wikia.com/resource/Star_Trek:_Final_Frontier	http://dbkwik.webdatacommons.org/stexpanded.wikia.com/resource/Star_Trek:_Frontier	=	0.8670
http://dbkwik.webdatacommons.org/memory-alpha.wikia.com/resource/2165	http://dbkwik.webdatacommons.org/stexpanded.wikia.com/resource/2165	=	1.0000
http://memory-alpha.wikia.com/wiki/Special:FilePath/Vorcha_class.jpg	http://stexpanded.wikia.com/wiki/Special:FilePath/Vorcha-class.jpg	=	1.0000
http://memory-alpha.wikia.com/wiki/Special:FilePath/Korinas.jpg	http://stexpanded.wikia.com/wiki/Special:FilePath/Korinas.jpg	=	1.0000
http://dbkwik.webdatacommons.org/memory-alpha.wikia.com/resource/Kiaphet_Amman%27sor	http://dbkwik.webdatacommons.org/stexpanded.wikia.com/resource/Kiaphet_Amman%27sor	=	1.0000
http://memory-alpha.wikia.com/wiki/Special:FilePath/Galaxy_class_torpedo_launcher.jpg?width=300	http://stexpanded.wikia.com/wiki/Special:FilePath/Galaxy_class_torpedo_launcher.jpg?width=300	=	1.0000
http://dbkwik.webdatacommons.org/memory-alpha.wikia.com/resource/Courier	http://dbkwik.webdatacommons.org/stexpanded.wikia.com/resource/Courier	=	1.0000
http://dbkwik.webdatacommons.org/memory-alpha.wikia.com/resource/Category:Literature	http://dbkwik.webdatacommons.org/stexpanded.wikia.com/resource/Category:Literature	=	1.0000
http://memory-alpha.wikia.com/wiki/Special:FilePath/Excelsior_class_refit_sickbay.jpg	http://stexpanded.wikia.com/wiki/Special:FilePath/Excelsior_Class_Refit.jpg	=	0.8815
http://dbkwik.webdatacommons.org/memory-alpha.wikia.com/resource/Paris	http://dbkwik.webdatacommons.org/stexpanded.wikia.com/resource/Paris	=	1.0000
http://dbkwik.webdatacommons.org/memory-alpha.wikia.com/resource/Lieutenant_junior_grade	http://dbkwik.webdatacommons.org/stexpanded.wikia.com/resource/Lieutenant_junior_grade	=	1.0000
http://dbkwik.webdatacommons.org/memory-alpha.wikia.com/resource/Leonard_McCoy	http://dbkwik.webdatacommons.org/stexpanded.wikia.com/resource/Leonard_McCoy	=	1.0000
http://dbkwik.webdatacommons.org/memory-alpha.wikia.com/resource/Miral_Paris	http://dbkwik.webdatacommons.org/stexpanded.wikia.com/resource/Miral_Paris	=	1.0000
http://dbkwik.webdatacommons.org/memory-alpha.wikia.com/resource/Erewon_class	http://dbkwik.webdatacommons.org/stexpanded.wikia.com/resource/Erewon_class	=	1.0000
http://dbkwik.webdatacommons.org/memory-alpha.wikia.com/resource/Yeoman	http://dbkwik.webdatacommons.org/stexpanded.wikia.com/resource/Yeoman	=	1.0000
http://dbkwik.webdatacommons.org/memory-alpha.wikia.com/resource/USS_Republic	http://dbkwik.webdatacommons.org/stexpanded.wikia.com/resource/USS_Republic	=	1.0000
http://dbkwik.webdatacommons.org/memory-alpha.wikia.com/resource/Bird-of-Prey	http://dbkwik.webdatacommons.org/stexpanded.wikia.com/resource/Bird-of-Prey	=	1.0000
http://memory-alpha.wikia.com/wiki/Special:FilePath/Ent_lt.png?width=300	http://stexpanded.wikia.com/wiki/Special:FilePath/LT_(ENT).png?width=300	=	0.9383
http://dbkwik.webdatacommons.org/memory-alpha.wikia.com/resource/Richard_Castillo	http://dbkwik.webdatacommons.org/stexpanded.wikia.com/resource/Richard_Castillo	=	1.0000
http://dbkwik.webdatacommons.org/memory-alpha.wikia.com/resource/Defiant	http://dbkwik.webdatacommons.org/stexpanded.wikia.com/resource/Defiant	=	1.0000
http://dbkwik.webdatacommons.org/memory-alpha.wikia.com/resource/Vulcan_Science_Academy	http://dbkwik.webdatacommons.org/stexpanded.wikia.com/resource/Vulcan_Science_Academy	=	1.0000
http://dbkwik.webdatacommons.org/memory-alpha.wikia.com/resource/2326	http://dbkwik.webdatacommons.org/stexpanded.wikia.com/resource/2326	=	1.0000
http://memory-alpha.wikia.com/wiki/Special:FilePath/ADM.jpg?width=300	http://stexpanded.wikia.com/wiki/Special:FilePath/Adm-006.jpg?width=300	=	0.8789
http://memory-alpha.wikia.com/wiki/Special:FilePath/Borath.jpg	http://stexpanded.wikia.com/wiki/Special:FilePath/Borath.jpg	=	1.0000
http://dbkwik.webdatacommons.org/memory-alpha.wikia.com/resource/DNA	http://dbkwik.webdatacommons.org/stexpanded.wikia.com/resource/DNA	=	1.0000
http://memory-alpha.wikia.com/wiki/Special:FilePath/Gabriel.jpg	http://stexpanded.wikia.com/wiki/Special:FilePath/Gabriel.jpg	=	1.0000
http://dbkwik.webdatacommons.org/memory-alpha.wikia.com/resource/Great_Link	http://dbkwik.webdatacommons.org/stexpanded.wikia.com/resource/Great_Link	=	1.0000
http://dbkwik.webdatacommons.org/memory-alpha.wikia.com/resource/Valo_II	http://dbkwik.webdatacommons.org/stexpanded.wikia.com/resource/Valo_II	=	1.0000
http://dbkwik.webdatacommons.org/memory-alpha.wikia.com/resource/Sector_commander	http://dbkwik.webdatacommons.org/stexpanded.wikia.com/resource/Sector_commander	=	1.0000
http://memory-alpha.wikia.com/wiki/Special:FilePath/Tos.jpg?width=300	http://stexpanded.wikia.com/wiki/Special:FilePath/Tosnoqua.jpg?width=300	=	0.8680
http://dbkwik.webdatacommons.org/memory-alpha.wikia.com/resource/IKS_Amar	http://dbkwik.webdatacommons.org/stexpanded.wikia.com/resource/IKS_Amar	=	1.0000
http://dbkwik.webdatacommons.org/memory-alpha.wikia.com/resource/Rank	http://dbkwik.webdatacommons.org/stexpanded.wikia.com/property/rank	=	1.0000
http://memory-alpha.wikia.com/wiki/Special:FilePath/Spockchapel.jpg	http://stexpanded.wikia.com/wiki/Special:FilePath/Spockchapel.jpg	=	1.0000
http://dbkwik.webdatacommons.org/memory-alpha.wikia.com/resource/Red_alert	http://dbkwik.webdatacommons.org/stexpanded.wikia.com/resource/Red_alert	=	1.0000
http://dbkwik.webdatacommons.org/memory-alpha.wikia.com/resource/Horizon	http://dbkwik.webdatacommons.org/stexpanded.wikia.com/resource/Horizon	=	1.0000
http://dbkwik.webdatacommons.org/memory-alpha.wikia.com/resource/1970	http://dbkwik.webdatacommons.org/stexpanded.wikia.com/resource/1970	=	1.0000
http://dbkwik.webdatacommons.org/memory-alpha.wikia.com/resource/2283	http://dbkwik.webdatacommons.org/stexpanded.wikia.com/resource/2283	=	1.0000
http://dbkwik.webdatacommons.org/memory-alpha.wikia.com/resource/Moropa	http://dbkwik.webdatacommons.org/stexpanded.wikia.com/resource/Moropa	=	1.0000
http://dbkwik.webdatacommons.org/memory-alpha.wikia.com/property/died	http://dbkwik.webdatacommons.org/stexpanded.wikia.com/property/died	=	1.0000
http://dbkwik.webdatacommons.org/memory-alpha.wikia.com/resource/30th_century	http://dbkwik.webdatacommons.org/stexpanded.wikia.com/resource/30th_century	=	1.0000
http://dbkwik.webdatacommons.org/memory-alpha.wikia.com/resource/Category:Gorn	http://dbkwik.webdatacommons.org/stexpanded.wikia.com/resource/Category:Gorn	=	1.0000
http://memory-alpha.wikia.com/wiki/Special:FilePath/Arkonian_destroyer.jpg	http://stexpanded.wikia.com/wiki/Special:FilePath/Arkonian_destroyer.jpg	=	1.0000
http://memory-alpha.wikia.com/wiki/Special:FilePath/Sarina_Douglas,_2374.jpg?width=300	http://stexpanded.wikia.com/wiki/Special:FilePath/Sarina_Douglas_2374.jpg?width=300	=	1.0000
http://memory-alpha.wikia.com/wiki/Special:FilePath/Whale_Probe.jpg	http://stexpanded.wikia.com/wiki/Special:FilePath/WhaleProbe.jpg	=	1.0000
http://dbkwik.webdatacommons.org/memory-alpha.wikia.com/resource/Atlas	http://dbkwik.webdatacommons.org/stexpanded.wikia.com/resource/Atlas	=	1.0000
http://dbkwik.webdatacommons.org/memory-alpha.wikia.com/resource/Hayes	http://dbkwik.webdatacommons.org/stexpanded.wikia.com/resource/Hayes	=	1.0000
http://dbkwik.webdatacommons.org/memory-alpha.wikia.com/resource/2159	http://dbkwik.webdatacommons.org/stexpanded.wikia.com/resource/2159	=	1.0000
http://dbkwik.webdatacommons.org/memory-alpha.wikia.com/resource/Colorado	http://dbkwik.webdatacommons.org/stexpanded.wikia.com/resource/Colorado	=	1.0000
http://dbkwik.webdatacommons.org/memory-alpha.wikia.com/resource/Geordi_La_Forge	http://dbkwik.webdatacommons.org/stexpanded.wikia.com/resource/Geordi_La_Forge	=	1.0000
http://dbkwik.webdatacommons.org/memory-alpha.wikia.com/resource/Starfleet_Command	http://dbkwik.webdatacommons.org/stexpanded.wikia.com/resource/Starfleet_Command	=	1.0000
http://memory-alpha.wikia.com/wiki/Special:FilePath/San_Francisco_attacked.jpg	http://stexpanded.wikia.com/wiki/Special:FilePath/San_Francisco_attacked2.jpg	=	0.9392
http://memory-alpha.wikia.com/wiki/Special:FilePath/EMHMarkI.jpg	http://stexpanded.wikia.com/wiki/Special:FilePath/EMHMarkI.jpg	=	1.0000
http://dbkwik.webdatacommons.org/memory-alpha.wikia.com/resource/Mizar_II	http://dbkwik.webdatacommons.org/stexpanded.wikia.com/resource/Mizar_II	=	1.0000
http://dbkwik.webdatacommons.org/memory-alpha.wikia.com/resource/National_Socialist_Party	http://dbkwik.webdatacommons.org/stexpanded.wikia.com/resource/National_Socialist_Party	=	1.0000
http://dbkwik.webdatacommons.org/memory-alpha.wikia.com/resource/Azetbur	http://dbkwik.webdatacommons.org/stexpanded.wikia.com/resource/Azetbur	=	1.0000
http://dbkwik.webdatacommons.org/memory-alpha.wikia.com/resource/Star_Trek:_Prometheus	http://dbkwik.webdatacommons.org/stexpanded.wikia.com/resource/Star_Trek:_Prometheus	=	1.0000
http://dbkwik.webdatacommons.org/memory-alpha.wikia.com/resource/Flagstaff	http://dbkwik.webdatacommons.org/stexpanded.wikia.com/resource/Flagstaff	=	1.0000
http://dbkwik.webdatacommons.org/memory-alpha.wikia.com/resource/2390	http://dbkwik.webdatacommons.org/stexpanded.wikia.com/resource/2390	=	1.0000
http://dbkwik.webdatacommons.org/memory-alpha.wikia.com/resource/24th_century	http://dbkwik.webdatacommons.org/stexpanded.wikia.com/resource/24th_century	=	1.0000
http://dbkwik.webdatacommons.org/memory-alpha.wikia.com/resource/Neptune	http://dbkwik.webdatacommons.org/stexpanded.wikia.com/resource/Neptune	=	1.0000
http://dbkwik.webdatacommons.org/memory-alpha.wikia.com/resource/2005	http://dbkwik.webdatacommons.org/stexpanded.wikia.com/resource/2005	=	1.0000
http://dbkwik.webdatacommons.org/memory-alpha.wikia.com/resource/2294	http://dbkwik.webdatacommons.org/stexpanded.wikia.com/resource/2294	=	1.0000
http://dbkwik.webdatacommons.org/memory-alpha.wikia.com/resource/2321	http://dbkwik.webdatacommons.org/stexpanded.wikia.com/resource/2321	=	1.0000
http://memory-alpha.wikia.com/wiki/Special:FilePath/USS_Kelvin.jpg?width=300	http://stexpanded.wikia.com/wiki/Special:FilePath/USS_Kelvin.jpg?width=300	=	1.0000
http://memory-alpha.wikia.com/wiki/Special:FilePath/Typhon_Expanse_map.jpg?width=300	http://stexpanded.wikia.com/wiki/Special:FilePath/Typhon_Expanse_map.jpg?width=300	=	1.0000
http://dbkwik.webdatacommons.org/memory-alpha.wikia.com/resource/Diplomacy_and_law	http://dbkwik.webdatacommons.org/stexpanded.wikia.com/resource/Diplomacy_and_law	=	1.0000
http://dbkwik.webdatacommons.org/memory-alpha.wikia.com/resource/Vidiian_Sodality	http://dbkwik.webdatacommons.org/stexpanded.wikia.com/resource/Vidiian_Sodality	=	1.0000
http://dbkwik.webdatacommons.org/memory-alpha.wikia.com/resource/Starbase_32	http://dbkwik.webdatacommons.org/stexpanded.wikia.com/resource/Starbase_32	=	1.0000
http://dbkwik.webdatacommons.org/memory-alpha.wikia.com/resource/Category:People	http://dbkwik.webdatacommons.org/stexpanded.wikia.com/resource/Category:People	=	1.0000
http://dbkwik.webdatacommons.org/memory-alpha.wikia.com/resource/Vulcan_(disambiguation)	http://dbkwik.webdatacommons.org/stexpanded.wikia.com/resource/Vulcan_(disambiguation)	=	1.0000
http://memory-alpha.wikia.com/wiki/Special:FilePath/Shadow.jpg?width=300	http://stexpanded.wikia.com/wiki/Special:FilePath/Shadow2.jpg?width=300	=	0.9204
http://memory-alpha.wikia.com/wiki/Special:FilePath/Vorcha_fleet,_battle_ds9.jpg	http://stexpanded.wikia.com/wiki/Special:FilePath/Vorcha_fleet,_battle_ds9.jpg	=	1.0000
http://dbkwik.webdatacommons.org/memory-alpha.wikia.com/resource/19th_century	http://dbkwik.webdatacommons.org/stexpanded.wikia.com/resource/19th_century	=	1.0000
http://dbkwik.webdatacommons.org/memory-alpha.wikia.com/resource/Starbase_310	http://dbkwik.webdatacommons.org/stexpanded.wikia.com/resource/Starbase_310	=	1.0000
http://dbkwik.webdatacommons.org/memory-alpha.wikia.com/resource/USS_Biko	http://dbkwik.webdatacommons.org/stexpanded.wikia.com/resource/USS_Biko	=	1.0000
http://dbkwik.webdatacommons.org/memory-alpha.wikia.com/resource/2214	http://dbkwik.webdatacommons.org/stexpanded.wikia.com/resource/2214	=	1.0000
http://dbkwik.webdatacommons.org/memory-alpha.wikia.com/resource/Federation_Alliance	http://dbkwik.webdatacommons.org/stexpanded.wikia.com/resource/Federation_Alliance	=	1.0000
http://dbkwik.webdatacommons.org/memory-alpha.wikia.com/resource/Parametallic_hull_plating	http://dbkwik.webdatacommons.org/stexpanded.wikia.com/resource/Parametallic_hull_plating	=	1.0000
http://dbkwik.webdatacommons.org/memory-alpha.wikia.com/resource/Cardassian_Guard	http://dbkwik.webdatacommons.org/stexpanded.wikia.com/resource/Cardassian_Guard	=	1.0000
http://dbkwik.webdatacommons.org/memory-alpha.wikia.com/resource/Category:Physics	http://dbkwik.webdatacommons.org/stexpanded.wikia.com/resource/Category:Physics	=	1.0000
http://dbkwik.webdatacommons.org/memory-alpha.wikia.com/resource/USS_Enterprise_(NCC-1701_alternate_reality)	http://dbkwik.webdatacommons.org/stexpanded.wikia.com/resource/USS_Enterprise_(NCC-1701)_(alternate_reality)	=	1.0000
http://dbkwik.webdatacommons.org/memory-alpha.wikia.com/resource/Category:Angosians	http://dbkwik.webdatacommons.org/stexpanded.wikia.com/resource/Category:Angosians	=	1.0000
http://dbkwik.webdatacommons.org/memory-alpha.wikia.com/resource/Prometheus_class	http://dbkwik.webdatacommons.org/stexpanded.wikia.com/resource/Prometheus_class	=	1.0000
http://dbkwik.webdatacommons.org/memory-alpha.wikia.com/resource/2155	http://dbkwik.webdatacommons.org/stexpanded.wikia.com/resource/2155	=	1.0000
http://memory-alpha.wikia.com/wiki/Special:FilePath/Type_11_shuttle.jpg	http://stexpanded.wikia.com/wiki/Special:FilePath/Type_11_Shuttlecraft.jpg	=	0.8736
http://dbkwik.webdatacommons.org/memory-alpha.wikia.com/resource/Kar%27takin	http://dbkwik.webdatacommons.org/stexpanded.wikia.com/resource/Kar%27takin	=	1.0000
http://dbkwik.webdatacommons.org/memory-alpha.wikia.com/resource/Romulan_Senate	http://dbkwik.webdatacommons.org/stexpanded.wikia.com/resource/Romulan_Senate	=	1.0000
http://dbkwik.webdatacommons.org/memory-alpha.wikia.com/resource/2157	http://dbkwik.webdatacommons.org/stexpanded.wikia.com/resource/2157	=	1.0000
http://dbkwik.webdatacommons.org/memory-alpha.wikia.com/resource/To_Boldly_Go	http://dbkwik.webdatacommons.org/stexpanded.wikia.com/resource/To_Boldly_Go	=	1.0000
http://memory-alpha.wikia.com/wiki/Special:FilePath/Cup_of_tea.jpg	http://stexpanded.wikia.com/wiki/Special:FilePath/CupOfTea.jpg	=	1.0000
http://dbkwik.webdatacommons.org/memory-alpha.wikia.com/resource/Hikaru_Sulu	http://dbkwik.webdatacommons.org/stexpanded.wikia.com/resource/Hikaru_Sulu	=	1.0000
http://dbkwik.webdatacommons.org/memory-alpha.wikia.com/resource/Shopping_mall	http://dbkwik.webdatacommons.org/stexpanded.wikia.com/resource/Shopping_mall	=	1.0000
http://dbkwik.webdatacommons.org/memory-alpha.wikia.com/resource/Stol	http://dbkwik.webdatacommons.org/stexpanded.wikia.com/resource/Stol	=	1.0000
http://memory-alpha.wikia.com/wiki/Special:FilePath/Worf_(mirror).jpg	http://stexpanded.wikia.com/wiki/Special:FilePath/Worf_(mirror).jpg	=	1.0000
http://dbkwik.webdatacommons.org/memory-alpha.wikia.com/resource/2215	http://dbkwik.webdatacommons.org/stexpanded.wikia.com/resource/2215	=	1.0000
http://dbkwik.webdatacommons.org/memory-alpha.wikia.com/resource/Valkyrie	http://dbkwik.webdatacommons.org/stexpanded.wikia.com/resource/Valkyrie	=	1.0000
http://dbkwik.webdatacommons.org/memory-alpha.wikia.com/resource/Sphere-Builder	http://dbkwik.webdatacommons.org/stexpanded.wikia.com/resource/Sphere_Builder	=	1.0000
http://memory-alpha.wikia.com/wiki/Special:FilePath/Jaresh-Inyo.jpg	http://stexpanded.wikia.com/wiki/Special:FilePath/Jaresh-Inyo.jpg	=	1.0000
http://dbkwik.webdatacommons.org/memory-alpha.wikia.com/resource/2282	http://dbkwik.webdatacommons.org/stexpanded.wikia.com/resource/2282	=	1.0000
http://dbkwik.webdatacommons.org/memory-alpha.wikia.com/resource/Starfleet_uniform_(2250s-2260s)	http://dbkwik.webdatacommons.org/stexpanded.wikia.com/resource/Starfleet_uniform_(2265-2270s)	=	0.8989
http://dbkwik.webdatacommons.org/memory-alpha.wikia.com/resource/Nightingale	http://dbkwik.webdatacommons.org/stexpanded.wikia.com/resource/Nightingale	=	1.0000
http://memory-alpha.wikia.com/wiki/Special:FilePath/Transwarphub.jpg	http://stexpanded.wikia.com/wiki/Special:FilePath/Transwarphub.jpg	=	1.0000
http://dbkwik.webdatacommons.org/memory-alpha.wikia.com/resource/Coup_d%27état	http://dbkwik.webdatacommons.org/stexpanded.wikia.com/resource/Coup_d%27état	=	1.0000
http://memory-alpha.wikia.com/wiki/Special:FilePath/Smiley_O%27Brien.jpg?width=300	http://stexpanded.wikia.com/wiki/Special:FilePath/Smiley_O%27Brien.jpg?width=300	=	1.0000
http://memory-alpha.wikia.com/wiki/Special:FilePath/Intrepid_class_sickbay.jpg	http://stexpanded.wikia.com/wiki/Special:FilePath/Intrepid_class_sickbay.jpg	=	1.0000
http://dbkwik.webdatacommons.org/memory-alpha.wikia.com/resource/Xindi	http://dbkwik.webdatacommons.org/stexpanded.wikia.com/resource/Xindi	=	1.0000
http://dbkwik.webdatacommons.org/memory-alpha.wikia.com/resource/Farius_Prime	http://dbkwik.webdatacommons.org/stexpanded.wikia.com/resource/Farius_Prime	=	1.0000
http://dbkwik.webdatacommons.org/memory-alpha.wikia.com/resource/Nacelle	http://dbkwik.webdatacommons.org/stexpanded.wikia.com/resource/Nacelle	=	1.0000
http://dbkwik.webdatacommons.org/memory-alpha.wikia.com/resource/Taurik	http://dbkwik.webdatacommons.org/stexpanded.wikia.com/resource/Taurik	=	1.0000
http://memory-alpha.wikia.com/wiki/Special:FilePath/Teero_Anaydis.jpg?width=300	http://stexpanded.wikia.com/wiki/Special:FilePath/Teero_Anaydis.jpg?width=300	=	1.0000
http://dbkwik.webdatacommons.org/memory-alpha.wikia.com/resource/Destroyer	http://dbkwik.webdatacommons.org/stexpanded.wikia.com/resource/Destroyer	=	1.0000
http://dbkwik.webdatacommons.org/memory-alpha.wikia.com/resource/Washington	http://dbkwik.webdatacommons.org/stexpanded.wikia.com/resource/Washington	=	1.0000
http://dbkwik.webdatacommons.org/memory-alpha.wikia.com/resource/1989	http://dbkwik.webdatacommons.org/stexpanded.wikia.com/resource/1989	=	1.0000
http://dbkwik.webdatacommons.org/memory-alpha.wikia.com/resource/Category:Cardassian_starship_classes	http://dbkwik.webdatacommons.org/stexpanded.wikia.com/resource/Category:Cardassian_starship_classes	=	1.0000
http://memory-alpha.wikia.com/wiki/Special:FilePath/Benny_Russell_and_Doctor_Wykoff.jpg?width=300	http://stexpanded.wikia.com/wiki/Special:FilePath/Benny_Russell_and_Doctor_Wykoff.jpg?width=300	=	1.0000
http://dbkwik.webdatacommons.org/memory-alpha.wikia.com/resource/Apollo_class	http://dbkwik.webdatacommons.org/stexpanded.wikia.com/resource/Apollo_class	=	1.0000
http://dbkwik.webdatacommons.org/memory-alpha.wikia.com/resource/Springfield_class	http://dbkwik.webdatacommons.org/stexpanded.wikia.com/resource/Springfield_class	=	1.0000
http://dbkwik.webdatacommons.org/memory-alpha.wikia.com/resource/Symbiosis_Commission	http://dbkwik.webdatacommons.org/stexpanded.wikia.com/resource/Symbiosis_Commission	=	1.0000
http://dbkwik.webdatacommons.org/memory-alpha.wikia.com/resource/2226	http://dbkwik.webdatacommons.org/stexpanded.wikia.com/resource/2226	=	1.0000
http://memory-alpha.wikia.com/wiki/Special:FilePath/Valley_of_Chula.jpg	http://stexpanded.wikia.com/wiki/Special:FilePath/ValleyOfChula.jpg	=	1.0000
http://dbkwik.webdatacommons.org/memory-alpha.wikia.com/resource/2315	http://dbkwik.webdatacommons.org/stexpanded.wikia.com/resource/2315	=	1.0000
http://dbkwik.webdatacommons.org/memory-alpha.wikia.com/resource/2137	http://dbkwik.webdatacommons.org/stexpanded.wikia.com/resource/2137	=	1.0000
http://memory-alpha.wikia.com/wiki/Special:FilePath/Ro_Laren.jpg	http://stexpanded.wikia.com/wiki/Special:FilePath/RoLaren.jpg	=	1.0000
http://dbkwik.webdatacommons.org/memory-alpha.wikia.com/resource/Turrel	http://dbkwik.webdatacommons.org/stexpanded.wikia.com/resource/Turrel	=	1.0000
http://dbkwik.webdatacommons.org/memory-alpha.wikia.com/resource/Medusan	http://dbkwik.webdatacommons.org/stexpanded.wikia.com/resource/Medusan	=	1.0000
http://memory-alpha.wikia.com/wiki/Special:FilePath/Ro_Laren.jpg?width=300	http://stexpanded.wikia.com/wiki/Special:FilePath/RoLaren.jpg?width=300	=	1.0000
http://dbkwik.webdatacommons.org/memory-alpha.wikia.com/resource/Starbase_19	http://dbkwik.webdatacommons.org/stexpanded.wikia.com/resource/Starbase_16	=	0.8912
http://dbkwik.webdatacommons.org/memory-alpha.wikia.com/resource/2200s	http://dbkwik.webdatacommons.org/stexpanded.wikia.com/resource/2200s	=	1.0000
http://dbkwik.webdatacommons.org/memory-alpha.wikia.com/resource/2380s	http://dbkwik.webdatacommons.org/stexpanded.wikia.com/resource/2380s	=	1.0000
http://memory-alpha.wikia.com/wiki/Special:FilePath/Warship_Voyager_graphic.jpg?width=300	http://stexpanded.wikia.com/wiki/Special:FilePath/Warship_Voyager_graphic.jpg?width=300	=	1.0000
http://dbkwik.webdatacommons.org/memory-alpha.wikia.com/resource/Iowa	http://dbkwik.webdatacommons.org/stexpanded.wikia.com/resource/Iowa	=	1.0000
http://dbkwik.webdatacommons.org/memory-alpha.wikia.com/resource/Arabic	http://dbkwik.webdatacommons.org/stexpanded.wikia.com/resource/Arabic	=	1.0000
http://dbkwik.webdatacommons.org/memory-alpha.wikia.com/resource/Bounty	http://dbkwik.webdatacommons.org/stexpanded.wikia.com/resource/Bounty	=	1.0000
http://dbkwik.webdatacommons.org/memory-alpha.wikia.com/resource/Romulan_military_personnel	http://dbkwik.webdatacommons.org/stexpanded.wikia.com/resource/Romulan_military_personnel	=	1.0000
http://dbkwik.webdatacommons.org/memory-alpha.wikia.com/resource/Laura_Lee	http://dbkwik.webdatacommons.org/stexpanded.wikia.com/resource/Laura_Lee	=	1.0000
http://dbkwik.webdatacommons.org/memory-alpha.wikia.com/resource/Border	http://dbkwik.webdatacommons.org/stexpanded.wikia.com/resource/Border	=	1.0000
http://memory-alpha.wikia.com/wiki/Special:FilePath/Terran-Empire-Insignia.jpg?width=300	http://stexpanded.wikia.com/wiki/Special:FilePath/Terran-Empire-Insignia.jpg?width=300	=	1.0000
http://dbkwik.webdatacommons.org/memory-alpha.wikia.com/resource/2346	http://dbkwik.webdatacommons.org/stexpanded.wikia.com/resource/2346	=	1.0000
http://dbkwik.webdatacommons.org/memory-alpha.wikia.com/resource/Star_Trek:_Destiny	http://dbkwik.webdatacommons.org/stexpanded.wikia.com/resource/Star_Trek:_Destiny	=	1.0000
http://memory-alpha.wikia.com/wiki/Special:FilePath/Excalbia.jpg?width=300	http://stexpanded.wikia.com/wiki/Special:FilePath/Excalibur1.jpg?width=300	=	0.8681
http://memory-alpha.wikia.com/wiki/Special:FilePath/Vetar.jpg?width=300	http://stexpanded.wikia.com/wiki/Special:FilePath/Vetar.jpg?width=300	=	1.0000
http://dbkwik.webdatacommons.org/memory-alpha.wikia.com/resource/Romulan_ranks	http://dbkwik.webdatacommons.org/stexpanded.wikia.com/resource/Romulan_ranks	=	1.0000
http://dbkwik.webdatacommons.org/memory-alpha.wikia.com/resource/University	http://dbkwik.webdatacommons.org/stexpanded.wikia.com/resource/University	=	1.0000
http://dbkwik.webdatacommons.org/memory-alpha.wikia.com/resource/2289	http://dbkwik.webdatacommons.org/stexpanded.wikia.com/resource/2289	=	1.0000
http://dbkwik.webdatacommons.org/memory-alpha.wikia.com/resource/Harmonic_resonance_chamber	http://dbkwik.webdatacommons.org/stexpanded.wikia.com/resource/Harmonic_resonance_chamber	=	1.0000
http://dbkwik.webdatacommons.org/memory-alpha.wikia.com/resource/NX-03	http://dbkwik.webdatacommons.org/stexpanded.wikia.com/resource/NX-03	=	1.0000
http://dbkwik.webdatacommons.org/memory-alpha.wikia.com/resource/Change_of_Command	http://dbkwik.webdatacommons.org/stexpanded.wikia.com/resource/Change_of_Command	=	1.0000
http://dbkwik.webdatacommons.org/memory-alpha.wikia.com/resource/Orbit	http://dbkwik.webdatacommons.org/stexpanded.wikia.com/resource/Orbit	=	1.0000
http://memory-alpha.wikia.com/wiki/Special:FilePath/Caretakers_array.jpg?width=300	http://stexpanded.wikia.com/wiki/Special:FilePath/Caretaker_array.jpg?width=300	=	0.9312
http://dbkwik.webdatacommons.org/memory-alpha.wikia.com/resource/2331	http://dbkwik.webdatacommons.org/stexpanded.wikia.com/resource/2331	=	1.0000
http://dbkwik.webdatacommons.org/memory-alpha.wikia.com/resource/Empire	http://dbkwik.webdatacommons.org/stexpanded.wikia.com/resource/Empire	=	1.0000
http://dbkwik.webdatacommons.org/memory-alpha.wikia.com/resource/Photon_torpedo	http://dbkwik.webdatacommons.org/stexpanded.wikia.com/resource/Photon_torpedo	=	1.0000
http://memory-alpha.wikia.com/wiki/Special:FilePath/Reman_viceroy.jpg?width=300	http://stexpanded.wikia.com/wiki/Special:FilePath/Reman_viceroy.jpg?width=300	=	1.0000
http://dbkwik.webdatacommons.org/memory-alpha.wikia.com/resource/Escape_pod	http://dbkwik.webdatacommons.org/stexpanded.wikia.com/resource/Escape_pod	=	1.0000
http://memory-alpha.wikia.com/wiki/Special:FilePath/Siskos2375.jpg	http://stexpanded.wikia.com/wiki/Special:FilePath/Siskos2375.jpg	=	1.0000
http://dbkwik.webdatacommons.org/memory-alpha.wikia.com/resource/China	http://dbkwik.webdatacommons.org/stexpanded.wikia.com/resource/China	=	1.0000
http://dbkwik.webdatacommons.org/memory-alpha.wikia.com/resource/2130	http://dbkwik.webdatacommons.org/stexpanded.wikia.com/resource/2130	=	1.0000
http://dbkwik.webdatacommons.org/memory-alpha.wikia.com/resource/Bajor_sector	http://dbkwik.webdatacommons.org/stexpanded.wikia.com/resource/Bajor_sector	=	1.0000
http://dbkwik.webdatacommons.org/memory-alpha.wikia.com/resource/Vengeance	http://dbkwik.webdatacommons.org/stexpanded.wikia.com/resource/Vengeance	=	1.0000
http://dbkwik.webdatacommons.org/memory-alpha.wikia.com/resource/2330s	http://dbkwik.webdatacommons.org/stexpanded.wikia.com/resource/2330s	=	1.0000
http://dbkwik.webdatacommons.org/memory-alpha.wikia.com/resource/2030s	http://dbkwik.webdatacommons.org/stexpanded.wikia.com/resource/2030s	=	1.0000
http://dbkwik.webdatacommons.org/memory-alpha.wikia.com/property/class	http://dbkwik.webdatacommons.org/stexpanded.wikia.com/property/class	=	1.0000
http://dbkwik.webdatacommons.org/memory-alpha.wikia.com/resource/Casualty	http://dbkwik.webdatacommons.org/stexpanded.wikia.com/property/casualties	=	0.8828
http://dbkwik.webdatacommons.org/memory-alpha.wikia.com/resource/Janice_Rand	http://dbkwik.webdatacommons.org/stexpanded.wikia.com/resource/Janice_Rand	=	1.0000
http://dbkwik.webdatacommons.org/memory-alpha.wikia.com/resource/Desertion	http://dbkwik.webdatacommons.org/stexpanded.wikia.com/resource/Desertion	=	1.0000
http://memory-alpha.wikia.com/wiki/Special:FilePath/Minnis.jpg?width=300	http://stexpanded.wikia.com/wiki/Special:FilePath/Minne.jpg?width=300	=	0.8855
http://dbkwik.webdatacommons.org/memory-alpha.wikia.com/resource/Stellar_cartography_department	http://dbkwik.webdatacommons.org/stexpanded.wikia.com/resource/Stellar_cartography_department	=	1.0000
http://dbkwik.webdatacommons.org/memory-alpha.wikia.com/resource/Rock_and_roll	http://dbkwik.webdatacommons.org/stexpanded.wikia.com/resource/Rock_and_roll	=	1.0000
http://dbkwik.webdatacommons.org/memory-alpha.wikia.com/resource/Crossover	http://dbkwik.webdatacommons.org/stexpanded.wikia.com/resource/Crossover	=	1.0000
http://dbkwik.webdatacommons.org/memory-alpha.wikia.com/resource/Prefix_code	http://dbkwik.webdatacommons.org/stexpanded.wikia.com/resource/Prefix_code	=	1.0000
http://dbkwik.webdatacommons.org/memory-alpha.wikia.com/resource/2236	http://dbkwik.webdatacommons.org/stexpanded.wikia.com/resource/2236	=	1.0000
http://dbkwik.webdatacommons.org/memory-alpha.wikia.com/resource/Actor	http://dbkwik.webdatacommons.org/stexpanded.wikia.com/property/actor	=	1.0000
http://dbkwik.webdatacommons.org/memory-alpha.wikia.com/resource/Starbase_313	http://dbkwik.webdatacommons.org/stexpanded.wikia.com/resource/Starbase_315	=	0.9213
http://memory-alpha.wikia.com/wiki/Special:FilePath/regula.jpg?width=300	http://stexpanded.wikia.com/wiki/Special:FilePath/RegulaType.jpg?width=300	=	0.9058
http://dbkwik.webdatacommons.org/memory-alpha.wikia.com/resource/Jake_Sisko	http://dbkwik.webdatacommons.org/stexpanded.wikia.com/resource/Jake_Sisko	=	1.0000
http://dbkwik.webdatacommons.org/memory-alpha.wikia.com/resource/Kobayashi_Maru	http://dbkwik.webdatacommons.org/stexpanded.wikia.com/resource/Kobayashi_Maru	=	1.0000
http://dbkwik.webdatacommons.org/memory-alpha.wikia.com/resource/New_Seattle	http://dbkwik.webdatacommons.org/stexpanded.wikia.com/resource/New_Seattle	=	1.0000
http://dbkwik.webdatacommons.org/memory-alpha.wikia.com/resource/Heavy_cruiser	http://dbkwik.webdatacommons.org/stexpanded.wikia.com/resource/Heavy_cruiser	=	1.0000
http://dbkwik.webdatacommons.org/memory-alpha.wikia.com/resource/2061	http://dbkwik.webdatacommons.org/stexpanded.wikia.com/resource/2061	=	1.0000
http://memory-alpha.wikia.com/wiki/Special:FilePath/Orb_of_time.jpg?width=300	http://stexpanded.wikia.com/wiki/Special:FilePath/Orb_of_time.jpg?width=300	=	1.0000
http://dbkwik.webdatacommons.org/memory-alpha.wikia.com/resource/Boomer	http://dbkwik.webdatacommons.org/stexpanded.wikia.com/resource/Boomer	=	1.0000
http://dbkwik.webdatacommons.org/memory-alpha.wikia.com/resource/Ketracel-white	http://dbkwik.webdatacommons.org/stexpanded.wikia.com/resource/Ketracel-white	=	1.0000
http://memory-alpha.wikia.com/wiki/Special:FilePath/Quark_(mirror).jpg	http://stexpanded.wikia.com/wiki/Special:FilePath/Quark_(mirror).jpg	=	1.0000
http://dbkwik.webdatacommons.org/memory-alpha.wikia.com/resource/Sarek	http://dbkwik.webdatacommons.org/stexpanded.wikia.com/resource/Sarek	=	1.0000
http://dbkwik.webdatacommons.org/memory-alpha.wikia.com/resource/2051	http://dbkwik.webdatacommons.org/stexpanded.wikia.com/resource/2051	=	1.0000
http://dbkwik.webdatacommons.org/memory-alpha.wikia.com/resource/Category:Tellarites	http://dbkwik.webdatacommons.org/stexpanded.wikia.com/resource/Category:Tellarites	=	1.0000
http://memory-alpha.wikia.com/wiki/Special:FilePath/Saavik.jpg?width=300	http://stexpanded.wikia.com/wiki/Special:FilePath/Saavik_TWoK.jpg?width=300	=	0.8860
http://dbkwik.webdatacommons.org/memory-alpha.wikia.com/resource/Niagara_class	http://dbkwik.webdatacommons.org/stexpanded.wikia.com/resource/Niagara_class	=	1.0000
http://dbkwik.webdatacommons.org/memory-alpha.wikia.com/resource/Tri-ox_compound	http://dbkwik.webdatacommons.org/stexpanded.wikia.com/resource/Tri-ox_compound	=	1.0000
http://dbkwik.webdatacommons.org/memory-alpha.wikia.com/resource/Novels	http://dbkwik.webdatacommons.org/stexpanded.wikia.com/resource/Novel	=	0.8760
http://dbkwik.webdatacommons.org/memory-alpha.wikia.com/resource/2244	http://dbkwik.webdatacommons.org/stexpanded.wikia.com/resource/2244	=	1.0000
http://dbkwik.webdatacommons.org/memory-alpha.wikia.com/resource/HMS_Bounty	http://dbkwik.webdatacommons.org/stexpanded.wikia.com/resource/HMS_Bounty	=	1.0000
http://dbkwik.webdatacommons.org/memory-alpha.wikia.com/resource/Battleship	http://dbkwik.webdatacommons.org/stexpanded.wikia.com/resource/Battleship	=	1.0000
http://dbkwik.webdatacommons.org/memory-alpha.wikia.com/resource/2127	http://dbkwik.webdatacommons.org/stexpanded.wikia.com/resource/2127	=	1.0000
http://dbkwik.webdatacommons.org/memory-alpha.wikia.com/resource/Disruptor	http://dbkwik.webdatacommons.org/stexpanded.wikia.com/resource/Disruptor	=	1.0000
http://memory-alpha.wikia.com/wiki/Special:FilePath/Sona_battle_cruiser_fore.jpg	http://stexpanded.wikia.com/wiki/Special:FilePath/Sona_battle_cruiser.jpg	=	0.8798
http://dbkwik.webdatacommons.org/memory-alpha.wikia.com/resource/Fleet_admiral	http://dbkwik.webdatacommons.org/stexpanded.wikia.com/resource/Fleet_admiral	=	1.0000
http://dbkwik.webdatacommons.org/memory-alpha.wikia.com/resource/D%27jarra	http://dbkwik.webdatacommons.org/stexpanded.wikia.com/resource/D%27jarra	=	1.0000
http://memory-alpha.wikia.com/wiki/Special:FilePath/RomulanCapital2154.jpg	http://stexpanded.wikia.com/wiki/Special:FilePath/RomulanCapital2154.jpg	=	1.0000
http://memory-alpha.wikia.com/wiki/Special:FilePath/Triangle.jpg	http://stexpanded.wikia.com/wiki/Special:FilePath/Triangle.jpg	=	1.0000
http://dbkwik.webdatacommons.org/memory-alpha.wikia.com/resource/Squadron	http://dbkwik.webdatacommons.org/stexpanded.wikia.com/resource/Squadron	=	1.0000
http://dbkwik.webdatacommons.org/memory-alpha.wikia.com/resource/Miranda_class	http://dbkwik.webdatacommons.org/stexpanded.wikia.com/resource/Miranda_class	=	1.0000
http://dbkwik.webdatacommons.org/memory-alpha.wikia.com/resource/2272	http://dbkwik.webdatacommons.org/stexpanded.wikia.com/resource/2272	=	1.0000
http://dbkwik.webdatacommons.org/memory-alpha.wikia.com/resource/Starbase_14	http://dbkwik.webdatacommons.org/stexpanded.wikia.com/resource/Starbase_14	=	1.0000
http://memory-alpha.wikia.com/wiki/Special:FilePath/Starbase_47.jpg?width=300	http://stexpanded.wikia.com/wiki/Special:FilePath/Starbase_47.jpg?width=300	=	1.0000
http://dbkwik.webdatacommons.org/memory-alpha.wikia.com/resource/Disruptor_rifle	http://dbkwik.webdatacommons.org/stexpanded.wikia.com/resource/Disruptor_rifle	=	1.0000
http://dbkwik.webdatacommons.org/memory-alpha.wikia.com/resource/2195	http://dbkwik.webdatacommons.org/stexpanded.wikia.com/resource/2195	=	1.0000
http://dbkwik.webdatacommons.org/memory-alpha.wikia.com/resource/Kruge	http://dbkwik.webdatacommons.org/stexpanded.wikia.com/resource/Kruge	=	1.0000
http://dbkwik.webdatacommons.org/memory-alpha.wikia.com/resource/Regent	http://dbkwik.webdatacommons.org/stexpanded.wikia.com/resource/Regent	=	1.0000
http://dbkwik.webdatacommons.org/memory-alpha.wikia.com/resource/Sector_21305	http://dbkwik.webdatacommons.org/stexpanded.wikia.com/resource/Sector_21305	=	1.0000
http://memory-alpha.wikia.com/wiki/Special:FilePath/Quantum_slipstream.jpg?width=300	http://stexpanded.wikia.com/wiki/Special:FilePath/Quantum_slipstream_drive.jpg?width=300	=	0.8753
http://memory-alpha.wikia.com/wiki/Special:FilePath/James_T._Kirk,_alternate_reality.jpg	http://stexpanded.wikia.com/wiki/Special:FilePath/James_T._Kirk,_alternate_reality.jpg	=	1.0000
http://memory-alpha.wikia.com/wiki/Special:FilePath/Phaser_type-1,_2260s.jpg	http://stexpanded.wikia.com/wiki/Special:FilePath/Phaser_type-1,_2260s.jpg	=	1.0000
http://dbkwik.webdatacommons.org/memory-alpha.wikia.com/resource/Combadge	http://dbkwik.webdatacommons.org/stexpanded.wikia.com/resource/Combadge	=	1.0000
http://dbkwik.webdatacommons.org/memory-alpha.wikia.com/resource/The_Needs_of_the_Many	http://dbkwik.webdatacommons.org/stexpanded.wikia.com/resource/The_Needs_of_the_Many	=	1.0000
http://dbkwik.webdatacommons.org/memory-alpha.wikia.com/resource/Canada	http://dbkwik.webdatacommons.org/stexpanded.wikia.com/resource/Canada	=	1.0000
http://dbkwik.webdatacommons.org/memory-alpha.wikia.com/resource/1990s	http://dbkwik.webdatacommons.org/stexpanded.wikia.com/resource/1990s	=	1.0000
http://dbkwik.webdatacommons.org/memory-alpha.wikia.com/resource/Thomas_Riker	http://dbkwik.webdatacommons.org/stexpanded.wikia.com/resource/Thomas_Riker	=	1.0000
http://memory-alpha.wikia.com/wiki/Special:FilePath/Trevean.jpg	http://stexpanded.wikia.com/wiki/Special:FilePath/Trevean.jpg	=	1.0000
http://memory-alpha.wikia.com/wiki/Special:FilePath/Whale_Probe.jpg?width=300	http://stexpanded.wikia.com/wiki/Special:FilePath/WhaleProbe.jpg?width=300	=	1.0000
http://dbkwik.webdatacommons.org/memory-alpha.wikia.com/resource/Triclenidil	http://dbkwik.webdatacommons.org/stexpanded.wikia.com/resource/Triclenidil	=	1.0000
http://dbkwik.webdatacommons.org/memory-alpha.wikia.com/resource/Reporter	http://dbkwik.webdatacommons.org/stexpanded.wikia.com/resource/Reporter	=	1.0000
http://dbkwik.webdatacommons.org/memory-alpha.wikia.com/resource/Technician	http://dbkwik.webdatacommons.org/stexpanded.wikia.com/resource/Technician	=	1.0000
http://dbkwik.webdatacommons.org/memory-alpha.wikia.com/resource/Krajensky	http://dbkwik.webdatacommons.org/stexpanded.wikia.com/resource/Krajensky	=	1.0000
http://dbkwik.webdatacommons.org/memory-alpha.wikia.com/resource/2246	http://dbkwik.webdatacommons.org/stexpanded.wikia.com/resource/2246	=	1.0000
http://dbkwik.webdatacommons.org/memory-alpha.wikia.com/resource/USS_Curry	http://dbkwik.webdatacommons.org/stexpanded.wikia.com/resource/USS_Curry	=	1.0000
http://dbkwik.webdatacommons.org/memory-alpha.wikia.com/resource/Ligonian	http://dbkwik.webdatacommons.org/stexpanded.wikia.com/resource/Ligonian	=	1.0000
http://dbkwik.webdatacommons.org/memory-alpha.wikia.com/resource/Category:Romulan_starship_classes	http://dbkwik.webdatacommons.org/stexpanded.wikia.com/resource/Category:Romulan_starship_classes	=	1.0000
http://dbkwik.webdatacommons.org/memory-alpha.wikia.com/resource/Brigade	http://dbkwik.webdatacommons.org/stexpanded.wikia.com/resource/Brigade	=	1.0000
http://memory-alpha.wikia.com/wiki/Special:FilePath/Tantalus_field.jpg	http://stexpanded.wikia.com/wiki/Special:FilePath/Tantalus_field.jpg	=	1.0000
http://dbkwik.webdatacommons.org/memory-alpha.wikia.com/resource/22nd_century	http://dbkwik.webdatacommons.org/stexpanded.wikia.com/resource/22nd_century	=	1.0000
http://dbkwik.webdatacommons.org/memory-alpha.wikia.com/resource/Son%27a	http://dbkwik.webdatacommons.org/stexpanded.wikia.com/resource/Son%27a	=	1.0000
http://dbkwik.webdatacommons.org/memory-alpha.wikia.com/resource/2248	http://dbkwik.webdatacommons.org/stexpanded.wikia.com/resource/2248	=	1.0000
http://dbkwik.webdatacommons.org/memory-alpha.wikia.com/resource/IKS	http://dbkwik.webdatacommons.org/stexpanded.wikia.com/resource/IKS	=	1.0000
http://memory-alpha.wikia.com/wiki/Special:FilePath/Defiant_class_MSD.jpg	http://stexpanded.wikia.com/wiki/Special:FilePath/Defiant_class_msd-2.jpg	=	0.9398
http://memory-alpha.wikia.com/wiki/Special:FilePath/Jonathan_Archer,_2161.jpg?width=300	http://stexpanded.wikia.com/wiki/Special:FilePath/Jonathan_Archer.jpg?width=300	=	0.8952
http://memory-alpha.wikia.com/wiki/Special:FilePath/Tycho_IV.jpg?width=300	http://stexpanded.wikia.com/wiki/Special:FilePath/tycho2.jpg?width=300	=	0.8687
http://dbkwik.webdatacommons.org/memory-alpha.wikia.com/resource/Irish	http://dbkwik.webdatacommons.org/stexpanded.wikia.com/resource/Irish	=	1.0000
http://memory-alpha.wikia.com/wiki/Special:FilePath/Sitak.jpg	http://stexpanded.wikia.com/wiki/Special:FilePath/Sitak.jpg	=	1.0000
http://dbkwik.webdatacommons.org/memory-alpha.wikia.com/resource/North_Carolina	http://dbkwik.webdatacommons.org/stexpanded.wikia.com/resource/North_Carolina	=	1.0000
http://memory-alpha.wikia.com/wiki/Special:FilePath/Chell_2371.jpg	http://stexpanded.wikia.com/wiki/Special:FilePath/Chell_2371.jpg	=	1.0000
http://dbkwik.webdatacommons.org/memory-alpha.wikia.com/class/voy	http://dbkwik.webdatacommons.org/stexpanded.wikia.com/class/voy	=	1.0000
http://dbkwik.webdatacommons.org/memory-alpha.wikia.com/resource/Immortal_Coil	http://dbkwik.webdatacommons.org/stexpanded.wikia.com/resource/Immortal_Coil	=	1.0000
http://dbkwik.webdatacommons.org/memory-alpha.wikia.com/resource/Marva_IV	http://dbkwik.webdatacommons.org/stexpanded.wikia.com/resource/Marva_IV	=	1.0000
http://dbkwik.webdatacommons.org/memory-alpha.wikia.com/resource/Scorpion_class	http://dbkwik.webdatacommons.org/stexpanded.wikia.com/resource/Scorpion_class	=	1.0000
http://dbkwik.webdatacommons.org/memory-alpha.wikia.com/resource/Romulan_Bird-of-Prey_(23rd_century)	http://stexpanded.wikia.com/wiki/Special:FilePath/Romulan_Bird_of_Prey_23rd_Century.jpg	=	0.9203
http://memory-alpha.wikia.com/wiki/Special:FilePath/Ekoria.jpg	http://stexpanded.wikia.com/wiki/Special:FilePath/Ekoria.jpg	=	1.0000
http://memory-alpha.wikia.com/wiki/Special:FilePath/Tng_po1.png	http://stexpanded.wikia.com/wiki/Special:FilePath/PO1_(TNG).png	=	0.8938
http://dbkwik.webdatacommons.org/memory-alpha.wikia.com/resource/Aquiel_Uhnari	http://dbkwik.webdatacommons.org/stexpanded.wikia.com/resource/Aquiel_Uhnari	=	1.0000
http://dbkwik.webdatacommons.org/memory-alpha.wikia.com/resource/Intrepid_class	http://dbkwik.webdatacommons.org/stexpanded.wikia.com/resource/Intrepid_class	=	1.0000
http://dbkwik.webdatacommons.org/memory-alpha.wikia.com/resource/Emergency_Command_Hologram	http://dbkwik.webdatacommons.org/stexpanded.wikia.com/resource/Emergency_Command_Hologram	=	1.0000
http://dbkwik.webdatacommons.org/memory-alpha.wikia.com/resource/Galactic_barrier	http://dbkwik.webdatacommons.org/stexpanded.wikia.com/resource/Galactic_barrier	=	1.0000
http://dbkwik.webdatacommons.org/memory-alpha.wikia.com/resource/Starbase_219	http://dbkwik.webdatacommons.org/stexpanded.wikia.com/resource/Starbase_217	=	0.9255
http://dbkwik.webdatacommons.org/memory-alpha.wikia.com/resource/African_Confederation	http://dbkwik.webdatacommons.org/stexpanded.wikia.com/resource/African_Confederation	=	1.0000
http://dbkwik.webdatacommons.org/memory-alpha.wikia.com/resource/Category:Arts	http://dbkwik.webdatacommons.org/stexpanded.wikia.com/resource/Category:Arts	=	1.0000
http://dbkwik.webdatacommons.org/memory-alpha.wikia.com/resource/Sol	http://dbkwik.webdatacommons.org/stexpanded.wikia.com/resource/Sol	=	1.0000
http://dbkwik.webdatacommons.org/memory-alpha.wikia.com/resource/Seven_of_Nine	http://dbkwik.webdatacommons.org/stexpanded.wikia.com/resource/Seven_of_Nine	=	1.0000
http://dbkwik.webdatacommons.org/memory-alpha.wikia.com/resource/Captain_of_engineering	http://dbkwik.webdatacommons.org/stexpanded.wikia.com/resource/Captain_of_Engineering	=	1.0000
http://dbkwik.webdatacommons.org/memory-alpha.wikia.com/resource/Constitution_class	http://dbkwik.webdatacommons.org/stexpanded.wikia.com/resource/Constitution_class	=	1.0000
http://dbkwik.webdatacommons.org/memory-alpha.wikia.com/resource/Bajoran_system	http://dbkwik.webdatacommons.org/stexpanded.wikia.com/resource/Bajoran_system	=	1.0000
http://dbkwik.webdatacommons.org/memory-alpha.wikia.com/resource/Merchantman	http://dbkwik.webdatacommons.org/stexpanded.wikia.com/resource/Merchantman	=	1.0000
http://dbkwik.webdatacommons.org/memory-alpha.wikia.com/property/status	http://dbkwik.webdatacommons.org/stexpanded.wikia.com/property/status	=	1.0000
http://dbkwik.webdatacommons.org/memory-alpha.wikia.com/resource/Crimson	http://dbkwik.webdatacommons.org/stexpanded.wikia.com/resource/Crimson	=	1.0000
http://dbkwik.webdatacommons.org/memory-alpha.wikia.com/resource/Casperia_Prime	http://dbkwik.webdatacommons.org/stexpanded.wikia.com/resource/Casperia_Prime	=	1.0000
http://dbkwik.webdatacommons.org/memory-alpha.wikia.com/resource/2170	http://dbkwik.webdatacommons.org/stexpanded.wikia.com/resource/2170	=	1.0000
http://dbkwik.webdatacommons.org/memory-alpha.wikia.com/resource/Ganymede	http://dbkwik.webdatacommons.org/stexpanded.wikia.com/resource/Ganymede	=	1.0000
http://dbkwik.webdatacommons.org/memory-alpha.wikia.com/resource/2070	http://dbkwik.webdatacommons.org/stexpanded.wikia.com/resource/2070	=	1.0000
http://dbkwik.webdatacommons.org/memory-alpha.wikia.com/resource/Madred	http://dbkwik.webdatacommons.org/stexpanded.wikia.com/resource/Madred	=	1.0000
http://dbkwik.webdatacommons.org/memory-alpha.wikia.com/resource/2017	http://dbkwik.webdatacommons.org/stexpanded.wikia.com/resource/2017	=	1.0000
http://dbkwik.webdatacommons.org/memory-alpha.wikia.com/resource/Tellar_Prime	http://dbkwik.webdatacommons.org/stexpanded.wikia.com/resource/Tellar_Prime	=	1.0000
http://dbkwik.webdatacommons.org/memory-alpha.wikia.com/resource/2277	http://dbkwik.webdatacommons.org/stexpanded.wikia.com/resource/2277	=	1.0000
http://dbkwik.webdatacommons.org/memory-alpha.wikia.com/resource/1974	http://dbkwik.webdatacommons.org/stexpanded.wikia.com/resource/1974	=	1.0000
http://dbkwik.webdatacommons.org/memory-alpha.wikia.com/resource/Shras	http://dbkwik.webdatacommons.org/stexpanded.wikia.com/resource/Shras	=	1.0000
http://memory-alpha.wikia.com/wiki/Special:FilePath/Four_varieties_of_Gagh.jpg	http://stexpanded.wikia.com/wiki/Special:FilePath/Four_varieties_of_Gagh.jpg	=	1.0000
http://dbkwik.webdatacommons.org/memory-alpha.wikia.com/resource/Time_barrier	http://dbkwik.webdatacommons.org/stexpanded.wikia.com/resource/Time_barrier	=	1.0000
http://dbkwik.webdatacommons.org/memory-alpha.wikia.com/property/author	http://dbkwik.webdatacommons.org/stexpanded.wikia.com/property/author	=	1.0000
http://memory-alpha.wikia.com/wiki/Special:FilePath/Defiant_operations_lieutenant.jpg?width=300	http://stexpanded.wikia.com/wiki/Special:FilePath/Defiant_operations.jpg?width=300	=	0.8756
http://dbkwik.webdatacommons.org/memory-alpha.wikia.com/resource/Starbase_G-6	http://dbkwik.webdatacommons.org/stexpanded.wikia.com/resource/Starbase_G-6	=	1.0000
http://memory-alpha.wikia.com/wiki/Special:FilePath/ECH.jpg	http://stexpanded.wikia.com/wiki/Special:FilePath/ECH.jpg	=	1.0000
http://dbkwik.webdatacommons.org/memory-alpha.wikia.com/resource/2360s	http://dbkwik.webdatacommons.org/stexpanded.wikia.com/resource/2360s	=	1.0000
http://dbkwik.webdatacommons.org/memory-alpha.wikia.com/resource/San_Francisco_Fleet_Yards	http://dbkwik.webdatacommons.org/stexpanded.wikia.com/resource/San_Francisco_Fleet_Yards	=	1.0000
http://dbkwik.webdatacommons.org/memory-alpha.wikia.com/resource/First_officer	http://dbkwik.webdatacommons.org/stexpanded.wikia.com/resource/First_officer	=	1.0000
http://dbkwik.webdatacommons.org/memory-alpha.wikia.com/resource/Benzar	http://dbkwik.webdatacommons.org/stexpanded.wikia.com/resource/Benzar	=	1.0000
http://dbkwik.webdatacommons.org/memory-alpha.wikia.com/resource/1960s	http://dbkwik.webdatacommons.org/stexpanded.wikia.com/resource/1960s	=	1.0000
http://dbkwik.webdatacommons.org/memory-alpha.wikia.com/resource/Training_vessel	http://dbkwik.webdatacommons.org/stexpanded.wikia.com/resource/Training_vessel	=	1.0000
http://dbkwik.webdatacommons.org/memory-alpha.wikia.com/resource/2100	http://dbkwik.webdatacommons.org/stexpanded.wikia.com/resource/2100	=	1.0000
http://dbkwik.webdatacommons.org/memory-alpha.wikia.com/resource/Council_of_Ministers	http://dbkwik.webdatacommons.org/stexpanded.wikia.com/resource/Council_of_Ministers	=	1.0000
http://memory-alpha.wikia.com/wiki/Special:FilePath/RigelVII-Holberg917G_fortress.jpg	http://stexpanded.wikia.com/wiki/Special:FilePath/RigelVII-Holberg917G_fortress.jpg	=	1.0000
http://dbkwik.webdatacommons.org/memory-alpha.wikia.com/resource/Genetic_engineering	http://dbkwik.webdatacommons.org/stexpanded.wikia.com/resource/Genetic_engineering	=	1.0000
http://dbkwik.webdatacommons.org/memory-alpha.wikia.com/resource/Starfleet_Training_Command	http://dbkwik.webdatacommons.org/stexpanded.wikia.com/resource/Starfleet_Training_Command	=	1.0000
http://memory-alpha.wikia.com/wiki/Special:FilePath/Cardassian_orbital_weapon_platform.jpg	http://stexpanded.wikia.com/wiki/Special:FilePath/Cardassian_orbital_weapon_platform.jpg	=	1.0000
http://dbkwik.webdatacommons.org/memory-alpha.wikia.com/resource/2048	http://dbkwik.webdatacommons.org/stexpanded.wikia.com/resource/2048	=	1.0000
http://dbkwik.webdatacommons.org/memory-alpha.wikia.com/resource/USS_Saratoga_(NCC-1887)	http://dbkwik.webdatacommons.org/stexpanded.wikia.com/resource/USS_Saratoga_(NCC-1867)	=	0.8886
http://dbkwik.webdatacommons.org/memory-alpha.wikia.com/resource/Category:Hand-held_weapons	http://dbkwik.webdatacommons.org/stexpanded.wikia.com/resource/Category:Hand-held_weapons	=	1.0000
http://dbkwik.webdatacommons.org/memory-alpha.wikia.com/resource/Ferengi	http://dbkwik.webdatacommons.org/stexpanded.wikia.com/resource/Ferengi	=	1.0000
http://dbkwik.webdatacommons.org/memory-alpha.wikia.com/resource/Titan_(disambiguation)	http://dbkwik.webdatacommons.org/stexpanded.wikia.com/resource/Titan_(disambiguation)	=	1.0000
http://dbkwik.webdatacommons.org/memory-alpha.wikia.com/resource/Kelby	http://dbkwik.webdatacommons.org/stexpanded.wikia.com/resource/Kelby	=	1.0000
http://dbkwik.webdatacommons.org/memory-alpha.wikia.com/resource/Saladin_class	http://dbkwik.webdatacommons.org/stexpanded.wikia.com/resource/Saladin_class	=	1.0000
http://dbkwik.webdatacommons.org/memory-alpha.wikia.com/resource/1967	http://dbkwik.webdatacommons.org/stexpanded.wikia.com/resource/1967	=	1.0000
http://dbkwik.webdatacommons.org/memory-alpha.wikia.com/resource/Category:Efrosians	http://dbkwik.webdatacommons.org/stexpanded.wikia.com/resource/Category:Efrosians	=	1.0000
http://dbkwik.webdatacommons.org/memory-alpha.wikia.com/resource/2078	http://dbkwik.webdatacommons.org/stexpanded.wikia.com/resource/2078	=	1.0000
http://memory-alpha.wikia.com/wiki/Special:FilePath/Romulan_bird-of-prey,_ENT-aft,_cloaking.jpg	http://stexpanded.wikia.com/wiki/Special:FilePath/Romulan_bird-of-prey,_ENT-aft,_cloaking.jpg	=	1.0000
http://memory-alpha.wikia.com/wiki/Special:FilePath/Andoria.jpg	http://stexpanded.wikia.com/wiki/Special:FilePath/Andoria.jpg	=	1.0000
http://memory-alpha.wikia.com/wiki/Special:FilePath/Raven_deckplan.jpg?width=300	http://stexpanded.wikia.com/wiki/Special:FilePath/Raven_deckplan.jpg?width=300	=	1.0000
http://dbkwik.webdatacommons.org/memory-alpha.wikia.com/resource/2259	http://dbkwik.webdatacommons.org/stexpanded.wikia.com/resource/2259	=	1.0000
http://dbkwik.webdatacommons.org/memory-alpha.wikia.com/property/cid	http://dbkwik.webdatacommons.org/stexpanded.wikia.com/resource/Cid	=	1.0000
http://dbkwik.webdatacommons.org/memory-alpha.wikia.com/resource/Phillip_Green	http://dbkwik.webdatacommons.org/stexpanded.wikia.com/resource/Phillip_Green	=	1.0000
http://dbkwik.webdatacommons.org/memory-alpha.wikia.com/resource/Starbase_27	http://dbkwik.webdatacommons.org/stexpanded.wikia.com/resource/Starbase_27	=	1.0000
http://dbkwik.webdatacommons.org/memory-alpha.wikia.com/resource/2222	http://dbkwik.webdatacommons.org/stexpanded.wikia.com/resource/2222	=	1.0000
http://memory-alpha.wikia.com/wiki/Special:FilePath/Trillya.jpg?width=300	http://stexpanded.wikia.com/wiki/Special:FilePath/Trill.jpg?width=300	=	0.8756
http://memory-alpha.wikia.com/wiki/Special:FilePath/Patrick.jpg	http://stexpanded.wikia.com/wiki/Special:FilePath/Patrick.jpg	=	1.0000
http://dbkwik.webdatacommons.org/memory-alpha.wikia.com/resource/Starfleet_uniform_(2370s)	http://dbkwik.webdatacommons.org/stexpanded.wikia.com/resource/Starfleet_uniform_(2373)	=	0.9480
http://dbkwik.webdatacommons.org/memory-alpha.wikia.com/resource/Proxima_Maintenance_Yards	http://dbkwik.webdatacommons.org/stexpanded.wikia.com/resource/Proxima_Maintenance_Yards	=	1.0000
http://dbkwik.webdatacommons.org/memory-alpha.wikia.com/resource/Worf	http://dbkwik.webdatacommons.org/stexpanded.wikia.com/resource/Worf	=	1.0000
http://dbkwik.webdatacommons.org/memory-alpha.wikia.com/resource/Bounty_hunter	http://dbkwik.webdatacommons.org/stexpanded.wikia.com/resource/Bounty_hunter	=	1.0000
http://dbkwik.webdatacommons.org/memory-alpha.wikia.com/resource/Luther_Sloan	http://dbkwik.webdatacommons.org/stexpanded.wikia.com/resource/Luther_Sloan	=	1.0000
http://dbkwik.webdatacommons.org/memory-alpha.wikia.com/resource/Class_J_planet	http://dbkwik.webdatacommons.org/stexpanded.wikia.com/resource/Class_J_planet	=	1.0000
http://memory-alpha.wikia.com/wiki/Special:FilePath/Lara.jpg	http://stexpanded.wikia.com/wiki/Special:FilePath/Lara.jpg	=	1.0000
http://memory-alpha.wikia.com/wiki/Special:FilePath/Valdore.jpg?width=300	http://stexpanded.wikia.com/wiki/Special:FilePath/Valdore.jpg?width=300	=	1.0000
http://memory-alpha.wikia.com/wiki/Special:FilePath/Intrepid_aft.jpg?width=300	http://stexpanded.wikia.com/wiki/Special:FilePath/Intrepid-type_aft.jpg?width=300	=	0.9108
http://dbkwik.webdatacommons.org/memory-alpha.wikia.com/resource/Starfleet_(mirror)	http://dbkwik.webdatacommons.org/stexpanded.wikia.com/resource/Starfleet_(mirror)	=	1.0000
http://dbkwik.webdatacommons.org/memory-alpha.wikia.com/resource/Football	http://dbkwik.webdatacommons.org/stexpanded.wikia.com/resource/Football	=	1.0000
http://dbkwik.webdatacommons.org/memory-alpha.wikia.com/resource/Bartender	http://dbkwik.webdatacommons.org/stexpanded.wikia.com/resource/Bartender	=	1.0000
http://dbkwik.webdatacommons.org/memory-alpha.wikia.com/resource/2144	http://dbkwik.webdatacommons.org/stexpanded.wikia.com/resource/2144	=	1.0000
http://dbkwik.webdatacommons.org/memory-alpha.wikia.com/resource/Robert_Wesley	http://dbkwik.webdatacommons.org/stexpanded.wikia.com/resource/Robert_Wesley	=	1.0000
http://dbkwik.webdatacommons.org/memory-alpha.wikia.com/resource/1996	http://dbkwik.webdatacommons.org/stexpanded.wikia.com/resource/1996	=	1.0000
http://dbkwik.webdatacommons.org/memory-alpha.wikia.com/resource/1959	http://dbkwik.webdatacommons.org/stexpanded.wikia.com/resource/1959	=	1.0000
http://dbkwik.webdatacommons.org/memory-alpha.wikia.com/resource/Triangle	http://dbkwik.webdatacommons.org/stexpanded.wikia.com/resource/Triangle	=	1.0000
http://memory-alpha.wikia.com/wiki/Special:FilePath/Carter.jpg?width=300	http://stexpanded.wikia.com/wiki/Special:FilePath/Lt._Carter.jpg?width=300	=	0.9266
http://dbkwik.webdatacommons.org/memory-alpha.wikia.com/resource/Chin%27toka_system	http://dbkwik.webdatacommons.org/stexpanded.wikia.com/resource/Chin%27toka_system	=	1.0000
http://dbkwik.webdatacommons.org/memory-alpha.wikia.com/resource/J._Hayes	http://dbkwik.webdatacommons.org/stexpanded.wikia.com/resource/J._Hayes	=	1.0000
http://dbkwik.webdatacommons.org/memory-alpha.wikia.com/resource/Klingon_starship_classes	http://dbkwik.webdatacommons.org/stexpanded.wikia.com/resource/Klingon_starship_classes	=	1.0000
http://dbkwik.webdatacommons.org/memory-alpha.wikia.com/resource/Richard_Daystrom	http://dbkwik.webdatacommons.org/stexpanded.wikia.com/resource/Richard_Daystrom	=	1.0000
http://dbkwik.webdatacommons.org/memory-alpha.wikia.com/resource/Probe	http://dbkwik.webdatacommons.org/stexpanded.wikia.com/resource/Probe	=	1.0000
http://dbkwik.webdatacommons.org/memory-alpha.wikia.com/resource/Federation-Cardassian_border	http://dbkwik.webdatacommons.org/stexpanded.wikia.com/resource/Federation-Cardassian_border	=	1.0000
http://dbkwik.webdatacommons.org/memory-alpha.wikia.com/resource/USS_Orinoco	http://dbkwik.webdatacommons.org/stexpanded.wikia.com/resource/USS_Orinoco	=	1.0000
http://memory-alpha.wikia.com/wiki/Special:FilePath/Time_travel_pod_(26th_century).jpg?width=300	http://stexpanded.wikia.com/wiki/Special:FilePath/Time_travel_pod_26th_century.jpg?width=300	=	1.0000
http://dbkwik.webdatacommons.org/memory-alpha.wikia.com/resource/United_States_of_America	http://dbkwik.webdatacommons.org/stexpanded.wikia.com/resource/United_States_of_America	=	1.0000
http://dbkwik.webdatacommons.org/memory-alpha.wikia.com/resource/Debrune	http://dbkwik.webdatacommons.org/stexpanded.wikia.com/resource/Debrune	=	1.0000
http://dbkwik.webdatacommons.org/memory-alpha.wikia.com/resource/Devore	http://dbkwik.webdatacommons.org/stexpanded.wikia.com/resource/Devore	=	1.0000
http://dbkwik.webdatacommons.org/memory-alpha.wikia.com/resource/Cortical_stimulator	http://dbkwik.webdatacommons.org/stexpanded.wikia.com/resource/Cortical_stimulator	=	1.0000
http://dbkwik.webdatacommons.org/memory-alpha.wikia.com/resource/Mutara_Nebula	http://dbkwik.webdatacommons.org/stexpanded.wikia.com/resource/Mutara_Nebula	=	1.0000
http://dbkwik.webdatacommons.org/memory-alpha.wikia.com/resource/Abyss	http://dbkwik.webdatacommons.org/stexpanded.wikia.com/resource/Abyss	=	1.0000
http://dbkwik.webdatacommons.org/memory-alpha.wikia.com/resource/2308	http://dbkwik.webdatacommons.org/stexpanded.wikia.com/resource/2308	=	1.0000
http://dbkwik.webdatacommons.org/memory-alpha.wikia.com/resource/Tricobalt_device	http://dbkwik.webdatacommons.org/stexpanded.wikia.com/resource/Tricobalt_device	=	1.0000
http://dbkwik.webdatacommons.org/memory-alpha.wikia.com/resource/Alternate_reality	http://dbkwik.webdatacommons.org/stexpanded.wikia.com/resource/Alternate_reality	=	1.0000
http://dbkwik.webdatacommons.org/memory-alpha.wikia.com/resource/Meat	http://dbkwik.webdatacommons.org/stexpanded.wikia.com/resource/Meat	=	1.0000
http://dbkwik.webdatacommons.org/memory-alpha.wikia.com/resource/Category:Communications_technology	http://dbkwik.webdatacommons.org/stexpanded.wikia.com/resource/Category:Communications_technology	=	1.0000
http://dbkwik.webdatacommons.org/memory-alpha.wikia.com/resource/2230	http://dbkwik.webdatacommons.org/stexpanded.wikia.com/resource/2230	=	1.0000
http://dbkwik.webdatacommons.org/memory-alpha.wikia.com/resource/Lewis	http://dbkwik.webdatacommons.org/stexpanded.wikia.com/resource/Lewis	=	1.0000
http://dbkwik.webdatacommons.org/memory-alpha.wikia.com/resource/Kevin_Riley	http://dbkwik.webdatacommons.org/stexpanded.wikia.com/resource/Kevin_Riley	=	1.0000
http://dbkwik.webdatacommons.org/memory-alpha.wikia.com/resource/Officer	http://dbkwik.webdatacommons.org/stexpanded.wikia.com/resource/Officer	=	1.0000
http://dbkwik.webdatacommons.org/memory-alpha.wikia.com/resource/Valdore_type	http://dbkwik.webdatacommons.org/stexpanded.wikia.com/resource/Valdore_type	=	1.0000
http://dbkwik.webdatacommons.org/memory-alpha.wikia.com/resource/V%27Shar	http://dbkwik.webdatacommons.org/stexpanded.wikia.com/resource/V%27Shar	=	1.0000
http://dbkwik.webdatacommons.org/memory-alpha.wikia.com/resource/Category:Vehicles	http://dbkwik.webdatacommons.org/stexpanded.wikia.com/resource/Category:Vehicles	=	1.0000
http://memory-alpha.wikia.com/wiki/Special:FilePath/Jem_Hadar_Attack_Ship.jpg	http://stexpanded.wikia.com/wiki/Special:FilePath/Jem%27Hadar_Attack_Ship.jpg	=	1.0000
http://dbkwik.webdatacommons.org/memory-alpha.wikia.com/resource/Robin_Lefler	http://dbkwik.webdatacommons.org/stexpanded.wikia.com/resource/Robin_Lefler	=	1.0000
http://memory-alpha.wikia.com/wiki/Special:FilePath/Regula_I_and_Mutara_Nebula.jpg?width=300	http://stexpanded.wikia.com/wiki/Special:FilePath/Regula_I_and_Mutara_Nebula.jpg?width=300	=	1.0000
http://dbkwik.webdatacommons.org/memory-alpha.wikia.com/resource/Beta_III	http://dbkwik.webdatacommons.org/stexpanded.wikia.com/resource/Beta_II	=	0.8963
http://dbkwik.webdatacommons.org/memory-alpha.wikia.com/resource/1965	http://dbkwik.webdatacommons.org/stexpanded.wikia.com/resource/1965	=	1.0000
http://dbkwik.webdatacommons.org/memory-alpha.wikia.com/resource/Columbia	http://dbkwik.webdatacommons.org/stexpanded.wikia.com/resource/Columbia	=	1.0000
http://dbkwik.webdatacommons.org/memory-alpha.wikia.com/resource/Bible	http://dbkwik.webdatacommons.org/stexpanded.wikia.com/resource/Bible	=	1.0000
http://dbkwik.webdatacommons.org/memory-alpha.wikia.com/resource/Carrington_Award	http://dbkwik.webdatacommons.org/stexpanded.wikia.com/resource/Carrington_Award	=	1.0000
http://dbkwik.webdatacommons.org/memory-alpha.wikia.com/resource/Christine_Chapel	http://dbkwik.webdatacommons.org/stexpanded.wikia.com/resource/Christine_Chapel	=	1.0000
http://dbkwik.webdatacommons.org/memory-alpha.wikia.com/resource/2014	http://dbkwik.webdatacommons.org/stexpanded.wikia.com/resource/2014	=	1.0000
http://dbkwik.webdatacommons.org/memory-alpha.wikia.com/resource/Gelnon	http://dbkwik.webdatacommons.org/stexpanded.wikia.com/resource/Gelnon	=	1.0000
http://memory-alpha.wikia.com/wiki/Special:FilePath/José_Tyler.jpg?width=300	http://stexpanded.wikia.com/wiki/Special:FilePath/José_Tyler.jpg?width=300	=	1.0000
http://dbkwik.webdatacommons.org/memory-alpha.wikia.com/resource/Galor_class	http://dbkwik.webdatacommons.org/stexpanded.wikia.com/resource/Galor_class	=	1.0000
http://dbkwik.webdatacommons.org/memory-alpha.wikia.com/resource/2314	http://dbkwik.webdatacommons.org/stexpanded.wikia.com/resource/2314	=	1.0000
http://dbkwik.webdatacommons.org/memory-alpha.wikia.com/resource/Poland	http://dbkwik.webdatacommons.org/stexpanded.wikia.com/resource/Poland	=	1.0000
http://dbkwik.webdatacommons.org/memory-alpha.wikia.com/resource/2160s	http://dbkwik.webdatacommons.org/stexpanded.wikia.com/resource/2160s	=	1.0000
http://dbkwik.webdatacommons.org/memory-alpha.wikia.com/resource/NX-01	http://dbkwik.webdatacommons.org/stexpanded.wikia.com/resource/NX-01	=	1.0000
http://dbkwik.webdatacommons.org/memory-alpha.wikia.com/resource/Wedding	http://dbkwik.webdatacommons.org/stexpanded.wikia.com/resource/Wedding	=	1.0000
http://dbkwik.webdatacommons.org/memory-alpha.wikia.com/resource/USS_Grissom	http://dbkwik.webdatacommons.org/stexpanded.wikia.com/resource/USS_Grissom	=	1.0000
http://memory-alpha.wikia.com/wiki/Special:FilePath/Kell_Perim.jpg	http://stexpanded.wikia.com/wiki/Special:FilePath/Kell_Perim.jpg	=	1.0000
http://dbkwik.webdatacommons.org/memory-alpha.wikia.com/resource/Category:Events	http://dbkwik.webdatacommons.org/stexpanded.wikia.com/resource/Category:Events	=	1.0000
http://dbkwik.webdatacommons.org/memory-alpha.wikia.com/resource/ISS_Enterprise_(NCC-1701)	http://dbkwik.webdatacommons.org/stexpanded.wikia.com/resource/ISS_Enterprise_(NCC-1701)	=	1.0000
http://dbkwik.webdatacommons.org/memory-alpha.wikia.com/resource/USS_Valiant_(NCC-74210)	http://dbkwik.webdatacommons.org/stexpanded.wikia.com/resource/USS_Valiant_(NCC-74210)	=	1.0000
http://dbkwik.webdatacommons.org/memory-alpha.wikia.com/resource/Copernicus_Ship_Yards	http://dbkwik.webdatacommons.org/stexpanded.wikia.com/resource/Copernicus_Ship_Yards	=	1.0000
http://dbkwik.webdatacommons.org/memory-alpha.wikia.com/resource/Prax	http://dbkwik.webdatacommons.org/stexpanded.wikia.com/resource/Prax	=	1.0000
http://dbkwik.webdatacommons.org/memory-alpha.wikia.com/resource/Ulysses	http://dbkwik.webdatacommons.org/stexpanded.wikia.com/resource/Ulysses	=	1.0000
http://dbkwik.webdatacommons.org/memory-alpha.wikia.com/resource/Emergency_ration	http://dbkwik.webdatacommons.org/stexpanded.wikia.com/resource/Emergency_ration	=	1.0000
http://dbkwik.webdatacommons.org/memory-alpha.wikia.com/resource/2135	http://dbkwik.webdatacommons.org/stexpanded.wikia.com/resource/2135	=	1.0000
http://memory-alpha.wikia.com/wiki/Special:FilePath/Wesley_Crusher,_2368.jpg	http://stexpanded.wikia.com/wiki/Special:FilePath/Wesley_Crusher_2368.jpg	=	1.0000
http://dbkwik.webdatacommons.org/memory-alpha.wikia.com/resource/Harry_Kim	http://dbkwik.webdatacommons.org/stexpanded.wikia.com/resource/Harry_Kim	=	1.0000
http://dbkwik.webdatacommons.org/memory-alpha.wikia.com/resource/Saucer_separation	http://dbkwik.webdatacommons.org/stexpanded.wikia.com/resource/Saucer_separation	=	1.0000
http://dbkwik.webdatacommons.org/memory-alpha.wikia.com/resource/Theseus	http://dbkwik.webdatacommons.org/stexpanded.wikia.com/resource/Theseus	=	1.0000
http://memory-alpha.wikia.com/wiki/Special:FilePath/MirrorPhlox.jpg	http://stexpanded.wikia.com/wiki/Special:FilePath/MirrorPhlox.jpg	=	1.0000
http://dbkwik.webdatacommons.org/memory-alpha.wikia.com/resource/Hotel	http://dbkwik.webdatacommons.org/stexpanded.wikia.com/resource/Hotel	=	1.0000
http://dbkwik.webdatacommons.org/memory-alpha.wikia.com/resource/Turbolift	http://dbkwik.webdatacommons.org/stexpanded.wikia.com/resource/Turbolift	=	1.0000
http://memory-alpha.wikia.com/wiki/Special:FilePath/ISS_Avenger_explodes.jpg?width=300	http://stexpanded.wikia.com/wiki/Special:FilePath/ISS_Avenger_explodes.jpg?width=300	=	1.0000
http://dbkwik.webdatacommons.org/memory-alpha.wikia.com/resource/Constitution	http://dbkwik.webdatacommons.org/stexpanded.wikia.com/resource/Constitution	=	1.0000
http://dbkwik.webdatacommons.org/memory-alpha.wikia.com/resource/Vorgon	http://dbkwik.webdatacommons.org/stexpanded.wikia.com/resource/Vorgon	=	1.0000
http://memory-alpha.wikia.com/wiki/Special:FilePath/Chintoka_tactical_map.jpg	http://stexpanded.wikia.com/wiki/Special:FilePath/Chintoka_tactical_map.jpg	=	1.0000
http://dbkwik.webdatacommons.org/memory-alpha.wikia.com/resource/USS_Chekov	http://dbkwik.webdatacommons.org/stexpanded.wikia.com/resource/USS_Chekov	=	1.0000
http://dbkwik.webdatacommons.org/memory-alpha.wikia.com/resource/Bridge	http://dbkwik.webdatacommons.org/stexpanded.wikia.com/resource/Bridge	=	1.0000
http://dbkwik.webdatacommons.org/memory-alpha.wikia.com/class/compacttoc	http://dbkwik.webdatacommons.org/stexpanded.wikia.com/class/compacttoc	=	1.0000
http://dbkwik.webdatacommons.org/memory-alpha.wikia.com/resource/2178	http://dbkwik.webdatacommons.org/stexpanded.wikia.com/resource/2178	=	1.0000
http://dbkwik.webdatacommons.org/memory-alpha.wikia.com/resource/Kenneth_Dalby	http://dbkwik.webdatacommons.org/stexpanded.wikia.com/resource/Kenneth_Dalby	=	1.0000
http://dbkwik.webdatacommons.org/memory-alpha.wikia.com/resource/Dermal_regenerator	http://dbkwik.webdatacommons.org/stexpanded.wikia.com/resource/Dermal_regenerator	=	1.0000
http://dbkwik.webdatacommons.org/memory-alpha.wikia.com/resource/Android	http://dbkwik.webdatacommons.org/stexpanded.wikia.com/resource/Android	=	1.0000
http://dbkwik.webdatacommons.org/memory-alpha.wikia.com/resource/2186	http://dbkwik.webdatacommons.org/stexpanded.wikia.com/resource/2186	=	1.0000
