SrcEntity	TgtEntity	Relation	Score
http://snomed.info/id/280308004	http://purl.org/sig/ont/fma/fma6221	=	1.0000
http://snomed.info/id/280352007	http://purl.org/sig/ont/fma/fma78711	=	1.0000
http://snomed.info/id/86793008	http://purl.org/sig/ont/fma/fma70717	=	1.0000
http://snomed.info/id/73153001	http://purl.org/sig/ont/fma/fma67343	=	1.0000
http://snomed.info/id/15931004	http://purl.org/sig/ont/fma/fma52586	=	1.0000
http://snomed.info/id/279688006	http://purl.org/sig/ont/fma/fma0326084	=	1.0000
http://snomed.info/id/305050008	http://purl.org/sig/ont/fma/fma33315	=	1.0000
http://snomed.info/id/245277008	http://purl.org/sig/ont/fma/fma233426	=	1.0000
http://snomed.info/id/58613001	http://purl.org/sig/ont/fma/fma264832	=	1.0000
http://snomed.info/id/304949000	http://purl.org/sig/ont/fma/fma321712	=	1.0000
http://snomed.info/id/304944005	http://purl.org/sig/ont/fma/fma0326800	=	1.0000
http://snomed.info/id/41621006	http://purl.org/sig/ont/fma/fma84374	=	1.0000
http://snomed.info/id/117293008	http://purl.org/sig/ont/fma/fma0326140	=	1.0000
http://snomed.info/id/110588006	http://purl.org/sig/ont/fma/fma0323815	=	1.0000
http://snomed.info/id/36660006	http://purl.org/sig/ont/fma/fma0326106	=	1.0000
http://snomed.info/id/88545005	http://purl.org/sig/ont/fma/fma5914	=	1.0000
http://snomed.info/id/72725001	http://purl.org/sig/ont/fma/fma0327035	=	1.0000
http://snomed.info/id/279766000	http://purl.org/sig/ont/fma/fma60210	=	1.0000
http://snomed.info/id/279466004	http://purl.org/sig/ont/fma/fma19711	=	1.0000
http://snomed.info/id/51962006	http://purl.org/sig/ont/fma/fma0326469	=	1.0000
http://snomed.info/id/280329008	http://purl.org/sig/ont/fma/fma0329233	=	1.0000
http://snomed.info/id/35286002	http://purl.org/sig/ont/fma/fma0327519	=	1.0000
http://snomed.info/id/14609003	http://purl.org/sig/ont/fma/fma0326765	=	1.0000
http://snomed.info/id/361618004	http://purl.org/sig/ont/fma/fma12290	=	1.0000
http://snomed.info/id/110601005	http://purl.org/sig/ont/fma/fma0323813	=	1.0000
http://snomed.info/id/314908006	http://purl.org/sig/ont/fma/fma85537	=	1.0000
http://snomed.info/id/52541003	http://purl.org/sig/ont/fma/fma82761	=	1.0000
http://snomed.info/id/89094007	http://purl.org/sig/ont/fma/fma63260	=	1.0000
http://snomed.info/id/304945006	http://purl.org/sig/ont/fma/fma321710	=	1.0000
http://snomed.info/id/280602009	http://purl.org/sig/ont/fma/fma0326942	=	1.0000
http://snomed.info/id/245293004	http://purl.org/sig/ont/fma/fma323954	=	1.0000
http://snomed.info/id/27933003	http://purl.org/sig/ont/fma/fma0326976	=	1.0000
http://snomed.info/id/110521002	http://purl.org/sig/ont/fma/fma322610	=	1.0000
http://snomed.info/id/279196000	http://purl.org/sig/ont/fma/fma256196	=	1.0000
http://snomed.info/id/77826001	http://purl.org/sig/ont/fma/fma0325974	=	1.0000
http://snomed.info/id/60302007	http://purl.org/sig/ont/fma/fma0326900	=	1.0000
http://snomed.info/id/245300008	http://purl.org/sig/ont/fma/fma71825	=	1.0000
http://snomed.info/id/280262003	http://purl.org/sig/ont/fma/fma53195	=	1.0000
http://snomed.info/id/24851008	http://purl.org/sig/ont/fma/fma74412	=	1.0000
http://snomed.info/id/90928005	http://purl.org/sig/ont/fma/fma224852	=	1.0000
http://snomed.info/id/245253002	http://purl.org/sig/ont/fma/fma323419	=	1.0000
http://snomed.info/id/361631009	http://purl.org/sig/ont/fma/fma4735	=	1.0000
http://snomed.info/id/279530003	http://purl.org/sig/ont/fma/fma0327291	=	1.0000
http://snomed.info/id/85214009	http://purl.org/sig/ont/fma/fma82762	=	1.0000
http://snomed.info/id/278362005	http://purl.org/sig/ont/fma/fma0326266	=	1.0000
http://snomed.info/id/128510008	http://purl.org/sig/ont/fma/fma46930	=	1.0000
http://snomed.info/id/399384005	http://purl.org/sig/ont/fma/fma45721	=	1.0000
http://snomed.info/id/82384006	http://purl.org/sig/ont/fma/fma10143	=	1.0000
http://snomed.info/id/314302003	http://purl.org/sig/ont/fma/fma50081	=	1.0000
http://snomed.info/id/259713004	http://purl.org/sig/ont/fma/fma0326979	=	1.0000
http://snomed.info/id/314477009	http://purl.org/sig/ont/fma/fma0326213	=	1.0000
http://snomed.info/id/276961000	http://purl.org/sig/ont/fma/fma0327241	=	1.0000
http://snomed.info/id/243951005	http://purl.org/sig/ont/fma/fma0327099	=	1.0000
http://snomed.info/id/360964001	http://purl.org/sig/ont/fma/fma0326300	=	1.0000
http://snomed.info/id/361436006	http://purl.org/sig/ont/fma/fma0327048	=	1.0000
http://snomed.info/id/397435008	http://purl.org/sig/ont/fma/fma0327609	=	1.0000
http://snomed.info/id/127894007	http://purl.org/sig/ont/fma/fma0323559	=	1.0000
http://snomed.info/id/304955005	http://purl.org/sig/ont/fma/fma321714	=	1.0000
http://snomed.info/id/35284004	http://purl.org/sig/ont/fma/fma84185	=	1.0000
http://snomed.info/id/280228003	http://purl.org/sig/ont/fma/fma52691	=	1.0000
http://snomed.info/id/16779009	http://purl.org/sig/ont/fma/fma83506	=	1.0000
http://snomed.info/id/80036001	http://purl.org/sig/ont/fma/fma0326462	=	1.0000
http://snomed.info/id/5086000	http://purl.org/sig/ont/fma/fma67709	=	1.0000
http://snomed.info/id/8668003	http://purl.org/sig/ont/fma/fma0325971	=	1.0000
http://snomed.info/id/361641007	http://purl.org/sig/ont/fma/fma4942	=	1.0000
http://snomed.info/id/304962001	http://purl.org/sig/ont/fma/fma321706	=	1.0000
http://snomed.info/id/55109005	http://purl.org/sig/ont/fma/fma0326457	=	1.0000
http://snomed.info/id/818983003	http://purl.org/sig/ont/fma/fma9577	=	1.0000
http://snomed.info/id/1516009	http://purl.org/sig/ont/fma/fma323417	=	1.0000
http://snomed.info/id/280299003	http://purl.org/sig/ont/fma/fma14468	=	1.0000
http://snomed.info/id/45202000	http://purl.org/sig/ont/fma/fma0325985	=	1.0000
http://snomed.info/id/26859008	http://purl.org/sig/ont/fma/fma83689	=	1.0000
http://snomed.info/id/182321004	http://purl.org/sig/ont/fma/fma0323761	=	1.0000
http://snomed.info/id/288322003	http://purl.org/sig/ont/fma/fma0327057	=	1.0000
http://snomed.info/id/768009002	http://purl.org/sig/ont/fma/fma83352	=	1.0000
http://snomed.info/id/279648001	http://purl.org/sig/ont/fma/fma0327307	=	1.0000
http://snomed.info/id/110327002	http://purl.org/sig/ont/fma/fma322587	=	1.0000
http://snomed.info/id/280284003	http://purl.org/sig/ont/fma/fma53396	=	1.0000
http://snomed.info/id/81367002	http://purl.org/sig/ont/fma/fma84183	=	1.0000
http://snomed.info/id/245702002	http://purl.org/sig/ont/fma/fma0327187	=	1.0000
http://snomed.info/id/48184006	http://purl.org/sig/ont/fma/fma67896	=	1.0000
http://snomed.info/id/58348001	http://purl.org/sig/ont/fma/fma84718	=	1.0000
http://snomed.info/id/280120004	http://purl.org/sig/ont/fma/fma322379	=	1.0000
http://snomed.info/id/279736007	http://purl.org/sig/ont/fma/fma56451	=	1.0000
http://snomed.info/id/280318009	http://purl.org/sig/ont/fma/fma54407	=	1.0000
http://snomed.info/id/280923001	http://purl.org/sig/ont/fma/fma0326935	=	1.0000
http://snomed.info/id/11554009	http://purl.org/sig/ont/fma/fma23864	=	1.0000
http://snomed.info/id/245295006	http://purl.org/sig/ont/fma/fma71819	=	1.0000
http://snomed.info/id/20221000	http://purl.org/sig/ont/fma/fma67123	=	1.0000
http://snomed.info/id/105580009	http://purl.org/sig/ont/fma/fma16204	=	1.0000
http://snomed.info/id/667009	http://purl.org/sig/ont/fma/fma69067	=	1.0000
http://snomed.info/id/278789003	http://purl.org/sig/ont/fma/fma16428	=	1.0000
http://snomed.info/id/127942009	http://purl.org/sig/ont/fma/fma0326395	=	1.0000
http://snomed.info/id/49612007	http://purl.org/sig/ont/fma/fma0326467	=	1.0000
http://snomed.info/id/116194001	http://purl.org/sig/ont/fma/fma63832	=	1.0000
http://snomed.info/id/314570009	http://purl.org/sig/ont/fma/fma0327502	=	1.0000
http://snomed.info/id/14502000	http://purl.org/sig/ont/fma/fma32434	=	1.0000
http://snomed.info/id/789210002	http://purl.org/sig/ont/fma/fma84964	=	1.0000
http://snomed.info/id/277717006	http://purl.org/sig/ont/fma/fma0327244	=	1.0000
http://snomed.info/id/430865005	http://purl.org/sig/ont/fma/fma12276	=	1.0000
http://snomed.info/id/75799006	http://purl.org/sig/ont/fma/fma82758	=	1.0000
http://snomed.info/id/404798000	http://purl.org/sig/ont/fma/fma86713	=	1.0000
http://snomed.info/id/16628008	http://purl.org/sig/ont/fma/fma83357	=	1.0000
http://snomed.info/id/27888000	http://purl.org/sig/ont/fma/fma67095	=	1.0000
http://snomed.info/id/63472006	http://purl.org/sig/ont/fma/fma0326891	=	1.0000
http://snomed.info/id/20672004	http://purl.org/sig/ont/fma/fma82775	=	1.0000
http://snomed.info/id/279964007	http://purl.org/sig/ont/fma/fma0327328	=	1.0000
http://snomed.info/id/360888000	http://purl.org/sig/ont/fma/fma0327537	=	1.0000
http://snomed.info/id/110709003	http://purl.org/sig/ont/fma/fma323406	=	1.0000
http://snomed.info/id/416502004	http://purl.org/sig/ont/fma/fma264785	=	1.0000
http://snomed.info/id/245376001	http://purl.org/sig/ont/fma/fma15833	=	1.0000
http://snomed.info/id/281870007	http://purl.org/sig/ont/fma/fma306231	=	1.0000
http://snomed.info/id/12176006	http://purl.org/sig/ont/fma/fma0327003	=	1.0000
http://snomed.info/id/279512005	http://purl.org/sig/ont/fma/fma0327284	=	1.0000
http://snomed.info/id/122448007	http://purl.org/sig/ont/fma/fma14068	=	1.0000
http://snomed.info/id/1471007	http://purl.org/sig/ont/fma/fma67303	=	1.0000
http://snomed.info/id/74889000	http://purl.org/sig/ont/fma/fma62873	=	1.0000
http://snomed.info/id/54991005	http://purl.org/sig/ont/fma/fma83601	=	1.0000
http://snomed.info/id/419423006	http://purl.org/sig/ont/fma/fma0326452	=	1.0000
http://snomed.info/id/245312007	http://purl.org/sig/ont/fma/fma71844	=	1.0000
http://snomed.info/id/110501003	http://purl.org/sig/ont/fma/fma322606	=	1.0000
http://snomed.info/id/314398008	http://purl.org/sig/ont/fma/fma324006	=	1.0000
http://snomed.info/id/68031002	http://purl.org/sig/ont/fma/fma12825	=	1.0000
http://snomed.info/id/245341003	http://purl.org/sig/ont/fma/fma5950	=	1.0000
http://snomed.info/id/76015000	http://purl.org/sig/ont/fma/fma14769	=	1.0000
http://snomed.info/id/264100003	http://purl.org/sig/ont/fma/fma0327215	=	1.0000
http://snomed.info/id/361402000	http://purl.org/sig/ont/fma/fma0327539	=	1.0000
http://snomed.info/id/34136006	http://purl.org/sig/ont/fma/fma0327516	=	1.0000
http://snomed.info/id/245246006	http://purl.org/sig/ont/fma/fma0323699	=	1.0000
http://snomed.info/id/304912006	http://purl.org/sig/ont/fma/fma32855	=	1.0000
http://snomed.info/id/91723000	http://purl.org/sig/ont/fma/fma305751	=	1.0000
http://snomed.info/id/361527005	http://purl.org/sig/ont/fma/fma71008	=	1.0000
http://snomed.info/id/56213003	http://purl.org/sig/ont/fma/fma38304	=	1.0000
http://snomed.info/id/91645009	http://purl.org/sig/ont/fma/fma82777	=	1.0000
http://snomed.info/id/280885005	http://purl.org/sig/ont/fma/fma0327453	=	1.0000
http://snomed.info/id/277712000	http://purl.org/sig/ont/fma/fma321651	=	1.0000
http://snomed.info/id/38326003	http://purl.org/sig/ont/fma/fma72294	=	1.0000
http://snomed.info/id/18847002	http://purl.org/sig/ont/fma/fma83123	=	1.0000
http://snomed.info/id/360487004	http://purl.org/sig/ont/fma/fma322898	=	1.0000
http://snomed.info/id/42049001	http://purl.org/sig/ont/fma/fma14354	=	1.0000
http://snomed.info/id/280337000	http://purl.org/sig/ont/fma/fma0327368	=	1.0000
http://snomed.info/id/16675008	http://purl.org/sig/ont/fma/fma55074	=	1.0000
http://snomed.info/id/43130005	http://purl.org/sig/ont/fma/fma0326960	=	1.0000
http://snomed.info/id/314324003	http://purl.org/sig/ont/fma/fma69796	=	1.0000
http://snomed.info/id/57184004	http://purl.org/sig/ont/fma/fma62870	=	1.0000
http://snomed.info/id/244401003	http://purl.org/sig/ont/fma/fma323485	=	1.0000
http://snomed.info/id/3336003	http://purl.org/sig/ont/fma/fma224787	=	1.0000
http://snomed.info/id/245462003	http://purl.org/sig/ont/fma/fma0323689	=	1.0000
http://snomed.info/id/263331008	http://purl.org/sig/ont/fma/fma10177	=	1.0000
http://snomed.info/id/28904002	http://purl.org/sig/ont/fma/fma63034	=	1.0000
http://snomed.info/id/2436009	http://purl.org/sig/ont/fma/fma14353	=	1.0000
http://snomed.info/id/736678006	http://purl.org/sig/ont/fma/fma85813	=	1.0000
http://snomed.info/id/33238007	http://purl.org/sig/ont/fma/fma0326759	=	1.0000
http://snomed.info/id/361632002	http://purl.org/sig/ont/fma/fma4739	=	1.0000
http://snomed.info/id/426072009	http://purl.org/sig/ont/fma/fma241667	=	1.0000
http://snomed.info/id/64482002	http://purl.org/sig/ont/fma/fma12234	=	1.0000
http://snomed.info/id/280590000	http://purl.org/sig/ont/fma/fma58354	=	1.0000
http://snomed.info/id/255536004	http://purl.org/sig/ont/fma/fma23862	=	1.0000
http://snomed.info/id/45047005	http://purl.org/sig/ont/fma/fma86582	=	1.0000
http://snomed.info/id/263298001	http://purl.org/sig/ont/fma/fma0326007	=	1.0000
http://snomed.info/id/67146008	http://purl.org/sig/ont/fma/fma261269	=	1.0000
http://snomed.info/id/70180009	http://purl.org/sig/ont/fma/fma16556	=	1.0000
http://snomed.info/id/245088008	http://purl.org/sig/ont/fma/fma48444	=	1.0000
http://snomed.info/id/359541001	http://purl.org/sig/ont/fma/fma295874	=	1.0000
http://snomed.info/id/314304002	http://purl.org/sig/ont/fma/fma50031	=	1.0000
http://snomed.info/id/418124002	http://purl.org/sig/ont/fma/fma0326143	=	1.0000
http://snomed.info/id/5330007	http://purl.org/sig/ont/fma/fma67119	=	1.0000
http://snomed.info/id/113261001	http://purl.org/sig/ont/fma/fma14274	=	1.0000
http://snomed.info/id/281145005	http://purl.org/sig/ont/fma/fma25735	=	1.0000
http://snomed.info/id/81971007	http://purl.org/sig/ont/fma/fma0326769	=	1.0000
http://snomed.info/id/264054003	http://purl.org/sig/ont/fma/fma0327209	=	1.0000
http://snomed.info/id/279816002	http://purl.org/sig/ont/fma/fma71769	=	1.0000
http://snomed.info/id/244028001	http://purl.org/sig/ont/fma/fma0323736	=	1.0000
http://snomed.info/id/245526002	http://purl.org/sig/ont/fma/fma67722	=	1.0000
http://snomed.info/id/46015007	http://purl.org/sig/ont/fma/fma74643	=	1.0000
http://snomed.info/id/57649002	http://purl.org/sig/ont/fma/fma67790	=	1.0000
http://snomed.info/id/16312006	http://purl.org/sig/ont/fma/fma0326001	=	1.0000
http://snomed.info/id/90984005	http://purl.org/sig/ont/fma/fma0326757	=	1.0000
http://snomed.info/id/24826007	http://purl.org/sig/ont/fma/fma63880	=	1.0000
http://snomed.info/id/45709008	http://purl.org/sig/ont/fma/fma66772	=	1.0000
http://snomed.info/id/280646001	http://purl.org/sig/ont/fma/fma0327424	=	1.0000
http://snomed.info/id/182403001	http://purl.org/sig/ont/fma/fma0323753	=	1.0000
http://snomed.info/id/277925004	http://purl.org/sig/ont/fma/fma7169	=	1.0000
http://snomed.info/id/127871006	http://purl.org/sig/ont/fma/fma17399	=	1.0000
http://snomed.info/id/18716004	http://purl.org/sig/ont/fma/fma83731	=	1.0000
http://snomed.info/id/464005	http://purl.org/sig/ont/fma/fma0326455	=	1.0000
http://snomed.info/id/361404004	http://purl.org/sig/ont/fma/fma0327541	=	1.0000
http://snomed.info/id/279768004	http://purl.org/sig/ont/fma/fma56958	=	1.0000
http://snomed.info/id/50762005	http://purl.org/sig/ont/fma/fma86583	=	1.0000
http://snomed.info/id/360891000	http://purl.org/sig/ont/fma/fma302259	=	1.0000
http://snomed.info/id/59059009	http://purl.org/sig/ont/fma/fma54660	=	1.0000
http://snomed.info/id/16378004	http://purl.org/sig/ont/fma/fma62851	=	1.0000
http://snomed.info/id/279194002	http://purl.org/sig/ont/fma/fma62419	=	1.0000
http://snomed.info/id/182228007	http://purl.org/sig/ont/fma/fma44358	=	1.0000
http://snomed.info/id/30030008	http://purl.org/sig/ont/fma/fma264826	=	1.0000
http://snomed.info/id/91764005	http://purl.org/sig/ont/fma/fma14164	=	1.0000
http://snomed.info/id/12858002	http://purl.org/sig/ont/fma/fma323416	=	1.0000
http://snomed.info/id/38476002	http://purl.org/sig/ont/fma/fma86578	=	1.0000
http://snomed.info/id/19992001	http://purl.org/sig/ont/fma/fma0326444	=	1.0000
http://snomed.info/id/66012001	http://purl.org/sig/ont/fma/fma19575	=	1.0000
http://snomed.info/id/360537008	http://purl.org/sig/ont/fma/fma76269	=	1.0000
http://snomed.info/id/57987007	http://purl.org/sig/ont/fma/fma20116	=	1.0000
http://snomed.info/id/279560008	http://purl.org/sig/ont/fma/fma55238	=	1.0000
http://snomed.info/id/182407000	http://purl.org/sig/ont/fma/fma0323751	=	1.0000
http://snomed.info/id/110326006	http://purl.org/sig/ont/fma/fma322586	=	1.0000
http://snomed.info/id/361408001	http://purl.org/sig/ont/fma/fma0327544	=	1.0000
http://snomed.info/id/22015001	http://purl.org/sig/ont/fma/fma0323743	=	1.0000
http://snomed.info/id/314228003	http://purl.org/sig/ont/fma/fma54816	=	1.0000
http://snomed.info/id/56069004	http://purl.org/sig/ont/fma/fma69234	=	1.0000
http://snomed.info/id/115603005	http://purl.org/sig/ont/fma/fma0325945	=	1.0000
http://snomed.info/id/280191009	http://purl.org/sig/ont/fma/fma53419	=	1.0000
http://snomed.info/id/90961003	http://purl.org/sig/ont/fma/fma83542	=	1.0000
http://snomed.info/id/711215000	http://purl.org/sig/ont/fma/fma34354	=	1.0000
http://snomed.info/id/67170007	http://purl.org/sig/ont/fma/fma14163	=	1.0000
http://snomed.info/id/14971004	http://purl.org/sig/ont/fma/fma82756	=	1.0000
http://snomed.info/id/360648007	http://purl.org/sig/ont/fma/fma14295	=	1.0000
http://snomed.info/id/277150000	http://purl.org/sig/ont/fma/fma0327204	=	1.0000
http://snomed.info/id/110499006	http://purl.org/sig/ont/fma/fma322605	=	1.0000
http://snomed.info/id/304936005	http://purl.org/sig/ont/fma/fma0326798	=	1.0000
http://snomed.info/id/280680003	http://purl.org/sig/ont/fma/fma0327435	=	1.0000
http://snomed.info/id/245066008	http://purl.org/sig/ont/fma/fma48085	=	1.0000
http://snomed.info/id/360981005	http://purl.org/sig/ont/fma/fma14496	=	1.0000
http://snomed.info/id/4212006	http://purl.org/sig/ont/fma/fma66768	=	1.0000
http://snomed.info/id/47046000	http://purl.org/sig/ont/fma/fma17233	=	1.0000
http://snomed.info/id/279240004	http://purl.org/sig/ont/fma/fma0327265	=	1.0000
http://snomed.info/id/304941002	http://purl.org/sig/ont/fma/fma321697	=	1.0000
http://snomed.info/id/115567004	http://purl.org/sig/ont/fma/fma70977	=	1.0000
http://snomed.info/id/280641006	http://purl.org/sig/ont/fma/fma0327422	=	1.0000
http://snomed.info/id/33956004	http://purl.org/sig/ont/fma/fma83023	=	1.0000
http://snomed.info/id/45386002	http://purl.org/sig/ont/fma/fma82772	=	1.0000
http://snomed.info/id/279701008	http://purl.org/sig/ont/fma/fma0327318	=	1.0000
http://snomed.info/id/38997009	http://purl.org/sig/ont/fma/fma0326108	=	1.0000
http://snomed.info/id/83321009	http://purl.org/sig/ont/fma/fma83541	=	1.0000
http://snomed.info/id/5932006	http://purl.org/sig/ont/fma/fma82751	=	1.0000
http://snomed.info/id/361529008	http://purl.org/sig/ont/fma/fma0326182	=	1.0000
http://snomed.info/id/75801009	http://purl.org/sig/ont/fma/fma0326858	=	1.0000
http://snomed.info/id/52884007	http://purl.org/sig/ont/fma/fma54592	=	1.0000
http://snomed.info/id/314151006	http://purl.org/sig/ont/fma/fma0327491	=	1.0000
http://snomed.info/id/305062007	http://purl.org/sig/ont/fma/fma43745	=	1.0000
http://snomed.info/id/80578004	http://purl.org/sig/ont/fma/fma0326850	=	1.0000
http://snomed.info/id/281392002	http://purl.org/sig/ont/fma/fma322130	=	1.0000
http://snomed.info/id/279985007	http://purl.org/sig/ont/fma/fma322140	=	1.0000
http://snomed.info/id/245304004	http://purl.org/sig/ont/fma/fma71823	=	1.0000
http://snomed.info/id/45201007	http://purl.org/sig/ont/fma/fma0325984	=	1.0000
http://snomed.info/id/427256000	http://purl.org/sig/ont/fma/fma49992	=	1.0000
http://snomed.info/id/361530003	http://purl.org/sig/ont/fma/fma0326183	=	1.0000
http://snomed.info/id/279198004	http://purl.org/sig/ont/fma/fma242193	=	1.0000
http://snomed.info/id/304946007	http://purl.org/sig/ont/fma/fma321711	=	1.0000
http://snomed.info/id/280598007	http://purl.org/sig/ont/fma/fma0327416	=	1.0000
http://snomed.info/id/245077002	http://purl.org/sig/ont/fma/fma47875	=	1.0000
http://snomed.info/id/182450005	http://purl.org/sig/ont/fma/fma44638	=	1.0000
http://snomed.info/id/277724007	http://purl.org/sig/ont/fma/fma0327245	=	1.0000
http://snomed.info/id/112115002	http://purl.org/sig/ont/fma/fma74647	=	1.0000
http://snomed.info/id/72257001	http://purl.org/sig/ont/fma/fma0325905	=	1.0000
http://snomed.info/id/263332001	http://purl.org/sig/ont/fma/fma10198	=	1.0000
http://snomed.info/id/244026002	http://purl.org/sig/ont/fma/fma0323738	=	1.0000
http://snomed.info/id/264235009	http://purl.org/sig/ont/fma/fma0327231	=	1.0000
http://snomed.info/id/280049009	http://purl.org/sig/ont/fma/fma322135	=	1.0000
http://snomed.info/id/27604002	http://purl.org/sig/ont/fma/fma84190	=	1.0000
http://snomed.info/id/24065009	http://purl.org/sig/ont/fma/fma0327062	=	1.0000
http://snomed.info/id/818994004	http://purl.org/sig/ont/fma/fma19841	=	1.0000
http://snomed.info/id/314299003	http://purl.org/sig/ont/fma/fma66313	=	1.0000
http://snomed.info/id/279141006	http://purl.org/sig/ont/fma/fma61217	=	1.0000
http://snomed.info/id/110496004	http://purl.org/sig/ont/fma/fma322603	=	1.0000
http://snomed.info/id/47325000	http://purl.org/sig/ont/fma/fma69236	=	1.0000
http://snomed.info/id/263980006	http://purl.org/sig/ont/fma/fma0327199	=	1.0000
http://snomed.info/id/13515001	http://purl.org/sig/ont/fma/fma15845	=	1.0000
http://snomed.info/id/50421000	http://purl.org/sig/ont/fma/fma0326468	=	1.0000
http://snomed.info/id/53945006	http://purl.org/sig/ont/fma/fma83553	=	1.0000
http://snomed.info/id/361629000	http://purl.org/sig/ont/fma/fma4733	=	1.0000
http://snomed.info/id/244072003	http://purl.org/sig/ont/fma/fma322335	=	1.0000
http://snomed.info/id/51305002	http://purl.org/sig/ont/fma/fma67128	=	1.0000
http://snomed.info/id/112133008	http://purl.org/sig/ont/fma/fma62871	=	1.0000
http://snomed.info/id/280346006	http://purl.org/sig/ont/fma/fma16420	=	1.0000
http://snomed.info/id/263979008	http://purl.org/sig/ont/fma/fma27980	=	1.0000
http://snomed.info/id/49405007	http://purl.org/sig/ont/fma/fma58749	=	1.0000
http://snomed.info/id/31627007	http://purl.org/sig/ont/fma/fma61803	=	1.0000
http://snomed.info/id/102683006	http://purl.org/sig/ont/fma/fma62340	=	1.0000
http://snomed.info/id/18128003	http://purl.org/sig/ont/fma/fma63024	=	1.0000
http://snomed.info/id/361521006	http://purl.org/sig/ont/fma/fma0327596	=	1.0000
http://snomed.info/id/304938006	http://purl.org/sig/ont/fma/fma0326799	=	1.0000
http://snomed.info/id/4546008	http://purl.org/sig/ont/fma/fma82771	=	1.0000
http://snomed.info/id/360967008	http://purl.org/sig/ont/fma/fma0326301	=	1.0000
http://snomed.info/id/127887009	http://purl.org/sig/ont/fma/fma0323552	=	1.0000
http://snomed.info/id/31979005	http://purl.org/sig/ont/fma/fma82738	=	1.0000
http://snomed.info/id/280881001	http://purl.org/sig/ont/fma/fma0327450	=	1.0000
http://snomed.info/id/53875002	http://purl.org/sig/ont/fma/fma62101	=	1.0000
http://snomed.info/id/47822008	http://purl.org/sig/ont/fma/fma7646	=	1.0000
http://snomed.info/id/420190000	http://purl.org/sig/ont/fma/fma0326454	=	1.0000
http://snomed.info/id/280386003	http://purl.org/sig/ont/fma/fma55265	=	1.0000
http://snomed.info/id/279545005	http://purl.org/sig/ont/fma/fma55403	=	1.0000
http://snomed.info/id/279704000	http://purl.org/sig/ont/fma/fma0327319	=	1.0000
http://snomed.info/id/116829001	http://purl.org/sig/ont/fma/fma0326123	=	1.0000
http://snomed.info/id/304961008	http://purl.org/sig/ont/fma/fma321705	=	1.0000
http://snomed.info/id/280888007	http://purl.org/sig/ont/fma/fma49154	=	1.0000
http://snomed.info/id/127895008	http://purl.org/sig/ont/fma/fma0323560	=	1.0000
http://snomed.info/id/80554009	http://purl.org/sig/ont/fma/fma0326463	=	1.0000
http://snomed.info/id/280054000	http://purl.org/sig/ont/fma/fma0327346	=	1.0000
http://snomed.info/id/47220008	http://purl.org/sig/ont/fma/fma54527	=	1.0000
http://snomed.info/id/245052003	http://purl.org/sig/ont/fma/fma54053	=	1.0000
http://snomed.info/id/280082007	http://purl.org/sig/ont/fma/fma37325	=	1.0000
http://snomed.info/id/314713002	http://purl.org/sig/ont/fma/fma0327503	=	1.0000
http://snomed.info/id/280293002	http://purl.org/sig/ont/fma/fma53490	=	1.0000
http://snomed.info/id/280533000	http://purl.org/sig/ont/fma/fma6261	=	1.0000
http://snomed.info/id/373097002	http://purl.org/sig/ont/fma/fma0326209	=	1.0000
http://snomed.info/id/279714009	http://purl.org/sig/ont/fma/fma0327320	=	1.0000
http://snomed.info/id/33292006	http://purl.org/sig/ont/fma/fma0326094	=	1.0000
http://snomed.info/id/244558004	http://purl.org/sig/ont/fma/fma35213	=	1.0000
http://snomed.info/id/279580009	http://purl.org/sig/ont/fma/fma0327299	=	1.0000
http://snomed.info/id/280835001	http://purl.org/sig/ont/fma/fma24826	=	1.0000
http://snomed.info/id/282047003	http://purl.org/sig/ont/fma/fma321572	=	1.0000
http://snomed.info/id/279699008	http://purl.org/sig/ont/fma/fma0327316	=	1.0000
http://snomed.info/id/3771001	http://purl.org/sig/ont/fma/fma67378	=	1.0000
http://snomed.info/id/105583006	http://purl.org/sig/ont/fma/fma67718	=	1.0000
http://snomed.info/id/360821009	http://purl.org/sig/ont/fma/fma17759	=	1.0000
http://snomed.info/id/245460006	http://purl.org/sig/ont/fma/fma0323690	=	1.0000
http://snomed.info/id/360901007	http://purl.org/sig/ont/fma/fma302253	=	1.0000
http://snomed.info/id/281228008	http://purl.org/sig/ont/fma/fma24293	=	1.0000
http://snomed.info/id/44735001	http://purl.org/sig/ont/fma/fma14664	=	1.0000
http://snomed.info/id/255554000	http://purl.org/sig/ont/fma/fma74535	=	1.0000
http://snomed.info/id/279392005	http://purl.org/sig/ont/fma/fma0327270	=	1.0000
http://snomed.info/id/84227004	http://purl.org/sig/ont/fma/fma83504	=	1.0000
http://snomed.info/id/361607004	http://purl.org/sig/ont/fma/fma10656	=	1.0000
http://snomed.info/id/110695006	http://purl.org/sig/ont/fma/fma44793	=	1.0000
http://snomed.info/id/55460000	http://purl.org/sig/ont/fma/fma63920	=	1.0000
http://snomed.info/id/245486001	http://purl.org/sig/ont/fma/fma224876	=	1.0000
http://snomed.info/id/304957002	http://purl.org/sig/ont/fma/fma321703	=	1.0000
http://snomed.info/id/314722001	http://purl.org/sig/ont/fma/fma322013	=	1.0000
http://snomed.info/id/245072008	http://purl.org/sig/ont/fma/fma0323721	=	1.0000
http://snomed.info/id/734137005	http://purl.org/sig/ont/fma/tributary_of	=	1.0000
http://snomed.info/id/181902000	http://purl.org/sig/ont/fma/fma24056	=	1.0000
http://snomed.info/id/304958007	http://purl.org/sig/ont/fma/fma321704	=	1.0000
http://snomed.info/id/280734009	http://purl.org/sig/ont/fma/fma13479	=	1.0000
http://snomed.info/id/113299008	http://purl.org/sig/ont/fma/fma323934	=	1.0000
http://snomed.info/id/1356814005	http://purl.org/sig/ont/fma/fma43782	=	1.0000
http://snomed.info/id/279220006	http://purl.org/sig/ont/fma/fma321695	=	1.0000
http://snomed.info/id/35069000	http://purl.org/sig/ont/fma/fma302832	=	1.0000
http://snomed.info/id/361012004	http://purl.org/sig/ont/fma/fma0326149	=	1.0000
http://snomed.info/id/66897009	http://purl.org/sig/ont/fma/fma0326880	=	1.0000
http://snomed.info/id/91414004	http://purl.org/sig/ont/fma/fma61754	=	1.0000
http://snomed.info/id/245172006	http://purl.org/sig/ont/fma/fma22300	=	1.0000
http://snomed.info/id/280265001	http://purl.org/sig/ont/fma/fma53206	=	1.0000
http://snomed.info/id/117507002	http://purl.org/sig/ont/fma/fma0326404	=	1.0000
http://snomed.info/id/245054002	http://purl.org/sig/ont/fma/fma54068	=	1.0000
http://snomed.info/id/279862005	http://purl.org/sig/ont/fma/fma0327327	=	1.0000
http://snomed.info/id/85835001	http://purl.org/sig/ont/fma/fma14660	=	1.0000
http://snomed.info/id/360927007	http://purl.org/sig/ont/fma/fma0326287	=	1.0000
http://snomed.info/id/314859006	http://purl.org/sig/ont/fma/fma0327513	=	1.0000
http://snomed.info/id/288481008	http://purl.org/sig/ont/fma/fma7645	=	1.0000
http://snomed.info/id/288483006	http://purl.org/sig/ont/fma/fma8603	=	1.0000
http://snomed.info/id/31513005	http://purl.org/sig/ont/fma/fma83617	=	1.0000
http://snomed.info/id/245073003	http://purl.org/sig/ont/fma/fma0323720	=	1.0000
http://snomed.info/id/279578003	http://purl.org/sig/ont/fma/fma0327297	=	1.0000
http://snomed.info/id/272708001	http://purl.org/sig/ont/fma/fma23975	=	1.0000
http://snomed.info/id/245388004	http://purl.org/sig/ont/fma/fma323427	=	1.0000
http://snomed.info/id/127883008	http://purl.org/sig/ont/fma/fma0323549	=	1.0000
http://snomed.info/id/361666006	http://purl.org/sig/ont/fma/fma4950	=	1.0000
http://snomed.info/id/90152004	http://purl.org/sig/ont/fma/fma0325995	=	1.0000
http://snomed.info/id/68989006	http://purl.org/sig/ont/fma/fma63872	=	1.0000
http://snomed.info/id/711192008	http://purl.org/sig/ont/fma/fma34634	=	1.0000
http://snomed.info/id/5802004	http://purl.org/sig/ont/fma/fma84171	=	1.0000
http://snomed.info/id/31310007	http://purl.org/sig/ont/fma/fma82816	=	1.0000
http://snomed.info/id/280884009	http://purl.org/sig/ont/fma/fma0327452	=	1.0000
http://snomed.info/id/309043004	http://purl.org/sig/ont/fma/fma45561	=	1.0000
http://snomed.info/id/127892006	http://purl.org/sig/ont/fma/fma0323557	=	1.0000
http://snomed.info/id/91833003	http://purl.org/sig/ont/fma/fma5898	=	1.0000
http://snomed.info/id/182277004	http://purl.org/sig/ont/fma/fma0323763	=	1.0000
http://snomed.info/id/279798006	http://purl.org/sig/ont/fma/fma71835	=	1.0000
http://snomed.info/id/76704003	http://purl.org/sig/ont/fma/fma44301	=	1.0000
http://snomed.info/id/279581008	http://purl.org/sig/ont/fma/fma0327300	=	1.0000
http://snomed.info/id/2331003	http://purl.org/sig/ont/fma/fma82737	=	1.0000
http://snomed.info/id/33761008	http://purl.org/sig/ont/fma/fma63842	=	1.0000
http://snomed.info/id/280291000	http://purl.org/sig/ont/fma/fma53486	=	1.0000
http://snomed.info/id/361606008	http://purl.org/sig/ont/fma/fma10655	=	1.0000
http://snomed.info/id/279487009	http://purl.org/sig/ont/fma/fma0326083	=	1.0000
http://snomed.info/id/127861009	http://purl.org/sig/ont/fma/fma57070	=	1.0000
http://snomed.info/id/244695008	http://purl.org/sig/ont/fma/fma323464	=	1.0000
http://snomed.info/id/280417000	http://purl.org/sig/ont/fma/fma0327373	=	1.0000
http://snomed.info/id/361429005	http://purl.org/sig/ont/fma/fma0327552	=	1.0000
http://snomed.info/id/6411000	http://purl.org/sig/ont/fma/fma86579	=	1.0000
http://snomed.info/id/1163574002	http://purl.org/sig/ont/fma/fma55805	=	1.0000
http://snomed.info/id/263372005	http://purl.org/sig/ont/fma/fma0327185	=	1.0000
http://snomed.info/id/361484002	http://purl.org/sig/ont/fma/fma0327582	=	1.0000
http://snomed.info/id/280638002	http://purl.org/sig/ont/fma/fma0327420	=	1.0000
http://snomed.info/id/360814009	http://purl.org/sig/ont/fma/fma0327534	=	1.0000
http://snomed.info/id/264190008	http://purl.org/sig/ont/fma/fma65001	=	1.0000
http://snomed.info/id/123866000	http://purl.org/sig/ont/fma/fma54674	=	1.0000
http://snomed.info/id/280242006	http://purl.org/sig/ont/fma/fma52970	=	1.0000
http://snomed.info/id/280007004	http://purl.org/sig/ont/fma/fma0327340	=	1.0000
http://snomed.info/id/280292007	http://purl.org/sig/ont/fma/fma53489	=	1.0000
http://snomed.info/id/412383006	http://purl.org/sig/ont/fma/fma67238	=	1.0000
http://snomed.info/id/280340000	http://purl.org/sig/ont/fma/fma321563	=	1.0000
http://snomed.info/id/127958007	http://purl.org/sig/ont/fma/fma85545	=	1.0000
http://snomed.info/id/34433006	http://purl.org/sig/ont/fma/fma63898	=	1.0000
http://snomed.info/id/244439006	http://purl.org/sig/ont/fma/fma322072	=	1.0000
http://snomed.info/id/276909000	http://purl.org/sig/ont/fma/fma323913	=	1.0000
http://snomed.info/id/361476001	http://purl.org/sig/ont/fma/fma293147	=	1.0000
http://snomed.info/id/698778007	http://purl.org/sig/ont/fma/fma0326735	=	1.0000
http://snomed.info/id/279674007	http://purl.org/sig/ont/fma/fma19393	=	1.0000
http://snomed.info/id/361610006	http://purl.org/sig/ont/fma/fma10650	=	1.0000
http://snomed.info/id/280300006	http://purl.org/sig/ont/fma/fma14469	=	1.0000
http://snomed.info/id/41794000	http://purl.org/sig/ont/fma/fma58746	=	1.0000
http://snomed.info/id/360551008	http://purl.org/sig/ont/fma/fma22799	=	1.0000
http://snomed.info/id/50134008	http://purl.org/sig/ont/fma/fma84197	=	1.0000
http://snomed.info/id/280667001	http://purl.org/sig/ont/fma/fma0327429	=	1.0000
http://snomed.info/id/65237009	http://purl.org/sig/ont/fma/fma55533	=	1.0000
http://snomed.info/id/360934009	http://purl.org/sig/ont/fma/fma302223	=	1.0000
http://snomed.info/id/127893001	http://purl.org/sig/ont/fma/fma0323558	=	1.0000
http://snomed.info/id/279523009	http://purl.org/sig/ont/fma/fma55283	=	1.0000
http://snomed.info/id/90475001	http://purl.org/sig/ont/fma/fma0326754	=	1.0000
http://snomed.info/id/110592004	http://purl.org/sig/ont/fma/fma0323819	=	1.0000
http://snomed.info/id/244117002	http://purl.org/sig/ont/fma/fma322351	=	1.0000
http://snomed.info/id/304934008	http://purl.org/sig/ont/fma/fma0326797	=	1.0000
http://snomed.info/id/91341005	http://purl.org/sig/ont/fma/fma0327126	=	1.0000
http://snomed.info/id/62824007	http://purl.org/sig/ont/fma/fma74545	=	1.0000
http://snomed.info/id/85383006	http://purl.org/sig/ont/fma/fma14904	=	1.0000
http://snomed.info/id/280555008	http://purl.org/sig/ont/fma/fma0327403	=	1.0000
http://snomed.info/id/263339005	http://purl.org/sig/ont/fma/fma10324	=	1.0000
http://snomed.info/id/280231002	http://purl.org/sig/ont/fma/fma52727	=	1.0000
http://snomed.info/id/34995009	http://purl.org/sig/ont/fma/fma0326101	=	1.0000
http://snomed.info/id/245097007	http://purl.org/sig/ont/fma/fma0323715	=	1.0000
http://snomed.info/id/74714009	http://purl.org/sig/ont/fma/fma67888	=	1.0000
http://snomed.info/id/245531000	http://purl.org/sig/ont/fma/fma323433	=	1.0000
http://snomed.info/id/91233007	http://purl.org/sig/ont/fma/fma84193	=	1.0000
http://snomed.info/id/281082004	http://purl.org/sig/ont/fma/fma0327457	=	1.0000
http://snomed.info/id/245375002	http://purl.org/sig/ont/fma/fma15834	=	1.0000
http://snomed.info/id/88303009	http://purl.org/sig/ont/fma/fma0326766	=	1.0000
http://snomed.info/id/280047006	http://purl.org/sig/ont/fma/fma322133	=	1.0000
http://snomed.info/id/361413002	http://purl.org/sig/ont/fma/fma0327545	=	1.0000
http://snomed.info/id/12945004	http://purl.org/sig/ont/fma/fma83607	=	1.0000
http://snomed.info/id/127886000	http://purl.org/sig/ont/fma/fma0323551	=	1.0000
http://snomed.info/id/113355002	http://purl.org/sig/ont/fma/fma0325994	=	1.0000
http://snomed.info/id/244314003	http://purl.org/sig/ont/fma/fma323487	=	1.0000
http://snomed.info/id/7321000	http://purl.org/sig/ont/fma/fma82773	=	1.0000
http://snomed.info/id/28135007	http://purl.org/sig/ont/fma/fma0326971	=	1.0000
http://snomed.info/id/280546005	http://purl.org/sig/ont/fma/fma0327402	=	1.0000
http://snomed.info/id/102680009	http://purl.org/sig/ont/fma/fma62338	=	1.0000
http://snomed.info/id/263330009	http://purl.org/sig/ont/fma/fma10141	=	1.0000
http://snomed.info/id/307706000	http://purl.org/sig/ont/fma/fma38158	=	1.0000
http://snomed.info/id/279856000	http://purl.org/sig/ont/fma/fma77823	=	1.0000
http://snomed.info/id/113357005	http://purl.org/sig/ont/fma/fma0327006	=	1.0000
http://snomed.info/id/43531000	http://purl.org/sig/ont/fma/fma0326473	=	1.0000
http://snomed.info/id/52802009	http://purl.org/sig/ont/fma/fma66785	=	1.0000
http://snomed.info/id/102681008	http://purl.org/sig/ont/fma/fma67901	=	1.0000
http://snomed.info/id/110495000	http://purl.org/sig/ont/fma/fma322602	=	1.0000
http://snomed.info/id/360945007	http://purl.org/sig/ont/fma/fma0326280	=	1.0000
http://snomed.info/id/53742001	http://purl.org/sig/ont/fma/fma17555	=	1.0000
http://snomed.info/id/34254002	http://purl.org/sig/ont/fma/fma84196	=	1.0000
http://snomed.info/id/45226003	http://purl.org/sig/ont/fma/fma70990	=	1.0000
http://snomed.info/id/115604004	http://purl.org/sig/ont/fma/fma0325946	=	1.0000
http://snomed.info/id/280048001	http://purl.org/sig/ont/fma/fma322134	=	1.0000
http://snomed.info/id/79612000	http://purl.org/sig/ont/fma/fma62977	=	1.0000
http://snomed.info/id/818984009	http://purl.org/sig/ont/fma/fma61680	=	1.0000
http://snomed.info/id/127925003	http://purl.org/sig/ont/fma/fma276903	=	1.0000
http://snomed.info/id/3383001	http://purl.org/sig/ont/fma/fma0326144	=	1.0000
http://snomed.info/id/14153007	http://purl.org/sig/ont/fma/fma67259	=	1.0000
http://snomed.info/id/360801008	http://purl.org/sig/ont/fma/fma0326244	=	1.0000
http://snomed.info/id/23038005	http://purl.org/sig/ont/fma/fma67840	=	1.0000
http://snomed.info/id/280572001	http://purl.org/sig/ont/fma/fma0327411	=	1.0000
http://snomed.info/id/64904008	http://purl.org/sig/ont/fma/fma18651	=	1.0000
http://snomed.info/id/361405003	http://purl.org/sig/ont/fma/fma72168	=	1.0000
http://snomed.info/id/425982003	http://purl.org/sig/ont/fma/fma241669	=	1.0000
http://snomed.info/id/314291000	http://purl.org/sig/ont/fma/fma49933	=	1.0000
http://snomed.info/id/2579009	http://purl.org/sig/ont/fma/fma84371	=	1.0000
http://snomed.info/id/261074009	http://purl.org/sig/ont/fma/fma74548	=	1.0000
http://snomed.info/id/1290293005	http://purl.org/sig/ont/fma/fma259811	=	1.0000
http://snomed.info/id/279700009	http://purl.org/sig/ont/fma/fma0327317	=	1.0000
http://snomed.info/id/41508009	http://purl.org/sig/ont/fma/fma79869	=	1.0000
http://snomed.info/id/13604002	http://purl.org/sig/ont/fma/fma293444	=	1.0000
http://snomed.info/id/385480007	http://purl.org/sig/ont/fma/fma67344	=	1.0000
http://snomed.info/id/85266000	http://purl.org/sig/ont/fma/fma83736	=	1.0000
http://snomed.info/id/127881005	http://purl.org/sig/ont/fma/fma0327071	=	1.0000
http://snomed.info/id/245065007	http://purl.org/sig/ont/fma/fma0323722	=	1.0000
http://snomed.info/id/280339002	http://purl.org/sig/ont/fma/fma321562	=	1.0000
http://snomed.info/id/182451009	http://purl.org/sig/ont/fma/fma44639	=	1.0000
http://snomed.info/id/110600006	http://purl.org/sig/ont/fma/fma0323814	=	1.0000
http://snomed.info/id/263285005	http://purl.org/sig/ont/fma/fma0326006	=	1.0000
http://snomed.info/id/30516005	http://purl.org/sig/ont/fma/fma0326968	=	1.0000
http://snomed.info/id/399857002	http://purl.org/sig/ont/fma/fma77666	=	1.0000
http://snomed.info/id/245943009	http://purl.org/sig/ont/fma/fma0323670	=	1.0000
http://snomed.info/id/64164007	http://purl.org/sig/ont/fma/fma22806	=	1.0000
http://snomed.info/id/68936005	http://purl.org/sig/ont/fma/fma84375	=	1.0000
http://snomed.info/id/417522009	http://purl.org/sig/ont/fma/fma0326846	=	1.0000
http://snomed.info/id/361438007	http://purl.org/sig/ont/fma/fma293110	=	1.0000
http://snomed.info/id/56972008	http://purl.org/sig/ont/fma/fma62863	=	1.0000
http://snomed.info/id/9530002	http://purl.org/sig/ont/fma/fma83351	=	1.0000
http://snomed.info/id/280575004	http://purl.org/sig/ont/fma/fma0327412	=	1.0000
http://snomed.info/id/279672006	http://purl.org/sig/ont/fma/fma19422	=	1.0000
http://snomed.info/id/280065005	http://purl.org/sig/ont/fma/fma0327349	=	1.0000
http://snomed.info/id/245303005	http://purl.org/sig/ont/fma/fma71828	=	1.0000
http://snomed.info/id/79037006	http://purl.org/sig/ont/fma/fma76835	=	1.0000
http://snomed.info/id/276920000	http://purl.org/sig/ont/fma/fma14630	=	1.0000
http://snomed.info/id/279303009	http://purl.org/sig/ont/fma/fma0327267	=	1.0000
http://snomed.info/id/361421008	http://purl.org/sig/ont/fma/fma0327547	=	1.0000
http://snomed.info/id/263365009	http://purl.org/sig/ont/fma/fma0327181	=	1.0000
http://snomed.info/id/279574001	http://purl.org/sig/ont/fma/fma0327293	=	1.0000
http://snomed.info/id/55918008	http://purl.org/sig/ont/fma/fma62864	=	1.0000
http://snomed.info/id/280876005	http://purl.org/sig/ont/fma/fma0327449	=	1.0000
http://snomed.info/id/278842009	http://purl.org/sig/ont/fma/fma0327248	=	1.0000
http://snomed.info/id/279005008	http://purl.org/sig/ont/fma/fma62112	=	1.0000
http://snomed.info/id/66603002	http://purl.org/sig/ont/fma/fma83350	=	1.0000
http://snomed.info/id/33752008	http://purl.org/sig/ont/fma/fma83368	=	1.0000
http://snomed.info/id/314569008	http://purl.org/sig/ont/fma/fma0327501	=	1.0000
http://snomed.info/id/264198001	http://purl.org/sig/ont/fma/fma5883	=	1.0000
http://snomed.info/id/17512002	http://purl.org/sig/ont/fma/fma66783	=	1.0000
http://snomed.info/id/279513000	http://purl.org/sig/ont/fma/fma0327285	=	1.0000
http://snomed.info/id/122861001	http://purl.org/sig/ont/fma/fma0323792	=	1.0000
http://snomed.info/id/360565005	http://purl.org/sig/ont/fma/fma86594	=	1.0000
http://snomed.info/id/361611005	http://purl.org/sig/ont/fma/fma10675	=	1.0000
http://snomed.info/id/764801008	http://purl.org/sig/ont/fma/fma60367	=	1.0000
http://snomed.info/id/245774000	http://purl.org/sig/ont/fma/fma0323686	=	1.0000
http://snomed.info/id/9535007	http://purl.org/sig/ont/fma/fma75254	=	1.0000
http://snomed.info/id/245083004	http://purl.org/sig/ont/fma/fma48339	=	1.0000
http://snomed.info/id/20684002	http://purl.org/sig/ont/fma/fma24961	=	1.0000
http://snomed.info/id/13202006	http://purl.org/sig/ont/fma/fma14355	=	1.0000
http://snomed.info/id/314734009	http://purl.org/sig/ont/fma/fma0326304	=	1.0000
http://snomed.info/id/256860004	http://purl.org/sig/ont/fma/fma312981	=	1.0000
http://snomed.info/id/1163576000	http://purl.org/sig/ont/fma/fma55807	=	1.0000
http://snomed.info/id/279137007	http://purl.org/sig/ont/fma/fma12765	=	1.0000
http://snomed.info/id/304937001	http://purl.org/sig/ont/fma/fma321701	=	1.0000
http://snomed.info/id/279424000	http://purl.org/sig/ont/fma/fma0329212	=	1.0000
http://snomed.info/id/10534002	http://purl.org/sig/ont/fma/fma83355	=	1.0000
http://snomed.info/id/245381005	http://purl.org/sig/ont/fma/fma14517	=	1.0000
http://snomed.info/id/127869006	http://purl.org/sig/ont/fma/fma17398	=	1.0000
http://snomed.info/id/118652008	http://purl.org/sig/ont/fma/fma63621	=	1.0000
http://snomed.info/id/818998001	http://purl.org/sig/ont/fma/fma86232	=	1.0000
http://snomed.info/id/18470003	http://purl.org/sig/ont/fma/fma84116	=	1.0000
http://snomed.info/id/465568008	http://purl.org/sig/ont/fma/fma295652	=	1.0000
http://snomed.info/id/259655000	http://purl.org/sig/ont/fma/fma82803	=	1.0000
http://snomed.info/id/697981007	http://purl.org/sig/ont/fma/fma0326730	=	1.0000
http://snomed.info/id/386121006	http://purl.org/sig/ont/fma/fma0326147	=	1.0000
http://snomed.info/id/14125007	http://purl.org/sig/ont/fma/fma82764	=	1.0000
http://snomed.info/id/261063000	http://purl.org/sig/ont/fma/fma0327157	=	1.0000
http://snomed.info/id/304948008	http://purl.org/sig/ont/fma/fma0326802	=	1.0000
http://snomed.info/id/361603000	http://purl.org/sig/ont/fma/fma10652	=	1.0000
http://snomed.info/id/360982003	http://purl.org/sig/ont/fma/fma72263	=	1.0000
http://snomed.info/id/47390004	http://purl.org/sig/ont/fma/fma82753	=	1.0000
http://snomed.info/id/710863003	http://purl.org/sig/ont/fma/fma14155	=	1.0000
http://snomed.info/id/115549006	http://purl.org/sig/ont/fma/fma63852	=	1.0000
http://snomed.info/id/122772003	http://purl.org/sig/ont/fma/fma52904	=	1.0000
http://snomed.info/id/279645003	http://purl.org/sig/ont/fma/fma323917	=	1.0000
http://snomed.info/id/110494001	http://purl.org/sig/ont/fma/fma322600	=	1.0000
http://snomed.info/id/3583002	http://purl.org/sig/ont/fma/fma74539	=	1.0000
http://snomed.info/id/70488008	http://purl.org/sig/ont/fma/fma0325977	=	1.0000
http://snomed.info/id/78901007	http://purl.org/sig/ont/fma/fma0325973	=	1.0000
http://snomed.info/id/91389001	http://purl.org/sig/ont/fma/fma0326758	=	1.0000
http://snomed.info/id/245222004	http://purl.org/sig/ont/fma/fma47290	=	1.0000
http://snomed.info/id/699960000	http://purl.org/sig/ont/fma/fma63220	=	1.0000
http://snomed.info/id/1780008	http://purl.org/sig/ont/fma/fma0326992	=	1.0000
http://snomed.info/id/110590007	http://purl.org/sig/ont/fma/fma0323821	=	1.0000
http://snomed.info/id/279984006	http://purl.org/sig/ont/fma/fma14521	=	1.0000
http://snomed.info/id/280834002	http://purl.org/sig/ont/fma/fma9143	=	1.0000
http://snomed.info/id/36075002	http://purl.org/sig/ont/fma/fma49502	=	1.0000
http://snomed.info/id/244017000	http://purl.org/sig/ont/fma/fma0327995	=	1.0000
http://snomed.info/id/246018007	http://purl.org/sig/ont/fma/fma0327090	=	1.0000
http://snomed.info/id/11652002	http://purl.org/sig/ont/fma/fma83373	=	1.0000
http://snomed.info/id/314478004	http://purl.org/sig/ont/fma/fma0326214	=	1.0000
http://snomed.info/id/14793004	http://purl.org/sig/ont/fma/fma62861	=	1.0000
http://snomed.info/id/8225009	http://purl.org/sig/ont/fma/fma9485	=	1.0000
http://snomed.info/id/361628008	http://purl.org/sig/ont/fma/fma4740	=	1.0000
http://snomed.info/id/733931002	http://purl.org/sig/ont/fma/constitutional_part_of	=	1.0000
http://snomed.info/id/280645002	http://purl.org/sig/ont/fma/fma0326621	=	1.0000
http://snomed.info/id/66036002	http://purl.org/sig/ont/fma/fma17231	=	1.0000
http://snomed.info/id/360970007	http://purl.org/sig/ont/fma/fma0326302	=	1.0000
http://snomed.info/id/50362007	http://purl.org/sig/ont/fma/fma70969	=	1.0000
http://snomed.info/id/360842006	http://purl.org/sig/ont/fma/fma23794	=	1.0000
http://snomed.info/id/80944003	http://purl.org/sig/ont/fma/fma49500	=	1.0000
http://snomed.info/id/27770000	http://purl.org/sig/ont/fma/fma66781	=	1.0000
http://snomed.info/id/314819008	http://purl.org/sig/ont/fma/fma84783	=	1.0000
http://snomed.info/id/82983007	http://purl.org/sig/ont/fma/fma84716	=	1.0000
http://snomed.info/id/280336009	http://purl.org/sig/ont/fma/fma0327369	=	1.0000
http://snomed.info/id/246011001	http://purl.org/sig/ont/fma/fma22847	=	1.0000
http://snomed.info/id/245308001	http://purl.org/sig/ont/fma/fma323956	=	1.0000
http://snomed.info/id/279537000	http://purl.org/sig/ont/fma/fma76673	=	1.0000
http://snomed.info/id/304951001	http://purl.org/sig/ont/fma/fma0326803	=	1.0000
http://snomed.info/id/279397004	http://purl.org/sig/ont/fma/fma15888	=	1.0000
http://snomed.info/id/272694002	http://purl.org/sig/ont/fma/fma0327239	=	1.0000
http://snomed.info/id/361437002	http://purl.org/sig/ont/fma/fma0327558	=	1.0000
http://snomed.info/id/360767004	http://purl.org/sig/ont/fma/fma311256	=	1.0000
http://snomed.info/id/245080001	http://purl.org/sig/ont/fma/fma0323719	=	1.0000
http://snomed.info/id/711206007	http://purl.org/sig/ont/fma/fma34214	=	1.0000
http://snomed.info/id/360883009	http://purl.org/sig/ont/fma/fma45950	=	1.0000
http://snomed.info/id/72134001	http://purl.org/sig/ont/fma/fma67277	=	1.0000
http://snomed.info/id/280059005	http://purl.org/sig/ont/fma/fma0327348	=	1.0000
http://snomed.info/id/66068005	http://purl.org/sig/ont/fma/fma0326887	=	1.0000
http://snomed.info/id/72535009	http://purl.org/sig/ont/fma/fma9913	=	1.0000
http://snomed.info/id/111993007	http://purl.org/sig/ont/fma/fma82792	=	1.0000
http://snomed.info/id/127885001	http://purl.org/sig/ont/fma/fma0327815	=	1.0000
http://snomed.info/id/280245008	http://purl.org/sig/ont/fma/fma53060	=	1.0000
http://snomed.info/id/361445007	http://purl.org/sig/ont/fma/fma70306	=	1.0000
http://snomed.info/id/181782009	http://purl.org/sig/ont/fma/fma45001	=	1.0000
http://snomed.info/id/306711008	http://purl.org/sig/ont/fma/fma0327480	=	1.0000
http://snomed.info/id/9208002	http://purl.org/sig/ont/fma/fma63839	=	1.0000
http://snomed.info/id/4076007	http://purl.org/sig/ont/fma/fma83374	=	1.0000
http://snomed.info/id/91769000	http://purl.org/sig/ont/fma/fma84631	=	1.0000
http://snomed.info/id/55401003	http://purl.org/sig/ont/fma/fma0325981	=	1.0000
http://snomed.info/id/244340009	http://purl.org/sig/ont/fma/fma69722	=	1.0000
http://snomed.info/id/25494000	http://purl.org/sig/ont/fma/fma82798	=	1.0000
http://snomed.info/id/66254009	http://purl.org/sig/ont/fma/fma54540	=	1.0000
http://snomed.info/id/272693008	http://purl.org/sig/ont/fma/fma321693	=	1.0000
http://snomed.info/id/73275007	http://purl.org/sig/ont/fma/fma0326866	=	1.0000
http://snomed.info/id/245842003	http://purl.org/sig/ont/fma/fma59784	=	1.0000
http://snomed.info/id/245084005	http://purl.org/sig/ont/fma/fma48324	=	1.0000
http://snomed.info/id/361639006	http://purl.org/sig/ont/fma/fma4951	=	1.0000
http://snomed.info/id/44459007	http://purl.org/sig/ont/fma/fma264827	=	1.0000
http://snomed.info/id/60085001	http://purl.org/sig/ont/fma/fma67526	=	1.0000
http://snomed.info/id/116826008	http://purl.org/sig/ont/fma/fma0326120	=	1.0000
http://snomed.info/id/244128003	http://purl.org/sig/ont/fma/fma322363	=	1.0000
http://snomed.info/id/304940001	http://purl.org/sig/ont/fma/fma0326795	=	1.0000
http://snomed.info/id/89530008	http://purl.org/sig/ont/fma/fma0327135	=	1.0000
http://snomed.info/id/305098004	http://purl.org/sig/ont/fma/fma44112	=	1.0000
http://snomed.info/id/279276003	http://purl.org/sig/ont/fma/fma77589	=	1.0000
http://snomed.info/id/278476005	http://purl.org/sig/ont/fma/fma0327247	=	1.0000
http://snomed.info/id/3325005	http://purl.org/sig/ont/fma/fma82785	=	1.0000
http://snomed.info/id/49722008	http://purl.org/sig/ont/fma/fma83349	=	1.0000
http://snomed.info/id/423914005	http://purl.org/sig/ont/fma/fma0327110	=	1.0000
http://snomed.info/id/3447009	http://purl.org/sig/ont/fma/fma0326146	=	1.0000
http://snomed.info/id/360933003	http://purl.org/sig/ont/fma/fma0326289	=	1.0000
http://snomed.info/id/314857008	http://purl.org/sig/ont/fma/fma0327511	=	1.0000
http://snomed.info/id/279535008	http://purl.org/sig/ont/fma/fma76674	=	1.0000
http://snomed.info/id/360387000	http://purl.org/sig/ont/fma/fma293143	=	1.0000
http://snomed.info/id/264014000	http://purl.org/sig/ont/fma/fma17046	=	1.0000
http://snomed.info/id/129246009	http://purl.org/sig/ont/fma/fma0323779	=	1.0000
http://snomed.info/id/85139009	http://purl.org/sig/ont/fma/fma77273	=	1.0000
http://snomed.info/id/312242007	http://purl.org/sig/ont/fma/fma0326966	=	1.0000
http://snomed.info/id/57789003	http://purl.org/sig/ont/fma/fma67695	=	1.0000
http://snomed.info/id/280925008	http://purl.org/sig/ont/fma/fma0326937	=	1.0000
http://snomed.info/id/52282002	http://purl.org/sig/ont/fma/fma67262	=	1.0000
http://snomed.info/id/272713002	http://purl.org/sig/ont/fma/fma43653	=	1.0000
http://snomed.info/id/6335009	http://purl.org/sig/ont/fma/fma0327618	=	1.0000
http://snomed.info/id/361440002	http://purl.org/sig/ont/fma/fma296908	=	1.0000
http://snomed.info/id/305048000	http://purl.org/sig/ont/fma/fma38896	=	1.0000
http://snomed.info/id/110707001	http://purl.org/sig/ont/fma/fma48977	=	1.0000
http://snomed.info/id/427667007	http://purl.org/sig/ont/fma/fma61889	=	1.0000
http://snomed.info/id/32820005	http://purl.org/sig/ont/fma/fma55626	=	1.0000
http://snomed.info/id/33635003	http://purl.org/sig/ont/fma/fma67245	=	1.0000
http://snomed.info/id/361517004	http://purl.org/sig/ont/fma/fma0327592	=	1.0000
http://snomed.info/id/33840008	http://purl.org/sig/ont/fma/fma24041	=	1.0000
http://snomed.info/id/280918001	http://purl.org/sig/ont/fma/fma321810	=	1.0000
http://snomed.info/id/182330007	http://purl.org/sig/ont/fma/fma57778	=	1.0000
http://snomed.info/id/245437003	http://purl.org/sig/ont/fma/fma66304	=	1.0000
http://snomed.info/id/245387009	http://purl.org/sig/ont/fma/fma323426	=	1.0000
http://snomed.info/id/361483008	http://purl.org/sig/ont/fma/fma61975	=	1.0000
http://snomed.info/id/361461009	http://purl.org/sig/ont/fma/fma295618	=	1.0000
http://snomed.info/id/245310004	http://purl.org/sig/ont/fma/fma71830	=	1.0000
http://snomed.info/id/303054002	http://purl.org/sig/ont/fma/fma29715	=	1.0000
http://snomed.info/id/280175006	http://purl.org/sig/ont/fma/fma54608	=	1.0000
http://snomed.info/id/65251009	http://purl.org/sig/ont/fma/fma63843	=	1.0000
http://snomed.info/id/245102005	http://purl.org/sig/ont/fma/fma38153	=	1.0000
http://snomed.info/id/245540001	http://purl.org/sig/ont/fma/fma55558	=	1.0000
http://snomed.info/id/264016003	http://purl.org/sig/ont/fma/fma276990	=	1.0000
http://snomed.info/id/52180000	http://purl.org/sig/ont/fma/fma84194	=	1.0000
http://snomed.info/id/48727007	http://purl.org/sig/ont/fma/fma264831	=	1.0000
http://snomed.info/id/303895000	http://purl.org/sig/ont/fma/fma48474	=	1.0000
http://snomed.info/id/67079006	http://purl.org/sig/ont/fma/fma82743	=	1.0000
http://snomed.info/id/280349004	http://purl.org/sig/ont/fma/fma16429	=	1.0000
http://snomed.info/id/245082009	http://purl.org/sig/ont/fma/fma48354	=	1.0000
http://snomed.info/id/3374006	http://purl.org/sig/ont/fma/fma72293	=	1.0000
http://snomed.info/id/62670003	http://purl.org/sig/ont/fma/fma0326894	=	1.0000
http://snomed.info/id/279731002	http://purl.org/sig/ont/fma/fma77741	=	1.0000
http://snomed.info/id/116257004	http://purl.org/sig/ont/fma/fma82741	=	1.0000
http://snomed.info/id/81997001	http://purl.org/sig/ont/fma/fma0327140	=	1.0000
http://snomed.info/id/314308004	http://purl.org/sig/ont/fma/fma49554	=	1.0000
http://snomed.info/id/127878000	http://purl.org/sig/ont/fma/fma0323547	=	1.0000
http://snomed.info/id/279575000	http://purl.org/sig/ont/fma/fma0327294	=	1.0000
http://snomed.info/id/288485004	http://purl.org/sig/ont/fma/fma8605	=	1.0000
http://snomed.info/id/279215006	http://purl.org/sig/ont/fma/fma72719	=	1.0000
http://snomed.info/id/10439005	http://purl.org/sig/ont/fma/fma321659	=	1.0000
http://snomed.info/id/360881006	http://purl.org/sig/ont/fma/fma301855	=	1.0000
http://snomed.info/id/263304005	http://purl.org/sig/ont/fma/fma0326008	=	1.0000
http://snomed.info/id/244221000	http://purl.org/sig/ont/fma/fma49688	=	1.0000
http://snomed.info/id/360344003	http://purl.org/sig/ont/fma/fma70471	=	1.0000
http://snomed.info/id/81123006	http://purl.org/sig/ont/fma/fma264830	=	1.0000
http://snomed.info/id/72060002	http://purl.org/sig/ont/fma/fma67749	=	1.0000
http://snomed.info/id/279536009	http://purl.org/sig/ont/fma/fma55339	=	1.0000
http://snomed.info/id/69465001	http://purl.org/sig/ont/fma/fma16562	=	1.0000
http://snomed.info/id/245180004	http://purl.org/sig/ont/fma/fma46885	=	1.0000
http://snomed.info/id/245278003	http://purl.org/sig/ont/fma/fma233422	=	1.0000
http://snomed.info/id/279197009	http://purl.org/sig/ont/fma/fma80184	=	1.0000
http://snomed.info/id/29708002	http://purl.org/sig/ont/fma/fma83503	=	1.0000
http://snomed.info/id/68794004	http://purl.org/sig/ont/fma/fma82778	=	1.0000
http://snomed.info/id/49690003	http://purl.org/sig/ont/fma/fma67296	=	1.0000
http://snomed.info/id/41649004	http://purl.org/sig/ont/fma/fma62343	=	1.0000
http://snomed.info/id/244012006	http://purl.org/sig/ont/fma/fma321667	=	1.0000
http://snomed.info/id/361620001	http://purl.org/sig/ont/fma/fma12292	=	1.0000
http://snomed.info/id/51845000	http://purl.org/sig/ont/fma/fma23132	=	1.0000
http://snomed.info/id/288487007	http://purl.org/sig/ont/fma/fma8607	=	1.0000
http://snomed.info/id/45001002	http://purl.org/sig/ont/fma/fma66830	=	1.0000
http://snomed.info/id/361523009	http://purl.org/sig/ont/fma/fma0326176	=	1.0000
http://snomed.info/id/116354008	http://purl.org/sig/ont/fma/fma53169	=	1.0000
http://snomed.info/id/109559009	http://purl.org/sig/ont/fma/fma17528	=	1.0000
http://snomed.info/id/360625002	http://purl.org/sig/ont/fma/fma51244	=	1.0000
http://snomed.info/id/782809003	http://purl.org/sig/ont/fma/fma11356	=	1.0000
http://snomed.info/id/245292009	http://purl.org/sig/ont/fma/fma71841	=	1.0000
http://snomed.info/id/26193009	http://purl.org/sig/ont/fma/fma72592	=	1.0000
http://snomed.info/id/58986001	http://purl.org/sig/ont/fma/fma63261	=	1.0000
http://snomed.info/id/279254007	http://purl.org/sig/ont/fma/fma78478	=	1.0000
http://snomed.info/id/260528009	http://purl.org/sig/ont/fma/fma74528	=	1.0000
http://snomed.info/id/280311003	http://purl.org/sig/ont/fma/fma54400	=	1.0000
http://snomed.info/id/361468003	http://purl.org/sig/ont/fma/fma0327573	=	1.0000
http://snomed.info/id/245839009	http://purl.org/sig/ont/fma/fma0323679	=	1.0000
http://snomed.info/id/75777003	http://purl.org/sig/ont/fma/fma84050	=	1.0000
http://snomed.info/id/245125006	http://purl.org/sig/ont/fma/fma40719	=	1.0000
http://snomed.info/id/445251003	http://purl.org/sig/ont/fma/fma296334	=	1.0000
http://snomed.info/id/245942004	http://purl.org/sig/ont/fma/fma0323671	=	1.0000
http://snomed.info/id/397427005	http://purl.org/sig/ont/fma/fma0327608	=	1.0000
http://snomed.info/id/71481009	http://purl.org/sig/ont/fma/fma62976	=	1.0000
http://snomed.info/id/172994001	http://purl.org/sig/ont/fma/fma323418	=	1.0000
http://snomed.info/id/11698001	http://purl.org/sig/ont/fma/fma0325991	=	1.0000
http://snomed.info/id/280552006	http://purl.org/sig/ont/fma/fma53178	=	1.0000
http://snomed.info/id/71432007	http://purl.org/sig/ont/fma/fma23866	=	1.0000
http://snomed.info/id/50193000	http://purl.org/sig/ont/fma/fma16648	=	1.0000
http://snomed.info/id/360884003	http://purl.org/sig/ont/fma/fma46012	=	1.0000
http://snomed.info/id/361482003	http://purl.org/sig/ont/fma/fma0327581	=	1.0000
http://snomed.info/id/127890003	http://purl.org/sig/ont/fma/fma0323555	=	1.0000
http://snomed.info/id/304956006	http://purl.org/sig/ont/fma/fma0326805	=	1.0000
http://snomed.info/id/361667002	http://purl.org/sig/ont/fma/fma4843	=	1.0000
http://snomed.info/id/279888008	http://purl.org/sig/ont/fma/fma19113	=	1.0000
http://snomed.info/id/256885008	http://purl.org/sig/ont/fma/fma55670	=	1.0000
http://snomed.info/id/29246005	http://purl.org/sig/ont/fma/fma62872	=	1.0000
http://snomed.info/id/361609001	http://purl.org/sig/ont/fma/fma10649	=	1.0000
http://snomed.info/id/280322004	http://purl.org/sig/ont/fma/fma12135	=	1.0000
http://snomed.info/id/280033007	http://purl.org/sig/ont/fma/fma322138	=	1.0000
http://snomed.info/id/360995008	http://purl.org/sig/ont/fma/fma42770	=	1.0000
http://snomed.info/id/55143001	http://purl.org/sig/ont/fma/fma58273	=	1.0000
http://snomed.info/id/416820004	http://purl.org/sig/ont/fma/fma321573	=	1.0000
http://snomed.info/id/310887008	http://purl.org/sig/ont/fma/fma0327054	=	1.0000
http://snomed.info/id/424208002	http://purl.org/sig/ont/fma/fma23871	=	1.0000
http://snomed.info/id/89991002	http://purl.org/sig/ont/fma/fma67525	=	1.0000
http://snomed.info/id/244939001	http://purl.org/sig/ont/fma/fma323462	=	1.0000
http://snomed.info/id/24259000	http://purl.org/sig/ont/fma/fma70972	=	1.0000
http://snomed.info/id/70812007	http://purl.org/sig/ont/fma/fma51329	=	1.0000
http://snomed.info/id/280611009	http://purl.org/sig/ont/fma/fma0326931	=	1.0000
http://snomed.info/id/77844009	http://purl.org/sig/ont/fma/fma75093	=	1.0000
http://snomed.info/id/13526007	http://purl.org/sig/ont/fma/fma0325990	=	1.0000
http://snomed.info/id/69307006	http://purl.org/sig/ont/fma/fma84717	=	1.0000
http://snomed.info/id/312212009	http://purl.org/sig/ont/fma/fma85125	=	1.0000
http://snomed.info/id/19275003	http://purl.org/sig/ont/fma/fma0326109	=	1.0000
http://snomed.info/id/245315009	http://purl.org/sig/ont/fma/fma71847	=	1.0000
http://snomed.info/id/280185007	http://purl.org/sig/ont/fma/fma52610	=	1.0000
http://snomed.info/id/34582008	http://purl.org/sig/ont/fma/fma61791	=	1.0000
http://snomed.info/id/27237009	http://purl.org/sig/ont/fma/fma46573	=	1.0000
http://snomed.info/id/279694003	http://purl.org/sig/ont/fma/fma19590	=	1.0000
http://snomed.info/id/33803000	http://purl.org/sig/ont/fma/fma67522	=	1.0000
http://snomed.info/id/71211001	http://purl.org/sig/ont/fma/fma82740	=	1.0000
http://snomed.info/id/280924007	http://purl.org/sig/ont/fma/fma0326936	=	1.0000
http://snomed.info/id/245086007	http://purl.org/sig/ont/fma/fma48384	=	1.0000
http://snomed.info/id/280909003	http://purl.org/sig/ont/fma/fma0326450	=	1.0000
http://snomed.info/id/52971004	http://purl.org/sig/ont/fma/fma63836	=	1.0000
http://snomed.info/id/7880006	http://purl.org/sig/ont/fma/fma0326854	=	1.0000
http://snomed.info/id/23821005	http://purl.org/sig/ont/fma/fma66779	=	1.0000
http://snomed.info/id/361000003	http://purl.org/sig/ont/fma/fma312345	=	1.0000
http://snomed.info/id/127872004	http://purl.org/sig/ont/fma/fma17403	=	1.0000
http://snomed.info/id/91197003	http://purl.org/sig/ont/fma/fma0327127	=	1.0000
http://snomed.info/id/81654009	http://purl.org/sig/ont/fma/fma74529	=	1.0000
http://snomed.info/id/304928001	http://purl.org/sig/ont/fma/fma21493	=	1.0000
http://snomed.info/id/86690003	http://purl.org/sig/ont/fma/fma65443	=	1.0000
http://snomed.info/id/15982001	http://purl.org/sig/ont/fma/fma66848	=	1.0000
http://snomed.info/id/5868002	http://purl.org/sig/ont/fma/fma15932	=	1.0000
http://snomed.info/id/4573009	http://purl.org/sig/ont/fma/fma67412	=	1.0000
http://snomed.info/id/90905009	http://purl.org/sig/ont/fma/fma0326756	=	1.0000
http://snomed.info/id/280601002	http://purl.org/sig/ont/fma/fma0326941	=	1.0000
http://snomed.info/id/127854005	http://purl.org/sig/ont/fma/fma0325968	=	1.0000
http://snomed.info/id/278101009	http://purl.org/sig/ont/fma/fma79467	=	1.0000
http://snomed.info/id/6445007	http://purl.org/sig/ont/fma/fma66784	=	1.0000
http://snomed.info/id/79988006	http://purl.org/sig/ont/fma/fma0325976	=	1.0000
http://snomed.info/id/314754005	http://purl.org/sig/ont/fma/fma0327505	=	1.0000
http://snomed.info/id/245699009	http://purl.org/sig/ont/fma/fma323437	=	1.0000
http://snomed.info/id/52518006	http://purl.org/sig/ont/fma/fma82739	=	1.0000
http://snomed.info/id/314726003	http://purl.org/sig/ont/fma/fma0327504	=	1.0000
http://snomed.info/id/384717008	http://purl.org/sig/ont/fma/fma68596	=	1.0000
http://snomed.info/id/61237002	http://purl.org/sig/ont/fma/fma0327041	=	1.0000
http://snomed.info/id/245176009	http://purl.org/sig/ont/fma/fma301241	=	1.0000
http://snomed.info/id/277151001	http://purl.org/sig/ont/fma/fma0327205	=	1.0000
http://snomed.info/id/420618007	http://purl.org/sig/ont/fma/fma264833	=	1.0000
http://snomed.info/id/303065007	http://purl.org/sig/ont/fma/fma35288	=	1.0000
http://snomed.info/id/280596006	http://purl.org/sig/ont/fma/fma0327415	=	1.0000
http://snomed.info/id/16980002	http://purl.org/sig/ont/fma/fma83586	=	1.0000
http://snomed.info/id/279905005	http://purl.org/sig/ont/fma/fma18591	=	1.0000
http://snomed.info/id/255337007	http://purl.org/sig/ont/fma/fma84044	=	1.0000
http://snomed.info/id/361449001	http://purl.org/sig/ont/fma/fma0327564	=	1.0000
http://snomed.info/id/63426007	http://purl.org/sig/ont/fma/fma78473	=	1.0000
http://snomed.info/id/24735009	http://purl.org/sig/ont/fma/fma63879	=	1.0000
http://snomed.info/id/37269007	http://purl.org/sig/ont/fma/fma84188	=	1.0000
http://snomed.info/id/91739007	http://purl.org/sig/ont/fma/fma9729	=	1.0000
http://snomed.info/id/304964000	http://purl.org/sig/ont/fma/fma0326804	=	1.0000
http://snomed.info/id/83314009	http://purl.org/sig/ont/fma/fma84719	=	1.0000
http://snomed.info/id/22374001	http://purl.org/sig/ont/fma/fma0326984	=	1.0000
http://snomed.info/id/70828002	http://purl.org/sig/ont/fma/fma84079	=	1.0000
http://snomed.info/id/280875009	http://purl.org/sig/ont/fma/fma0327448	=	1.0000
http://snomed.info/id/246278005	http://purl.org/sig/ont/fma/fma9657	=	1.0000
http://snomed.info/id/83475004	http://purl.org/sig/ont/fma/fma67337	=	1.0000
http://snomed.info/id/245822007	http://purl.org/sig/ont/fma/fma323460	=	1.0000
http://snomed.info/id/304959004	http://purl.org/sig/ont/fma/fma0326806	=	1.0000
http://snomed.info/id/14922009	http://purl.org/sig/ont/fma/fma0326999	=	1.0000
http://snomed.info/id/424983004	http://purl.org/sig/ont/fma/fma0327011	=	1.0000
http://snomed.info/id/426215008	http://purl.org/sig/ont/fma/fma14069	=	1.0000
http://snomed.info/id/426671001	http://purl.org/sig/ont/fma/fma241675	=	1.0000
http://snomed.info/id/280294008	http://purl.org/sig/ont/fma/fma53487	=	1.0000
http://snomed.info/id/10362008	http://purl.org/sig/ont/fma/fma16028	=	1.0000
http://snomed.info/id/38182007	http://purl.org/sig/ont/fma/fma82794	=	1.0000
http://snomed.info/id/419758009	http://purl.org/sig/ont/fma/fma63368	=	1.0000
http://snomed.info/id/48156001	http://purl.org/sig/ont/fma/fma66780	=	1.0000
http://snomed.info/id/263370002	http://purl.org/sig/ont/fma/fma0327183	=	1.0000
http://snomed.info/id/1163577009	http://purl.org/sig/ont/fma/fma55806	=	1.0000
http://snomed.info/id/361598008	http://purl.org/sig/ont/fma/fma62413	=	1.0000
http://snomed.info/id/6850006	http://purl.org/sig/ont/fma/fma0326878	=	1.0000
http://snomed.info/id/314283009	http://purl.org/sig/ont/fma/fma66316	=	1.0000
http://snomed.info/id/81272008	http://purl.org/sig/ont/fma/fma66782	=	1.0000
http://snomed.info/id/78022003	http://purl.org/sig/ont/fma/fma323933	=	1.0000
http://snomed.info/id/37065005	http://purl.org/sig/ont/fma/fma324034	=	1.0000
http://snomed.info/id/75056005	http://purl.org/sig/ont/fma/fma63835	=	1.0000
http://snomed.info/id/1370913007	http://purl.org/sig/ont/fma/fma0325972	=	1.0000
http://snomed.info/id/127891004	http://purl.org/sig/ont/fma/fma0323556	=	1.0000
http://snomed.info/id/84907006	http://purl.org/sig/ont/fma/fma62897	=	1.0000
http://snomed.info/id/1311000	http://purl.org/sig/ont/fma/fma70718	=	1.0000
http://snomed.info/id/11881003	http://purl.org/sig/ont/fma/fma75446	=	1.0000
http://snomed.info/id/280166009	http://purl.org/sig/ont/fma/fma54572	=	1.0000
http://snomed.info/id/361506000	http://purl.org/sig/ont/fma/fma70311	=	1.0000
http://snomed.info/id/304935009	http://purl.org/sig/ont/fma/fma321700	=	1.0000
http://snomed.info/id/309311006	http://purl.org/sig/ont/fma/fma324003	=	1.0000
http://snomed.info/id/245215007	http://purl.org/sig/ont/fma/fma0323701	=	1.0000
http://snomed.info/id/12627001	http://purl.org/sig/ont/fma/fma85432	=	1.0000
http://snomed.info/id/280295009	http://purl.org/sig/ont/fma/fma6231	=	1.0000
http://snomed.info/id/360637000	http://purl.org/sig/ont/fma/fma50883	=	1.0000
http://snomed.info/id/288488002	http://purl.org/sig/ont/fma/fma8608	=	1.0000
http://snomed.info/id/61987002	http://purl.org/sig/ont/fma/fma16027	=	1.0000
http://snomed.info/id/361406002	http://purl.org/sig/ont/fma/fma0327542	=	1.0000
http://snomed.info/id/279243002	http://purl.org/sig/ont/fma/fma14608	=	1.0000
http://snomed.info/id/245545006	http://purl.org/sig/ont/fma/fma0326728	=	1.0000
http://snomed.info/id/314500005	http://purl.org/sig/ont/fma/fma0327500	=	1.0000
http://snomed.info/id/245094000	http://purl.org/sig/ont/fma/fma49310	=	1.0000
http://snomed.info/id/360408007	http://purl.org/sig/ont/fma/fma0327522	=	1.0000
http://snomed.info/id/24696004	http://purl.org/sig/ont/fma/fma0327153	=	1.0000
http://snomed.info/id/19238008	http://purl.org/sig/ont/fma/fma82780	=	1.0000
http://snomed.info/id/28568005	http://purl.org/sig/ont/fma/fma0326911	=	1.0000
http://snomed.info/id/717025007	http://purl.org/sig/ont/fma/fma74238	=	1.0000
http://snomed.info/id/370618005	http://purl.org/sig/ont/fma/fma324033	=	1.0000
http://snomed.info/id/243974009	http://purl.org/sig/ont/fma/fma14712	=	1.0000
http://snomed.info/id/244649001	http://purl.org/sig/ont/fma/fma44080	=	1.0000
http://snomed.info/id/110596001	http://purl.org/sig/ont/fma/fma0327664	=	1.0000
http://snomed.info/id/280056003	http://purl.org/sig/ont/fma/fma58335	=	1.0000
http://snomed.info/id/181349008	http://purl.org/sig/ont/fma/fma0323777	=	1.0000
http://snomed.info/id/67126003	http://purl.org/sig/ont/fma/fma0327143	=	1.0000
http://snomed.info/id/68992005	http://purl.org/sig/ont/fma/fma82748	=	1.0000
http://snomed.info/id/309312004	http://purl.org/sig/ont/fma/fma37377	=	1.0000
http://snomed.info/id/244229003	http://purl.org/sig/ont/fma/fma323488	=	1.0000
http://snomed.info/id/67734004	http://purl.org/sig/ont/fma/fma259209	=	1.0000
http://snomed.info/id/279908007	http://purl.org/sig/ont/fma/fma322142	=	1.0000
http://snomed.info/id/304947003	http://purl.org/sig/ont/fma/fma0326801	=	1.0000
http://snomed.info/id/181788008	http://purl.org/sig/ont/fma/fma45166	=	1.0000
http://snomed.info/id/27197004	http://purl.org/sig/ont/fma/fma20113	=	1.0000
http://snomed.info/id/360952009	http://purl.org/sig/ont/fma/fma0326298	=	1.0000
http://snomed.info/id/361458008	http://purl.org/sig/ont/fma/fma0327571	=	1.0000
http://snomed.info/id/246020005	http://purl.org/sig/ont/fma/fma0327091	=	1.0000
http://snomed.info/id/312049005	http://purl.org/sig/ont/fma/fma38340	=	1.0000
http://snomed.info/id/279418006	http://purl.org/sig/ont/fma/fma0327275	=	1.0000
http://snomed.info/id/259100002	http://purl.org/sig/ont/fma/fma84786	=	1.0000
http://snomed.info/id/182085001	http://purl.org/sig/ont/fma/fma43655	=	1.0000
http://snomed.info/id/64038003	http://purl.org/sig/ont/fma/fma5932	=	1.0000
http://snomed.info/id/361604006	http://purl.org/sig/ont/fma/fma10653	=	1.0000
http://snomed.info/id/281640004	http://purl.org/sig/ont/fma/fma322225	=	1.0000
http://snomed.info/id/280044004	http://purl.org/sig/ont/fma/fma321971	=	1.0000
http://snomed.info/id/256662005	http://purl.org/sig/ont/fma/fma20276	=	1.0000
http://snomed.info/id/361454005	http://purl.org/sig/ont/fma/fma0327569	=	1.0000
http://snomed.info/id/22244007	http://purl.org/sig/ont/fma/fma63170	=	1.0000
http://snomed.info/id/281146006	http://purl.org/sig/ont/fma/fma25736	=	1.0000
http://snomed.info/id/278827006	http://purl.org/sig/ont/fma/fma75024	=	1.0000
http://snomed.info/id/279837005	http://purl.org/sig/ont/fma/fma56454	=	1.0000
http://snomed.info/id/362748007	http://purl.org/sig/ont/fma/fma0326157	=	1.0000
http://snomed.info/id/361434009	http://purl.org/sig/ont/fma/fma0327556	=	1.0000
http://snomed.info/id/279416005	http://purl.org/sig/ont/fma/fma63193	=	1.0000
http://snomed.info/id/245283006	http://purl.org/sig/ont/fma/fma71766	=	1.0000
http://snomed.info/id/23592000	http://purl.org/sig/ont/fma/fma83555	=	1.0000
http://snomed.info/id/127915008	http://purl.org/sig/ont/fma/fma83525	=	1.0000
http://snomed.info/id/263356002	http://purl.org/sig/ont/fma/fma20074	=	1.0000
http://snomed.info/id/25761002	http://purl.org/sig/ont/fma/fma82752	=	1.0000
http://snomed.info/id/13803006	http://purl.org/sig/ont/fma/fma70022	=	1.0000
http://snomed.info/id/245183002	http://purl.org/sig/ont/fma/fma46990	=	1.0000
http://snomed.info/id/361520007	http://purl.org/sig/ont/fma/fma0327595	=	1.0000
http://snomed.info/id/314727007	http://purl.org/sig/ont/fma/fma78442	=	1.0000
http://snomed.info/id/56790003	http://purl.org/sig/ont/fma/fma0326458	=	1.0000
http://snomed.info/id/116668006	http://purl.org/sig/ont/fma/fma63959	=	1.0000
http://snomed.info/id/43674008	http://purl.org/sig/ont/fma/fma74541	=	1.0000
http://snomed.info/id/91722005	http://purl.org/sig/ont/fma/fma61775	=	1.0000
http://snomed.info/id/362887000	http://purl.org/sig/ont/fma/fma24993	=	1.0000
http://snomed.info/id/280668006	http://purl.org/sig/ont/fma/fma322374	=	1.0000
http://snomed.info/id/81689006	http://purl.org/sig/ont/fma/fma66884	=	1.0000
http://snomed.info/id/360906002	http://purl.org/sig/ont/fma/fma0326282	=	1.0000
http://snomed.info/id/41384007	http://purl.org/sig/ont/fma/fma0326962	=	1.0000
http://snomed.info/id/304939003	http://purl.org/sig/ont/fma/fma321702	=	1.0000
http://snomed.info/id/279239001	http://purl.org/sig/ont/fma/fma49450	=	1.0000
http://snomed.info/id/182447007	http://purl.org/sig/ont/fma/fma44624	=	1.0000
http://snomed.info/id/127888004	http://purl.org/sig/ont/fma/fma0323553	=	1.0000
http://snomed.info/id/113334004	http://purl.org/sig/ont/fma/fma0326116	=	1.0000
http://snomed.info/id/788302008	http://purl.org/sig/ont/fma/fma53100	=	1.0000
http://snomed.info/id/10296003	http://purl.org/sig/ont/fma/fma0326949	=	1.0000
http://snomed.info/id/36828001	http://purl.org/sig/ont/fma/fma67317	=	1.0000
http://snomed.info/id/21476003	http://purl.org/sig/ont/fma/fma69225	=	1.0000
http://snomed.info/id/711212002	http://purl.org/sig/ont/fma/fma34074	=	1.0000
http://snomed.info/id/110328007	http://purl.org/sig/ont/fma/fma322589	=	1.0000
http://snomed.info/id/314355009	http://purl.org/sig/ont/fma/fma70251	=	1.0000
http://snomed.info/id/182329002	http://purl.org/sig/ont/fma/fma57777	=	1.0000
http://snomed.info/id/245051005	http://purl.org/sig/ont/fma/fma54008	=	1.0000
http://snomed.info/id/314300006	http://purl.org/sig/ont/fma/fma49714	=	1.0000
http://snomed.info/id/419333002	http://purl.org/sig/ont/fma/fma78542	=	1.0000
http://snomed.info/id/279667002	http://purl.org/sig/ont/fma/fma0327312	=	1.0000
http://snomed.info/id/360550009	http://purl.org/sig/ont/fma/fma22738	=	1.0000
http://snomed.info/id/280258009	http://purl.org/sig/ont/fma/fma53113	=	1.0000
http://snomed.info/id/280186008	http://purl.org/sig/ont/fma/fma53418	=	1.0000
http://snomed.info/id/280042000	http://purl.org/sig/ont/fma/fma322137	=	1.0000
http://snomed.info/id/181506008	http://purl.org/sig/ont/fma/fma322366	=	1.0000
http://snomed.info/id/277721004	http://purl.org/sig/ont/fma/fma0329292	=	1.0000
http://snomed.info/id/263276005	http://purl.org/sig/ont/fma/fma9653	=	1.0000
http://snomed.info/id/70106000	http://purl.org/sig/ont/fma/fma67264	=	1.0000
http://snomed.info/id/280558005	http://purl.org/sig/ont/fma/fma0327410	=	1.0000
http://snomed.info/id/288491002	http://purl.org/sig/ont/fma/fma8611	=	1.0000
http://snomed.info/id/279300007	http://purl.org/sig/ont/fma/fma61959	=	1.0000
http://snomed.info/id/2771005	http://purl.org/sig/ont/fma/fma15896	=	1.0000
http://snomed.info/id/78399007	http://purl.org/sig/ont/fma/fma54537	=	1.0000
http://snomed.info/id/279767009	http://purl.org/sig/ont/fma/fma60204	=	1.0000
http://snomed.info/id/314306000	http://purl.org/sig/ont/fma/fma49552	=	1.0000
http://snomed.info/id/360923006	http://purl.org/sig/ont/fma/fma0326285	=	1.0000
http://snomed.info/id/360931001	http://purl.org/sig/ont/fma/fma0326288	=	1.0000
http://snomed.info/id/110626001	http://purl.org/sig/ont/fma/fma323937	=	1.0000
http://snomed.info/id/280269007	http://purl.org/sig/ont/fma/fma53247	=	1.0000
http://snomed.info/id/77012006	http://purl.org/sig/ont/fma/fma305905	=	1.0000
http://snomed.info/id/182231008	http://purl.org/sig/ont/fma/fma44362	=	1.0000
http://snomed.info/id/279963001	http://purl.org/sig/ont/fma/fma322141	=	1.0000
http://snomed.info/id/314474002	http://purl.org/sig/ont/fma/fma0326210	=	1.0000
http://snomed.info/id/450431008	http://purl.org/sig/ont/fma/fma0326599	=	1.0000
http://snomed.info/id/245297003	http://purl.org/sig/ont/fma/fma71822	=	1.0000
http://snomed.info/id/361516008	http://purl.org/sig/ont/fma/fma312393	=	1.0000
http://snomed.info/id/57300004	http://purl.org/sig/ont/fma/fma17232	=	1.0000
http://snomed.info/id/181570003	http://purl.org/sig/ont/fma/fma322338	=	1.0000
http://snomed.info/id/61472002	http://purl.org/sig/ont/fma/fma63891	=	1.0000
http://snomed.info/id/280591001	http://purl.org/sig/ont/fma/fma11336	=	1.0000
http://snomed.info/id/279684008	http://purl.org/sig/ont/fma/fma0327315	=	1.0000
http://snomed.info/id/361519001	http://purl.org/sig/ont/fma/fma0327594	=	1.0000
http://snomed.info/id/245221006	http://purl.org/sig/ont/fma/fma47275	=	1.0000
http://snomed.info/id/279544009	http://purl.org/sig/ont/fma/fma55402	=	1.0000
http://snomed.info/id/2255006	http://purl.org/sig/ont/fma/fma45636	=	1.0000
http://snomed.info/id/245291002	http://purl.org/sig/ont/fma/fma71813	=	1.0000
http://snomed.info/id/280235006	http://purl.org/sig/ont/fma/fma52930	=	1.0000
http://snomed.info/id/314287005	http://purl.org/sig/ont/fma/fma49589	=	1.0000
http://snomed.info/id/287364001	http://purl.org/sig/ont/fma/fma3731	=	1.0000
http://snomed.info/id/69313002	http://purl.org/sig/ont/fma/fma67311	=	1.0000
http://snomed.info/id/361014003	http://purl.org/sig/ont/fma/fma0326150	=	1.0000
http://snomed.info/id/71549003	http://purl.org/sig/ont/fma/fma61848	=	1.0000
http://snomed.info/id/39175000	http://purl.org/sig/ont/fma/fma0326252	=	1.0000
http://snomed.info/id/244561003	http://purl.org/sig/ont/fma/fma35220	=	1.0000
http://snomed.info/id/37484001	http://purl.org/sig/ont/fma/fma61811	=	1.0000
http://snomed.info/id/245322001	http://purl.org/sig/ont/fma/fma323422	=	1.0000
http://snomed.info/id/360947004	http://purl.org/sig/ont/fma/fma0326067	=	1.0000
http://snomed.info/id/245173001	http://purl.org/sig/ont/fma/fma48234	=	1.0000
http://snomed.info/id/9659009	http://purl.org/sig/ont/fma/fma14193	=	1.0000
http://snomed.info/id/63089006	http://purl.org/sig/ont/fma/fma82801	=	1.0000
http://snomed.info/id/314286001	http://purl.org/sig/ont/fma/fma49539	=	1.0000
http://snomed.info/id/4104007	http://purl.org/sig/ont/fma/fma82837	=	1.0000
http://snomed.info/id/360917001	http://purl.org/sig/ont/fma/fma302247	=	1.0000
http://snomed.info/id/279813005	http://purl.org/sig/ont/fma/fma276770	=	1.0000
http://snomed.info/id/3394002	http://purl.org/sig/ont/fma/fma0327515	=	1.0000
http://snomed.info/id/245256005	http://purl.org/sig/ont/fma/fma70776	=	1.0000
http://snomed.info/id/314289008	http://purl.org/sig/ont/fma/fma49653	=	1.0000
http://snomed.info/id/182229004	http://purl.org/sig/ont/fma/fma44360	=	1.0000
http://snomed.info/id/279268000	http://purl.org/sig/ont/fma/fma50773	=	1.0000
http://snomed.info/id/360488009	http://purl.org/sig/ont/fma/fma52631	=	1.0000
http://snomed.info/id/182404007	http://purl.org/sig/ont/fma/fma0323752	=	1.0000
http://snomed.info/id/244230008	http://purl.org/sig/ont/fma/fma323489	=	1.0000
http://snomed.info/id/59268003	http://purl.org/sig/ont/fma/fma67116	=	1.0000
http://snomed.info/id/279887003	http://purl.org/sig/ont/fma/fma322145	=	1.0000
http://snomed.info/id/112113009	http://purl.org/sig/ont/fma/fma83353	=	1.0000
http://snomed.info/id/18288009	http://purl.org/sig/ont/fma/fma81101	=	1.0000
http://snomed.info/id/6104005	http://purl.org/sig/ont/fma/fma65280	=	1.0000
http://snomed.info/id/244313009	http://purl.org/sig/ont/fma/fma23179	=	1.0000
http://snomed.info/id/91837002	http://purl.org/sig/ont/fma/fma3724	=	1.0000
http://snomed.info/id/40015002	http://purl.org/sig/ont/fma/fma66827	=	1.0000
http://snomed.info/id/280010006	http://purl.org/sig/ont/fma/fma0327343	=	1.0000
http://snomed.info/id/361462002	http://purl.org/sig/ont/fma/fma86666	=	1.0000
http://snomed.info/id/1075005	http://purl.org/sig/ont/fma/fma83551	=	1.0000
http://snomed.info/id/304931000	http://purl.org/sig/ont/fma/fma0326794	=	1.0000
http://snomed.info/id/110589003	http://purl.org/sig/ont/fma/fma0323822	=	1.0000
http://snomed.info/id/279677000	http://purl.org/sig/ont/fma/fma19513	=	1.0000
http://snomed.info/id/360935005	http://purl.org/sig/ont/fma/fma0326293	=	1.0000
http://snomed.info/id/263371003	http://purl.org/sig/ont/fma/fma0327184	=	1.0000
http://snomed.info/id/280569008	http://purl.org/sig/ont/fma/fma0327406	=	1.0000
http://snomed.info/id/259442006	http://purl.org/sig/ont/fma/fma63023	=	1.0000
http://snomed.info/id/65048006	http://purl.org/sig/ont/fma/fma55567	=	1.0000
http://snomed.info/id/24422004	http://purl.org/sig/ont/fma/fma74547	=	1.0000
http://snomed.info/id/360531009	http://purl.org/sig/ont/fma/fma70345	=	1.0000
http://snomed.info/id/41717006	http://purl.org/sig/ont/fma/fma321723	=	1.0000
http://snomed.info/id/245841005	http://purl.org/sig/ont/fma/fma59783	=	1.0000
http://snomed.info/id/245299000	http://purl.org/sig/ont/fma/fma71831	=	1.0000
http://snomed.info/id/77082002	http://purl.org/sig/ont/fma/fma18713	=	1.0000
http://snomed.info/id/245270005	http://purl.org/sig/ont/fma/fma71749	=	1.0000
http://snomed.info/id/127923005	http://purl.org/sig/ont/fma/fma5951	=	1.0000
http://snomed.info/id/279671004	http://purl.org/sig/ont/fma/fma19421	=	1.0000
http://snomed.info/id/280600001	http://purl.org/sig/ont/fma/fma0326940	=	1.0000
http://snomed.info/id/279258005	http://purl.org/sig/ont/fma/fma242178	=	1.0000
http://snomed.info/id/245171004	http://purl.org/sig/ont/fma/fma0323713	=	1.0000
http://snomed.info/id/102682001	http://purl.org/sig/ont/fma/fma67900	=	1.0000
http://snomed.info/id/280257004	http://purl.org/sig/ont/fma/fma53112	=	1.0000
http://snomed.info/id/57195005	http://purl.org/sig/ont/fma/fma74542	=	1.0000
http://snomed.info/id/75640001	http://purl.org/sig/ont/fma/fma84937	=	1.0000
http://snomed.info/id/61344008	http://purl.org/sig/ont/fma/fma54644	=	1.0000
http://snomed.info/id/25930004	http://purl.org/sig/ont/fma/fma59799	=	1.0000
http://snomed.info/id/64331004	http://purl.org/sig/ont/fma/fma66762	=	1.0000
http://snomed.info/id/361635000	http://purl.org/sig/ont/fma/fma71203	=	1.0000
http://snomed.info/id/314307009	http://purl.org/sig/ont/fma/fma49553	=	1.0000
http://snomed.info/id/85181003	http://purl.org/sig/ont/fma/fma85438	=	1.0000
http://snomed.info/id/261082009	http://purl.org/sig/ont/fma/fma0327159	=	1.0000
http://snomed.info/id/280009001	http://purl.org/sig/ont/fma/fma0327342	=	1.0000
http://snomed.info/id/3100007	http://purl.org/sig/ont/fma/fma55625	=	1.0000
http://snomed.info/id/102743007	http://purl.org/sig/ont/fma/fma242151	=	1.0000
http://snomed.info/id/288489005	http://purl.org/sig/ont/fma/fma8609	=	1.0000
http://snomed.info/id/78440006	http://purl.org/sig/ont/fma/fma51101	=	1.0000
http://snomed.info/id/279473009	http://purl.org/sig/ont/fma/fma0326671	=	1.0000
http://snomed.info/id/122504000	http://purl.org/sig/ont/fma/fma9916	=	1.0000
http://snomed.info/id/30117005	http://purl.org/sig/ont/fma/fma63914	=	1.0000
http://snomed.info/id/9683001	http://purl.org/sig/ont/fma/fma70545	=	1.0000
http://snomed.info/id/53301001	http://purl.org/sig/ont/fma/fma0326828	=	1.0000
http://snomed.info/id/58753009	http://purl.org/sig/ont/fma/fma82749	=	1.0000
http://snomed.info/id/245096003	http://purl.org/sig/ont/fma/fma48159	=	1.0000
http://snomed.info/id/280307009	http://purl.org/sig/ont/fma/fma6670	=	1.0000
http://snomed.info/id/312505001	http://purl.org/sig/ont/fma/fma324004	=	1.0000
http://snomed.info/id/113335003	http://purl.org/sig/ont/fma/fma70574	=	1.0000
http://snomed.info/id/426821001	http://purl.org/sig/ont/fma/fma0326479	=	1.0000
http://snomed.info/id/113349007	http://purl.org/sig/ont/fma/fma17272	=	1.0000
http://snomed.info/id/245075005	http://purl.org/sig/ont/fma/fma45816	=	1.0000
http://snomed.info/id/71170001	http://purl.org/sig/ont/fma/fma84208	=	1.0000
http://snomed.info/id/118924001	http://purl.org/sig/ont/fma/fma9917	=	1.0000
http://snomed.info/id/697980008	http://purl.org/sig/ont/fma/fma0326729	=	1.0000
http://snomed.info/id/279628008	http://purl.org/sig/ont/fma/fma0327304	=	1.0000
http://snomed.info/id/244562005	http://purl.org/sig/ont/fma/fma35221	=	1.0000
http://snomed.info/id/279515007	http://purl.org/sig/ont/fma/fma0327287	=	1.0000
http://snomed.info/id/245321008	http://purl.org/sig/ont/fma/fma323420	=	1.0000
http://snomed.info/id/78527003	http://purl.org/sig/ont/fma/fma82790	=	1.0000
http://snomed.info/id/279800004	http://purl.org/sig/ont/fma/fma71785	=	1.0000
http://snomed.info/id/88978008	http://purl.org/sig/ont/fma/fma0326466	=	1.0000
http://snomed.info/id/419583006	http://purl.org/sig/ont/fma/fma86711	=	1.0000
http://snomed.info/id/113354003	http://purl.org/sig/ont/fma/fma0325993	=	1.0000
http://snomed.info/id/47393002	http://purl.org/sig/ont/fma/fma57875	=	1.0000
http://snomed.info/id/361551000	http://purl.org/sig/ont/fma/fma0323812	=	1.0000
http://snomed.info/id/244940004	http://purl.org/sig/ont/fma/fma13332	=	1.0000
http://snomed.info/id/123679006	http://purl.org/sig/ont/fma/fma3728	=	1.0000
http://snomed.info/id/279527005	http://purl.org/sig/ont/fma/fma0327288	=	1.0000
http://snomed.info/id/280353002	http://purl.org/sig/ont/fma/fma16509	=	1.0000
http://snomed.info/id/279801000	http://purl.org/sig/ont/fma/fma321478	=	1.0000
http://snomed.info/id/245701009	http://purl.org/sig/ont/fma/fma56660	=	1.0000
http://snomed.info/id/361633007	http://purl.org/sig/ont/fma/fma4736	=	1.0000
http://snomed.info/id/360949001	http://purl.org/sig/ont/fma/fma0326297	=	1.0000
http://snomed.info/id/255765007	http://purl.org/sig/ont/fma/fma281395	=	1.0000
http://snomed.info/id/280420008	http://purl.org/sig/ont/fma/fma0326044	=	1.0000
http://snomed.info/id/71971001	http://purl.org/sig/ont/fma/fma83354	=	1.0000
http://snomed.info/id/280545009	http://purl.org/sig/ont/fma/fma0327408	=	1.0000
http://snomed.info/id/39220001	http://purl.org/sig/ont/fma/fma0325986	=	1.0000
http://snomed.info/id/118252003	http://purl.org/sig/ont/fma/fma67905	=	1.0000
http://snomed.info/id/279135004	http://purl.org/sig/ont/fma/fma0327260	=	1.0000
http://snomed.info/id/110500002	http://purl.org/sig/ont/fma/fma322601	=	1.0000
http://snomed.info/id/5041003	http://purl.org/sig/ont/fma/fma67410	=	1.0000
http://snomed.info/id/280264002	http://purl.org/sig/ont/fma/fma53212	=	1.0000
http://snomed.info/id/70187007	http://purl.org/sig/ont/fma/fma84689	=	1.0000
http://snomed.info/id/245085006	http://purl.org/sig/ont/fma/fma48399	=	1.0000
http://snomed.info/id/39989006	http://purl.org/sig/ont/fma/fma67372	=	1.0000
http://snomed.info/id/360909009	http://purl.org/sig/ont/fma/fma302241	=	1.0000
http://snomed.info/id/279962006	http://purl.org/sig/ont/fma/fma17529	=	1.0000
http://snomed.info/id/68945006	http://purl.org/sig/ont/fma/fma84051	=	1.0000
http://snomed.info/id/361491004	http://purl.org/sig/ont/fma/fma0327586	=	1.0000
http://snomed.info/id/76134003	http://purl.org/sig/ont/fma/fma83371	=	1.0000
http://snomed.info/id/41796003	http://purl.org/sig/ont/fma/fma3726	=	1.0000
http://snomed.info/id/360904004	http://purl.org/sig/ont/fma/fma0326295	=	1.0000
http://snomed.info/id/110593009	http://purl.org/sig/ont/fma/fma0323818	=	1.0000
http://snomed.info/id/281074004	http://purl.org/sig/ont/fma/fma15957	=	1.0000
http://snomed.info/id/53102003	http://purl.org/sig/ont/fma/fma84048	=	1.0000
http://snomed.info/id/91747007	http://purl.org/sig/ont/fma/fma312610	=	1.0000
http://snomed.info/id/245095004	http://purl.org/sig/ont/fma/fma48144	=	1.0000
http://snomed.info/id/363130003	http://purl.org/sig/ont/fma/fma75634	=	1.0000
http://snomed.info/id/67866001	http://purl.org/sig/ont/fma/fma83365	=	1.0000
http://snomed.info/id/417904004	http://purl.org/sig/ont/fma/fma0326142	=	1.0000
http://snomed.info/id/245487005	http://purl.org/sig/ont/fma/fma224878	=	1.0000
http://snomed.info/id/81881007	http://purl.org/sig/ont/fma/fma0326849	=	1.0000
http://snomed.info/id/244451008	http://purl.org/sig/ont/fma/fma53471	=	1.0000
http://snomed.info/id/86082002	http://purl.org/sig/ont/fma/fma18644	=	1.0000
http://snomed.info/id/1381725004	http://purl.org/sig/ont/fma/fma61792	=	1.0000
http://snomed.info/id/304933002	http://purl.org/sig/ont/fma/fma321699	=	1.0000
http://snomed.info/id/260515002	http://purl.org/sig/ont/fma/fma14368	=	1.0000
http://snomed.info/id/280654004	http://purl.org/sig/ont/fma/fma0327427	=	1.0000
http://snomed.info/id/29463007	http://purl.org/sig/ont/fma/fma62099	=	1.0000
http://snomed.info/id/8412003	http://purl.org/sig/ont/fma/fma75316	=	1.0000
http://snomed.info/id/112118000	http://purl.org/sig/ont/fma/fma83370	=	1.0000
http://snomed.info/id/361538005	http://purl.org/sig/ont/fma/fma62372	=	1.0000
http://snomed.info/id/304932007	http://purl.org/sig/ont/fma/fma0326796	=	1.0000
http://snomed.info/id/361443000	http://purl.org/sig/ont/fma/fma0327561	=	1.0000
http://snomed.info/id/360937002	http://purl.org/sig/ont/fma/fma302217	=	1.0000
http://snomed.info/id/361456007	http://purl.org/sig/ont/fma/fma86557	=	1.0000
http://snomed.info/id/8415001	http://purl.org/sig/ont/fma/fma15637	=	1.0000
http://snomed.info/id/70454002	http://purl.org/sig/ont/fma/fma83358	=	1.0000
http://snomed.info/id/70288006	http://purl.org/sig/ont/fma/fma82759	=	1.0000
http://snomed.info/id/413196009	http://purl.org/sig/ont/fma/fma322423	=	1.0000
http://snomed.info/id/361518009	http://purl.org/sig/ont/fma/fma0327593	=	1.0000
http://snomed.info/id/128979005	http://purl.org/sig/ont/fma/fma49928	=	1.0000
http://snomed.info/id/279808006	http://purl.org/sig/ont/fma/fma0326627	=	1.0000
http://snomed.info/id/397669002	http://purl.org/sig/ont/fma/fma0328408	=	1.0000
http://snomed.info/id/46046006	http://purl.org/sig/ont/fma/fma62874	=	1.0000
http://snomed.info/id/127926002	http://purl.org/sig/ont/fma/fma276928	=	1.0000
http://snomed.info/id/38533002	http://purl.org/sig/ont/fma/fma0326851	=	1.0000
http://snomed.info/id/263336003	http://purl.org/sig/ont/fma/fma10261	=	1.0000
http://snomed.info/id/272692003	http://purl.org/sig/ont/fma/fma0327238	=	1.0000
http://snomed.info/id/244400002	http://purl.org/sig/ont/fma/fma323486	=	1.0000
http://snomed.info/id/279013009	http://purl.org/sig/ont/fma/fma20251	=	1.0000
http://snomed.info/id/279669004	http://purl.org/sig/ont/fma/fma0327314	=	1.0000
http://snomed.info/id/361490003	http://purl.org/sig/ont/fma/fma0327585	=	1.0000
http://snomed.info/id/360894008	http://purl.org/sig/ont/fma/fma58888	=	1.0000
http://snomed.info/id/361465000	http://purl.org/sig/ont/fma/fma0327572	=	1.0000
http://snomed.info/id/12626005	http://purl.org/sig/ont/fma/fma67415	=	1.0000
http://snomed.info/id/244018005	http://purl.org/sig/ont/fma/fma0327996	=	1.0000
http://snomed.info/id/4328003	http://purl.org/sig/ont/fma/fma54543	=	1.0000
http://snomed.info/id/43446009	http://purl.org/sig/ont/fma/fma83530	=	1.0000
http://snomed.info/id/52736009	http://purl.org/sig/ont/fma/fma82765	=	1.0000
http://snomed.info/id/276943009	http://purl.org/sig/ont/fma/fma14637	=	1.0000
http://snomed.info/id/244616005	http://purl.org/sig/ont/fma/fma38406	=	1.0000
http://snomed.info/id/243963000	http://purl.org/sig/ont/fma/fma9687	=	1.0000
http://snomed.info/id/245087003	http://purl.org/sig/ont/fma/fma48369	=	1.0000
http://snomed.info/id/36998008	http://purl.org/sig/ont/fma/fma82747	=	1.0000
http://snomed.info/id/417682001	http://purl.org/sig/ont/fma/fma0326848	=	1.0000
http://snomed.info/id/17863007	http://purl.org/sig/ont/fma/fma18650	=	1.0000
http://snomed.info/id/54969003	http://purl.org/sig/ont/fma/fma84195	=	1.0000
http://snomed.info/id/361426003	http://purl.org/sig/ont/fma/fma0327549	=	1.0000
http://snomed.info/id/263329004	http://purl.org/sig/ont/fma/fma10139	=	1.0000
http://snomed.info/id/707613004	http://purl.org/sig/ont/fma/fma264821	=	1.0000
http://snomed.info/id/22056003	http://purl.org/sig/ont/fma/fma70716	=	1.0000
http://snomed.info/id/279541001	http://purl.org/sig/ont/fma/fma55401	=	1.0000
http://snomed.info/id/361451002	http://purl.org/sig/ont/fma/fma0327567	=	1.0000
http://snomed.info/id/309044005	http://purl.org/sig/ont/fma/fma45562	=	1.0000
http://snomed.info/id/69662009	http://purl.org/sig/ont/fma/fma67880	=	1.0000
http://snomed.info/id/34922002	http://purl.org/sig/ont/fma/fma57902	=	1.0000
http://snomed.info/id/279978008	http://purl.org/sig/ont/fma/fma0327329	=	1.0000
http://snomed.info/id/280920003	http://purl.org/sig/ont/fma/fma0326932	=	1.0000
http://snomed.info/id/361489007	http://purl.org/sig/ont/fma/fma293857	=	1.0000
http://snomed.info/id/117502008	http://purl.org/sig/ont/fma/fma0326403	=	1.0000
http://snomed.info/id/46225008	http://purl.org/sig/ont/fma/fma83369	=	1.0000
http://snomed.info/id/279133006	http://purl.org/sig/ont/fma/fma9585	=	1.0000
http://snomed.info/id/361612003	http://purl.org/sig/ont/fma/fma10676	=	1.0000
http://snomed.info/id/314854001	http://purl.org/sig/ont/fma/fma0327510	=	1.0000
http://snomed.info/id/110502005	http://purl.org/sig/ont/fma/fma322607	=	1.0000
http://snomed.info/id/361459000	http://purl.org/sig/ont/fma/fma293863	=	1.0000
http://snomed.info/id/279488004	http://purl.org/sig/ont/fma/fma0326085	=	1.0000
http://snomed.info/id/41199001	http://purl.org/sig/ont/fma/fma74644	=	1.0000
http://snomed.info/id/304960009	http://purl.org/sig/ont/fma/fma0326807	=	1.0000
http://snomed.info/id/182275007	http://purl.org/sig/ont/fma/fma0323764	=	1.0000
http://snomed.info/id/281087005	http://purl.org/sig/ont/fma/fma58411	=	1.0000
http://snomed.info/id/280599004	http://purl.org/sig/ont/fma/fma0326623	=	1.0000
http://snomed.info/id/314252005	http://purl.org/sig/ont/fma/fma0327493	=	1.0000
http://snomed.info/id/34386005	http://purl.org/sig/ont/fma/fma16557	=	1.0000
http://snomed.info/id/27112006	http://purl.org/sig/ont/fma/fma67935	=	1.0000
http://snomed.info/id/84578005	http://purl.org/sig/ont/fma/fma50797	=	1.0000
http://snomed.info/id/314327005	http://purl.org/sig/ont/fma/fma69804	=	1.0000
http://snomed.info/id/245543004	http://purl.org/sig/ont/fma/fma75150	=	1.0000
http://snomed.info/id/71678009	http://purl.org/sig/ont/fma/fma0325979	=	1.0000
http://snomed.info/id/9968009	http://purl.org/sig/ont/fma/fma0326761	=	1.0000
http://snomed.info/id/361573007	http://purl.org/sig/ont/fma/fma0327607	=	1.0000
http://snomed.info/id/35056004	http://purl.org/sig/ont/fma/fma0326103	=	1.0000
http://snomed.info/id/115605003	http://purl.org/sig/ont/fma/fma0325947	=	1.0000
http://snomed.info/id/245089000	http://purl.org/sig/ont/fma/fma48429	=	1.0000
http://snomed.info/id/29640008	http://purl.org/sig/ont/fma/fma0326910	=	1.0000
http://snomed.info/id/280557000	http://purl.org/sig/ont/fma/fma0327409	=	1.0000
http://snomed.info/id/24151005	http://purl.org/sig/ont/fma/fma84377	=	1.0000
http://snomed.info/id/770100001	http://purl.org/sig/ont/fma/fma67225	=	1.0000
http://snomed.info/id/41756000	http://purl.org/sig/ont/fma/fma0326847	=	1.0000
http://snomed.info/id/279006009	http://purl.org/sig/ont/fma/fma0327252	=	1.0000
http://snomed.info/id/78713005	http://purl.org/sig/ont/fma/fma82769	=	1.0000
http://snomed.info/id/277926003	http://purl.org/sig/ont/fma/fma7168	=	1.0000
http://snomed.info/id/49268005	http://purl.org/sig/ont/fma/fma0326456	=	1.0000
http://snomed.info/id/70145005	http://purl.org/sig/ont/fma/fma0326876	=	1.0000
http://snomed.info/id/304950000	http://purl.org/sig/ont/fma/fma321713	=	1.0000
http://snomed.info/id/263337007	http://purl.org/sig/ont/fma/fma10282	=	1.0000
http://snomed.info/id/110608004	http://purl.org/sig/ont/fma/fma0323810	=	1.0000
http://snomed.info/id/279814004	http://purl.org/sig/ont/fma/fma233091	=	1.0000
http://snomed.info/id/63370004	http://purl.org/sig/ont/fma/fma62844	=	1.0000
http://snomed.info/id/280315007	http://purl.org/sig/ont/fma/fma54404	=	1.0000
http://snomed.info/id/62854002	http://purl.org/sig/ont/fma/fma83366	=	1.0000
http://snomed.info/id/244248004	http://purl.org/sig/ont/fma/fma66328	=	1.0000
http://snomed.info/id/245832000	http://purl.org/sig/ont/fma/fma281288	=	1.0000
http://snomed.info/id/279514006	http://purl.org/sig/ont/fma/fma0327286	=	1.0000
http://snomed.info/id/280004006	http://purl.org/sig/ont/fma/fma0327338	=	1.0000
http://snomed.info/id/8814006	http://purl.org/sig/ont/fma/fma16908	=	1.0000
http://snomed.info/id/244099001	http://purl.org/sig/ont/fma/fma322360	=	1.0000
http://snomed.info/id/65000005	http://purl.org/sig/ont/fma/fma75428	=	1.0000
http://snomed.info/id/280247000	http://purl.org/sig/ont/fma/fma53061	=	1.0000
http://snomed.info/id/263277001	http://purl.org/sig/ont/fma/fma0326005	=	1.0000
http://snomed.info/id/279666006	http://purl.org/sig/ont/fma/fma19380	=	1.0000
http://snomed.info/id/279143009	http://purl.org/sig/ont/fma/fma61215	=	1.0000
http://snomed.info/id/263379001	http://purl.org/sig/ont/fma/fma0327186	=	1.0000
http://snomed.info/id/244686000	http://purl.org/sig/ont/fma/fma53171	=	1.0000
http://snomed.info/id/182272005	http://purl.org/sig/ont/fma/fma0323765	=	1.0000
http://snomed.info/id/181347005	http://purl.org/sig/ont/fma/fma0323778	=	1.0000
http://snomed.info/id/361627003	http://purl.org/sig/ont/fma/fma4741	=	1.0000
http://snomed.info/id/117431005	http://purl.org/sig/ont/fma/fma0326354	=	1.0000
http://snomed.info/id/128980008	http://purl.org/sig/ont/fma/fma49929	=	1.0000
http://snomed.info/id/313054009	http://purl.org/sig/ont/fma/fma32825	=	1.0000
http://snomed.info/id/61299002	http://purl.org/sig/ont/fma/fma83367	=	1.0000
http://snomed.info/id/310888003	http://purl.org/sig/ont/fma/fma0327055	=	1.0000
http://snomed.info/id/312256009	http://purl.org/sig/ont/fma/fma84782	=	1.0000
http://snomed.info/id/698965000	http://purl.org/sig/ont/fma/fma67112	=	1.0000
http://snomed.info/id/117503003	http://purl.org/sig/ont/fma/fma0326369	=	1.0000
http://snomed.info/id/281871006	http://purl.org/sig/ont/fma/fma72181	=	1.0000
http://snomed.info/id/110497008	http://purl.org/sig/ont/fma/fma322604	=	1.0000
http://snomed.info/id/110594003	http://purl.org/sig/ont/fma/fma0323817	=	1.0000
http://snomed.info/id/112130006	http://purl.org/sig/ont/fma/fma62869	=	1.0000
http://snomed.info/id/44970006	http://purl.org/sig/ont/fma/fma82760	=	1.0000
http://snomed.info/id/279555009	http://purl.org/sig/ont/fma/fma55139	=	1.0000
http://snomed.info/id/75925000	http://purl.org/sig/ont/fma/fma67330	=	1.0000
http://snomed.info/id/27378009	http://purl.org/sig/ont/fma/fma82768	=	1.0000
http://snomed.info/id/264163004	http://purl.org/sig/ont/fma/fma0327222	=	1.0000
http://snomed.info/id/245091008	http://purl.org/sig/ont/fma/fma48459	=	1.0000
http://snomed.info/id/55997002	http://purl.org/sig/ont/fma/fma0327617	=	1.0000
http://snomed.info/id/244942007	http://purl.org/sig/ont/fma/fma13333	=	1.0000
http://snomed.info/id/76322003	http://purl.org/sig/ont/fma/fma63072	=	1.0000
http://snomed.info/id/280341001	http://purl.org/sig/ont/fma/fma321568	=	1.0000
http://snomed.info/id/48100000	http://purl.org/sig/ont/fma/fma14486	=	1.0000
http://snomed.info/id/25841003	http://purl.org/sig/ont/fma/fma0326446	=	1.0000
http://snomed.info/id/3332001	http://purl.org/sig/ont/fma/fma0327514	=	1.0000
http://snomed.info/id/245739001	http://purl.org/sig/ont/fma/fma0327195	=	1.0000
http://snomed.info/id/9964006	http://purl.org/sig/ont/fma/fma23861	=	1.0000
http://snomed.info/id/116268004	http://purl.org/sig/ont/fma/fma82791	=	1.0000
http://snomed.info/id/312543003	http://purl.org/sig/ont/fma/fma322377	=	1.0000
http://snomed.info/id/279807001	http://purl.org/sig/ont/fma/fma323958	=	1.0000
http://snomed.info/id/361688006	http://purl.org/sig/ont/fma/fma10651	=	1.0000
http://snomed.info/id/22273005	http://purl.org/sig/ont/fma/fma0323742	=	1.0000
http://snomed.info/id/360922001	http://purl.org/sig/ont/fma/fma302235	=	1.0000
http://snomed.info/id/89959003	http://purl.org/sig/ont/fma/fma0325980	=	1.0000
http://snomed.info/id/279649009	http://purl.org/sig/ont/fma/fma0327308	=	1.0000
http://snomed.info/id/278325008	http://purl.org/sig/ont/fma/fma6005	=	1.0000
http://snomed.info/id/279650009	http://purl.org/sig/ont/fma/fma0327309	=	1.0000
http://snomed.info/id/272620000	http://purl.org/sig/ont/fma/fma0327994	=	1.0000
http://snomed.info/id/41216001	http://purl.org/sig/ont/fma/fma9600	=	1.0000
http://snomed.info/id/66933007	http://purl.org/sig/ont/fma/fma0325978	=	1.0000
http://snomed.info/id/88921000	http://purl.org/sig/ont/fma/fma62913	=	1.0000
http://snomed.info/id/278475009	http://purl.org/sig/ont/fma/fma0327246	=	1.0000
http://snomed.info/id/1186600003	http://purl.org/sig/ont/fma/fma46683	=	1.0000
http://snomed.info/id/288490001	http://purl.org/sig/ont/fma/fma8610	=	1.0000
http://snomed.info/id/42938005	http://purl.org/sig/ont/fma/fma67255	=	1.0000
http://snomed.info/id/244291009	http://purl.org/sig/ont/fma/fma69797	=	1.0000
http://snomed.info/id/361602005	http://purl.org/sig/ont/fma/fma76263	=	1.0000
http://snomed.info/id/244159001	http://purl.org/sig/ont/fma/fma281371	=	1.0000
http://snomed.info/id/60793009	http://purl.org/sig/ont/fma/fma19656	=	1.0000
http://snomed.info/id/245055001	http://purl.org/sig/ont/fma/fma54038	=	1.0000
http://snomed.info/id/14017007	http://purl.org/sig/ont/fma/fma0327002	=	1.0000
http://snomed.info/id/279343004	http://purl.org/sig/ont/fma/fma83757	=	1.0000
http://snomed.info/id/279603000	http://purl.org/sig/ont/fma/fma0327302	=	1.0000
http://snomed.info/id/279415009	http://purl.org/sig/ont/fma/fma67992	=	1.0000
http://snomed.info/id/314363005	http://purl.org/sig/ont/fma/fma69784	=	1.0000
http://snomed.info/id/314858003	http://purl.org/sig/ont/fma/fma0327512	=	1.0000
http://snomed.info/id/279668007	http://purl.org/sig/ont/fma/fma0327313	=	1.0000
http://snomed.info/id/56332006	http://purl.org/sig/ont/fma/fma0325982	=	1.0000
http://snomed.info/id/54235008	http://purl.org/sig/ont/fma/fma61806	=	1.0000
http://snomed.info/id/60227002	http://purl.org/sig/ont/fma/fma16644	=	1.0000
http://snomed.info/id/91770004	http://purl.org/sig/ont/fma/fma84632	=	1.0000
http://snomed.info/id/11281008	http://purl.org/sig/ont/fma/fma0323797	=	1.0000
http://snomed.info/id/278748001	http://purl.org/sig/ont/fma/fma62420	=	1.0000
http://snomed.info/id/3028004	http://purl.org/sig/ont/fma/fma66778	=	1.0000
http://snomed.info/id/117504009	http://purl.org/sig/ont/fma/fma0326370	=	1.0000
http://snomed.info/id/314620000	http://purl.org/sig/ont/fma/fma240707	=	1.0000
http://snomed.info/id/30730003	http://purl.org/sig/ont/fma/fma74530	=	1.0000
http://snomed.info/id/48438006	http://purl.org/sig/ont/fma/fma0326470	=	1.0000
http://snomed.info/id/360924000	http://purl.org/sig/ont/fma/fma302205	=	1.0000
http://snomed.info/id/360816006	http://purl.org/sig/ont/fma/fma0327535	=	1.0000
http://snomed.info/id/22970000	http://purl.org/sig/ont/fma/fma0326983	=	1.0000
http://snomed.info/id/280221009	http://purl.org/sig/ont/fma/fma52641	=	1.0000
http://snomed.info/id/278828001	http://purl.org/sig/ont/fma/fma75023	=	1.0000
http://snomed.info/id/781000124109	http://purl.org/sig/ont/fma/fma74557	=	1.0000
http://snomed.info/id/127870007	http://purl.org/sig/ont/fma/fma17402	=	1.0000
http://snomed.info/id/57487002	http://purl.org/sig/ont/fma/fma32692	=	1.0000
http://snomed.info/id/82851002	http://purl.org/sig/ont/fma/fma84111	=	1.0000
http://snomed.info/id/314145001	http://purl.org/sig/ont/fma/fma0327489	=	1.0000
http://snomed.info/id/245781007	http://purl.org/sig/ont/fma/fma0323685	=	1.0000
http://snomed.info/id/16657007	http://purl.org/sig/ont/fma/fma20172	=	1.0000
http://snomed.info/id/313345004	http://purl.org/sig/ont/fma/fma24050	=	1.0000
http://snomed.info/id/56685008	http://purl.org/sig/ont/fma/fma83037	=	1.0000
http://snomed.info/id/70237008	http://purl.org/sig/ont/fma/fma82797	=	1.0000
http://snomed.info/id/50284009	http://purl.org/sig/ont/fma/fma84234	=	1.0000
http://snomed.info/id/361637008	http://purl.org/sig/ont/fma/fma4737	=	1.0000
http://snomed.info/id/118922002	http://purl.org/sig/ont/fma/fma50638	=	1.0000
http://snomed.info/id/245074009	http://purl.org/sig/ont/fma/fma47995	=	1.0000
http://snomed.info/id/182269003	http://purl.org/sig/ont/fma/fma0323766	=	1.0000
http://snomed.info/id/91587000	http://purl.org/sig/ont/fma/fma0326985	=	1.0000
http://snomed.info/id/303299000	http://purl.org/sig/ont/fma/fma0327470	=	1.0000
http://snomed.info/id/11151008	http://purl.org/sig/ont/fma/fma62876	=	1.0000
http://snomed.info/id/70203000	http://purl.org/sig/ont/fma/fma82774	=	1.0000
http://snomed.info/id/304943004	http://purl.org/sig/ont/fma/fma258772	=	1.0000
http://snomed.info/id/419965008	http://purl.org/sig/ont/fma/fma82841	=	1.0000
http://snomed.info/id/245211003	http://purl.org/sig/ont/fma/fma51156	=	1.0000
http://snomed.info/id/85205004	http://purl.org/sig/ont/fma/fma67258	=	1.0000
http://snomed.info/id/13732004	http://purl.org/sig/ont/fma/fma60992	=	1.0000
http://snomed.info/id/65287002	http://purl.org/sig/ont/fma/fma0326889	=	1.0000
http://snomed.info/id/182412004	http://purl.org/sig/ont/fma/fma0323748	=	1.0000
http://snomed.info/id/49004003	http://purl.org/sig/ont/fma/fma0326102	=	1.0000
http://snomed.info/id/360956007	http://purl.org/sig/ont/fma/fma0326299	=	1.0000
http://snomed.info/id/110329004	http://purl.org/sig/ont/fma/fma322588	=	1.0000
http://snomed.info/id/263369003	http://purl.org/sig/ont/fma/fma0327182	=	1.0000
http://snomed.info/id/360988004	http://purl.org/sig/ont/fma/fma21021	=	1.0000
http://snomed.info/id/245093006	http://purl.org/sig/ont/fma/fma0323716	=	1.0000
http://snomed.info/id/52625008	http://purl.org/sig/ont/fma/fma82763	=	1.0000
http://snomed.info/id/360944006	http://purl.org/sig/ont/fma/fma302193	=	1.0000
http://snomed.info/id/117497006	http://purl.org/sig/ont/fma/fma67161	=	1.0000
http://snomed.info/id/80097007	http://purl.org/sig/ont/fma/fma0326896	=	1.0000
http://snomed.info/id/245483009	http://purl.org/sig/ont/fma/fma23182	=	1.0000
http://snomed.info/id/182091004	http://purl.org/sig/ont/fma/fma35508	=	1.0000
http://snomed.info/id/279129004	http://purl.org/sig/ont/fma/fma0327255	=	1.0000
http://snomed.info/id/25610001	http://purl.org/sig/ont/fma/fma0325988	=	1.0000
http://snomed.info/id/279471006	http://purl.org/sig/ont/fma/fma85271	=	1.0000
http://snomed.info/id/360815005	http://purl.org/sig/ont/fma/fma0327536	=	1.0000
http://snomed.info/id/281224005	http://purl.org/sig/ont/fma/fma23991	=	1.0000
http://snomed.info/id/280217002	http://purl.org/sig/ont/fma/fma52624	=	1.0000
http://snomed.info/id/279601003	http://purl.org/sig/ont/fma/fma19846	=	1.0000
http://snomed.info/id/361619007	http://purl.org/sig/ont/fma/fma12291	=	1.0000
http://snomed.info/id/1284826008	http://purl.org/sig/ont/fma/fma276377	=	1.0000
http://snomed.info/id/360897001	http://purl.org/sig/ont/fma/fma0326281	=	1.0000
http://snomed.info/id/182402006	http://purl.org/sig/ont/fma/fma0323754	=	1.0000
http://snomed.info/id/280330003	http://purl.org/sig/ont/fma/fma78651	=	1.0000
http://snomed.info/id/131190003	http://purl.org/sig/ont/fma/fma23463	=	1.0000
http://snomed.info/id/279676009	http://purl.org/sig/ont/fma/fma19506	=	1.0000
http://snomed.info/id/9422000	http://purl.org/sig/ont/fma/fma63171	=	1.0000
http://snomed.info/id/361425004	http://purl.org/sig/ont/fma/fma0327548	=	1.0000
http://snomed.info/id/85036004	http://purl.org/sig/ont/fma/fma0327138	=	1.0000
http://snomed.info/id/272689002	http://purl.org/sig/ont/fma/fma323911	=	1.0000
http://snomed.info/id/28306005	http://purl.org/sig/ont/fma/fma52414	=	1.0000
http://snomed.info/id/260750007	http://purl.org/sig/ont/fma/fma3729	=	1.0000
http://snomed.info/id/360570003	http://purl.org/sig/ont/fma/fma72644	=	1.0000
http://snomed.info/id/361435005	http://purl.org/sig/ont/fma/fma0327557	=	1.0000
http://snomed.info/id/314263008	http://purl.org/sig/ont/fma/fma0327494	=	1.0000
http://snomed.info/id/361492006	http://purl.org/sig/ont/fma/fma0327587	=	1.0000
http://snomed.info/id/71343003	http://purl.org/sig/ont/fma/fma67799	=	1.0000
http://snomed.info/id/361460005	http://purl.org/sig/ont/fma/fma295532	=	1.0000
http://snomed.info/id/48583005	http://purl.org/sig/ont/fma/fma62875	=	1.0000
http://snomed.info/id/244724009	http://purl.org/sig/ont/fma/fma71440	=	1.0000
http://snomed.info/id/64760005	http://purl.org/sig/ont/fma/fma0326890	=	1.0000
http://snomed.info/id/56196004	http://purl.org/sig/ont/fma/fma84138	=	1.0000
http://snomed.info/id/24031008	http://purl.org/sig/ont/fma/fma84170	=	1.0000
http://snomed.info/id/361455006	http://purl.org/sig/ont/fma/fma293131	=	1.0000
http://snomed.info/id/361514006	http://purl.org/sig/ont/fma/fma0327590	=	1.0000
http://snomed.info/id/182266005	http://purl.org/sig/ont/fma/fma0323767	=	1.0000
http://snomed.info/id/18166000	http://purl.org/sig/ont/fma/fma77861	=	1.0000
http://snomed.info/id/245317001	http://purl.org/sig/ont/fma/fma71850	=	1.0000
http://snomed.info/id/16868009	http://purl.org/sig/ont/fma/fma84172	=	1.0000
http://snomed.info/id/2639009	http://purl.org/sig/ont/fma/fma0326082	=	1.0000
http://snomed.info/id/361464001	http://purl.org/sig/ont/fma/fma293116	=	1.0000
http://snomed.info/id/116353002	http://purl.org/sig/ont/fma/fma52907	=	1.0000
http://snomed.info/id/818987002	http://purl.org/sig/ont/fma/fma12267	=	1.0000
http://snomed.info/id/41346001	http://purl.org/sig/ont/fma/fma0326837	=	1.0000
http://snomed.info/id/244694007	http://purl.org/sig/ont/fma/fma323463	=	1.0000
http://snomed.info/id/245248007	http://purl.org/sig/ont/fma/fma0323697	=	1.0000
http://snomed.info/id/279478000	http://purl.org/sig/ont/fma/fma0326665	=	1.0000
http://snomed.info/id/360398004	http://purl.org/sig/ont/fma/fma0327521	=	1.0000
http://snomed.info/id/33096000	http://purl.org/sig/ont/fma/fma74526	=	1.0000
http://snomed.info/id/245298008	http://purl.org/sig/ont/fma/fma71820	=	1.0000
http://snomed.info/id/245324000	http://purl.org/sig/ont/fma/fma323424	=	1.0000
http://snomed.info/id/47910006	http://purl.org/sig/ont/fma/fma74645	=	1.0000
http://snomed.info/id/280263008	http://purl.org/sig/ont/fma/fma53246	=	1.0000
http://snomed.info/id/9840009	http://purl.org/sig/ont/fma/fma0327123	=	1.0000
http://snomed.info/id/84300001	http://purl.org/sig/ont/fma/fma14273	=	1.0000
http://snomed.info/id/314476000	http://purl.org/sig/ont/fma/fma0326212	=	1.0000
http://snomed.info/id/46583003	http://purl.org/sig/ont/fma/fma67843	=	1.0000
http://snomed.info/id/717001004	http://purl.org/sig/ont/fma/fma258868	=	1.0000
http://snomed.info/id/301861005	http://purl.org/sig/ont/fma/fma63169	=	1.0000
http://snomed.info/id/361636004	http://purl.org/sig/ont/fma/fma4738	=	1.0000
http://snomed.info/id/280687000	http://purl.org/sig/ont/fma/fma0327439	=	1.0000
http://snomed.info/id/54821000	http://purl.org/sig/ont/fma/fma82767	=	1.0000
http://snomed.info/id/52547004	http://purl.org/sig/ont/fma/fma63877	=	1.0000
http://snomed.info/id/788303003	http://purl.org/sig/ont/fma/fma53075	=	1.0000
http://snomed.info/id/245783005	http://purl.org/sig/ont/fma/fma0323684	=	1.0000
http://snomed.info/id/308793001	http://purl.org/sig/ont/fma/fma222923	=	1.0000
http://snomed.info/id/245076006	http://purl.org/sig/ont/fma/fma47860	=	1.0000
http://snomed.info/id/88241000	http://purl.org/sig/ont/fma/fma32433	=	1.0000
http://snomed.info/id/280348007	http://purl.org/sig/ont/fma/fma16488	=	1.0000
http://snomed.info/id/51354009	http://purl.org/sig/ont/fma/fma59331	=	1.0000
http://snomed.info/id/26761006	http://purl.org/sig/ont/fma/fma66867	=	1.0000
http://snomed.info/id/110325005	http://purl.org/sig/ont/fma/fma322585	=	1.0000
http://snomed.info/id/113360003	http://purl.org/sig/ont/fma/fma0327005	=	1.0000
http://snomed.info/id/280571008	http://purl.org/sig/ont/fma/fma0327407	=	1.0000
http://snomed.info/id/27852005	http://purl.org/sig/ont/fma/fma84235	=	1.0000
http://snomed.info/id/280050009	http://purl.org/sig/ont/fma/fma0327345	=	1.0000
http://snomed.info/id/279686005	http://purl.org/sig/ont/fma/fma74196	=	1.0000
http://snomed.info/id/361486000	http://purl.org/sig/ont/fma/fma293101	=	1.0000
http://snomed.info/id/4421005	http://purl.org/sig/ont/fma/fma68646	=	1.0000
http://snomed.info/id/52554005	http://purl.org/sig/ont/fma/fma44297	=	1.0000
http://snomed.info/id/361634001	http://purl.org/sig/ont/fma/fma71206	=	1.0000
http://snomed.info/id/245063000	http://purl.org/sig/ont/fma/fma48040	=	1.0000
http://snomed.info/id/280421007	http://purl.org/sig/ont/fma/fma0326047	=	1.0000
http://snomed.info/id/361427007	http://purl.org/sig/ont/fma/fma0327550	=	1.0000
http://snomed.info/id/245068009	http://purl.org/sig/ont/fma/fma47890	=	1.0000
http://snomed.info/id/280716005	http://purl.org/sig/ont/fma/fma0327443	=	1.0000
http://snomed.info/id/11720006	http://purl.org/sig/ont/fma/fma323408	=	1.0000
http://snomed.info/id/115607006	http://purl.org/sig/ont/fma/fma0325949	=	1.0000
http://snomed.info/id/280954002	http://purl.org/sig/ont/fma/fma322127	=	1.0000
http://snomed.info/id/314288000	http://purl.org/sig/ont/fma/fma49627	=	1.0000
http://snomed.info/id/9654004	http://purl.org/sig/ont/fma/fma0327124	=	1.0000
http://snomed.info/id/67124000	http://purl.org/sig/ont/fma/fma0326461	=	1.0000
http://snomed.info/id/314168005	http://purl.org/sig/ont/fma/fma0327492	=	1.0000
http://snomed.info/id/3194006	http://purl.org/sig/ont/fma/fma7281	=	1.0000
http://snomed.info/id/49904001	http://purl.org/sig/ont/fma/fma72292	=	1.0000
http://snomed.info/id/8556000	http://purl.org/sig/ont/fma/fma62962	=	1.0000
http://snomed.info/id/245092001	http://purl.org/sig/ont/fma/fma0323717	=	1.0000
http://snomed.info/id/314621001	http://purl.org/sig/ont/fma/fma322132	=	1.0000
http://snomed.info/id/68895008	http://purl.org/sig/ont/fma/fma0326877	=	1.0000
http://snomed.info/id/278888003	http://purl.org/sig/ont/fma/fma65243	=	1.0000
http://snomed.info/id/280903002	http://purl.org/sig/ont/fma/fma321600	=	1.0000
http://snomed.info/id/50624003	http://purl.org/sig/ont/fma/fma53488	=	1.0000
http://snomed.info/id/279528000	http://purl.org/sig/ont/fma/fma0327289	=	1.0000
http://snomed.info/id/425475006	http://purl.org/sig/ont/fma/fma83117	=	1.0000
http://snomed.info/id/29288001	http://purl.org/sig/ont/fma/fma75304	=	1.0000
http://snomed.info/id/245090009	http://purl.org/sig/ont/fma/fma48489	=	1.0000
http://snomed.info/id/245704001	http://purl.org/sig/ont/fma/fma75113	=	1.0000
http://snomed.info/id/279958000	http://purl.org/sig/ont/fma/fma14474	=	1.0000
http://snomed.info/id/25475005	http://purl.org/sig/ont/fma/fma0326980	=	1.0000
http://snomed.info/id/360925004	http://purl.org/sig/ont/fma/fma0326286	=	1.0000
http://snomed.info/id/245249004	http://purl.org/sig/ont/fma/fma0323696	=	1.0000
http://snomed.info/id/244127008	http://purl.org/sig/ont/fma/fma322350	=	1.0000
http://snomed.info/id/711211009	http://purl.org/sig/ont/fma/fma32792	=	1.0000
http://snomed.info/id/245305003	http://purl.org/sig/ont/fma/fma71833	=	1.0000
http://snomed.info/id/711213007	http://purl.org/sig/ont/fma/fma33262	=	1.0000
http://snomed.info/id/361508004	http://purl.org/sig/ont/fma/fma74512	=	1.0000
http://snomed.info/id/86447006	http://purl.org/sig/ont/fma/fma85433	=	1.0000
http://snomed.info/id/63730009	http://purl.org/sig/ont/fma/fma83348	=	1.0000
http://snomed.info/id/87044003	http://purl.org/sig/ont/fma/fma82745	=	1.0000
http://snomed.info/id/279529008	http://purl.org/sig/ont/fma/fma0327290	=	1.0000
http://snomed.info/id/361474003	http://purl.org/sig/ont/fma/fma292334	=	1.0000
http://snomed.info/id/314732008	http://purl.org/sig/ont/fma/fma71832	=	1.0000
http://snomed.info/id/278328005	http://purl.org/sig/ont/fma/fma6008	=	1.0000
http://snomed.info/id/182413009	http://purl.org/sig/ont/fma/fma0323747	=	1.0000
http://snomed.info/id/245247002	http://purl.org/sig/ont/fma/fma0323698	=	1.0000
http://snomed.info/id/279465000	http://purl.org/sig/ont/fma/fma19710	=	1.0000
http://snomed.info/id/288484000	http://purl.org/sig/ont/fma/fma8604	=	1.0000
http://snomed.info/id/59094002	http://purl.org/sig/ont/fma/fma62295	=	1.0000
http://snomed.info/id/314325002	http://purl.org/sig/ont/fma/fma69798	=	1.0000
http://snomed.info/id/79375003	http://purl.org/sig/ont/fma/fma63015	=	1.0000
http://snomed.info/id/37725004	http://purl.org/sig/ont/fma/fma0326107	=	1.0000
http://snomed.info/id/245313002	http://purl.org/sig/ont/fma/fma71845	=	1.0000
http://snomed.info/id/245314008	http://purl.org/sig/ont/fma/fma71846	=	1.0000
http://snomed.info/id/361478000	http://purl.org/sig/ont/fma/fma0327577	=	1.0000
http://snomed.info/id/314723006	http://purl.org/sig/ont/fma/fma55035	=	1.0000
http://snomed.info/id/25949000	http://purl.org/sig/ont/fma/fma72437	=	1.0000
http://snomed.info/id/360663005	http://purl.org/sig/ont/fma/fma51728	=	1.0000
http://snomed.info/id/361442005	http://purl.org/sig/ont/fma/fma0327560	=	1.0000
http://snomed.info/id/245069001	http://purl.org/sig/ont/fma/fma47905	=	1.0000
http://snomed.info/id/361586003	http://purl.org/sig/ont/fma/fma77050	=	1.0000
http://snomed.info/id/34783000	http://purl.org/sig/ont/fma/fma0326096	=	1.0000
http://snomed.info/id/244801005	http://purl.org/sig/ont/fma/fma46684	=	1.0000
http://snomed.info/id/117505005	http://purl.org/sig/ont/fma/fma0326401	=	1.0000
http://snomed.info/id/110697003	http://purl.org/sig/ont/fma/fma67563	=	1.0000
http://snomed.info/id/14873000	http://purl.org/sig/ont/fma/fma74402	=	1.0000
http://snomed.info/id/17897000	http://purl.org/sig/ont/fma/fma0325989	=	1.0000
http://snomed.info/id/9284003	http://purl.org/sig/ont/fma/fma19618	=	1.0000
http://snomed.info/id/245323006	http://purl.org/sig/ont/fma/fma323421	=	1.0000
http://snomed.info/id/361428002	http://purl.org/sig/ont/fma/fma0327551	=	1.0000
http://snomed.info/id/63406008	http://purl.org/sig/ont/fma/fma9728	=	1.0000
http://snomed.info/id/245103000	http://purl.org/sig/ont/fma/fma63224	=	1.0000
http://snomed.info/id/245286003	http://purl.org/sig/ont/fma/fma71787	=	1.0000
http://snomed.info/id/66084006	http://purl.org/sig/ont/fma/fma0326885	=	1.0000
http://snomed.info/id/46926004	http://purl.org/sig/ont/fma/fma59863	=	1.0000
http://snomed.info/id/279308000	http://purl.org/sig/ont/fma/fma77693	=	1.0000
http://snomed.info/id/281394001	http://purl.org/sig/ont/fma/fma322131	=	1.0000
http://snomed.info/id/244415001	http://purl.org/sig/ont/fma/fma0323735	=	1.0000
http://snomed.info/id/245928007	http://purl.org/sig/ont/fma/fma44684	=	1.0000
http://snomed.info/id/63369000	http://purl.org/sig/ont/fma/fma84198	=	1.0000
http://snomed.info/id/78447009	http://purl.org/sig/ont/fma/fma82779	=	1.0000
http://snomed.info/id/279595006	http://purl.org/sig/ont/fma/fma19891	=	1.0000
http://snomed.info/id/361403005	http://purl.org/sig/ont/fma/fma0327540	=	1.0000
http://snomed.info/id/361463007	http://purl.org/sig/ont/fma/fma295624	=	1.0000
http://snomed.info/id/280579005	http://purl.org/sig/ont/fma/fma0327413	=	1.0000
http://snomed.info/id/46507000	http://purl.org/sig/ont/fma/fma0325987	=	1.0000
http://snomed.info/id/35900000	http://purl.org/sig/ont/fma/fma19638	=	1.0000
http://snomed.info/id/39319005	http://purl.org/sig/ont/fma/fma0326965	=	1.0000
http://snomed.info/id/279241000	http://purl.org/sig/ont/fma/fma0326068	=	1.0000
http://snomed.info/id/1290292000	http://purl.org/sig/ont/fma/fma259809	=	1.0000
http://snomed.info/id/69332008	http://purl.org/sig/ont/fma/fma0327037	=	1.0000
http://snomed.info/id/280313000	http://purl.org/sig/ont/fma/fma55152	=	1.0000
http://snomed.info/id/110595002	http://purl.org/sig/ont/fma/fma0323816	=	1.0000
http://snomed.info/id/280904008	http://purl.org/sig/ont/fma/fma321601	=	1.0000
http://snomed.info/id/6023000	http://purl.org/sig/ont/fma/fma0326901	=	1.0000
http://snomed.info/id/55169007	http://purl.org/sig/ont/fma/fma0327151	=	1.0000
http://snomed.info/id/72069001	http://purl.org/sig/ont/fma/fma82776	=	1.0000
http://snomed.info/id/38717003	http://purl.org/sig/ont/fma/fma74546	=	1.0000
http://snomed.info/id/280541000	http://purl.org/sig/ont/fma/fma84961	=	1.0000
http://snomed.info/id/2334006	http://purl.org/sig/ont/fma/fma284558	=	1.0000
http://snomed.info/id/27834005	http://purl.org/sig/ont/fma/fma0326264	=	1.0000
http://snomed.info/id/24884008	http://purl.org/sig/ont/fma/fma84373	=	1.0000
http://snomed.info/id/364563006	http://purl.org/sig/ont/fma/fma23139	=	1.0000
http://snomed.info/id/117510009	http://purl.org/sig/ont/fma/fma0326405	=	1.0000
http://snomed.info/id/48607003	http://purl.org/sig/ont/fma/fma59823	=	1.0000
http://snomed.info/id/87063002	http://purl.org/sig/ont/fma/fma0326768	=	1.0000
http://snomed.info/id/711101009	http://purl.org/sig/ont/fma/fma9658	=	1.0000
http://snomed.info/id/90604005	http://purl.org/sig/ont/fma/fma67314	=	1.0000
http://snomed.info/id/244257005	http://purl.org/sig/ont/fma/fma66327	=	1.0000
http://snomed.info/id/279706003	http://purl.org/sig/ont/fma/fma19587	=	1.0000
http://snomed.info/id/3789000	http://purl.org/sig/ont/fma/fma62930	=	1.0000
http://snomed.info/id/182230009	http://purl.org/sig/ont/fma/fma44361	=	1.0000
http://snomed.info/id/314357001	http://purl.org/sig/ont/fma/fma0327499	=	1.0000
http://snomed.info/id/127924004	http://purl.org/sig/ont/fma/fma323411	=	1.0000
http://snomed.info/id/281226007	http://purl.org/sig/ont/fma/fma24294	=	1.0000
http://snomed.info/id/16811007	http://purl.org/sig/ont/fma/fma59785	=	1.0000
http://snomed.info/id/110687007	http://purl.org/sig/ont/fma/fma72613	=	1.0000
http://snomed.info/id/244557009	http://purl.org/sig/ont/fma/fma44349	=	1.0000
http://snomed.info/id/280385004	http://purl.org/sig/ont/fma/fma0326448	=	1.0000
http://snomed.info/id/245409005	http://purl.org/sig/ont/fma/fma45583	=	1.0000
http://snomed.info/id/360506008	http://purl.org/sig/ont/fma/fma16030	=	1.0000
http://snomed.info/id/280317004	http://purl.org/sig/ont/fma/fma54406	=	1.0000
http://snomed.info/id/361617009	http://purl.org/sig/ont/fma/fma12289	=	1.0000
http://snomed.info/id/245742007	http://purl.org/sig/ont/fma/fma0327196	=	1.0000
http://snomed.info/id/281393007	http://purl.org/sig/ont/fma/fma86150	=	1.0000
http://snomed.info/id/12399004	http://purl.org/sig/ont/fma/fma0325992	=	1.0000
http://snomed.info/id/360813003	http://purl.org/sig/ont/fma/fma0327533	=	1.0000
http://snomed.info/id/91189005	http://purl.org/sig/ont/fma/fma55145	=	1.0000
http://snomed.info/id/260521003	http://purl.org/sig/ont/fma/fma74549	=	1.0000
http://snomed.info/id/256925006	http://purl.org/sig/ont/fma/fma59652	=	1.0000
http://snomed.info/id/127896009	http://purl.org/sig/ont/fma/fma0323561	=	1.0000
http://snomed.info/id/360936006	http://purl.org/sig/ont/fma/fma0326290	=	1.0000
http://snomed.info/id/182448002	http://purl.org/sig/ont/fma/fma44625	=	1.0000
http://snomed.info/id/245213000	http://purl.org/sig/ont/fma/fma47215	=	1.0000
http://snomed.info/id/279142004	http://purl.org/sig/ont/fma/fma61218	=	1.0000
http://snomed.info/id/279351001	http://purl.org/sig/ont/fma/fma83773	=	1.0000
http://snomed.info/id/85852002	http://purl.org/sig/ont/fma/fma51236	=	1.0000
http://snomed.info/id/29015002	http://purl.org/sig/ont/fma/fma63833	=	1.0000
http://snomed.info/id/41421000	http://purl.org/sig/ont/fma/fma83605	=	1.0000
http://snomed.info/id/15754000	http://purl.org/sig/ont/fma/fma264828	=	1.0000
http://snomed.info/id/46427002	http://purl.org/sig/ont/fma/fma49474	=	1.0000
http://snomed.info/id/711214001	http://purl.org/sig/ont/fma/fma33934	=	1.0000
http://snomed.info/id/360505007	http://purl.org/sig/ont/fma/fma0326246	=	1.0000
http://snomed.info/id/181904004	http://purl.org/sig/ont/fma/fma24059	=	1.0000
http://snomed.info/id/46940003	http://purl.org/sig/ont/fma/fma70550	=	1.0000
http://snomed.info/id/63667008	http://purl.org/sig/ont/fma/fma0327146	=	1.0000
http://snomed.info/id/280653005	http://purl.org/sig/ont/fma/fma0327426	=	1.0000
http://snomed.info/id/71544008	http://purl.org/sig/ont/fma/fma82746	=	1.0000
http://snomed.info/id/361630005	http://purl.org/sig/ont/fma/fma4734	=	1.0000
http://snomed.info/id/39298000	http://purl.org/sig/ont/fma/fma64783	=	1.0000
http://snomed.info/id/182226006	http://purl.org/sig/ont/fma/fma44357	=	1.0000
http://snomed.info/id/279577008	http://purl.org/sig/ont/fma/fma0327295	=	1.0000
http://snomed.info/id/68233007	http://purl.org/sig/ont/fma/fma83809	=	1.0000
http://snomed.info/id/127874003	http://purl.org/sig/ont/fma/fma0323545	=	1.0000
http://snomed.info/id/280921004	http://purl.org/sig/ont/fma/fma0326933	=	1.0000
http://snomed.info/id/280064009	http://purl.org/sig/ont/fma/fma0326657	=	1.0000
http://snomed.info/id/127873009	http://purl.org/sig/ont/fma/fma0323544	=	1.0000
http://snomed.info/id/46886002	http://purl.org/sig/ont/fma/fma18646	=	1.0000
http://snomed.info/id/362749004	http://purl.org/sig/ont/fma/fma0326156	=	1.0000
http://snomed.info/id/245276004	http://purl.org/sig/ont/fma/fma276755	=	1.0000
http://snomed.info/id/3646006	http://purl.org/sig/ont/fma/fma0326105	=	1.0000
http://snomed.info/id/9502002	http://purl.org/sig/ont/fma/fma0327125	=	1.0000
http://snomed.info/id/110591006	http://purl.org/sig/ont/fma/fma0323820	=	1.0000
http://snomed.info/id/280647005	http://purl.org/sig/ont/fma/fma0327425	=	1.0000
http://snomed.info/id/245393001	http://purl.org/sig/ont/fma/fma79878	=	1.0000
http://snomed.info/id/51925009	http://purl.org/sig/ont/fma/fma84758	=	1.0000
http://snomed.info/id/29416005	http://purl.org/sig/ont/fma/fma323927	=	1.0000
http://snomed.info/id/24020000	http://purl.org/sig/ont/fma/fma74527	=	1.0000
http://snomed.info/id/360939004	http://purl.org/sig/ont/fma/fma302211	=	1.0000
http://snomed.info/id/408099007	http://purl.org/sig/ont/fma/fma7493	=	1.0000
http://snomed.info/id/60260004	http://purl.org/sig/ont/fma/fma82755	=	1.0000
http://snomed.info/id/263333006	http://purl.org/sig/ont/fma/fma10219	=	1.0000
http://snomed.info/id/280282004	http://purl.org/sig/ont/fma/fma53310	=	1.0000
http://snomed.info/id/280551004	http://purl.org/sig/ont/fma/fma53179	=	1.0000
http://snomed.info/id/281225006	http://purl.org/sig/ont/fma/fma23992	=	1.0000
http://snomed.info/id/281391009	http://purl.org/sig/ont/fma/fma86149	=	1.0000
http://snomed.info/id/280248005	http://purl.org/sig/ont/fma/fma52999	=	1.0000
http://snomed.info/id/264187002	http://purl.org/sig/ont/fma/fma0327223	=	1.0000
http://snomed.info/id/89510009	http://purl.org/sig/ont/fma/fma70118	=	1.0000
http://snomed.info/id/15433008	http://purl.org/sig/ont/fma/fma83030	=	1.0000
http://snomed.info/id/180844001	http://purl.org/sig/ont/fma/fma0326167	=	1.0000
http://snomed.info/id/361452009	http://purl.org/sig/ont/fma/fma0327568	=	1.0000
http://snomed.info/id/245070000	http://purl.org/sig/ont/fma/fma47920	=	1.0000
http://snomed.info/id/309045006	http://purl.org/sig/ont/fma/fma62410	=	1.0000
http://snomed.info/id/361616000	http://purl.org/sig/ont/fma/fma12288	=	1.0000
http://snomed.info/id/19394005	http://purl.org/sig/ont/fma/fma0326443	=	1.0000
http://snomed.info/id/397052000	http://purl.org/sig/ont/fma/fma0326141	=	1.0000
http://snomed.info/id/88397004	http://purl.org/sig/ont/fma/fma0326465	=	1.0000
http://snomed.info/id/56308004	http://purl.org/sig/ont/fma/fma0326922	=	1.0000
http://snomed.info/id/78500002	http://purl.org/sig/ont/fma/fma0326855	=	1.0000
http://snomed.info/id/279670003	http://purl.org/sig/ont/fma/fma19439	=	1.0000
http://snomed.info/id/360833004	http://purl.org/sig/ont/fma/fma80357	=	1.0000
http://snomed.info/id/361475002	http://purl.org/sig/ont/fma/fma293145	=	1.0000
http://snomed.info/id/279804008	http://purl.org/sig/ont/fma/fma71851	=	1.0000
http://snomed.info/id/245542009	http://purl.org/sig/ont/fma/fma55559	=	1.0000
http://snomed.info/id/182086000	http://purl.org/sig/ont/fma/fma43656	=	1.0000
http://snomed.info/id/314326001	http://purl.org/sig/ont/fma/fma69803	=	1.0000
http://snomed.info/id/279396008	http://purl.org/sig/ont/fma/fma18668	=	1.0000
http://snomed.info/id/245199008	http://purl.org/sig/ont/fma/fma47155	=	1.0000
http://snomed.info/id/58966000	http://purl.org/sig/ont/fma/fma66773	=	1.0000
http://snomed.info/id/245244009	http://purl.org/sig/ont/fma/fma0323700	=	1.0000
http://snomed.info/id/360543005	http://purl.org/sig/ont/fma/fma22693	=	1.0000
http://snomed.info/id/30484004	http://purl.org/sig/ont/fma/fma0326969	=	1.0000
http://snomed.info/id/698967008	http://purl.org/sig/ont/fma/fma67165	=	1.0000
http://snomed.info/id/360882004	http://purl.org/sig/ont/fma/fma45881	=	1.0000
http://snomed.info/id/371013005	http://purl.org/sig/ont/fma/fma265353	=	1.0000
http://snomed.info/id/361457003	http://purl.org/sig/ont/fma/fma0327570	=	1.0000
http://snomed.info/id/360942005	http://purl.org/sig/ont/fma/fma0326292	=	1.0000
http://snomed.info/id/72318006	http://purl.org/sig/ont/fma/fma15931	=	1.0000
http://snomed.info/id/181895009	http://purl.org/sig/ont/fma/fma23981	=	1.0000
http://snomed.info/id/301844007	http://purl.org/sig/ont/fma/fma82784	=	1.0000
http://snomed.info/id/360938007	http://purl.org/sig/ont/fma/fma0326291	=	1.0000
http://snomed.info/id/115606002	http://purl.org/sig/ont/fma/fma0325948	=	1.0000
http://snomed.info/id/4029003	http://purl.org/sig/ont/fma/fma84199	=	1.0000
http://snomed.info/id/1216008	http://purl.org/sig/ont/fma/fma7499	=	1.0000
http://snomed.info/id/314290004	http://purl.org/sig/ont/fma/fma49698	=	1.0000
http://snomed.info/id/733930001	http://purl.org/sig/ont/fma/regional_part_of	=	1.0000
http://snomed.info/id/280287005	http://purl.org/sig/ont/fma/fma53470	=	1.0000
http://snomed.info/id/245062005	http://purl.org/sig/ont/fma/fma48025	=	1.0000
http://snomed.info/id/110607009	http://purl.org/sig/ont/fma/fma0323811	=	1.0000
http://snomed.info/id/360701000	http://purl.org/sig/ont/fma/fma321719	=	1.0000
http://snomed.info/id/40022005	http://purl.org/sig/ont/fma/fma14272	=	1.0000
http://snomed.info/id/259446009	http://purl.org/sig/ont/fma/fma82787	=	1.0000
http://snomed.info/id/280665009	http://purl.org/sig/ont/fma/fma322375	=	1.0000
http://snomed.info/id/245056000	http://purl.org/sig/ont/fma/fma47545	=	1.0000
http://snomed.info/id/245378000	http://purl.org/sig/ont/fma/fma13361	=	1.0000
http://snomed.info/id/84060007	http://purl.org/sig/ont/fma/fma67168	=	1.0000
http://snomed.info/id/245838001	http://purl.org/sig/ont/fma/fma0323680	=	1.0000
http://snomed.info/id/280883003	http://purl.org/sig/ont/fma/fma0327451	=	1.0000
http://snomed.info/id/11896004	http://purl.org/sig/ont/fma/fma74531	=	1.0000
http://snomed.info/id/314798005	http://purl.org/sig/ont/fma/fma0327508	=	1.0000
http://snomed.info/id/15472007	http://purl.org/sig/ont/fma/fma82744	=	1.0000
http://snomed.info/id/361528000	http://purl.org/sig/ont/fma/fma0326180	=	1.0000
http://snomed.info/id/279461009	http://purl.org/sig/ont/fma/fma0326670	=	1.0000
http://snomed.info/id/88878007	http://purl.org/sig/ont/fma/fma67257	=	1.0000
http://snomed.info/id/279522004	http://purl.org/sig/ont/fma/fma55282	=	1.0000
http://snomed.info/id/46075000	http://purl.org/sig/ont/fma/fma82742	=	1.0000
http://snomed.info/id/360974003	http://purl.org/sig/ont/fma/fma0326303	=	1.0000
http://snomed.info/id/60074003	http://purl.org/sig/ont/fma/fma23863	=	1.0000
http://snomed.info/id/57308006	http://purl.org/sig/ont/fma/fma61789	=	1.0000
http://snomed.info/id/782808006	http://purl.org/sig/ont/fma/fma35118	=	1.0000
http://snomed.info/id/279138002	http://purl.org/sig/ont/fma/fma5842	=	1.0000
http://snomed.info/id/117506006	http://purl.org/sig/ont/fma/fma0326402	=	1.0000
http://snomed.info/id/278145009	http://purl.org/sig/ont/fma/fma0326975	=	1.0000
http://snomed.info/id/361626007	http://purl.org/sig/ont/fma/fma4742	=	1.0000
http://snomed.info/id/50961009	http://purl.org/sig/ont/fma/fma0325904	=	1.0000
http://snomed.info/id/88384001	http://purl.org/sig/ont/fma/fma15929	=	1.0000
http://snomed.info/id/361621002	http://purl.org/sig/ont/fma/fma12293	=	1.0000
http://snomed.info/id/264497002	http://purl.org/sig/ont/fma/fma321691	=	1.0000
http://snomed.info/id/361446008	http://purl.org/sig/ont/fma/fma70307	=	1.0000
http://snomed.info/id/19205004	http://purl.org/sig/ont/fma/fma83372	=	1.0000
http://snomed.info/id/1156991003	http://purl.org/sig/ont/fma/fma86573	=	1.0000
http://snomed.info/id/127877005	http://purl.org/sig/ont/fma/fma0323546	=	1.0000
http://snomed.info/id/71467007	http://purl.org/sig/ont/fma/fma0326826	=	1.0000
http://snomed.info/id/37704004	http://purl.org/sig/ont/fma/fma67380	=	1.0000
http://snomed.info/id/280316008	http://purl.org/sig/ont/fma/fma54405	=	1.0000
http://snomed.info/id/87928009	http://purl.org/sig/ont/fma/fma57867	=	1.0000
http://snomed.info/id/127889007	http://purl.org/sig/ont/fma/fma0323554	=	1.0000
http://snomed.info/id/18208007	http://purl.org/sig/ont/fma/fma0326990	=	1.0000
http://snomed.info/id/55603005	http://purl.org/sig/ont/fma/fma20110	=	1.0000
http://snomed.info/id/280045003	http://purl.org/sig/ont/fma/fma321972	=	1.0000
http://snomed.info/id/372877000	http://purl.org/sig/ont/fma/fma82839	=	1.0000
http://snomed.info/id/280957009	http://purl.org/sig/ont/fma/fma0327456	=	1.0000
http://snomed.info/id/304965004	http://purl.org/sig/ont/fma/fma321698	=	1.0000
http://snomed.info/id/14811009	http://purl.org/sig/ont/fma/fma70995	=	1.0000
http://snomed.info/id/288482001	http://purl.org/sig/ont/fma/fma8602	=	1.0000
http://snomed.info/id/23230007	http://purl.org/sig/ont/fma/fma15072	=	1.0000
http://snomed.info/id/422253001	http://purl.org/sig/ont/fma/fma264773	=	1.0000
http://snomed.info/id/361525002	http://purl.org/sig/ont/fma/fma70300	=	1.0000
http://snomed.info/id/360926003	http://purl.org/sig/ont/fma/fma302229	=	1.0000
http://snomed.info/id/244192007	http://purl.org/sig/ont/fma/fma0327059	=	1.0000
http://snomed.info/id/308840009	http://purl.org/sig/ont/fma/fma0326785	=	1.0000
http://snomed.info/id/83797003	http://purl.org/sig/ont/fma/fma82757	=	1.0000
http://snomed.info/id/280328000	http://purl.org/sig/ont/fma/fma65414	=	1.0000
http://snomed.info/id/361430000	http://purl.org/sig/ont/fma/fma0327553	=	1.0000
http://snomed.info/id/361448009	http://purl.org/sig/ont/fma/fma0327562	=	1.0000
http://snomed.info/id/43009003	http://purl.org/sig/ont/fma/fma0325983	=	1.0000
http://snomed.info/id/19160003	http://purl.org/sig/ont/fma/fma82804	=	1.0000
http://snomed.info/id/361407006	http://purl.org/sig/ont/fma/fma0327543	=	1.0000
http://snomed.info/id/304601009	http://purl.org/sig/ont/fma/fma84774	=	1.0000
http://snomed.info/id/278327000	http://purl.org/sig/ont/fma/fma6007	=	1.0000
http://snomed.info/id/361608009	http://purl.org/sig/ont/fma/fma10657	=	1.0000
http://snomed.info/id/245275000	http://purl.org/sig/ont/fma/fma233430	=	1.0000
http://snomed.info/id/181780001	http://purl.org/sig/ont/fma/fma42430	=	1.0000
http://snomed.info/id/69315009	http://purl.org/sig/ont/fma/fma67181	=	1.0000
http://snomed.info/id/127884002	http://purl.org/sig/ont/fma/fma0323550	=	1.0000
http://snomed.info/id/32967008	http://purl.org/sig/ont/fma/fma78540	=	1.0000
http://snomed.info/id/62183001	http://purl.org/sig/ont/fma/fma63173	=	1.0000
http://snomed.info/id/17295002	http://purl.org/sig/ont/fma/fma83543	=	1.0000
http://snomed.info/id/361605007	http://purl.org/sig/ont/fma/fma10654	=	1.0000
http://snomed.info/id/278326009	http://purl.org/sig/ont/fma/fma6006	=	1.0000
http://snomed.info/id/707612009	http://purl.org/sig/ont/fma/fma264824	=	1.0000
http://snomed.info/id/1222650004	http://purl.org/sig/ont/fma/fma49580	=	1.0000
http://snomed.info/id/361515007	http://purl.org/sig/ont/fma/fma0327591	=	1.0000
http://snomed.info/id/279759001	http://purl.org/sig/ont/fma/fma322161	=	1.0000
http://snomed.info/id/410000007	http://purl.org/sig/ont/fma/fma59481	=	1.0000
http://snomed.info/id/244027006	http://purl.org/sig/ont/fma/fma0323737	=	1.0000
http://snomed.info/id/72840006	http://purl.org/sig/ont/fma/fma82766	=	1.0000
http://snomed.info/id/85616004	http://purl.org/sig/ont/fma/fma50715	=	1.0000
http://snomed.info/id/361477005	http://purl.org/sig/ont/fma/fma293149	=	1.0000
http://snomed.info/id/312164008	http://purl.org/sig/ont/fma/fma0327481	=	1.0000
http://snomed.info/id/36082003	http://purl.org/sig/ont/fma/fma19595	=	1.0000
http://snomed.info/id/280270008	http://purl.org/sig/ont/fma/fma53438	=	1.0000
http://snomed.info/id/361664009	http://purl.org/sig/ont/fma/fma20813	=	1.0000
http://snomed.info/id/279765001	http://purl.org/sig/ont/fma/fma60216	=	1.0000
http://snomed.info/id/280917006	http://purl.org/sig/ont/fma/fma0326939	=	1.0000
http://snomed.info/id/279923002	http://purl.org/sig/ont/fma/fma321845	=	1.0000
http://snomed.info/id/314303008	http://purl.org/sig/ont/fma/fma49872	=	1.0000
http://snomed.info/id/127950000	http://purl.org/sig/ont/fma/fma24945	=	1.0000
http://snomed.info/id/280043005	http://purl.org/sig/ont/fma/fma322136	=	1.0000
http://snomed.info/id/598151000005105	http://purl.org/sig/ont/fma/fma293325	=	1.0000
http://snomed.info/id/245302000	http://purl.org/sig/ont/fma/fma71826	=	1.0000
http://snomed.info/id/48852002	http://purl.org/sig/ont/fma/fma53107	=	1.0000
http://snomed.info/id/75505008	http://purl.org/sig/ont/fma/fma75430	=	1.0000
http://snomed.info/id/361640008	http://purl.org/sig/ont/fma/fma4837	=	1.0000
http://snomed.info/id/17846008	http://purl.org/sig/ont/fma/fma14612	=	1.0000
http://snomed.info/id/53838007	http://purl.org/sig/ont/fma/fma0326148	=	1.0000
http://snomed.info/id/303339004	http://purl.org/sig/ont/fma/fma322015	=	1.0000
http://snomed.info/id/39231009	http://purl.org/sig/ont/fma/fma0327144	=	1.0000
http://snomed.info/id/280922006	http://purl.org/sig/ont/fma/fma0326934	=	1.0000
http://snomed.info/id/280266000	http://purl.org/sig/ont/fma/fma0327363	=	1.0000
http://snomed.info/id/734136001	http://purl.org/sig/ont/fma/contained_in	=	1.0000
http://snomed.info/id/63315002	http://purl.org/sig/ont/fma/fma63837	=	1.0000
http://snomed.info/id/361450001	http://purl.org/sig/ont/fma/fma0327565	=	1.0000
http://snomed.info/id/244023005	http://purl.org/sig/ont/fma/fma295656	=	1.0000
http://snomed.info/id/279593004	http://purl.org/sig/ont/fma/fma0327301	=	1.0000
http://snomed.info/id/122500009	http://purl.org/sig/ont/fma/fma84976	=	1.0000
http://snomed.info/id/370941004	http://purl.org/sig/ont/fma/fma77663	=	1.0000
http://snomed.info/id/15409002	http://purl.org/sig/ont/fma/fma86553	=	1.0000
http://snomed.info/id/278885000	http://purl.org/sig/ont/fma/fma65244	=	1.0000
http://snomed.info/id/245182007	http://purl.org/sig/ont/fma/fma46960	=	1.0000
http://snomed.info/id/360535000	http://purl.org/sig/ont/fma/fma76259	=	1.0000
http://snomed.info/id/360920009	http://purl.org/sig/ont/fma/fma0326284	=	1.0000
http://snomed.info/id/310811004	http://purl.org/sig/ont/fma/fma0327056	=	1.0000
http://snomed.info/id/385049006	http://purl.org/sig/ont/fma/fma85272	=	1.0000
http://snomed.info/id/245198000	http://purl.org/sig/ont/fma/fma47140	=	1.0000
http://snomed.info/id/47879001	http://purl.org/sig/ont/fma/fma15892	=	1.0000
http://snomed.info/id/244941000	http://purl.org/sig/ont/fma/fma13334	=	1.0000
http://snomed.info/id/264200007	http://purl.org/sig/ont/fma/fma0327226	=	1.0000
http://snomed.info/id/280046002	http://purl.org/sig/ont/fma/fma321561	=	1.0000
http://snomed.info/id/280735005	http://purl.org/sig/ont/fma/fma0327445	=	1.0000
http://snomed.info/id/76044003	http://purl.org/sig/ont/fma/fma83688	=	1.0000
http://snomed.info/id/361481005	http://purl.org/sig/ont/fma/fma0327580	=	1.0000
http://snomed.info/id/360946008	http://purl.org/sig/ont/fma/fma66078	=	1.0000
http://snomed.info/id/36445004	http://purl.org/sig/ont/fma/fma67268	=	1.0000
http://snomed.info/id/263338002	http://purl.org/sig/ont/fma/fma10303	=	1.0000
http://snomed.info/id/122447002	http://purl.org/sig/ont/fma/fma14070	=	1.0000
http://snomed.info/id/361524003	http://purl.org/sig/ont/fma/fma0326179	=	1.0000
http://snomed.info/id/305051007	http://purl.org/sig/ont/fma/fma33321	=	1.0000
http://snomed.info/id/314148004	http://purl.org/sig/ont/fma/fma0327490	=	1.0000
http://snomed.info/id/280112001	http://purl.org/sig/ont/fma/fma21166	=	1.0000
http://snomed.info/id/63004003	http://purl.org/sig/ont/fma/fma82754	=	1.0000
http://snomed.info/id/48990009	http://purl.org/sig/ont/fma/fma21433	=	1.0000
http://snomed.info/id/245316005	http://purl.org/sig/ont/fma/fma71849	=	1.0000
http://snomed.info/id/116827004	http://purl.org/sig/ont/fma/fma0326121	=	1.0000
http://snomed.info/id/263335004	http://purl.org/sig/ont/fma/fma10240	=	1.0000
http://snomed.info/id/360518004	http://purl.org/sig/ont/fma/fma70358	=	1.0000
http://snomed.info/id/52043008	http://purl.org/sig/ont/fma/fma0326925	=	1.0000
http://snomed.info/id/361622009	http://purl.org/sig/ont/fma/fma12294	=	1.0000
http://snomed.info/id/245464002	http://purl.org/sig/ont/fma/fma0323687	=	1.0000
http://snomed.info/id/245104006	http://purl.org/sig/ont/fma/fma38436	=	1.0000
http://snomed.info/id/360914008	http://purl.org/sig/ont/fma/fma0326283	=	1.0000
http://snomed.info/id/74071000	http://purl.org/sig/ont/fma/fma76872	=	1.0000
http://snomed.info/id/82406005	http://purl.org/sig/ont/fma/fma84184	=	1.0000
http://snomed.info/id/79229009	http://purl.org/sig/ont/fma/fma0325975	=	1.0000
http://snomed.info/id/30615003	http://purl.org/sig/ont/fma/fma0327479	=	1.0000
http://snomed.info/id/312597003	http://purl.org/sig/ont/fma/fma18899	=	1.0000
http://snomed.info/id/280055004	http://purl.org/sig/ont/fma/fma58334	=	1.0000
http://snomed.info/id/361638003	http://purl.org/sig/ont/fma/fma4844	=	1.0000
http://snomed.info/id/288486003	http://purl.org/sig/ont/fma/fma8606	=	1.0000
http://snomed.info/id/279349000	http://purl.org/sig/ont/fma/fma83743	=	1.0000
http://snomed.info/id/361615001	http://purl.org/sig/ont/fma/fma12287	=	1.0000
http://snomed.info/id/279134000	http://purl.org/sig/ont/fma/fma0327259	=	1.0000
http://snomed.info/id/361479008	http://purl.org/sig/ont/fma/fma0327578	=	1.0000
http://snomed.info/id/5213007	http://purl.org/sig/ont/fma/fma51102	=	1.0000
http://snomed.info/id/86441007	http://purl.org/sig/ont/fma/fma14067	=	1.0000
http://snomed.info/id/279355005	http://purl.org/sig/ont/fma/fma83749	=	1.0000
http://snomed.info/id/280005007	http://purl.org/sig/ont/fma/fma0327339	=	1.0000
http://snomed.info/id/279470007	http://purl.org/sig/ont/fma/fma85270	=	1.0000
http://snomed.info/id/243964006	http://purl.org/sig/ont/fma/fma16918	=	1.0000
http://snomed.info/id/280419002	http://purl.org/sig/ont/fma/fma0326045	=	1.0000
http://snomed.info/id/360928002	http://purl.org/sig/ont/fma/fma302199	=	1.0000
http://snomed.info/id/4717004	http://purl.org/sig/ont/fma/fma83540	=	1.0000
http://snomed.info/id/25270003	http://purl.org/sig/ont/fma/fma19617	=	1.0000
http://snomed.info/id/30061004	http://purl.org/sig/ont/fma/fma62862	=	1.0000
http://snomed.info/id/260872001	http://purl.org/dc/terms/Agent	=	1.0000
http://snomed.info/id/181381004	http://purl.org/sig/ont/fma/fma50848	=	1.0000
http://snomed.info/id/280703005	http://purl.org/sig/ont/fma/fma323924	=	1.0000
http://snomed.info/id/280310002	http://purl.org/sig/ont/fma/fma54399	=	1.0000
http://snomed.info/id/91685003	http://purl.org/sig/ont/fma/fma64784	=	1.0000
http://snomed.info/id/9270008	http://purl.org/sig/ont/fma/fma67253	=	1.0000
http://snomed.info/id/245700005	http://purl.org/sig/ont/fma/fma56758	=	1.0000
http://snomed.info/id/245124005	http://purl.org/sig/ont/fma/fma40704	=	1.0000
http://snomed.info/id/127897000	http://purl.org/sig/ont/fma/fma0323562	=	1.0000
http://snomed.info/id/245290001	http://purl.org/sig/ont/fma/fma71801	=	1.0000
http://snomed.info/id/245202003	http://purl.org/sig/ont/fma/fma47185	=	1.0000
http://snomed.info/id/35798006	http://purl.org/sig/ont/fma/fma63868	=	1.0000
http://snomed.info/id/245463008	http://purl.org/sig/ont/fma/fma0323688	=	1.0000
http://snomed.info/id/11124005	http://purl.org/sig/ont/fma/fma7233	=	1.0000
http://snomed.info/id/280081000	http://purl.org/sig/ont/fma/fma0327350	=	1.0000
http://snomed.info/id/280534006	http://purl.org/sig/ont/fma/fma6263	=	1.0000
http://snomed.info/id/244025003	http://purl.org/sig/ont/fma/fma0327886	=	1.0000
http://snomed.info/id/280657006	http://purl.org/sig/ont/fma/fma58617	=	1.0000
http://snomed.info/id/279195001	http://purl.org/sig/ont/fma/fma62418	=	1.0000
http://snomed.info/id/47361005	http://purl.org/sig/ont/fma/fma54505	=	1.0000
http://snomed.info/id/280562004	http://purl.org/sig/ont/fma/fma20277	=	1.0000
http://snomed.info/id/5882002	http://purl.org/sig/ont/fma/fma0326906	=	1.0000
http://snomed.info/id/280222002	http://purl.org/sig/ont/fma/fma52671	=	1.0000
http://snomed.info/id/59804006	http://purl.org/sig/ont/fma/fma62925	=	1.0000
http://snomed.info/id/11267006	http://purl.org/sig/ont/fma/fma264825	=	1.0000
http://snomed.info/id/361433003	http://purl.org/sig/ont/fma/fma0327555	=	1.0000
http://snomed.info/id/361507009	http://purl.org/sig/ont/fma/fma70310	=	1.0000
http://snomed.info/id/280577007	http://purl.org/sig/ont/fma/fma58734	=	1.0000
http://snomed.info/id/713492005	http://purl.org/sig/ont/fma/fma74637	=	1.0000
http://snomed.info/id/361614002	http://purl.org/sig/ont/fma/fma12286	=	1.0000
http://snomed.info/id/268005002	http://purl.org/sig/ont/fma/fma0327142	=	1.0000
http://snomed.info/id/314475001	http://purl.org/sig/ont/fma/fma0326211	=	1.0000
http://snomed.info/id/314305001	http://purl.org/sig/ont/fma/fma50586	=	1.0000
http://snomed.info/id/72149009	http://purl.org/sig/ont/fma/fma0326871	=	1.0000
http://snomed.info/id/244563000	http://purl.org/sig/ont/fma/fma73267	=	1.0000
http://snomed.info/id/280351000	http://purl.org/sig/ont/fma/fma78705	=	1.0000
http://snomed.info/id/41898006	http://purl.org/sig/ont/fma/fma62845	=	1.0000
http://snomed.info/id/244116006	http://purl.org/sig/ont/fma/fma0326056	=	1.0000
http://snomed.info/id/279511003	http://purl.org/sig/ont/fma/fma0327283	=	1.0000
http://snomed.info/id/280833008	http://purl.org/sig/ont/fma/fma13480	=	1.0000
http://snomed.info/id/314335008	http://purl.org/sig/ont/fma/fma69458	=	1.0000
http://snomed.info/id/15622002	http://purl.org/sig/ont/fma/fma83524	=	1.0000
http://snomed.info/id/30965005	http://purl.org/sig/ont/fma/fma264829	=	1.0000
