SrcEntity	TgtEntity	Relation	Score
http://dbkwik.webdatacommons.org/starwars.wikia.com/resource/Vordin_Sildor	http://dbkwik.webdatacommons.org/swg.wikia.com/resource/Vordin_Sildor	=	1.0000
http://dbkwik.webdatacommons.org/starwars.wikia.com/resource/Ithes_Olok	http://dbkwik.webdatacommons.org/swg.wikia.com/resource/Ithes_Olok	=	1.0000
http://dbkwik.webdatacommons.org/starwars.wikia.com/resource/Hoth	http://dbkwik.webdatacommons.org/swg.wikia.com/resource/Hoth	=	1.0000
http://dbkwik.webdatacommons.org/starwars.wikia.com/resource/Scout_trooper_armor	http://dbkwik.webdatacommons.org/swg.wikia.com/resource/Scout_Trooper_armor	=	1.0000
http://starwars.wikia.com/wiki/Special:FilePath/Tortur.jpg	http://swg.wikia.com/wiki/Special:FilePath/Tortur.jpg	=	1.0000
http://starwars.wikia.com/wiki/Special:FilePath/BorraSetas.jpg	http://swg.wikia.com/wiki/Special:FilePath/Borra_Setas.jpg	=	1.0000
http://dbkwik.webdatacommons.org/starwars.wikia.com/resource/Triumphant-class_dark_trooper	http://dbkwik.webdatacommons.org/swg.wikia.com/resource/Triumphant-class_dark_trooper	=	1.0000
http://starwars.wikia.com/wiki/Special:FilePath/KommerkenSteak.jpg?width=300	http://swg.wikia.com/wiki/Special:FilePath/Kommerken-steak.jpg?width=300	=	1.0000
http://dbkwik.webdatacommons.org/starwars.wikia.com/resource/Geonosian_cave	http://dbkwik.webdatacommons.org/swg.wikia.com/resource/Geonosian_Caves	=	0.9599
http://dbkwik.webdatacommons.org/starwars.wikia.com/resource/Death_Troopers	http://dbkwik.webdatacommons.org/swg.wikia.com/resource/Death_Troopers	=	1.0000
http://starwars.wikia.com/wiki/Special:FilePath/Saun-dann.jpg	http://swg.wikia.com/wiki/Special:FilePath/Saun_dann.jpg	=	1.0000
http://starwars.wikia.com/wiki/Special:FilePath/LobDizz.jpg?width=300	http://swg.wikia.com/wiki/Special:FilePath/Lob_dizz.jpg?width=300	=	1.0000
http://dbkwik.webdatacommons.org/starwars.wikia.com/resource/Mokk_Stronghold	http://dbkwik.webdatacommons.org/swg.wikia.com/resource/Mokk_Stronghold	=	1.0000
http://starwars.wikia.com/wiki/Special:FilePath/Drall.jpg?width=300	http://swg.wikia.com/wiki/Special:FilePath/%0ADrall.jpg?width=300	=	1.0000
http://starwars.wikia.com/wiki/Special:FilePath/Life_Day_Painting_(Kashyyyk_at_night).jpg?width=300	http://swg.wikia.com/wiki/Special:FilePath/Life_Day_Painting_(Kashyyyk_at_night).jpg?width=300	=	1.0000
http://dbkwik.webdatacommons.org/starwars.wikia.com/resource/Infiltrator_(armor)	http://dbkwik.webdatacommons.org/swg.wikia.com/resource/Infiltrator_Armor	=	1.0000
http://dbkwik.webdatacommons.org/starwars.wikia.com/resource/Herf	http://dbkwik.webdatacommons.org/swg.wikia.com/resource/Herf	=	1.0000
http://starwars.wikia.com/wiki/Special:FilePath/Voakar_Duset.jpg?width=300	http://swg.wikia.com/wiki/Special:FilePath/%0AVoakar-Duset.jpg?width=300	=	1.0000
http://dbkwik.webdatacommons.org/starwars.wikia.com/resource/Rebel_Commando	http://dbkwik.webdatacommons.org/swg.wikia.com/resource/Rebel_commando	=	1.0000
http://dbkwik.webdatacommons.org/starwars.wikia.com/resource/Grunda_Painting	http://dbkwik.webdatacommons.org/swg.wikia.com/resource/Grunda_Painting	=	1.0000
http://starwars.wikia.com/wiki/Special:FilePath/Harding.jpg?width=300	http://swg.wikia.com/wiki/Special:FilePath/Harding.jpg?width=300	=	1.0000
http://starwars.wikia.com/wiki/Special:FilePath/Mechno_chair.jpg?width=300	http://swg.wikia.com/wiki/Special:FilePath/Mechno-chair.jpg?width=300	=	1.0000
http://starwars.wikia.com/wiki/Special:FilePath/Alger.jpg?width=300	http://swg.wikia.com/wiki/Special:FilePath/Alger.jpg?width=300	=	1.0000
http://starwars.wikia.com/wiki/Special:FilePath/Graul.jpg	http://swg.wikia.com/wiki/Special:FilePath/Graul.jpg	=	1.0000
http://dbkwik.webdatacommons.org/starwars.wikia.com/resource/Yondalla	http://dbkwik.webdatacommons.org/swg.wikia.com/resource/Yondalla	=	1.0000
http://dbkwik.webdatacommons.org/starwars.wikia.com/resource/Water_survey_device	http://dbkwik.webdatacommons.org/swg.wikia.com/resource/Water_Survey_Device	=	1.0000
http://dbkwik.webdatacommons.org/starwars.wikia.com/resource/Gronda	http://dbkwik.webdatacommons.org/swg.wikia.com/resource/Gronda	=	1.0000
http://dbkwik.webdatacommons.org/starwars.wikia.com/resource/Xos	http://dbkwik.webdatacommons.org/swg.wikia.com/resource/Xos	=	1.0000
http://dbkwik.webdatacommons.org/starwars.wikia.com/resource/Gungan	http://dbkwik.webdatacommons.org/swg.wikia.com/resource/Gungan	=	1.0000
http://dbkwik.webdatacommons.org/starwars.wikia.com/resource/Stintaril	http://dbkwik.webdatacommons.org/swg.wikia.com/resource/Stintaril	=	1.0000
http://dbkwik.webdatacommons.org/starwars.wikia.com/resource/Copper	http://dbkwik.webdatacommons.org/swg.wikia.com/resource/Copper	=	1.0000
http://starwars.wikia.com/wiki/Special:FilePath/Jubileewheelgame.jpg?width=300	http://swg.wikia.com/wiki/Special:FilePath/Jubileewheelgame.jpg?width=300	=	1.0000
http://starwars.wikia.com/wiki/Special:FilePath/LordNyax.jpg?width=300	http://swg.wikia.com/wiki/Special:FilePath/Lord_Nyax.jpg?width=300	=	1.0000
http://starwars.wikia.com/wiki/Special:FilePath/Heroring.jpg	http://swg.wikia.com/wiki/Special:FilePath/Heroring.jpg	=	1.0000
http://dbkwik.webdatacommons.org/starwars.wikia.com/resource/X-34_landspeeder	http://dbkwik.webdatacommons.org/swg.wikia.com/resource/X-34_Landspeeder	=	1.0000
http://dbkwik.webdatacommons.org/starwars.wikia.com/resource/Beetle	http://dbkwik.webdatacommons.org/swg.wikia.com/resource/Beetle	=	1.0000
http://starwars.wikia.com/wiki/Special:FilePath/Jabba4.jpg?width=300	http://swg.wikia.com/wiki/Special:FilePath/Jabba.jpg?width=300	=	0.9495
http://dbkwik.webdatacommons.org/starwars.wikia.com/resource/Graul	http://dbkwik.webdatacommons.org/swg.wikia.com/resource/Graul	=	1.0000
http://starwars.wikia.com/wiki/Special:FilePath/Ryoo_Finn.jpg	http://swg.wikia.com/wiki/Special:FilePath/RyooFinn.jpg	=	1.0000
http://starwars.wikia.com/wiki/Special:FilePath/Bolma.png?width=300	http://swg.wikia.com/wiki/Special:FilePath/Bolma.png?width=300	=	1.0000
http://starwars.wikia.com/wiki/Special:FilePath/Maximillian.jpg	http://swg.wikia.com/wiki/Special:FilePath/Maximillian.jpg	=	1.0000
http://starwars.wikia.com/wiki/Special:FilePath/AbooAramflahad.jpg	http://swg.wikia.com/wiki/Special:FilePath/Aboo-Aramflahad.jpg	=	1.0000
http://dbkwik.webdatacommons.org/starwars.wikia.com/resource/Ging_Darjeek	http://dbkwik.webdatacommons.org/swg.wikia.com/resource/Ging_Darjeek	=	1.0000
http://dbkwik.webdatacommons.org/starwars.wikia.com/resource/Seed	http://dbkwik.webdatacommons.org/swg.wikia.com/resource/Seed	=	1.0000
http://dbkwik.webdatacommons.org/starwars.wikia.com/resource/Midlithe_crystal	http://dbkwik.webdatacommons.org/swg.wikia.com/resource/Midlithe_Crystal	=	1.0000
http://starwars.wikia.com/wiki/Special:FilePath/Scurrier.jpg?width=300	http://swg.wikia.com/wiki/Special:FilePath/Scurrier.jpg?width=300	=	1.0000
http://dbkwik.webdatacommons.org/starwars.wikia.com/resource/Spined_Rancor_Poster	http://dbkwik.webdatacommons.org/swg.wikia.com/resource/Spined_Rancor_Poster	=	1.0000
http://dbkwik.webdatacommons.org/starwars.wikia.com/resource/Wim_Magwit%27s_magic_painting_controller	http://dbkwik.webdatacommons.org/swg.wikia.com/resource/Wim_Magwit%27s_Magic_Painting_Controller	=	1.0000
http://starwars.wikia.com/wiki/Special:FilePath/Kusak.jpg	http://swg.wikia.com/wiki/Special:FilePath/Kusak.jpg	=	1.0000
http://dbkwik.webdatacommons.org/starwars.wikia.com/resource/Category:Videos	http://dbkwik.webdatacommons.org/swg.wikia.com/resource/Category:Videos	=	1.0000
http://dbkwik.webdatacommons.org/starwars.wikia.com/resource/NK-3	http://dbkwik.webdatacommons.org/swg.wikia.com/resource/NK-3	=	1.0000
http://dbkwik.webdatacommons.org/starwars.wikia.com/resource/Category:Pistols	http://dbkwik.webdatacommons.org/swg.wikia.com/resource/Category:Pistols	=	1.0000
http://starwars.wikia.com/wiki/Special:FilePath/Warvog_Arkon.jpg	http://swg.wikia.com/wiki/Special:FilePath/Warvog_Arkon.jpg	=	1.0000
http://starwars.wikia.com/wiki/Special:FilePath/Xos.jpg?width=300	http://swg.wikia.com/wiki/Special:FilePath/Xos.jpg?width=300	=	1.0000
http://dbkwik.webdatacommons.org/starwars.wikia.com/resource/Aleas_Rans%27ery	http://dbkwik.webdatacommons.org/swg.wikia.com/resource/Aleas_Rans%27ery	=	1.0000
http://starwars.wikia.com/wiki/Special:FilePath/Rebelassaultarmor.jpg	http://swg.wikia.com/wiki/Special:FilePath/Rebelassaultarmor.jpg	=	1.0000
http://dbkwik.webdatacommons.org/starwars.wikia.com/resource/Galactic_Senate	http://dbkwik.webdatacommons.org/swg.wikia.com/resource/Galactic_Senate	=	1.0000
http://starwars.wikia.com/wiki/Special:FilePath/AcidStreamLauncher.jpg	http://swg.wikia.com/wiki/Special:FilePath/AcidStreamLauncher.jpg	=	1.0000
http://dbkwik.webdatacommons.org/starwars.wikia.com/resource/Rodian	http://dbkwik.webdatacommons.org/swg.wikia.com/resource/Rodian	=	1.0000
http://starwars.wikia.com/wiki/Special:FilePath/FishingPole.jpg?width=300	http://swg.wikia.com/wiki/Special:FilePath/Fishing-pole.jpg?width=300	=	1.0000
http://dbkwik.webdatacommons.org/starwars.wikia.com/resource/Fishing_pole	http://dbkwik.webdatacommons.org/swg.wikia.com/resource/Fishing_Pole	=	1.0000
http://starwars.wikia.com/wiki/Special:FilePath/Sathog.jpg	http://swg.wikia.com/wiki/Special:FilePath/Sathog.jpg	=	1.0000
http://starwars.wikia.com/wiki/Special:FilePath/TIE_Pilot_Helmet.jpg?width=300	http://swg.wikia.com/wiki/Special:FilePath/TIE_Pilot_Helmet.jpg?width=300	=	1.0000
http://dbkwik.webdatacommons.org/starwars.wikia.com/resource/Gas	http://dbkwik.webdatacommons.org/swg.wikia.com/resource/Gas	=	1.0000
http://dbkwik.webdatacommons.org/starwars.wikia.com/resource/TIE_Fighter_chair	http://dbkwik.webdatacommons.org/swg.wikia.com/resource/TIE_Fighter_Chair	=	1.0000
http://dbkwik.webdatacommons.org/starwars.wikia.com/resource/Kowakian_monkey-lizard	http://dbkwik.webdatacommons.org/swg.wikia.com/resource/Kowakian_monkey-lizard	=	1.0000
http://dbkwik.webdatacommons.org/starwars.wikia.com/resource/Durni	http://dbkwik.webdatacommons.org/swg.wikia.com/resource/Durni	=	1.0000
http://dbkwik.webdatacommons.org/starwars.wikia.com/resource/Ikt	http://dbkwik.webdatacommons.org/swg.wikia.com/resource/Ikt	=	1.0000
http://dbkwik.webdatacommons.org/starwars.wikia.com/resource/Category:Tatoo_system	http://dbkwik.webdatacommons.org/swg.wikia.com/resource/Category:Tatoo_system	=	1.0000
http://dbkwik.webdatacommons.org/starwars.wikia.com/resource/Universe	http://dbkwik.webdatacommons.org/swg.wikia.com/resource/Universe	=	1.0000
http://starwars.wikia.com/wiki/Special:FilePath/Captain_Rikkh.jpg	http://swg.wikia.com/wiki/Special:FilePath/Captain_Rikkh.jpg	=	1.0000
http://dbkwik.webdatacommons.org/starwars.wikia.com/resource/Gold_Two	http://dbkwik.webdatacommons.org/swg.wikia.com/resource/Gold_Two	=	1.0000
http://dbkwik.webdatacommons.org/starwars.wikia.com/resource/Category:Vehicles	http://dbkwik.webdatacommons.org/swg.wikia.com/resource/Category:Vehicles	=	1.0000
http://starwars.wikia.com/wiki/Special:FilePath/Blerx-tango.jpg	http://swg.wikia.com/wiki/Special:FilePath/Blerx-tango.jpg	=	1.0000
http://dbkwik.webdatacommons.org/starwars.wikia.com/resource/Draya_Korbinari	http://dbkwik.webdatacommons.org/swg.wikia.com/resource/Draya_Korbinari	=	1.0000
http://dbkwik.webdatacommons.org/starwars.wikia.com/resource/Kima_Nazith	http://dbkwik.webdatacommons.org/swg.wikia.com/resource/Kima_Nazith	=	1.0000
http://dbkwik.webdatacommons.org/starwars.wikia.com/resource/Krayt_Cult_Cave	http://dbkwik.webdatacommons.org/swg.wikia.com/resource/Krayt_Cult_Cave	=	1.0000
http://dbkwik.webdatacommons.org/starwars.wikia.com/resource/Durge	http://dbkwik.webdatacommons.org/swg.wikia.com/resource/Durge	=	1.0000
http://dbkwik.webdatacommons.org/starwars.wikia.com/resource/Gurrcat	http://dbkwik.webdatacommons.org/swg.wikia.com/resource/Gurrcat	=	1.0000
http://dbkwik.webdatacommons.org/starwars.wikia.com/resource/R2-D2	http://dbkwik.webdatacommons.org/swg.wikia.com/resource/R2-D2	=	1.0000
http://dbkwik.webdatacommons.org/starwars.wikia.com/resource/Ren%27Salla	http://dbkwik.webdatacommons.org/swg.wikia.com/resource/Ren%27salla	=	1.0000
http://starwars.wikia.com/wiki/Special:FilePath/Shamdon_Kree.jpg	http://swg.wikia.com/wiki/Special:FilePath/Shamdon_Kree.jpg	=	1.0000
http://starwars.wikia.com/wiki/Special:FilePath/Chawroo.jpg	http://swg.wikia.com/wiki/Special:FilePath/Chawroo.jpg	=	1.0000
http://dbkwik.webdatacommons.org/starwars.wikia.com/resource/Category:Clothing	http://dbkwik.webdatacommons.org/swg.wikia.com/resource/Category:Clothing	=	1.0000
http://dbkwik.webdatacommons.org/starwars.wikia.com/resource/Duros	http://dbkwik.webdatacommons.org/swg.wikia.com/resource/Duros	=	1.0000
http://starwars.wikia.com/wiki/Special:FilePath/MosEisley.jpg	http://swg.wikia.com/wiki/Special:FilePath/Mos_Eisley.jpg	=	1.0000
http://starwars.wikia.com/wiki/Special:FilePath/Sith_Holocron.jpg?width=300	http://swg.wikia.com/wiki/Special:FilePath/Sith_Holocron.jpg?width=300	=	1.0000
http://starwars.wikia.com/wiki/Special:FilePath/Retreat.jpg?width=300	http://swg.wikia.com/wiki/Special:FilePath/Retreat.jpg?width=300	=	1.0000
http://dbkwik.webdatacommons.org/starwars.wikia.com/resource/HK-58_Besh	http://dbkwik.webdatacommons.org/swg.wikia.com/resource/HK-58_Besh	=	1.0000
http://dbkwik.webdatacommons.org/starwars.wikia.com/resource/Vegetable	http://dbkwik.webdatacommons.org/swg.wikia.com/resource/Vegetable	=	1.0000
http://starwars.wikia.com/wiki/Special:FilePath/Moraj_memorial.jpg	http://swg.wikia.com/wiki/Special:FilePath/Moraj_memorial.jpg	=	1.0000
http://starwars.wikia.com/wiki/Special:FilePath/Vrelt.jpg?width=300	http://swg.wikia.com/wiki/Special:FilePath/Vrelt.jpg?width=300	=	1.0000
http://starwars.wikia.com/wiki/Special:FilePath/Jinkins.png?width=300	http://swg.wikia.com/wiki/Special:FilePath/Jinkins.png?width=300	=	1.0000
http://dbkwik.webdatacommons.org/starwars.wikia.com/resource/Ro-roo	http://dbkwik.webdatacommons.org/swg.wikia.com/resource/Ro-roo	=	1.0000
http://starwars.wikia.com/wiki/Special:FilePath/Vrelt.jpg	http://swg.wikia.com/wiki/Special:FilePath/Vrelt.jpg	=	1.0000
http://starwars.wikia.com/wiki/Special:FilePath/Jubileewheelgame.jpg	http://swg.wikia.com/wiki/Special:FilePath/Jubileewheelgame.jpg	=	1.0000
http://starwars.wikia.com/wiki/Special:FilePath/Flameout.png?width=300	http://swg.wikia.com/wiki/Special:FilePath/Flameout.png?width=300	=	1.0000
http://starwars.wikia.com/wiki/Special:FilePath/Lugjackmachine.jpg	http://swg.wikia.com/wiki/Special:FilePath/Lugjackmachine.jpg	=	1.0000
http://starwars.wikia.com/wiki/Special:FilePath/Rodian_Hunters_Camp.jpg?width=300	http://swg.wikia.com/wiki/Special:FilePath/Rodian-Hunters-Camp.jpg?width=300	=	1.0000
http://dbkwik.webdatacommons.org/starwars.wikia.com/resource/Harvester	http://dbkwik.webdatacommons.org/swg.wikia.com/resource/Harvester	=	1.0000
http://starwars.wikia.com/wiki/Special:FilePath/Lergo-Brazee.jpg	http://swg.wikia.com/wiki/Special:FilePath/Lergo-Brazee.jpg	=	1.0000
http://starwars.wikia.com/wiki/Special:FilePath/Kallaova.jpg	http://swg.wikia.com/wiki/Special:FilePath/Kallaova.jpg	=	1.0000
http://starwars.wikia.com/wiki/Special:FilePath/Wirartu.jpg	http://swg.wikia.com/wiki/Special:FilePath/Wirartu.jpg	=	1.0000
http://dbkwik.webdatacommons.org/starwars.wikia.com/resource/Voakar_Duset	http://dbkwik.webdatacommons.org/swg.wikia.com/resource/Voakar_Duset	=	1.0000
http://dbkwik.webdatacommons.org/starwars.wikia.com/resource/Category:Cybernetics	http://dbkwik.webdatacommons.org/swg.wikia.com/resource/Category:Cybernetics	=	1.0000
http://starwars.wikia.com/wiki/Special:FilePath/ValarianPodRacersBunker.jpg	http://swg.wikia.com/wiki/Special:FilePath/Valarian-pod-racers-bunker.jpg	=	1.0000
http://starwars.wikia.com/wiki/Special:FilePath/Ikvizi.png?width=300	http://swg.wikia.com/wiki/Special:FilePath/Ikvizi.png?width=300	=	1.0000
http://starwars.wikia.com/wiki/Special:FilePath/Harding.jpg	http://swg.wikia.com/wiki/Special:FilePath/Harding.jpg	=	1.0000
http://starwars.wikia.com/wiki/Special:FilePath/Axkva_Min.jpg	http://swg.wikia.com/wiki/Special:FilePath/Axkva_Min.jpg	=	1.0000
http://dbkwik.webdatacommons.org/starwars.wikia.com/resource/Whiphid	http://dbkwik.webdatacommons.org/swg.wikia.com/resource/Whiphid	=	1.0000
http://starwars.wikia.com/wiki/Special:FilePath/TheedPalace-Light/large/bossnass.jpg?width=300	http://swg.wikia.com/wiki/Special:FilePath/Bossnass.jpg?width=300	=	1.0000
http://dbkwik.webdatacommons.org/starwars.wikia.com/resource/Black_Sun_Token_of_Heroism	http://dbkwik.webdatacommons.org/swg.wikia.com/resource/Black_Sun_Token_of_Heroism	=	1.0000
http://dbkwik.webdatacommons.org/starwars.wikia.com/resource/Laetin_A%27shera	http://dbkwik.webdatacommons.org/swg.wikia.com/resource/Laetin_A%27Shera	=	1.0000
http://dbkwik.webdatacommons.org/starwars.wikia.com/resource/Dathnaeya_Loessin	http://dbkwik.webdatacommons.org/swg.wikia.com/resource/Dathnaeya_Loessin	=	1.0000
http://dbkwik.webdatacommons.org/starwars.wikia.com/resource/Lantern_bird	http://dbkwik.webdatacommons.org/swg.wikia.com/resource/Lantern_Bird	=	1.0000
http://dbkwik.webdatacommons.org/starwars.wikia.com/resource/Comlink_Painting	http://dbkwik.webdatacommons.org/swg.wikia.com/resource/Comlink_Painting	=	1.0000
http://dbkwik.webdatacommons.org/starwars.wikia.com/resource/Kashyyyk_bantha	http://dbkwik.webdatacommons.org/swg.wikia.com/resource/Kashyyyk_bantha	=	1.0000
http://dbkwik.webdatacommons.org/starwars.wikia.com/resource/Selonian	http://dbkwik.webdatacommons.org/swg.wikia.com/resource/Selonian	=	1.0000
http://dbkwik.webdatacommons.org/starwars.wikia.com/resource/Radiant	http://dbkwik.webdatacommons.org/swg.wikia.com/resource/Radiant	=	1.0000
http://dbkwik.webdatacommons.org/starwars.wikia.com/resource/Weapons_Development_Facility	http://dbkwik.webdatacommons.org/swg.wikia.com/resource/Weapons_Development_Facility	=	1.0000
http://dbkwik.webdatacommons.org/starwars.wikia.com/resource/Liberating_the_Blackguard	http://dbkwik.webdatacommons.org/swg.wikia.com/resource/Liberating_The_Blackguard	=	1.0000
http://dbkwik.webdatacommons.org/starwars.wikia.com/resource/Gran	http://dbkwik.webdatacommons.org/swg.wikia.com/resource/Gran	=	1.0000
http://dbkwik.webdatacommons.org/starwars.wikia.com/resource/Leia_Organa	http://dbkwik.webdatacommons.org/swg.wikia.com/resource/Leia_Organa	=	1.0000
http://starwars.wikia.com/wiki/Special:FilePath/TIE-Oppressor.jpg	http://swg.wikia.com/wiki/Special:FilePath/TIE_Oppressor.jpg	=	1.0000
http://starwars.wikia.com/wiki/Special:FilePath/VictoriousReign.jpg	http://swg.wikia.com/wiki/Special:FilePath/Victorious_reign.jpg	=	1.0000
http://dbkwik.webdatacommons.org/starwars.wikia.com/resource/The_Force	http://dbkwik.webdatacommons.org/swg.wikia.com/resource/The_Force	=	1.0000
http://dbkwik.webdatacommons.org/starwars.wikia.com/resource/Tantive_IV_landspeeder	http://dbkwik.webdatacommons.org/swg.wikia.com/resource/Tantive_IV_Landspeeder	=	1.0000
http://dbkwik.webdatacommons.org/starwars.wikia.com/resource/Uller	http://dbkwik.webdatacommons.org/swg.wikia.com/resource/Uller	=	1.0000
http://dbkwik.webdatacommons.org/starwars.wikia.com/resource/Loisya_Starkos	http://dbkwik.webdatacommons.org/swg.wikia.com/resource/Loisya_Starkos	=	1.0000
http://dbkwik.webdatacommons.org/starwars.wikia.com/resource/The_Silencer	http://dbkwik.webdatacommons.org/swg.wikia.com/resource/The_Silencer	=	1.0000
http://dbkwik.webdatacommons.org/starwars.wikia.com/resource/Proton_carbine	http://dbkwik.webdatacommons.org/swg.wikia.com/resource/Proton_Carbine	=	1.0000
http://starwars.wikia.com/wiki/Special:FilePath/BountyHunters.jpg?width=300	http://swg.wikia.com/wiki/Special:FilePath/Bounty_Hunters.jpg?width=300	=	1.0000
http://starwars.wikia.com/wiki/Special:FilePath/Kun%27s_Blood.jpg?width=300	http://swg.wikia.com/wiki/Special:FilePath/Kun%27s_Blood.jpg?width=300	=	1.0000
http://dbkwik.webdatacommons.org/starwars.wikia.com/resource/EV-9D9	http://dbkwik.webdatacommons.org/swg.wikia.com/resource/EV-9D9	=	1.0000
http://dbkwik.webdatacommons.org/starwars.wikia.com/resource/Trace	http://dbkwik.webdatacommons.org/swg.wikia.com/resource/Trace	=	1.0000
http://dbkwik.webdatacommons.org/starwars.wikia.com/resource/Mustafar_Travel_Advertisement	http://dbkwik.webdatacommons.org/swg.wikia.com/resource/Mustafar_Travel_Advertisement	=	1.0000
http://starwars.wikia.com/wiki/Special:FilePath/Jadam-Questrel.jpg	http://swg.wikia.com/wiki/Special:FilePath/Jadam-Questrel.jpg	=	1.0000
http://starwars.wikia.com/wiki/Special:FilePath/QualdoHerm.jpg?width=300	http://swg.wikia.com/wiki/Special:FilePath/QualdoHerm.jpg?width=300	=	1.0000
http://dbkwik.webdatacommons.org/starwars.wikia.com/resource/Zssik_Clan	http://dbkwik.webdatacommons.org/swg.wikia.com/resource/Zssik_Clan	=	1.0000
http://starwars.wikia.com/wiki/Special:FilePath/Ponda_Baba.jpg?width=300	http://swg.wikia.com/wiki/Special:FilePath/PondaBaba.jpg?width=300	=	1.0000
http://dbkwik.webdatacommons.org/starwars.wikia.com/resource/DH-17_short_carbine	http://dbkwik.webdatacommons.org/swg.wikia.com/resource/DH17_Short_Carbine	=	0.9490
http://dbkwik.webdatacommons.org/starwars.wikia.com/property/range	http://dbkwik.webdatacommons.org/swg.wikia.com/property/range	=	1.0000
http://dbkwik.webdatacommons.org/starwars.wikia.com/resource/CorSec_Wing	http://dbkwik.webdatacommons.org/swg.wikia.com/resource/CorSec_Wing	=	1.0000
http://starwars.wikia.com/wiki/Special:FilePath/Byxlepedette.jpg?width=300	http://swg.wikia.com/wiki/Special:FilePath/Byxlepedette.jpg?width=300	=	1.0000
http://dbkwik.webdatacommons.org/starwars.wikia.com/resource/Feeorin	http://dbkwik.webdatacommons.org/swg.wikia.com/resource/Feeorin	=	1.0000
http://dbkwik.webdatacommons.org/starwars.wikia.com/resource/Pulse_cannon	http://dbkwik.webdatacommons.org/swg.wikia.com/resource/Pulse_Cannon	=	1.0000
http://dbkwik.webdatacommons.org/starwars.wikia.com/resource/Mort	http://dbkwik.webdatacommons.org/swg.wikia.com/resource/Mort	=	1.0000
http://dbkwik.webdatacommons.org/starwars.wikia.com/resource/Jake_Felan	http://dbkwik.webdatacommons.org/swg.wikia.com/resource/Jake_Felan	=	1.0000
http://dbkwik.webdatacommons.org/starwars.wikia.com/resource/Farious_Gletch	http://dbkwik.webdatacommons.org/swg.wikia.com/resource/Farious_Gletch	=	1.0000
http://dbkwik.webdatacommons.org/starwars.wikia.com/resource/Critolus_Masse	http://dbkwik.webdatacommons.org/swg.wikia.com/resource/Critolus_Masse	=	1.0000
http://starwars.wikia.com/wiki/Special:FilePath/Hracca.jpg	http://swg.wikia.com/wiki/Special:FilePath/Hracca.jpg	=	1.0000
http://starwars.wikia.com/wiki/Special:FilePath/Ree-Yees.jpg?width=300	http://swg.wikia.com/wiki/Special:FilePath/Ree-yees.jpg?width=300	=	1.0000
http://starwars.wikia.com/wiki/Special:FilePath/MercenariesLament.jpg?width=300	http://swg.wikia.com/wiki/Special:FilePath/Mercenaries_lament.jpg?width=300	=	1.0000
http://starwars.wikia.com/wiki/Special:FilePath/Nashal.jpg	http://swg.wikia.com/wiki/Special:FilePath/Nashal.jpg	=	1.0000
http://starwars.wikia.com/wiki/Special:FilePath/SWG-StarterKit.jpg?width=300	http://swg.wikia.com/wiki/Special:FilePath/Swg_starter_kit.jpg?width=300	=	1.0000
http://starwars.wikia.com/wiki/Special:FilePath/HaymirRendundi.jpg?width=300	http://swg.wikia.com/wiki/Special:FilePath/Haymir_Rendundi.jpg?width=300	=	1.0000
http://starwars.wikia.com/wiki/Special:FilePath/Whuffa_leather.jpg?width=300	http://swg.wikia.com/wiki/Special:FilePath/Whuffa_Leather.jpg?width=300	=	1.0000
http://dbkwik.webdatacommons.org/starwars.wikia.com/resource/Erran_Sif	http://dbkwik.webdatacommons.org/swg.wikia.com/resource/Erran_Sif	=	1.0000
http://dbkwik.webdatacommons.org/starwars.wikia.com/resource/RIS_One-Sheet	http://dbkwik.webdatacommons.org/swg.wikia.com/resource/RIS_One-sheet	=	1.0000
http://starwars.wikia.com/wiki/Special:FilePath/Krayt-dragon-skeleton.jpg	http://swg.wikia.com/wiki/Special:FilePath/Krayt_Dragon_Skeleton.jpg	=	1.0000
http://dbkwik.webdatacommons.org/starwars.wikia.com/resource/Skreeg	http://dbkwik.webdatacommons.org/swg.wikia.com/resource/Skreeg	=	1.0000
http://dbkwik.webdatacommons.org/starwars.wikia.com/resource/Ithorian_guardian_armor	http://dbkwik.webdatacommons.org/swg.wikia.com/resource/Ithorian_Guardian_armor	=	1.0000
http://dbkwik.webdatacommons.org/starwars.wikia.com/resource/Redemption	http://dbkwik.webdatacommons.org/swg.wikia.com/resource/Redemption	=	1.0000
http://dbkwik.webdatacommons.org/starwars.wikia.com/resource/Mauler	http://dbkwik.webdatacommons.org/swg.wikia.com/resource/Mauler	=	1.0000
http://dbkwik.webdatacommons.org/starwars.wikia.com/resource/Dilvin_Lormurojo	http://dbkwik.webdatacommons.org/swg.wikia.com/resource/Dilvin_Lormurojo	=	1.0000
http://dbkwik.webdatacommons.org/starwars.wikia.com/resource/HK-47	http://dbkwik.webdatacommons.org/swg.wikia.com/resource/HK-47	=	1.0000
http://dbkwik.webdatacommons.org/starwars.wikia.com/resource/Weequay	http://dbkwik.webdatacommons.org/swg.wikia.com/resource/Weequay	=	1.0000
http://dbkwik.webdatacommons.org/starwars.wikia.com/resource/Kauri	http://dbkwik.webdatacommons.org/swg.wikia.com/resource/Kauri	=	1.0000
http://starwars.wikia.com/wiki/Special:FilePath/Mssikss.jpg	http://swg.wikia.com/wiki/Special:FilePath/Mssikss.jpg	=	1.0000
http://dbkwik.webdatacommons.org/starwars.wikia.com/resource/Indintra_Imbru_Yerevan	http://dbkwik.webdatacommons.org/swg.wikia.com/resource/Indintra_Imbru_Yerevan	=	1.0000
http://starwars.wikia.com/wiki/Special:FilePath/Illiv_Orfa.jpg	http://swg.wikia.com/wiki/Special:FilePath/Illiv_orfa.jpg	=	1.0000
http://dbkwik.webdatacommons.org/starwars.wikia.com/resource/The_Nightsister%27s_Revenge	http://dbkwik.webdatacommons.org/swg.wikia.com/resource/The_Nightsister%27s_Revenge	=	1.0000
http://starwars.wikia.com/wiki/Special:FilePath/2-1B_surgical_droid.jpg	http://swg.wikia.com/wiki/Special:FilePath/2-1B_Surgical_Droid.jpg	=	1.0000
http://starwars.wikia.com/wiki/Special:FilePath/WESTAR-M5BlasterRifle.jpg?width=300	http://swg.wikia.com/wiki/Special:FilePath/Westar-m5-blaster-rifle.jpg?width=300	=	1.0000
http://dbkwik.webdatacommons.org/starwars.wikia.com/resource/Melios_Purl	http://dbkwik.webdatacommons.org/swg.wikia.com/resource/Melios_Purl	=	1.0000
http://dbkwik.webdatacommons.org/starwars.wikia.com/resource/Jadam_Questrel	http://dbkwik.webdatacommons.org/swg.wikia.com/resource/Jadam_Questrel	=	1.0000
http://dbkwik.webdatacommons.org/starwars.wikia.com/resource/Walker_Luskeske	http://dbkwik.webdatacommons.org/swg.wikia.com/resource/Walker_Luskeske	=	1.0000
http://starwars.wikia.com/wiki/Special:FilePath/Binoculars.jpg?width=300	http://swg.wikia.com/wiki/Special:FilePath/Binoculars.jpg?width=300	=	1.0000
http://starwars.wikia.com/wiki/Special:FilePath/MournoDraver.jpg?width=300	http://swg.wikia.com/wiki/Special:FilePath/Mourno-draver.jpg?width=300	=	1.0000
http://dbkwik.webdatacommons.org/starwars.wikia.com/resource/Borvo_Bunker	http://dbkwik.webdatacommons.org/swg.wikia.com/resource/Borvo_Bunker	=	1.0000
http://dbkwik.webdatacommons.org/starwars.wikia.com/resource/Caramelized_Pkneb	http://dbkwik.webdatacommons.org/swg.wikia.com/resource/Caramelized_Pkneb	=	1.0000
http://dbkwik.webdatacommons.org/starwars.wikia.com/resource/Asteroid	http://dbkwik.webdatacommons.org/swg.wikia.com/resource/Asteroid	=	1.0000
http://dbkwik.webdatacommons.org/starwars.wikia.com/resource/Sith_amulet	http://dbkwik.webdatacommons.org/swg.wikia.com/resource/Sith_Amulet	=	1.0000
http://dbkwik.webdatacommons.org/starwars.wikia.com/resource/Z-95_Headhunter	http://dbkwik.webdatacommons.org/swg.wikia.com/resource/Z-95_Headhunter	=	1.0000
http://dbkwik.webdatacommons.org/starwars.wikia.com/resource/Jural	http://dbkwik.webdatacommons.org/swg.wikia.com/resource/Jural	=	1.0000
http://starwars.wikia.com/wiki/Special:FilePath/GiantFynockCave.jpg?width=300	http://swg.wikia.com/wiki/Special:FilePath/Giant_fynock_cave_1.jpg?width=300	=	0.9674
http://dbkwik.webdatacommons.org/starwars.wikia.com/resource/Mako_Ghast	http://dbkwik.webdatacommons.org/swg.wikia.com/resource/Mako_Ghast	=	1.0000
http://starwars.wikia.com/wiki/Special:FilePath/Bacta_Tank.jpg?width=300	http://swg.wikia.com/wiki/Special:FilePath/Bacta-tank.jpg?width=300	=	1.0000
http://starwars.wikia.com/wiki/Special:FilePath/Cavern_Spider.jpg?width=300	http://swg.wikia.com/wiki/Special:FilePath/Cavern_spider.jpg?width=300	=	1.0000
http://starwars.wikia.com/wiki/Special:FilePath/Party_Poster.jpg	http://swg.wikia.com/wiki/Special:FilePath/Party_Poster.jpg	=	1.0000
http://starwars.wikia.com/wiki/Special:FilePath/Kima.jpg?width=300	http://swg.wikia.com/wiki/Special:FilePath/Kima.jpg?width=300	=	1.0000
http://starwars.wikia.com/wiki/Special:FilePath/BO-661.jpg	http://swg.wikia.com/wiki/Special:FilePath/BO-661.jpg	=	1.0000
http://starwars.wikia.com/wiki/Special:FilePath/Ackbar.jpg	http://swg.wikia.com/wiki/Special:FilePath/Ackbar.jpg	=	1.0000
http://dbkwik.webdatacommons.org/starwars.wikia.com/resource/Onith	http://dbkwik.webdatacommons.org/swg.wikia.com/resource/Onith	=	1.0000
http://dbkwik.webdatacommons.org/starwars.wikia.com/resource/Pirate%27s_Shadow	http://dbkwik.webdatacommons.org/swg.wikia.com/resource/Pirate%27s_Shadow	=	1.0000
http://dbkwik.webdatacommons.org/starwars.wikia.com/resource/Treasure_Hunt	http://dbkwik.webdatacommons.org/swg.wikia.com/resource/Treasure_Hunter	=	0.9544
http://dbkwik.webdatacommons.org/starwars.wikia.com/resource/Kahmurra	http://dbkwik.webdatacommons.org/swg.wikia.com/resource/Kahmurra	=	1.0000
http://dbkwik.webdatacommons.org/starwars.wikia.com/resource/Whuffa_leather	http://dbkwik.webdatacommons.org/swg.wikia.com/resource/Whuffa_Leather	=	1.0000
http://dbkwik.webdatacommons.org/starwars.wikia.com/resource/Glo-Long_Light_Stick	http://dbkwik.webdatacommons.org/swg.wikia.com/resource/Glo-Long_Light_Stick	=	1.0000
http://starwars.wikia.com/wiki/Special:FilePath/Baritha.jpg?width=300	http://swg.wikia.com/wiki/Special:FilePath/Baritha.jpg?width=300	=	1.0000
http://starwars.wikia.com/wiki/Special:FilePath/Fallann_Hyper-Rifle.jpg	http://swg.wikia.com/wiki/Special:FilePath/Fallann_hyper_rifle.jpg	=	1.0000
http://dbkwik.webdatacommons.org/starwars.wikia.com/resource/Zhailaut	http://dbkwik.webdatacommons.org/swg.wikia.com/resource/Zhailaut	=	1.0000
http://starwars.wikia.com/wiki/Special:FilePath/Cornburr.jpg?width=300	http://swg.wikia.com/wiki/Special:FilePath/Cornburr.jpg?width=300	=	1.0000
http://dbkwik.webdatacommons.org/starwars.wikia.com/resource/Meatlumps	http://dbkwik.webdatacommons.org/swg.wikia.com/resource/Meatlumps	=	1.0000
http://dbkwik.webdatacommons.org/starwars.wikia.com/resource/Sayormi_Queen	http://dbkwik.webdatacommons.org/swg.wikia.com/resource/Sayormi_Queen	=	1.0000
http://starwars.wikia.com/wiki/Special:FilePath/Grobber.jpg?width=300	http://swg.wikia.com/wiki/Special:FilePath/Grobber.jpg?width=300	=	1.0000
http://dbkwik.webdatacommons.org/starwars.wikia.com/resource/Insurgent	http://dbkwik.webdatacommons.org/swg.wikia.com/resource/Insurgent	=	1.0000
http://dbkwik.webdatacommons.org/starwars.wikia.com/resource/Thom_Steele	http://dbkwik.webdatacommons.org/swg.wikia.com/resource/Thom_Steele	=	1.0000
http://dbkwik.webdatacommons.org/starwars.wikia.com/resource/Echrhin_Isdan	http://dbkwik.webdatacommons.org/swg.wikia.com/resource/Echrhin_Isdan	=	1.0000
http://starwars.wikia.com/wiki/Special:FilePath/Menddle.jpg?width=300	http://swg.wikia.com/wiki/Special:FilePath/Menddle.jpg?width=300	=	1.0000
http://dbkwik.webdatacommons.org/starwars.wikia.com/property/type	http://dbkwik.webdatacommons.org/swg.wikia.com/property/type	=	1.0000
http://dbkwik.webdatacommons.org/starwars.wikia.com/resource/Doom_Bringer	http://dbkwik.webdatacommons.org/swg.wikia.com/resource/Doom_Bringer	=	1.0000
http://dbkwik.webdatacommons.org/starwars.wikia.com/resource/Living_Canals	http://dbkwik.webdatacommons.org/swg.wikia.com/resource/Living_Canals	=	1.0000
http://starwars.wikia.com/wiki/Special:FilePath/Quantum-ion-drive.jpg?width=300	http://swg.wikia.com/wiki/Special:FilePath/Quantum-ion-drive.jpg?width=300	=	1.0000
http://dbkwik.webdatacommons.org/starwars.wikia.com/resource/Gorath	http://dbkwik.webdatacommons.org/swg.wikia.com/resource/Gorath	=	1.0000
http://dbkwik.webdatacommons.org/starwars.wikia.com/resource/Maximilian_Veers	http://dbkwik.webdatacommons.org/swg.wikia.com/resource/Maximilian_Veers	=	1.0000
http://dbkwik.webdatacommons.org/starwars.wikia.com/resource/Beam_rifle	http://dbkwik.webdatacommons.org/swg.wikia.com/resource/Beam_Rifle	=	1.0000
http://dbkwik.webdatacommons.org/starwars.wikia.com/resource/Bocatt	http://dbkwik.webdatacommons.org/swg.wikia.com/resource/Bocatt	=	1.0000
http://starwars.wikia.com/wiki/Special:FilePath/Binary_Liquid.jpg?width=300	http://swg.wikia.com/wiki/Special:FilePath/Binary_Liquid.jpg?width=300	=	1.0000
http://starwars.wikia.com/wiki/Special:FilePath/Voba-duey.jpg?width=300	http://swg.wikia.com/wiki/Special:FilePath/Voba-duey.jpg?width=300	=	1.0000
http://starwars.wikia.com/wiki/Special:FilePath/BestineCapitol.jpg?width=300	http://swg.wikia.com/wiki/Special:FilePath/Bestine_capitol.jpg?width=300	=	1.0000
http://dbkwik.webdatacommons.org/starwars.wikia.com/resource/Sharnaff	http://dbkwik.webdatacommons.org/swg.wikia.com/resource/Sharnaff	=	1.0000
http://dbkwik.webdatacommons.org/starwars.wikia.com/resource/Bith	http://dbkwik.webdatacommons.org/swg.wikia.com/resource/Bith	=	1.0000
http://dbkwik.webdatacommons.org/starwars.wikia.com/resource/Dancer	http://dbkwik.webdatacommons.org/swg.wikia.com/resource/Dancer	=	1.0000
http://starwars.wikia.com/wiki/Special:FilePath/ESPYERdroid.png	http://swg.wikia.com/wiki/Special:FilePath/ESPYERDroid.png	=	1.0000
http://dbkwik.webdatacommons.org/starwars.wikia.com/resource/Fighter_(painting)	http://dbkwik.webdatacommons.org/swg.wikia.com/resource/Fighter_(painting)	=	1.0000
http://dbkwik.webdatacommons.org/starwars.wikia.com/resource/Draykken_Bender	http://dbkwik.webdatacommons.org/swg.wikia.com/resource/Draykken_Bender	=	1.0000
http://starwars.wikia.com/wiki/Special:FilePath/Oldksam.jpg?width=300	http://swg.wikia.com/wiki/Special:FilePath/Oldksam.jpg?width=300	=	1.0000
http://dbkwik.webdatacommons.org/starwars.wikia.com/resource/Imperial_Spy	http://dbkwik.webdatacommons.org/swg.wikia.com/resource/Imperial_Spy	=	1.0000
http://starwars.wikia.com/wiki/Special:FilePath/Taarna.jpg	http://swg.wikia.com/wiki/Special:FilePath/Taarna.jpg	=	1.0000
http://dbkwik.webdatacommons.org/starwars.wikia.com/resource/Force_Shockwave	http://dbkwik.webdatacommons.org/swg.wikia.com/resource/Force_Shockwave	=	1.0000
http://starwars.wikia.com/wiki/Special:FilePath/Cityhall.jpg?width=300	http://swg.wikia.com/wiki/Special:FilePath/Cityhall.jpg?width=300	=	1.0000
http://starwars.wikia.com/wiki/Special:FilePath/RoninLightrunner.jpg	http://swg.wikia.com/wiki/Special:FilePath/Ronin_Lightrunner.jpg	=	1.0000
http://starwars.wikia.com/wiki/Special:FilePath/Deathtrooperconcept.jpg	http://swg.wikia.com/wiki/Special:FilePath/Deathtrooperconcept.jpg	=	1.0000
http://starwars.wikia.com/wiki/Special:FilePath/Datapad.jpg?width=300	http://swg.wikia.com/wiki/Special:FilePath/Datapad.jpg?width=300	=	1.0000
http://starwars.wikia.com/wiki/Special:FilePath/Rasp.jpg?width=300	http://swg.wikia.com/wiki/Special:FilePath/Rasp.jpg?width=300	=	1.0000
http://starwars.wikia.com/wiki/Special:FilePath/Sayormi_Queen.jpg?width=300	http://swg.wikia.com/wiki/Special:FilePath/SayormiQueen.jpg?width=300	=	1.0000
http://starwars.wikia.com/wiki/Special:FilePath/Teraeza-furloti.jpg?width=300	http://swg.wikia.com/wiki/Special:FilePath/Teraeza-furloti.jpg?width=300	=	1.0000
http://starwars.wikia.com/wiki/Special:FilePath/Kenobis_Legacy.jpg?width=300	http://swg.wikia.com/wiki/Special:FilePath/Kenobis_Legacy.jpg?width=300	=	1.0000
http://dbkwik.webdatacommons.org/starwars.wikia.com/resource/Cresh	http://dbkwik.webdatacommons.org/swg.wikia.com/resource/Cresh	=	1.0000
http://starwars.wikia.com/wiki/Special:FilePath/JawaIonPistol.jpg?width=300	http://swg.wikia.com/wiki/Special:FilePath/Jawa_ion_pistol.jpg?width=300	=	1.0000
http://starwars.wikia.com/wiki/Special:FilePath/Corellian_Destroyer.jpg	http://swg.wikia.com/wiki/Special:FilePath/Corellian_destroyer.jpg	=	1.0000
http://dbkwik.webdatacommons.org/starwars.wikia.com/resource/X-31_landspeeder	http://dbkwik.webdatacommons.org/swg.wikia.com/resource/X-31_Landspeeder	=	1.0000
http://starwars.wikia.com/wiki/Special:FilePath/Dathomir.jpg?width=300	http://swg.wikia.com/wiki/Special:FilePath/Dathomir.jpg?width=300	=	1.0000
http://starwars.wikia.com/wiki/Special:FilePath/Vanvi_hotne.jpg	http://swg.wikia.com/wiki/Special:FilePath/Vanvi_hotne.jpg	=	1.0000
http://starwars.wikia.com/wiki/Special:FilePath/Premiere-Light/large/rebelpilot.gif	http://swg.wikia.com/wiki/Special:FilePath/Rebelpilot.gif	=	1.0000
http://starwars.wikia.com/wiki/Special:FilePath/Tusken.jpg	http://swg.wikia.com/wiki/Special:FilePath/%0ATusken.jpg	=	1.0000
http://starwars.wikia.com/wiki/Special:FilePath/Untas.jpg	http://swg.wikia.com/wiki/Special:FilePath/Untas.jpg	=	1.0000
http://dbkwik.webdatacommons.org/starwars.wikia.com/resource/Kippy_Martin	http://dbkwik.webdatacommons.org/swg.wikia.com/resource/Kippy_Martin	=	1.0000
http://dbkwik.webdatacommons.org/starwars.wikia.com/resource/AK-1A_%22Hammer%22	http://dbkwik.webdatacommons.org/swg.wikia.com/resource/AK-1A_%22Hammer%22	=	1.0000
http://dbkwik.webdatacommons.org/starwars.wikia.com/resource/Starsider	http://dbkwik.webdatacommons.org/swg.wikia.com/resource/Starsider	=	1.0000
http://dbkwik.webdatacommons.org/starwars.wikia.com/resource/Category:Naboo	http://dbkwik.webdatacommons.org/swg.wikia.com/resource/Category:Naboo	=	1.0000
http://dbkwik.webdatacommons.org/starwars.wikia.com/resource/Mauler_Stronghold	http://dbkwik.webdatacommons.org/swg.wikia.com/resource/Mauler_Stronghold	=	1.0000
http://dbkwik.webdatacommons.org/starwars.wikia.com/resource/CY-M_Prototype	http://dbkwik.webdatacommons.org/swg.wikia.com/resource/CY-M_Prototype	=	1.0000
http://dbkwik.webdatacommons.org/starwars.wikia.com/class/game	http://dbkwik.webdatacommons.org/swg.wikia.com/class/game	=	1.0000
http://starwars.wikia.com/wiki/Special:FilePath/Whuffa_leather.jpg	http://swg.wikia.com/wiki/Special:FilePath/Whuffa_Leather.jpg	=	1.0000
http://dbkwik.webdatacommons.org/starwars.wikia.com/resource/Dravis	http://dbkwik.webdatacommons.org/swg.wikia.com/resource/Dravis	=	1.0000
http://dbkwik.webdatacommons.org/starwars.wikia.com/resource/Ozzmos_Roberts	http://dbkwik.webdatacommons.org/swg.wikia.com/resource/Ozzmos_Roberts	=	1.0000
http://dbkwik.webdatacommons.org/starwars.wikia.com/resource/Kritus_Morven	http://dbkwik.webdatacommons.org/swg.wikia.com/resource/Kritus_Morven	=	1.0000
http://dbkwik.webdatacommons.org/starwars.wikia.com/resource/Black_Sun	http://dbkwik.webdatacommons.org/swg.wikia.com/resource/Black_Sun	=	1.0000
http://dbkwik.webdatacommons.org/starwars.wikia.com/resource/Double_Helix	http://dbkwik.webdatacommons.org/swg.wikia.com/resource/Double_Helix	=	1.0000
http://starwars.wikia.com/wiki/Special:FilePath/Space_station_SWG.jpg?width=300	http://swg.wikia.com/wiki/Special:FilePath/Space_station_SWG.jpg?width=300	=	1.0000
http://starwars.wikia.com/wiki/Special:FilePath/Dulok.jpg	http://swg.wikia.com/wiki/Special:FilePath/%0ADulok.jpg	=	1.0000
http://dbkwik.webdatacommons.org/starwars.wikia.com/resource/Purvis_Arrison	http://dbkwik.webdatacommons.org/swg.wikia.com/resource/Purvis_Arrison	=	1.0000
http://dbkwik.webdatacommons.org/starwars.wikia.com/resource/Eyma	http://dbkwik.webdatacommons.org/swg.wikia.com/resource/Eyma	=	1.0000
http://dbkwik.webdatacommons.org/starwars.wikia.com/resource/Forward_Commander_Mk_II	http://dbkwik.webdatacommons.org/swg.wikia.com/resource/Forward_Commander_Mk_II	=	1.0000
http://dbkwik.webdatacommons.org/starwars.wikia.com/resource/Seeker_(droid)	http://dbkwik.webdatacommons.org/swg.wikia.com/resource/Seeker_Droid	=	1.0000
http://dbkwik.webdatacommons.org/starwars.wikia.com/resource/Vortex_Squadron	http://dbkwik.webdatacommons.org/swg.wikia.com/resource/Vortex_Squadron	=	1.0000
http://starwars.wikia.com/wiki/Special:FilePath/Borantok.jpg	http://swg.wikia.com/wiki/Special:FilePath/Borantok.jpg	=	1.0000
http://dbkwik.webdatacommons.org/starwars.wikia.com/resource/Clone_Wars_Painting_(clone_trooper)	http://dbkwik.webdatacommons.org/swg.wikia.com/resource/Clone_Wars_Painting:_Clone_Trooper	=	1.0000
http://starwars.wikia.com/wiki/Special:FilePath/Tulrus.jpg	http://swg.wikia.com/wiki/Special:FilePath/Tulrus.jpg	=	1.0000
http://starwars.wikia.com/wiki/Special:FilePath/Jinkins.jpg?width=300	http://swg.wikia.com/wiki/Special:FilePath/Jinkins.jpg?width=300	=	1.0000
http://dbkwik.webdatacommons.org/starwars.wikia.com/resource/Sher_Kar	http://dbkwik.webdatacommons.org/swg.wikia.com/resource/Sher_Kar	=	1.0000
http://dbkwik.webdatacommons.org/starwars.wikia.com/resource/Hakasha_Sireen	http://dbkwik.webdatacommons.org/swg.wikia.com/resource/Hakasha_Sireen	=	1.0000
http://starwars.wikia.com/wiki/Special:FilePath/Vt49.jpg?width=300	http://swg.wikia.com/wiki/Special:FilePath/VT49.jpg?width=300	=	1.0000
http://starwars.wikia.com/wiki/Special:FilePath/Cybernetic_experience_chip.jpg	http://swg.wikia.com/wiki/Special:FilePath/Cybernetic_experience_chip.jpg	=	1.0000
http://dbkwik.webdatacommons.org/starwars.wikia.com/resource/Nurla_Slinthiss	http://dbkwik.webdatacommons.org/swg.wikia.com/resource/Nurla_Slinthiss	=	1.0000
http://dbkwik.webdatacommons.org/starwars.wikia.com/resource/Sevorrt	http://dbkwik.webdatacommons.org/swg.wikia.com/resource/Sevorrt	=	1.0000
http://dbkwik.webdatacommons.org/starwars.wikia.com/resource/Squill_Cave	http://dbkwik.webdatacommons.org/swg.wikia.com/resource/Squill_Cave	=	1.0000
http://starwars.wikia.com/wiki/Special:FilePath/RSF_Sword.jpg	http://swg.wikia.com/wiki/Special:FilePath/Rsf_sword.jpg	=	1.0000
http://dbkwik.webdatacommons.org/starwars.wikia.com/resource/Death_Watch	http://dbkwik.webdatacommons.org/swg.wikia.com/resource/Death_Watch	=	1.0000
http://dbkwik.webdatacommons.org/starwars.wikia.com/resource/Lorne_Prestar	http://dbkwik.webdatacommons.org/swg.wikia.com/resource/Lorne_Prestar	=	1.0000
http://starwars.wikia.com/wiki/Special:FilePath/Borantok.jpg?width=300	http://swg.wikia.com/wiki/Special:FilePath/Borantok.jpg?width=300	=	1.0000
http://starwars.wikia.com/wiki/Special:FilePath/Prowess_of_Plo_Koon.jpg	http://swg.wikia.com/wiki/Special:FilePath/Prowess_of_Plo_Koon.jpg	=	1.0000
http://dbkwik.webdatacommons.org/starwars.wikia.com/resource/Alliance_Cold_Weather_Left_Bracer	http://dbkwik.webdatacommons.org/swg.wikia.com/resource/Alliance_Cold_Weather_Left_Bracer	=	1.0000
http://dbkwik.webdatacommons.org/starwars.wikia.com/resource/Scratch	http://dbkwik.webdatacommons.org/swg.wikia.com/resource/Scratch	=	1.0000
http://starwars.wikia.com/wiki/Special:FilePath/Giant_crystal_snake.jpg?width=300	http://swg.wikia.com/wiki/Special:FilePath/Giant_crystal_snake.jpg?width=300	=	1.0000
http://dbkwik.webdatacommons.org/starwars.wikia.com/resource/Fallann_hyper-rifle	http://dbkwik.webdatacommons.org/swg.wikia.com/resource/Fallann_Hyper-Rifle	=	1.0000
http://starwars.wikia.com/wiki/Special:FilePath/Jaar.png?width=300	http://swg.wikia.com/wiki/Special:FilePath/Jaar.png?width=300	=	1.0000
http://dbkwik.webdatacommons.org/starwars.wikia.com/resource/Category:Planets	http://dbkwik.webdatacommons.org/swg.wikia.com/resource/Category:Planets	=	1.0000
http://starwars.wikia.com/wiki/Special:FilePath/Johnson_Smith.jpg?width=300	http://swg.wikia.com/wiki/Special:FilePath/Johnson-Smith.jpg?width=300	=	1.0000
http://dbkwik.webdatacommons.org/starwars.wikia.com/resource/Rifle	http://dbkwik.webdatacommons.org/swg.wikia.com/resource/Rifle	=	1.0000
http://starwars.wikia.com/wiki/Special:FilePath/Sith_Speeder.jpg?width=300	http://swg.wikia.com/wiki/Special:FilePath/Sith-Speeder.jpg?width=300	=	1.0000
http://dbkwik.webdatacommons.org/starwars.wikia.com/resource/Narglatch_Cave	http://dbkwik.webdatacommons.org/swg.wikia.com/resource/Narglatch_Cave	=	1.0000
http://dbkwik.webdatacommons.org/starwars.wikia.com/resource/Jundak	http://dbkwik.webdatacommons.org/swg.wikia.com/resource/Jundak	=	1.0000
http://dbkwik.webdatacommons.org/starwars.wikia.com/resource/Vourk_ver%27Zremp	http://dbkwik.webdatacommons.org/swg.wikia.com/resource/Vourk_Ver%27Zremp	=	1.0000
http://dbkwik.webdatacommons.org/starwars.wikia.com/resource/4-LOM	http://dbkwik.webdatacommons.org/swg.wikia.com/resource/4-LOM	=	1.0000
http://dbkwik.webdatacommons.org/starwars.wikia.com/resource/Borvo	http://dbkwik.webdatacommons.org/swg.wikia.com/resource/Borvo	=	1.0000
http://starwars.wikia.com/wiki/Special:FilePath/Pharple.jpg	http://swg.wikia.com/wiki/Special:FilePath/Pharple.jpg	=	1.0000
http://starwars.wikia.com/wiki/Special:FilePath/Corellian-beamrail-gauss-cannon.jpg?width=300	http://swg.wikia.com/wiki/Special:FilePath/Corellian-beamrail-gauss-cannon.jpg?width=300	=	1.0000
http://starwars.wikia.com/wiki/Special:FilePath/Superior_Firepower.jpg?width=300	http://swg.wikia.com/wiki/Special:FilePath/Superiorfirepower.jpg?width=300	=	0.9619
http://starwars.wikia.com/wiki/Special:FilePath/Herman_Pate.jpg	http://swg.wikia.com/wiki/Special:FilePath/Herman_Pate.jpg	=	1.0000
http://dbkwik.webdatacommons.org/starwars.wikia.com/resource/Flurry	http://dbkwik.webdatacommons.org/swg.wikia.com/resource/Flurry	=	1.0000
http://dbkwik.webdatacommons.org/starwars.wikia.com/resource/Soypro	http://dbkwik.webdatacommons.org/swg.wikia.com/resource/Soypro	=	1.0000
http://dbkwik.webdatacommons.org/starwars.wikia.com/resource/Egg	http://dbkwik.webdatacommons.org/swg.wikia.com/resource/Egg	=	1.0000
http://dbkwik.webdatacommons.org/starwars.wikia.com/resource/Deuterium-pyro	http://dbkwik.webdatacommons.org/swg.wikia.com/resource/Deuterium-pyro	=	1.0000
http://dbkwik.webdatacommons.org/starwars.wikia.com/resource/Obi-Wan_Kenobi	http://dbkwik.webdatacommons.org/swg.wikia.com/resource/Obi-Wan_Kenobi	=	1.0000
http://dbkwik.webdatacommons.org/starwars.wikia.com/resource/Meson_taloscope	http://dbkwik.webdatacommons.org/swg.wikia.com/resource/Meson_Taloscope	=	1.0000
http://starwars.wikia.com/wiki/Special:FilePath/AcidStreamLauncher.jpg?width=300	http://swg.wikia.com/wiki/Special:FilePath/AcidStreamLauncher.jpg?width=300	=	1.0000
http://dbkwik.webdatacommons.org/starwars.wikia.com/resource/DL-T_Heavy_blaster_pistol	http://dbkwik.webdatacommons.org/swg.wikia.com/resource/DL-T_Heavy_Blaster_Pistol	=	1.0000
http://starwars.wikia.com/wiki/Special:FilePath/Krayt_Cult_Cave.jpg	http://swg.wikia.com/wiki/Special:FilePath/Krayt_cult_cave.jpg	=	1.0000
http://dbkwik.webdatacommons.org/starwars.wikia.com/resource/Station	http://dbkwik.webdatacommons.org/swg.wikia.com/property/station	=	1.0000
http://starwars.wikia.com/wiki/Special:FilePath/Giant_crystal_snake.jpg	http://swg.wikia.com/wiki/Special:FilePath/Giant_crystal_snake.jpg	=	1.0000
http://dbkwik.webdatacommons.org/starwars.wikia.com/resource/Sidoras_Bey	http://dbkwik.webdatacommons.org/swg.wikia.com/resource/Sidoras_Bey	=	1.0000
http://dbkwik.webdatacommons.org/starwars.wikia.com/resource/Retaliation	http://dbkwik.webdatacommons.org/swg.wikia.com/resource/Retaliation	=	1.0000
http://dbkwik.webdatacommons.org/starwars.wikia.com/resource/Lok	http://dbkwik.webdatacommons.org/swg.wikia.com/resource/Lok	=	1.0000
http://dbkwik.webdatacommons.org/starwars.wikia.com/resource/Hologram	http://dbkwik.webdatacommons.org/swg.wikia.com/resource/Hologram	=	1.0000
http://dbkwik.webdatacommons.org/starwars.wikia.com/resource/Light_Bending_BARC_Speeder	http://dbkwik.webdatacommons.org/swg.wikia.com/resource/Light_Bending_BARC_Speeder	=	1.0000
http://starwars.wikia.com/wiki/Special:FilePath/SeanTrenwell.jpg?width=300	http://swg.wikia.com/wiki/Special:FilePath/Sean_trenwell.jpg?width=300	=	1.0000
http://dbkwik.webdatacommons.org/starwars.wikia.com/resource/Afarathu	http://dbkwik.webdatacommons.org/swg.wikia.com/resource/Afarathu	=	1.0000
http://dbkwik.webdatacommons.org/starwars.wikia.com/resource/Fan_Faire_2009_Commemorative_Painting	http://dbkwik.webdatacommons.org/swg.wikia.com/resource/Fan_Faire_2009_Commemorative_Painting	=	1.0000
http://dbkwik.webdatacommons.org/starwars.wikia.com/resource/Wrix	http://dbkwik.webdatacommons.org/swg.wikia.com/resource/Wrix	=	1.0000
http://starwars.wikia.com/wiki/Special:FilePath///wizards.com/swtcg/images/esb/mynock.jpg?width=300	http://swg.wikia.com/wiki/Special:FilePath/MYNOCK.jpg?width=300	=	1.0000
http://starwars.wikia.com/wiki/Special:FilePath/JH-101.jpg	http://swg.wikia.com/wiki/Special:FilePath/JH-101.jpg	=	1.0000
http://dbkwik.webdatacommons.org/starwars.wikia.com/resource/Fighter%27s_Courage	http://dbkwik.webdatacommons.org/swg.wikia.com/resource/Fighter%27s_Courage	=	1.0000
http://starwars.wikia.com/wiki/Special:FilePath/PosterofFoodPreparation.jpg?width=300	http://swg.wikia.com/wiki/Special:FilePath/Poster_of_food_preparation.jpg?width=300	=	0.9579
http://starwars.wikia.com/wiki/Special:FilePath/Loisya_Starkos.jpg	http://swg.wikia.com/wiki/Special:FilePath/Loisya_Starkos.jpg	=	1.0000
http://starwars.wikia.com/wiki/Special:FilePath/Root11.jpg?width=300	http://swg.wikia.com/wiki/Special:FilePath/Root1.jpg?width=300	=	0.9559
http://starwars.wikia.com/wiki/Special:FilePath/Minder_of_Weak_Wills.jpg	http://swg.wikia.com/wiki/Special:FilePath/Minder_of_weak_wills.jpg	=	1.0000
http://dbkwik.webdatacommons.org/starwars.wikia.com/resource/Veermok	http://dbkwik.webdatacommons.org/swg.wikia.com/resource/Veermok	=	1.0000
http://dbkwik.webdatacommons.org/starwars.wikia.com/resource/Imperial_Recruitment_Poster	http://dbkwik.webdatacommons.org/swg.wikia.com/resource/Imperial_Recruitment_Poster	=	1.0000
http://dbkwik.webdatacommons.org/starwars.wikia.com/resource/Dead_Forest	http://dbkwik.webdatacommons.org/swg.wikia.com/resource/Dead_Forest	=	1.0000
http://starwars.wikia.com/wiki/Special:FilePath/CDEFCarbine.jpg	http://swg.wikia.com/wiki/Special:FilePath/Cdefcarbine.jpg	=	1.0000
http://dbkwik.webdatacommons.org/starwars.wikia.com/property/affiliation	http://dbkwik.webdatacommons.org/swg.wikia.com/property/affiliation	=	1.0000
http://dbkwik.webdatacommons.org/starwars.wikia.com/resource/Ziven_Tissak	http://dbkwik.webdatacommons.org/swg.wikia.com/resource/Ziven_Tissak	=	1.0000
http://starwars.wikia.com/wiki/Special:FilePath/P8_Lamprey_Pistol.jpg?width=300	http://swg.wikia.com/wiki/Special:FilePath/P-8_lamprey_pistol.jpg?width=300	=	0.9588
http://starwars.wikia.com/wiki/Special:FilePath/Draykken-Bender.jpg	http://swg.wikia.com/wiki/Special:FilePath/Draykken-Bender.jpg	=	1.0000
http://dbkwik.webdatacommons.org/starwars.wikia.com/resource/Category:Pages_with_broken_file_links	http://dbkwik.webdatacommons.org/swg.wikia.com/resource/Category:Pages_with_broken_file_links	=	1.0000
http://starwars.wikia.com/wiki/Special:FilePath/Vance_Groten.jpg?width=300	http://swg.wikia.com/wiki/Special:FilePath/Vance_Groten.jpg?width=300	=	1.0000
http://starwars.wikia.com/wiki/Special:FilePath/Lejo_Daramus.jpg	http://swg.wikia.com/wiki/Special:FilePath/Lejo_Daramus.jpg	=	1.0000
http://starwars.wikia.com/wiki/Special:FilePath/I-BEAM.jpg?width=300	http://swg.wikia.com/wiki/Special:FilePath/Beam.jpg?width=300	=	0.9472
http://starwars.wikia.com/wiki/Special:FilePath/Station_Gamma.png	http://swg.wikia.com/wiki/Special:FilePath/Station_Gamma.png	=	1.0000
http://dbkwik.webdatacommons.org/starwars.wikia.com/resource/Peawp_R%27dawc	http://dbkwik.webdatacommons.org/swg.wikia.com/resource/Peawp_R%27dawc	=	1.0000
http://starwars.wikia.com/wiki/Special:FilePath/Ovarra.jpg	http://swg.wikia.com/wiki/Special:FilePath/Ovarra.jpg	=	1.0000
http://dbkwik.webdatacommons.org/starwars.wikia.com/resource/Windu%27s_Guile	http://dbkwik.webdatacommons.org/swg.wikia.com/resource/Windu%27s_Guile	=	1.0000
http://starwars.wikia.com/wiki/Special:FilePath/Kinesworthy.jpg	http://swg.wikia.com/wiki/Special:FilePath/Kinesworthy.jpg	=	1.0000
http://dbkwik.webdatacommons.org/starwars.wikia.com/resource/Wanted_Poster:_Han_Solo	http://dbkwik.webdatacommons.org/swg.wikia.com/resource/Wanted_Poster:_Han_Solo	=	1.0000
http://dbkwik.webdatacommons.org/starwars.wikia.com/resource/Painted_spat	http://dbkwik.webdatacommons.org/swg.wikia.com/resource/Painted_Spat	=	1.0000
http://starwars.wikia.com/wiki/Special:FilePath///www.tradecardsonline.com/img/cards/swtcg/507/big/2.jpg	http://swg.wikia.com/wiki/Special:FilePath/2.jpg	=	1.0000
http://starwars.wikia.com/wiki/Special:FilePath/Acklay_armor.jpg	http://swg.wikia.com/wiki/Special:FilePath/Acklay_Armor.jpg	=	1.0000
http://starwars.wikia.com/wiki/Special:FilePath/Redemption.jpg?width=300	http://swg.wikia.com/wiki/Special:FilePath/Redemption.jpg?width=300	=	1.0000
http://dbkwik.webdatacommons.org/starwars.wikia.com/class/cleanup	http://dbkwik.webdatacommons.org/swg.wikia.com/class/cleanup	=	1.0000
http://dbkwik.webdatacommons.org/starwars.wikia.com/resource/Ree-Yees	http://dbkwik.webdatacommons.org/swg.wikia.com/resource/Ree-Yees	=	1.0000
http://starwars.wikia.com/wiki/Special:FilePath/FathH%27ray.jpg?width=300	http://swg.wikia.com/wiki/Special:FilePath/Fath_H%27ray.jpg?width=300	=	1.0000
http://dbkwik.webdatacommons.org/starwars.wikia.com/resource/Jawa_ion_pistol	http://dbkwik.webdatacommons.org/swg.wikia.com/resource/Jawa_Ion_Pistol	=	1.0000
http://starwars.wikia.com/wiki/Special:FilePath/Morv.jpg	http://swg.wikia.com/wiki/Special:FilePath/Morv.jpg	=	1.0000
http://starwars.wikia.com/wiki/Special:FilePath/Flash_Speeder.jpg	http://swg.wikia.com/wiki/Special:FilePath/Flash-speeder.jpg	=	1.0000
http://dbkwik.webdatacommons.org/starwars.wikia.com/resource/Gnort	http://dbkwik.webdatacommons.org/swg.wikia.com/resource/Gnort	=	1.0000
http://starwars.wikia.com/wiki/Special:FilePath/Dead-Eye_Necklace.jpg?width=300	http://swg.wikia.com/wiki/Special:FilePath/Dead.Eye.Necklace.jpg?width=300	=	1.0000
http://starwars.wikia.com/wiki/Special:FilePath/Belbullab-24.jpg?width=300	http://swg.wikia.com/wiki/Special:FilePath/Belbullab-22.jpg?width=300	=	0.9504
http://starwars.wikia.com/wiki/Special:FilePath/Mechno_chair.jpg	http://swg.wikia.com/wiki/Special:FilePath/Mechno-chair.jpg	=	1.0000
http://starwars.wikia.com/wiki/Special:FilePath/Baritha.jpg	http://swg.wikia.com/wiki/Special:FilePath/Baritha.jpg	=	1.0000
http://dbkwik.webdatacommons.org/starwars.wikia.com/resource/Torton	http://dbkwik.webdatacommons.org/swg.wikia.com/resource/Torton	=	1.0000
http://starwars.wikia.com/wiki/Special:FilePath/Sith_Holocron.jpg	http://swg.wikia.com/wiki/Special:FilePath/Sith_Holocron.jpg	=	1.0000
http://starwars.wikia.com/wiki/Special:FilePath/Herman_Pate.jpg?width=300	http://swg.wikia.com/wiki/Special:FilePath/Herman_Pate.jpg?width=300	=	1.0000
http://starwars.wikia.com/wiki/Special:FilePath/Sergeant_tarl.jpg	http://swg.wikia.com/wiki/Special:FilePath/Sergeant-tarl.jpg	=	1.0000
http://starwars.wikia.com/wiki/Special:FilePath/QualdoHerm.jpg	http://swg.wikia.com/wiki/Special:FilePath/QualdoHerm.jpg	=	1.0000
http://dbkwik.webdatacommons.org/starwars.wikia.com/resource/Scolex_Grath	http://dbkwik.webdatacommons.org/swg.wikia.com/resource/Scolex_Grath	=	1.0000
http://starwars.wikia.com/wiki/Special:FilePath/BlackHoleDarkTrooper-SWG.jpg?width=300	http://swg.wikia.com/wiki/Special:FilePath/BlackHoleDarkTrooper-SWG.jpg?width=300	=	1.0000
http://dbkwik.webdatacommons.org/starwars.wikia.com/resource/Scout	http://dbkwik.webdatacommons.org/swg.wikia.com/resource/Scout	=	1.0000
http://starwars.wikia.com/wiki/Special:FilePath/Sawtooth.jpg?width=300	http://swg.wikia.com/wiki/Special:FilePath/Sawtooth.jpg?width=300	=	1.0000
http://dbkwik.webdatacommons.org/starwars.wikia.com/resource/Station_Gamma	http://dbkwik.webdatacommons.org/swg.wikia.com/resource/Station_Gamma	=	1.0000
http://dbkwik.webdatacommons.org/starwars.wikia.com/resource/Rebel_battle_armor	http://dbkwik.webdatacommons.org/swg.wikia.com/resource/Rebel_Battle_armor	=	1.0000
http://dbkwik.webdatacommons.org/starwars.wikia.com/resource/The_Wrath_of_IG-88	http://dbkwik.webdatacommons.org/swg.wikia.com/resource/The_Wrath_of_IG-88	=	1.0000
http://dbkwik.webdatacommons.org/starwars.wikia.com/resource/Marcus_Gaw	http://dbkwik.webdatacommons.org/swg.wikia.com/resource/Marcus_Gaw	=	1.0000
http://starwars.wikia.com/wiki/Special:FilePath/Tearfin.jpg	http://swg.wikia.com/wiki/Special:FilePath/Tearfin.jpg	=	1.0000
http://starwars.wikia.com/wiki/Special:FilePath/BrennisDoore.jpg	http://swg.wikia.com/wiki/Special:FilePath/Brennis-doore.jpg	=	1.0000
http://starwars.wikia.com/wiki/Special:FilePath/Russell.jpg	http://swg.wikia.com/wiki/Special:FilePath/Russell.jpg	=	1.0000
http://dbkwik.webdatacommons.org/starwars.wikia.com/resource/City_Hall	http://dbkwik.webdatacommons.org/swg.wikia.com/resource/City_Hall	=	1.0000
http://starwars.wikia.com/wiki/Special:FilePath/Carl.jpg?width=300	http://swg.wikia.com/wiki/Special:FilePath/Carl.jpg?width=300	=	1.0000
http://dbkwik.webdatacommons.org/starwars.wikia.com/resource/Beggar%27s_Canyon	http://dbkwik.webdatacommons.org/swg.wikia.com/resource/Beggar%27s_Canyon	=	1.0000
http://dbkwik.webdatacommons.org/starwars.wikia.com/resource/Naboo	http://dbkwik.webdatacommons.org/swg.wikia.com/resource/Naboo	=	1.0000
http://starwars.wikia.com/wiki/Special:FilePath/Tanoa_Vills.jpg?width=300	http://swg.wikia.com/wiki/Special:FilePath/Tanoa_Vills.jpg?width=300	=	1.0000
http://starwars.wikia.com/wiki/Special:FilePath/Oldksam.jpg	http://swg.wikia.com/wiki/Special:FilePath/Oldksam.jpg	=	1.0000
http://dbkwik.webdatacommons.org/starwars.wikia.com/resource/Maerzen	http://dbkwik.webdatacommons.org/swg.wikia.com/resource/Maerzen	=	1.0000
http://starwars.wikia.com/wiki/Special:FilePath/Leandra.jpg?width=300	http://swg.wikia.com/wiki/Special:FilePath/Leandra.jpg?width=300	=	1.0000
http://starwars.wikia.com/wiki/Special:FilePath/MakoGhast.jpg	http://swg.wikia.com/wiki/Special:FilePath/Mako_Ghast.jpg	=	1.0000
http://dbkwik.webdatacommons.org/starwars.wikia.com/resource/Naritus	http://dbkwik.webdatacommons.org/swg.wikia.com/resource/Naritus	=	1.0000
http://starwars.wikia.com/wiki/Special:FilePath/BountyHunters.jpg	http://swg.wikia.com/wiki/Special:FilePath/Bounty_Hunters.jpg	=	1.0000
http://starwars.wikia.com/wiki/Special:FilePath/MassassiGuardianCarbine.jpg	http://swg.wikia.com/wiki/Special:FilePath/MassassiGuardianCarbine.jpg	=	1.0000
http://starwars.wikia.com/wiki/Special:FilePath/Homing_Beacon.jpg?width=300	http://swg.wikia.com/wiki/Special:FilePath/Homing-beacon.jpg?width=300	=	1.0000
http://starwars.wikia.com/wiki/Special:FilePath/Ozzmos_Roberts.jpg	http://swg.wikia.com/wiki/Special:FilePath/Ozzmos-roberts.jpg	=	1.0000
http://starwars.wikia.com/wiki/Special:FilePath/Guf_drolg.jpg?width=300	http://swg.wikia.com/wiki/Special:FilePath/GufDrolg.jpg?width=300	=	1.0000
http://dbkwik.webdatacommons.org/starwars.wikia.com/resource/Fezrik_Bendledon	http://dbkwik.webdatacommons.org/swg.wikia.com/resource/Fezrik_Bendledon	=	1.0000
http://starwars.wikia.com/wiki/Special:FilePath/Rori.jpg	http://swg.wikia.com/wiki/Special:FilePath/Rori.jpg	=	1.0000
http://dbkwik.webdatacommons.org/starwars.wikia.com/resource/Bol	http://dbkwik.webdatacommons.org/swg.wikia.com/resource/Bol	=	1.0000
http://starwars.wikia.com/wiki/Special:FilePath/Vinya_Maysor.jpg	http://swg.wikia.com/wiki/Special:FilePath/Vinya_Maysor.jpg	=	1.0000
http://dbkwik.webdatacommons.org/starwars.wikia.com/resource/Gamorrean	http://dbkwik.webdatacommons.org/swg.wikia.com/resource/Gamorrean	=	1.0000
http://starwars.wikia.com/wiki/Special:FilePath/Reinforcements.jpg	http://swg.wikia.com/wiki/Special:FilePath/Reinforcements.jpg	=	1.0000
http://dbkwik.webdatacommons.org/starwars.wikia.com/resource/Category:Death_troopers	http://dbkwik.webdatacommons.org/swg.wikia.com/resource/Category:Death_Troopers	=	1.0000
http://starwars.wikia.com/wiki/Special:FilePath/Borvos_rancor.jpg	http://swg.wikia.com/wiki/Special:FilePath/Borvos_rancor.jpg	=	1.0000
http://dbkwik.webdatacommons.org/starwars.wikia.com/resource/Flewt	http://dbkwik.webdatacommons.org/swg.wikia.com/resource/Flewt	=	1.0000
http://dbkwik.webdatacommons.org/starwars.wikia.com/resource/Dragonet	http://dbkwik.webdatacommons.org/swg.wikia.com/resource/Dragonet	=	1.0000
http://starwars.wikia.com/wiki/Special:FilePath/FixerOne.jpg	http://swg.wikia.com/wiki/Special:FilePath/Fixer_one.jpg	=	1.0000
http://starwars.wikia.com/wiki/Special:FilePath/Paralope.jpg	http://swg.wikia.com/wiki/Special:FilePath/Paralope.jpg	=	1.0000
http://dbkwik.webdatacommons.org/starwars.wikia.com/resource/Alliance_Needler_carbine	http://dbkwik.webdatacommons.org/swg.wikia.com/resource/Alliance_Needler_Carbine	=	1.0000
http://dbkwik.webdatacommons.org/starwars.wikia.com/resource/Raxa_Binn	http://dbkwik.webdatacommons.org/swg.wikia.com/resource/Raxa_Binn	=	1.0000
http://starwars.wikia.com/wiki/Special:FilePath/ManfredCarter.jpg	http://swg.wikia.com/wiki/Special:FilePath/Manfred-Carter.jpg	=	1.0000
http://starwars.wikia.com/wiki/Special:FilePath/CDEFCarbine.jpg?width=300	http://swg.wikia.com/wiki/Special:FilePath/Cdefcarbine.jpg?width=300	=	1.0000
http://starwars.wikia.com/wiki/Special:FilePath/Shaupaut.jpg	http://swg.wikia.com/wiki/Special:FilePath/Shaupaut.jpg	=	1.0000
http://starwars.wikia.com/wiki/Special:FilePath/Kun%27s_Blood.jpg	http://swg.wikia.com/wiki/Special:FilePath/Kun%27s_Blood.jpg	=	1.0000
http://starwars.wikia.com/wiki/Special:FilePath/AgrilatSwamp.jpg?width=300	http://swg.wikia.com/wiki/Special:FilePath/Agrilat_swamp.jpg?width=300	=	1.0000
http://starwars.wikia.com/wiki/Special:FilePath/IthorianMist.png?width=300	http://swg.wikia.com/wiki/Special:FilePath/IthorianMist.png?width=300	=	1.0000
http://starwars.wikia.com/wiki/Special:FilePath/Willard.jpg	http://swg.wikia.com/wiki/Special:FilePath/Willard.jpg	=	1.0000
http://dbkwik.webdatacommons.org/starwars.wikia.com/resource/Mensix_Mining_Facility	http://dbkwik.webdatacommons.org/swg.wikia.com/resource/Mensix_Mining_Facility	=	1.0000
http://starwars.wikia.com/wiki/Special:FilePath/VanaSage2.jpg?width=300	http://swg.wikia.com/wiki/Special:FilePath/Vana_Sage.jpg?width=300	=	0.9553
http://starwars.wikia.com/wiki/Special:FilePath/Tatooine.jpg?width=300	http://swg.wikia.com/wiki/Special:FilePath/Tatooine.jpg?width=300	=	1.0000
http://dbkwik.webdatacommons.org/starwars.wikia.com/resource/Air_cake	http://dbkwik.webdatacommons.org/swg.wikia.com/resource/Air_Cake	=	1.0000
http://starwars.wikia.com/wiki/Special:FilePath/Tour_Aryon.jpg?width=300	http://swg.wikia.com/wiki/Special:FilePath/Tour_Aryon.jpg?width=300	=	1.0000
http://starwars.wikia.com/wiki/Special:FilePath/Nebulon-B_Frigate.jpg?width=300	http://swg.wikia.com/wiki/Special:FilePath/Nebulon_B_Frigate.jpg?width=300	=	1.0000
http://starwars.wikia.com/wiki/Special:FilePath/Captain-rohd-gostervek.jpg?width=300	http://swg.wikia.com/wiki/Special:FilePath/Captain-rohd-gostervek.jpg?width=300	=	1.0000
http://dbkwik.webdatacommons.org/starwars.wikia.com/resource/Rayless_Lantern	http://dbkwik.webdatacommons.org/swg.wikia.com/resource/Rayless_Lantern	=	1.0000
http://dbkwik.webdatacommons.org/starwars.wikia.com/resource/Ewok_Festival_of_Love_(painting)	http://dbkwik.webdatacommons.org/swg.wikia.com/resource/Ewok_Festival_of_Love_Painting	=	1.0000
http://starwars.wikia.com/wiki/Special:FilePath/Bane_back_spider.jpg?width=300	http://swg.wikia.com/wiki/Special:FilePath/Bane_back_spider.jpg?width=300	=	1.0000
http://dbkwik.webdatacommons.org/starwars.wikia.com/resource/Dengar	http://dbkwik.webdatacommons.org/swg.wikia.com/resource/Dengar	=	1.0000
http://starwars.wikia.com/wiki/Special:FilePath/Tortur.jpg?width=300	http://swg.wikia.com/wiki/Special:FilePath/Tortur.jpg?width=300	=	1.0000
http://starwars.wikia.com/wiki/Special:FilePath/Dantooine.jpg?width=300	http://swg.wikia.com/wiki/Special:FilePath/Dantooine.jpg?width=300	=	1.0000
http://dbkwik.webdatacommons.org/starwars.wikia.com/resource/Charal	http://dbkwik.webdatacommons.org/swg.wikia.com/resource/Charal	=	1.0000
http://dbkwik.webdatacommons.org/starwars.wikia.com/resource/Wookiee	http://dbkwik.webdatacommons.org/swg.wikia.com/resource/Wookiee	=	1.0000
http://dbkwik.webdatacommons.org/starwars.wikia.com/resource/Borgan	http://dbkwik.webdatacommons.org/swg.wikia.com/resource/Borgan	=	1.0000
http://starwars.wikia.com/wiki/Special:FilePath/DemitriFirewatcher.jpg	http://swg.wikia.com/wiki/Special:FilePath/Demitri-Firewatcher.jpg	=	1.0000
http://starwars.wikia.com/wiki/Special:FilePath/Imbrimi.jpg?width=300	http://swg.wikia.com/wiki/Special:FilePath/Imbrimi.jpg?width=300	=	1.0000
http://dbkwik.webdatacommons.org/starwars.wikia.com/resource/RSF_Sword	http://dbkwik.webdatacommons.org/swg.wikia.com/resource/RSF_Sword	=	1.0000
http://dbkwik.webdatacommons.org/starwars.wikia.com/resource/Phinea_Shantee	http://dbkwik.webdatacommons.org/swg.wikia.com/resource/Phinea_Shantee	=	1.0000
http://dbkwik.webdatacommons.org/starwars.wikia.com/resource/Venthan_Chassu	http://dbkwik.webdatacommons.org/swg.wikia.com/resource/Venthan_Chassu	=	1.0000
http://dbkwik.webdatacommons.org/starwars.wikia.com/resource/Borgle_bat_cave	http://dbkwik.webdatacommons.org/swg.wikia.com/resource/Borgle_Bat_Cave	=	1.0000
http://dbkwik.webdatacommons.org/starwars.wikia.com/resource/Trifecta_Star	http://dbkwik.webdatacommons.org/swg.wikia.com/resource/Trifecta_Star	=	1.0000
http://starwars.wikia.com/wiki/Special:FilePath/Lt-joth.jpg	http://swg.wikia.com/wiki/Special:FilePath/Lt-joth.jpg	=	1.0000
http://dbkwik.webdatacommons.org/starwars.wikia.com/resource/Rovessh	http://dbkwik.webdatacommons.org/swg.wikia.com/resource/Rovessh	=	1.0000
http://starwars.wikia.com/wiki/Special:FilePath/Reaper_sniper_rifle.jpg	http://swg.wikia.com/wiki/Special:FilePath/Reaper_Sniper_Rifle.jpg	=	1.0000
http://starwars.wikia.com/wiki/Special:FilePath/Ovarra.jpg?width=300	http://swg.wikia.com/wiki/Special:FilePath/Ovarra.jpg?width=300	=	1.0000
http://starwars.wikia.com/wiki/Special:FilePath/Alliance_Cold_Weather_Gloves.jpg	http://swg.wikia.com/wiki/Special:FilePath/Alliance_cold_weather_gloves.jpg	=	1.0000
http://starwars.wikia.com/wiki/Special:FilePath/Model_3-NIi.jpg?width=300	http://swg.wikia.com/wiki/Special:FilePath/Model_3-NIi.jpg?width=300	=	1.0000
http://starwars.wikia.com/wiki/Special:FilePath/Huurton.png?width=300	http://swg.wikia.com/wiki/Special:FilePath/Huurton.png?width=300	=	1.0000
http://dbkwik.webdatacommons.org/starwars.wikia.com/resource/Droopy_McCool	http://dbkwik.webdatacommons.org/swg.wikia.com/resource/Droopy_McCool	=	1.0000
http://starwars.wikia.com/wiki/Special:FilePath/Tolan_Nokkar.jpg	http://swg.wikia.com/wiki/Special:FilePath/Tolan_Nokkar.jpg	=	1.0000
http://starwars.wikia.com/wiki/Special:FilePath/Logray.jpg?width=300	http://swg.wikia.com/wiki/Special:FilePath/Logray.jpg?width=300	=	1.0000
http://dbkwik.webdatacommons.org/starwars.wikia.com/resource/Elite	http://dbkwik.webdatacommons.org/swg.wikia.com/resource/Elite	=	1.0000
http://starwars.wikia.com/wiki/Special:FilePath/A-durni-mosaic.jpg?width=300	http://swg.wikia.com/wiki/Special:FilePath/A_Durni_Mosaic.jpg?width=300	=	1.0000
http://dbkwik.webdatacommons.org/starwars.wikia.com/resource/Bardo_Klinj	http://dbkwik.webdatacommons.org/swg.wikia.com/resource/Bardo_Klinj	=	1.0000
http://starwars.wikia.com/wiki/Special:FilePath/Morris.jpg?width=300	http://swg.wikia.com/wiki/Special:FilePath/Morris.jpg?width=300	=	1.0000
http://dbkwik.webdatacommons.org/starwars.wikia.com/resource/Kashyyykian_Ceremonial_armor	http://dbkwik.webdatacommons.org/swg.wikia.com/resource/Kashyyykian_Ceremonial_armor	=	1.0000
http://dbkwik.webdatacommons.org/starwars.wikia.com/resource/Walluga	http://dbkwik.webdatacommons.org/swg.wikia.com/resource/Walluga	=	1.0000
http://dbkwik.webdatacommons.org/starwars.wikia.com/resource/Category:Eyewear	http://dbkwik.webdatacommons.org/swg.wikia.com/resource/Category:Eyewear	=	1.0000
http://starwars.wikia.com/wiki/Special:FilePath/Sleash.jpg?width=300	http://swg.wikia.com/wiki/Special:FilePath/Sleash.jpg?width=300	=	1.0000
http://dbkwik.webdatacommons.org/starwars.wikia.com/resource/Corbantis	http://dbkwik.webdatacommons.org/swg.wikia.com/resource/Corbantis	=	1.0000
http://starwars.wikia.com/wiki/Special:FilePath/ObsidianLance.jpg	http://swg.wikia.com/wiki/Special:FilePath/ObsidianLance.jpg	=	1.0000
http://starwars.wikia.com/wiki/Special:FilePath/Huff_Darklighter.jpg	http://swg.wikia.com/wiki/Special:FilePath/Huff-darklighter.jpg	=	1.0000
http://dbkwik.webdatacommons.org/starwars.wikia.com/resource/Alliance_Cold_Weather_Gloves	http://dbkwik.webdatacommons.org/swg.wikia.com/resource/Alliance_Cold_Weather_Gloves	=	1.0000
http://starwars.wikia.com/wiki/Special:FilePath/Control_Room.jpg	http://swg.wikia.com/wiki/Special:FilePath/Control_room.jpg	=	1.0000
http://dbkwik.webdatacommons.org/starwars.wikia.com/resource/Talus	http://dbkwik.webdatacommons.org/swg.wikia.com/resource/Talus	=	1.0000
http://starwars.wikia.com/wiki/Special:FilePath/OrthaLedox.jpg	http://swg.wikia.com/wiki/Special:FilePath/Ortha-Ledox.jpg	=	1.0000
http://starwars.wikia.com/wiki/Special:FilePath/Ro-roo.jpg	http://swg.wikia.com/wiki/Special:FilePath/Ro-roo.jpg	=	1.0000
http://starwars.wikia.com/wiki/Special:FilePath/Gubbur.jpg	http://swg.wikia.com/wiki/Special:FilePath/Gubbur.jpg	=	1.0000
http://starwars.wikia.com/wiki/Special:FilePath/KisoytSoliger.jpg?width=300	http://swg.wikia.com/wiki/Special:FilePath/Kisoyt-Soliger.jpg?width=300	=	1.0000
http://dbkwik.webdatacommons.org/starwars.wikia.com/resource/Stun_baton	http://dbkwik.webdatacommons.org/swg.wikia.com/resource/Stun_Baton	=	1.0000
http://dbkwik.webdatacommons.org/starwars.wikia.com/resource/Storm_Squadron	http://dbkwik.webdatacommons.org/swg.wikia.com/resource/Storm_Squadron	=	1.0000
http://dbkwik.webdatacommons.org/starwars.wikia.com/resource/Tosche_Station	http://dbkwik.webdatacommons.org/swg.wikia.com/resource/Tosche_Station	=	1.0000
http://dbkwik.webdatacommons.org/starwars.wikia.com/resource/Ion_relic_pistol	http://dbkwik.webdatacommons.org/swg.wikia.com/resource/Ion_Relic_Pistol	=	1.0000
http://dbkwik.webdatacommons.org/starwars.wikia.com/resource/Ruab	http://dbkwik.webdatacommons.org/swg.wikia.com/resource/Ruab	=	1.0000
http://dbkwik.webdatacommons.org/starwars.wikia.com/resource/HK-58_Aurek	http://dbkwik.webdatacommons.org/swg.wikia.com/resource/HK-58_Aurek	=	1.0000
http://dbkwik.webdatacommons.org/starwars.wikia.com/resource/Ortha_Ledox	http://dbkwik.webdatacommons.org/swg.wikia.com/resource/Ortha_Ledox	=	1.0000
http://dbkwik.webdatacommons.org/starwars.wikia.com/resource/Kamurith	http://dbkwik.webdatacommons.org/swg.wikia.com/resource/Kamurith	=	1.0000
http://starwars.wikia.com/wiki/Special:FilePath/CDEFPistol.jpg	http://swg.wikia.com/wiki/Special:FilePath/CDEFPistol.jpg	=	1.0000
http://dbkwik.webdatacommons.org/starwars.wikia.com/resource/Alliance_Cold_Weather_Belt	http://dbkwik.webdatacommons.org/swg.wikia.com/resource/Alliance_Cold_Weather_Belt	=	1.0000
http://starwars.wikia.com/wiki/Special:FilePath/IthorianMist.png	http://swg.wikia.com/wiki/Special:FilePath/IthorianMist.png	=	1.0000
http://starwars.wikia.com/wiki/Special:FilePath/Jawa_fortress.jpg?width=300	http://swg.wikia.com/wiki/Special:FilePath/Jawa_Fortress.jpg?width=300	=	1.0000
http://dbkwik.webdatacommons.org/starwars.wikia.com/resource/Chronicler	http://dbkwik.webdatacommons.org/swg.wikia.com/resource/Chronicler	=	1.0000
http://dbkwik.webdatacommons.org/starwars.wikia.com/resource/Garrick_Orion	http://dbkwik.webdatacommons.org/swg.wikia.com/resource/Garrick_Orion	=	1.0000
http://starwars.wikia.com/wiki/Special:FilePath///www.wizards.com/swtcg/images/anh/flare_s_swoop.jpg?width=300	http://swg.wikia.com/wiki/Special:FilePath/Flare_s_swoop.jpg?width=300	=	1.0000
http://starwars.wikia.com/wiki/Special:FilePath/Crash_site.jpg	http://swg.wikia.com/wiki/Special:FilePath/Crash_Site.jpg	=	1.0000
http://dbkwik.webdatacommons.org/starwars.wikia.com/resource/Quenker	http://dbkwik.webdatacommons.org/swg.wikia.com/resource/Quenker	=	1.0000
http://dbkwik.webdatacommons.org/starwars.wikia.com/resource/Category:Creatures	http://dbkwik.webdatacommons.org/swg.wikia.com/resource/Category:Creatures	=	1.0000
http://dbkwik.webdatacommons.org/starwars.wikia.com/resource/Chance_cube	http://dbkwik.webdatacommons.org/swg.wikia.com/resource/Chance_Cube	=	1.0000
http://starwars.wikia.com/wiki/Special:FilePath/Balfur.jpg	http://swg.wikia.com/wiki/Special:FilePath/Balfur.jpg	=	1.0000
http://dbkwik.webdatacommons.org/starwars.wikia.com/resource/Haymir_Rendundi	http://dbkwik.webdatacommons.org/swg.wikia.com/resource/Haymir_Rendundi	=	1.0000
http://dbkwik.webdatacommons.org/starwars.wikia.com/resource/Huurton	http://dbkwik.webdatacommons.org/swg.wikia.com/resource/Huurton	=	1.0000
http://dbkwik.webdatacommons.org/starwars.wikia.com/resource/Smuggler	http://dbkwik.webdatacommons.org/swg.wikia.com/resource/Smuggler	=	1.0000
http://dbkwik.webdatacommons.org/starwars.wikia.com/resource/Narglatch	http://dbkwik.webdatacommons.org/swg.wikia.com/resource/Narglatch	=	1.0000
http://dbkwik.webdatacommons.org/starwars.wikia.com/resource/Dalyrake	http://dbkwik.webdatacommons.org/swg.wikia.com/resource/Dalyrake	=	1.0000
http://dbkwik.webdatacommons.org/starwars.wikia.com/resource/Kobola_Spice_Mine	http://dbkwik.webdatacommons.org/swg.wikia.com/resource/Kobola_Spice_Mine	=	1.0000
http://dbkwik.webdatacommons.org/starwars.wikia.com/resource/DXR6_heavy_carbine	http://dbkwik.webdatacommons.org/swg.wikia.com/resource/DXR6_Heavy_Carbine	=	1.0000
http://dbkwik.webdatacommons.org/starwars.wikia.com/resource/Xesh	http://dbkwik.webdatacommons.org/swg.wikia.com/resource/Xesh	=	1.0000
http://dbkwik.webdatacommons.org/starwars.wikia.com/resource/Whisper_bird	http://dbkwik.webdatacommons.org/swg.wikia.com/resource/Whisper_Bird	=	1.0000
http://dbkwik.webdatacommons.org/starwars.wikia.com/resource/Chitin_armor	http://dbkwik.webdatacommons.org/swg.wikia.com/resource/Chitin_armor	=	1.0000
http://dbkwik.webdatacommons.org/starwars.wikia.com/resource/Blue_milk	http://dbkwik.webdatacommons.org/swg.wikia.com/resource/Blue_Milk	=	1.0000
http://dbkwik.webdatacommons.org/starwars.wikia.com/resource/Smuggler%27s_Run	http://dbkwik.webdatacommons.org/swg.wikia.com/resource/Smuggler%27s_Run	=	1.0000
http://dbkwik.webdatacommons.org/starwars.wikia.com/resource/Arcona_Compound	http://dbkwik.webdatacommons.org/swg.wikia.com/resource/Arcona_Compound	=	1.0000
http://starwars.wikia.com/wiki/Special:FilePath/CrusaderM-XXHeavyRifle.png	http://swg.wikia.com/wiki/Special:FilePath/CrusaderM-XXHeavyRifle.png	=	1.0000
http://dbkwik.webdatacommons.org/starwars.wikia.com/resource/Palejo_Reshad	http://dbkwik.webdatacommons.org/swg.wikia.com/resource/Palejo_Reshad	=	1.0000
http://dbkwik.webdatacommons.org/starwars.wikia.com/resource/Luke_Skywalker	http://dbkwik.webdatacommons.org/swg.wikia.com/resource/Luke_Skywalker	=	1.0000
http://dbkwik.webdatacommons.org/starwars.wikia.com/resource/Sunrunner	http://dbkwik.webdatacommons.org/swg.wikia.com/resource/Sunrunner	=	1.0000
http://starwars.wikia.com/wiki/Special:FilePath/Nightsister_Force_Crystal.jpg?width=300	http://swg.wikia.com/wiki/Special:FilePath/Nightsister_Force_Crystal.jpg?width=300	=	1.0000
http://dbkwik.webdatacommons.org/starwars.wikia.com/resource/Stuffed_bantha	http://dbkwik.webdatacommons.org/swg.wikia.com/resource/Stuffed_Bantha	=	1.0000
http://dbkwik.webdatacommons.org/starwars.wikia.com/resource/Flash_speeder	http://dbkwik.webdatacommons.org/swg.wikia.com/resource/Flash_Speeder	=	1.0000
http://starwars.wikia.com/wiki/Special:FilePath/GalacticGatheringHousePainting.jpg	http://swg.wikia.com/wiki/Special:FilePath/Galactic-Gathering-House-Painting.jpg	=	1.0000
http://dbkwik.webdatacommons.org/starwars.wikia.com/resource/Hermit_spider	http://dbkwik.webdatacommons.org/swg.wikia.com/resource/Hermit_Spider	=	1.0000
http://dbkwik.webdatacommons.org/starwars.wikia.com/resource/Miner%27s_Yard	http://dbkwik.webdatacommons.org/swg.wikia.com/resource/Miner%27s_Yard	=	1.0000
http://starwars.wikia.com/wiki/Special:FilePath/Life_Day_Painting_(Wookiee_with_pups).png?width=300	http://swg.wikia.com/wiki/Special:FilePath/Life_Day_Painting_(Wookiee_with_pups).jpg?width=300	=	0.9462
http://dbkwik.webdatacommons.org/starwars.wikia.com/resource/Wood	http://dbkwik.webdatacommons.org/swg.wikia.com/resource/Wood	=	1.0000
http://dbkwik.webdatacommons.org/starwars.wikia.com/resource/Mirror_armor	http://dbkwik.webdatacommons.org/swg.wikia.com/resource/Mirror_Armor	=	1.0000
http://dbkwik.webdatacommons.org/starwars.wikia.com/resource/Trandoshan_suppressor_pistol	http://dbkwik.webdatacommons.org/swg.wikia.com/resource/Trandoshan_Suppressor_Pistol	=	1.0000
http://dbkwik.webdatacommons.org/starwars.wikia.com/resource/Star_Wars_Galaxies:_Jump_to_Lightspeed	http://dbkwik.webdatacommons.org/swg.wikia.com/resource/Star_Wars_Galaxies:_Jump_to_Lightspeed	=	1.0000
http://starwars.wikia.com/wiki/Special:FilePath/StuvanyInglen.jpg?width=300	http://swg.wikia.com/wiki/Special:FilePath/Stuvany_Inglen.jpg?width=300	=	1.0000
http://starwars.wikia.com/wiki/Special:FilePath/HeavyParticleBeamCannon.jpg?width=300	http://swg.wikia.com/wiki/Special:FilePath/HeavyParticleBeamCannon.jpg?width=300	=	1.0000
http://dbkwik.webdatacommons.org/starwars.wikia.com/resource/Pilot	http://dbkwik.webdatacommons.org/swg.wikia.com/resource/Pilot	=	1.0000
http://dbkwik.webdatacommons.org/starwars.wikia.com/property/role	http://dbkwik.webdatacommons.org/swg.wikia.com/property/role	=	1.0000
http://starwars.wikia.com/wiki/Special:FilePath/Agrilat_Swamp_Circuit.jpg?width=300	http://swg.wikia.com/wiki/Special:FilePath/AgrilatSwampCircuit.jpg?width=300	=	1.0000
http://dbkwik.webdatacommons.org/starwars.wikia.com/resource/Ruby_bliel	http://dbkwik.webdatacommons.org/swg.wikia.com/resource/Ruby_Bliel	=	1.0000
http://dbkwik.webdatacommons.org/starwars.wikia.com/resource/Dantooine_Space_Station	http://dbkwik.webdatacommons.org/swg.wikia.com/resource/Dantooine_Space_Station	=	1.0000
http://dbkwik.webdatacommons.org/starwars.wikia.com/resource/Infinity	http://dbkwik.webdatacommons.org/swg.wikia.com/resource/Infinity	=	1.0000
http://starwars.wikia.com/wiki/Special:FilePath/LorunaScathe.jpg	http://swg.wikia.com/wiki/Special:FilePath/Loruna-Scathe.jpg	=	1.0000
http://starwars.wikia.com/wiki/Special:FilePath/Charge.jpg?width=300	http://swg.wikia.com/wiki/Special:FilePath/Charge.jpg?width=300	=	1.0000
http://dbkwik.webdatacommons.org/starwars.wikia.com/resource/Devaronian	http://dbkwik.webdatacommons.org/swg.wikia.com/resource/Devaronian	=	1.0000
http://starwars.wikia.com/wiki/Special:FilePath/Garrmorl.png	http://swg.wikia.com/wiki/Special:FilePath/Garrmorl.png	=	1.0000
http://starwars.wikia.com/wiki/Special:FilePath/Prat.jpg	http://swg.wikia.com/wiki/Special:FilePath/Prat.jpg	=	1.0000
http://starwars.wikia.com/wiki/Special:FilePath/CompositeArmor.jpg	http://swg.wikia.com/wiki/Special:FilePath/Composite_Armor.jpg	=	1.0000
http://starwars.wikia.com/wiki/Special:FilePath/Gorax.jpg?width=300	http://swg.wikia.com/wiki/Special:FilePath/Gorax.jpg?width=300	=	1.0000
http://dbkwik.webdatacommons.org/starwars.wikia.com/resource/Kenobi%27s_Legacy	http://dbkwik.webdatacommons.org/swg.wikia.com/resource/Kenobi%27s_Legacy	=	1.0000
http://starwars.wikia.com/wiki/Special:FilePath/Versafunction88_Datapad.jpg?width=300	http://swg.wikia.com/wiki/Special:FilePath/Versafunction88-Datapad.jpg?width=300	=	1.0000
http://dbkwik.webdatacommons.org/starwars.wikia.com/resource/Scientist	http://dbkwik.webdatacommons.org/swg.wikia.com/resource/Scientist	=	1.0000
http://dbkwik.webdatacommons.org/starwars.wikia.com/resource/Valarian	http://dbkwik.webdatacommons.org/swg.wikia.com/resource/Valarian	=	1.0000
http://dbkwik.webdatacommons.org/starwars.wikia.com/resource/Blob_candy	http://dbkwik.webdatacommons.org/swg.wikia.com/resource/Blob_Candy	=	1.0000
http://starwars.wikia.com/wiki/Special:FilePath/Battle_ris.jpg	http://swg.wikia.com/wiki/Special:FilePath/Battle_ris.jpg	=	1.0000
http://dbkwik.webdatacommons.org/starwars.wikia.com/resource/Kanali_Wafers	http://dbkwik.webdatacommons.org/swg.wikia.com/resource/Kanali_Wafers	=	1.0000
http://starwars.wikia.com/wiki/Special:FilePath/VordinSildor.jpg?width=300	http://swg.wikia.com/wiki/Special:FilePath/Vordin-sildor.jpg?width=300	=	1.0000
http://dbkwik.webdatacommons.org/starwars.wikia.com/resource/Desert_razorback	http://dbkwik.webdatacommons.org/swg.wikia.com/resource/Desert_Razorback	=	1.0000
http://starwars.wikia.com/wiki/Special:FilePath/Solace.jpg?width=300	http://swg.wikia.com/wiki/Special:FilePath/Solace.jpg?width=300	=	1.0000
http://starwars.wikia.com/wiki/Special:FilePath/Fezrik_Bendledon.jpg	http://swg.wikia.com/wiki/Special:FilePath/Fezrik-Bendledon.jpg	=	1.0000
http://dbkwik.webdatacommons.org/starwars.wikia.com/resource/Gendra	http://dbkwik.webdatacommons.org/swg.wikia.com/resource/Gendra	=	1.0000
http://starwars.wikia.com/wiki/Special:FilePath/Kerritamba.jpg?width=300	http://swg.wikia.com/wiki/Special:FilePath/Kerritamba.jpg?width=300	=	1.0000
http://dbkwik.webdatacommons.org/starwars.wikia.com/resource/Tier	http://dbkwik.webdatacommons.org/swg.wikia.com/resource/Tier	=	1.0000
http://dbkwik.webdatacommons.org/starwars.wikia.com/resource/Slooni_Jong	http://dbkwik.webdatacommons.org/swg.wikia.com/resource/Slooni_Jong	=	1.0000
http://dbkwik.webdatacommons.org/starwars.wikia.com/resource/Trophy_for_Excellence_in_Hunting_in_Etyyy	http://dbkwik.webdatacommons.org/swg.wikia.com/resource/Trophy_for_Excellence_in_Hunting_in_Etyyy	=	1.0000
http://starwars.wikia.com/wiki/Special:FilePath/TuskenVillage.jpg	http://swg.wikia.com/wiki/Special:FilePath/Tusken_Village.jpg	=	1.0000
http://dbkwik.webdatacommons.org/starwars.wikia.com/class/stub	http://dbkwik.webdatacommons.org/swg.wikia.com/class/stub	=	1.0000
http://starwars.wikia.com/wiki/Special:FilePath/MercenariesLament.jpg	http://swg.wikia.com/wiki/Special:FilePath/Mercenaries_lament.jpg	=	1.0000
http://starwars.wikia.com/wiki/Special:FilePath/Thewarren.jpg	http://swg.wikia.com/wiki/Special:FilePath/Thewarren.jpg	=	1.0000
http://starwars.wikia.com/wiki/Special:FilePath/Booster_blue.jpg	http://swg.wikia.com/wiki/Special:FilePath/Booster_blue.jpg	=	1.0000
http://starwars.wikia.com/wiki/Special:FilePath/Bocctyyy.jpg	http://swg.wikia.com/wiki/Special:FilePath/Bocctyyy.jpg	=	1.0000
http://dbkwik.webdatacommons.org/starwars.wikia.com/resource/Freedom_Station	http://dbkwik.webdatacommons.org/swg.wikia.com/resource/Freedom_Station	=	1.0000
http://dbkwik.webdatacommons.org/starwars.wikia.com/resource/Dearic	http://dbkwik.webdatacommons.org/swg.wikia.com/resource/Dearic	=	1.0000
http://dbkwik.webdatacommons.org/starwars.wikia.com/resource/Chilastra	http://dbkwik.webdatacommons.org/swg.wikia.com/resource/Chilastra	=	1.0000
http://dbkwik.webdatacommons.org/starwars.wikia.com/resource/Dexen_Eronoss	http://dbkwik.webdatacommons.org/swg.wikia.com/resource/Dexen_Eronoss	=	1.0000
http://starwars.wikia.com/wiki/Special:FilePath/Kirkin-liawoon.jpg?width=300	http://swg.wikia.com/wiki/Special:FilePath/Kirkin-liawoon.jpg?width=300	=	1.0000
http://dbkwik.webdatacommons.org/starwars.wikia.com/resource/Envoy	http://dbkwik.webdatacommons.org/swg.wikia.com/resource/Envoy	=	1.0000
http://starwars.wikia.com/wiki/Special:FilePath/LilasDinhint.jpg	http://swg.wikia.com/wiki/Special:FilePath/Lilas-dinhint.jpg	=	1.0000
http://starwars.wikia.com/wiki/Special:FilePath/MemoriesPast.jpg?width=300	http://swg.wikia.com/wiki/Special:FilePath/Memories_Past.jpg?width=300	=	1.0000
http://starwars.wikia.com/wiki/Special:FilePath/Huurton.png	http://swg.wikia.com/wiki/Special:FilePath/Huurton.png	=	1.0000
http://starwars.wikia.com/wiki/Special:FilePath/StarWars_Databank.jpg?width=300	http://swg.wikia.com/wiki/Special:FilePath/Star-wars-databank.jpg?width=300	=	1.0000
http://dbkwik.webdatacommons.org/starwars.wikia.com/resource/Category	http://dbkwik.webdatacommons.org/swg.wikia.com/property/category	=	1.0000
http://starwars.wikia.com/wiki/Special:FilePath/Sergeant_Donsull.jpg?width=300	http://swg.wikia.com/wiki/Special:FilePath/Sergeant_donsull.jpg?width=300	=	1.0000
http://dbkwik.webdatacommons.org/starwars.wikia.com/resource/Caf	http://dbkwik.webdatacommons.org/swg.wikia.com/resource/Caf	=	1.0000
http://dbkwik.webdatacommons.org/starwars.wikia.com/resource/Corellian_brandy	http://dbkwik.webdatacommons.org/swg.wikia.com/resource/Corellian_Brandy	=	1.0000
http://starwars.wikia.com/wiki/Special:FilePath/Hunting_excellence_trophy.jpg?width=300	http://swg.wikia.com/wiki/Special:FilePath/Hunting_excellence_trophy.jpg?width=300	=	1.0000
http://dbkwik.webdatacommons.org/starwars.wikia.com/resource/Wanted_Poster:_Trandoshan	http://dbkwik.webdatacommons.org/swg.wikia.com/resource/Wanted_Poster:_Trandoshan	=	1.0000
http://dbkwik.webdatacommons.org/starwars.wikia.com/property/interest	http://dbkwik.webdatacommons.org/swg.wikia.com/property/interest	=	1.0000
http://dbkwik.webdatacommons.org/starwars.wikia.com/property/hide	http://dbkwik.webdatacommons.org/swg.wikia.com/resource/Hide	=	1.0000
http://dbkwik.webdatacommons.org/starwars.wikia.com/resource/Prisk_Kith%27Vys	http://dbkwik.webdatacommons.org/swg.wikia.com/resource/Prisk_Kith%27Vys	=	1.0000
http://dbkwik.webdatacommons.org/starwars.wikia.com/property/alignment	http://dbkwik.webdatacommons.org/swg.wikia.com/property/alignment	=	1.0000
http://dbkwik.webdatacommons.org/starwars.wikia.com/resource/HX-138	http://dbkwik.webdatacommons.org/swg.wikia.com/resource/HX-138	=	1.0000
http://starwars.wikia.com/wiki/Special:FilePath/HoloEntertainmentTable.jpg	http://swg.wikia.com/wiki/Special:FilePath/Holo_entertainment_table.jpg	=	1.0000
http://dbkwik.webdatacommons.org/starwars.wikia.com/resource/Borgle_bat	http://dbkwik.webdatacommons.org/swg.wikia.com/resource/Borgle_bat	=	1.0000
http://dbkwik.webdatacommons.org/starwars.wikia.com/resource/Mission_terminal	http://dbkwik.webdatacommons.org/swg.wikia.com/resource/Mission_Terminal	=	1.0000
http://starwars.wikia.com/wiki/Special:FilePath/Grievence_Striker.jpg	http://swg.wikia.com/wiki/Special:FilePath/Grievence_striker.jpg	=	1.0000
http://starwars.wikia.com/wiki/Special:FilePath/Captain_Rikkh.jpg?width=300	http://swg.wikia.com/wiki/Special:FilePath/Captain_Rikkh.jpg?width=300	=	1.0000
http://dbkwik.webdatacommons.org/starwars.wikia.com/resource/Ewok_Festival_of_Love_familiar	http://dbkwik.webdatacommons.org/swg.wikia.com/resource/Ewok_Festival_of_Love_familiar	=	1.0000
http://dbkwik.webdatacommons.org/starwars.wikia.com/resource/Fixer	http://dbkwik.webdatacommons.org/swg.wikia.com/resource/Fixer	=	1.0000
http://dbkwik.webdatacommons.org/starwars.wikia.com/resource/Mos_Entha	http://dbkwik.webdatacommons.org/swg.wikia.com/resource/Mos_Entha	=	1.0000
http://dbkwik.webdatacommons.org/starwars.wikia.com/resource/Darksting_assassin	http://dbkwik.webdatacommons.org/swg.wikia.com/resource/Darksting_Assassin	=	1.0000
http://starwars.wikia.com/wiki/Special:FilePath/Miners1.jpg?width=300	http://swg.wikia.com/wiki/Special:FilePath/Miners1.jpg?width=300	=	1.0000
http://dbkwik.webdatacommons.org/starwars.wikia.com/resource/Category:Cities	http://dbkwik.webdatacommons.org/swg.wikia.com/resource/Category:Cities	=	1.0000
http://dbkwik.webdatacommons.org/starwars.wikia.com/resource/Bossk	http://dbkwik.webdatacommons.org/swg.wikia.com/resource/Bossk	=	1.0000
http://starwars.wikia.com/wiki/Special:FilePath/SludgePanther.jpg?width=300	http://swg.wikia.com/wiki/Special:FilePath/SludgePanther.jpg?width=300	=	1.0000
http://starwars.wikia.com/wiki/Special:FilePath/Boshaz.jpg?width=300	http://swg.wikia.com/wiki/Special:FilePath/Boshaz.jpg?width=300	=	1.0000
http://dbkwik.webdatacommons.org/starwars.wikia.com/resource/Kashyyykian_black_mountain_armor	http://dbkwik.webdatacommons.org/swg.wikia.com/resource/Kashyyykian_Black_Mountain_armor	=	1.0000
http://dbkwik.webdatacommons.org/starwars.wikia.com/resource/Doctor	http://dbkwik.webdatacommons.org/swg.wikia.com/resource/Doctor	=	1.0000
http://starwars.wikia.com/wiki/Special:FilePath/ManfredCarter.jpg?width=300	http://swg.wikia.com/wiki/Special:FilePath/Manfred-Carter.jpg?width=300	=	1.0000
http://starwars.wikia.com/wiki/Special:FilePath/Ld2004.jpg?width=300	http://swg.wikia.com/wiki/Special:FilePath/Ld2004.jpg?width=300	=	1.0000
http://dbkwik.webdatacommons.org/starwars.wikia.com/resource/The_Price_of_Victory	http://dbkwik.webdatacommons.org/swg.wikia.com/resource/The_Price_of_Victory	=	1.0000
http://starwars.wikia.com/wiki/Special:FilePath/Lightsaber-cutaway.jpg?width=300	http://swg.wikia.com/wiki/Special:FilePath/Lightsaber-cutaway.jpg?width=300	=	1.0000
http://starwars.wikia.com/wiki/Special:FilePath/Ikopi.jpg?width=300	http://swg.wikia.com/wiki/Special:FilePath/Ikopi.jpg?width=300	=	1.0000
http://starwars.wikia.com/wiki/Special:FilePath/TuskenCave.jpg?width=300	http://swg.wikia.com/wiki/Special:FilePath/Tusken-cave.jpg?width=300	=	1.0000
http://starwars.wikia.com/wiki/Special:FilePath/KintZsam.jpg?width=300	http://swg.wikia.com/wiki/Special:FilePath/Kint-zsam.jpg?width=300	=	1.0000
http://starwars.wikia.com/wiki/Special:FilePath/Morgukai_Shadow_Scroll.jpg	http://swg.wikia.com/wiki/Special:FilePath/Morgukai_Shadow_Scroll.jpg	=	1.0000
http://dbkwik.webdatacommons.org/starwars.wikia.com/resource/Zakarisz_Ghent	http://dbkwik.webdatacommons.org/swg.wikia.com/resource/Zakarisz_Ghent	=	1.0000
http://dbkwik.webdatacommons.org/starwars.wikia.com/resource/Glory-class_dark_trooper	http://dbkwik.webdatacommons.org/swg.wikia.com/resource/Glory-class_dark_trooper	=	1.0000
http://starwars.wikia.com/wiki/Special:FilePath/ImperialOasisIncident.jpg?width=300	http://swg.wikia.com/wiki/Special:FilePath/Imperial-oasis-incident.jpg?width=300	=	1.0000
http://dbkwik.webdatacommons.org/starwars.wikia.com/resource/Mines	http://dbkwik.webdatacommons.org/swg.wikia.com/resource/Mines	=	1.0000
http://dbkwik.webdatacommons.org/starwars.wikia.com/resource/Force_cloak	http://dbkwik.webdatacommons.org/swg.wikia.com/resource/Force_Cloak	=	1.0000
http://dbkwik.webdatacommons.org/starwars.wikia.com/resource/R-series	http://dbkwik.webdatacommons.org/swg.wikia.com/resource/R-series	=	1.0000
http://starwars.wikia.com/wiki/Special:FilePath/Poisonspike.jpg?width=300	http://swg.wikia.com/wiki/Special:FilePath/Poisonspike.jpg?width=300	=	1.0000
http://dbkwik.webdatacommons.org/starwars.wikia.com/resource/Sith_Shadows	http://dbkwik.webdatacommons.org/swg.wikia.com/resource/Sith_Shadows	=	1.0000
http://dbkwik.webdatacommons.org/starwars.wikia.com/resource/Tatooine_Dune_Speeder	http://dbkwik.webdatacommons.org/swg.wikia.com/resource/Tatooine_Dune_Speeder	=	1.0000
http://starwars.wikia.com/wiki/Special:FilePath/Naboo.jpg?width=300	http://swg.wikia.com/wiki/Special:FilePath/Naboo.jpg?width=300	=	1.0000
http://dbkwik.webdatacommons.org/starwars.wikia.com/resource/Jaye_Hawkson	http://dbkwik.webdatacommons.org/swg.wikia.com/resource/Jaye_Hawkson	=	1.0000
http://dbkwik.webdatacommons.org/starwars.wikia.com/resource/Crev_Bombaasa	http://dbkwik.webdatacommons.org/swg.wikia.com/resource/Crev_Bombaasa	=	1.0000
http://starwars.wikia.com/wiki/Special:FilePath/HK-Taskmaster.jpg?width=300	http://swg.wikia.com/wiki/Special:FilePath/HK_Taskmaster.jpg?width=300	=	1.0000
http://starwars.wikia.com/wiki/Special:FilePath/The_Collector.jpg?width=300	http://swg.wikia.com/wiki/Special:FilePath/A_collector.jpg?width=300	=	0.9474
http://starwars.wikia.com/wiki/Special:FilePath/Great_Tree.jpg	http://swg.wikia.com/wiki/Special:FilePath/Great_Tree.jpg	=	1.0000
http://starwars.wikia.com/wiki/Special:FilePath/IonRelicPistol.jpg?width=300	http://swg.wikia.com/wiki/Special:FilePath/IonRelicPistol.jpg?width=300	=	1.0000
http://starwars.wikia.com/wiki/Special:FilePath/Dexen.jpg?width=300	http://swg.wikia.com/wiki/Special:FilePath/Dexen.jpg?width=300	=	1.0000
http://starwars.wikia.com/wiki/Special:FilePath/TuskenVillage.jpg?width=300	http://swg.wikia.com/wiki/Special:FilePath/Tusken_Village.jpg?width=300	=	1.0000
http://dbkwik.webdatacommons.org/starwars.wikia.com/resource/Ranger	http://dbkwik.webdatacommons.org/swg.wikia.com/resource/Ranger	=	1.0000
http://starwars.wikia.com/wiki/Special:FilePath/StarWars_Databank.jpg	http://swg.wikia.com/wiki/Special:FilePath/Star-wars-databank.jpg	=	1.0000
http://dbkwik.webdatacommons.org/starwars.wikia.com/resource/Giant_Fynock_Cave	http://dbkwik.webdatacommons.org/swg.wikia.com/resource/Giant_Fynock_Cave	=	1.0000
http://starwars.wikia.com/wiki/Special:FilePath/MarineArmor.jpg	http://swg.wikia.com/wiki/Special:FilePath/Marine_armor.jpg	=	1.0000
http://starwars.wikia.com/wiki/Special:FilePath/Eyes.jpg	http://swg.wikia.com/wiki/Special:FilePath/Eyes.jpg	=	1.0000
http://dbkwik.webdatacommons.org/starwars.wikia.com/resource/Recon	http://dbkwik.webdatacommons.org/swg.wikia.com/resource/Recon	=	1.0000
http://dbkwik.webdatacommons.org/starwars.wikia.com/resource/The_Shadow_Syndicate	http://dbkwik.webdatacommons.org/swg.wikia.com/resource/The_Shadow_Syndicate	=	1.0000
http://dbkwik.webdatacommons.org/starwars.wikia.com/resource/Alliance_Cold_Weather_Padded_Vest	http://dbkwik.webdatacommons.org/swg.wikia.com/resource/Alliance_Cold_Weather_Padded_Vest	=	1.0000
http://starwars.wikia.com/wiki/Special:FilePath/Wrix.jpg?width=300	http://swg.wikia.com/wiki/Special:FilePath/Wrix.jpg?width=300	=	1.0000
http://starwars.wikia.com/wiki/Special:FilePath/Janobix.jpg?width=300	http://swg.wikia.com/wiki/Special:FilePath/Janobix.jpg?width=300	=	1.0000
http://starwars.wikia.com/wiki/Special:FilePath/Tala%27oree.jpg?width=300	http://swg.wikia.com/wiki/Special:FilePath/Tala%27oree.jpg?width=300	=	1.0000
http://dbkwik.webdatacommons.org/starwars.wikia.com/resource/Bloom_Fruit	http://dbkwik.webdatacommons.org/swg.wikia.com/resource/Bloom_Fruit	=	1.0000
http://dbkwik.webdatacommons.org/starwars.wikia.com/resource/Cargo_Port_Blueprint	http://dbkwik.webdatacommons.org/swg.wikia.com/resource/Cargo_Port_Blueprint	=	1.0000
http://dbkwik.webdatacommons.org/starwars.wikia.com/resource/Helmet	http://dbkwik.webdatacommons.org/swg.wikia.com/resource/Helmet	=	1.0000
http://dbkwik.webdatacommons.org/starwars.wikia.com/resource/Aurilian_fruit	http://dbkwik.webdatacommons.org/swg.wikia.com/resource/Aurilian_Fruit	=	1.0000
http://dbkwik.webdatacommons.org/starwars.wikia.com/resource/Meat_jerky	http://dbkwik.webdatacommons.org/swg.wikia.com/resource/Meat_Jerky	=	1.0000
http://dbkwik.webdatacommons.org/starwars.wikia.com/resource/Chak_juice	http://dbkwik.webdatacommons.org/swg.wikia.com/resource/Chak_Juice	=	1.0000
http://starwars.wikia.com/wiki/Special:FilePath/Flameout.png	http://swg.wikia.com/wiki/Special:FilePath/Flameout.png	=	1.0000
http://dbkwik.webdatacommons.org/starwars.wikia.com/resource/Bothan	http://dbkwik.webdatacommons.org/swg.wikia.com/resource/Bothan	=	1.0000
http://dbkwik.webdatacommons.org/starwars.wikia.com/resource/Grand_Theater_of_Vreni_Island	http://dbkwik.webdatacommons.org/swg.wikia.com/resource/Grand_Theater_of_Vreni_Island	=	1.0000
http://dbkwik.webdatacommons.org/starwars.wikia.com/resource/Necklace	http://dbkwik.webdatacommons.org/swg.wikia.com/resource/Necklace	=	1.0000
http://dbkwik.webdatacommons.org/starwars.wikia.com/resource/Xarot_Korlin	http://dbkwik.webdatacommons.org/swg.wikia.com/resource/Xarot_Korlin	=	1.0000
http://starwars.wikia.com/wiki/Special:FilePath/FathH%27ray.jpg	http://swg.wikia.com/wiki/Special:FilePath/Fath_H%27ray.jpg	=	1.0000
http://starwars.wikia.com/wiki/Special:FilePath/Stren_Colo.jpg?width=300	http://swg.wikia.com/wiki/Special:FilePath/Stren_Colo.jpg?width=300	=	1.0000
http://starwars.wikia.com/wiki/Special:FilePath/AK-Prime.jpg	http://swg.wikia.com/wiki/Special:FilePath/AK-Prime.jpg	=	1.0000
http://starwars.wikia.com/wiki/Special:FilePath/RIC920.jpg?width=300	http://swg.wikia.com/wiki/Special:FilePath/RIC920.jpg?width=300	=	1.0000
http://starwars.wikia.com/wiki/Special:FilePath/Klin_Nif.jpg	http://swg.wikia.com/wiki/Special:FilePath/Klin_Nif.jpg	=	1.0000
http://dbkwik.webdatacommons.org/starwars.wikia.com/resource/Dantooine_system	http://dbkwik.webdatacommons.org/swg.wikia.com/resource/Dantooine_system	=	1.0000
http://dbkwik.webdatacommons.org/starwars.wikia.com/resource/Gallura_Handerin	http://dbkwik.webdatacommons.org/swg.wikia.com/resource/Gallura_Handerin	=	1.0000
http://dbkwik.webdatacommons.org/starwars.wikia.com/resource/Brackaset	http://dbkwik.webdatacommons.org/swg.wikia.com/resource/Brackaset	=	1.0000
http://dbkwik.webdatacommons.org/starwars.wikia.com/property/width	http://dbkwik.webdatacommons.org/swg.wikia.com/property/width	=	1.0000
http://starwars.wikia.com/wiki/Special:FilePath/Elshandruu_Pica_Thundercloud.png?width=300	http://swg.wikia.com/wiki/Special:FilePath/ElshandruuPicaThundercloud.png?width=300	=	1.0000
http://dbkwik.webdatacommons.org/starwars.wikia.com/resource/Nashal	http://dbkwik.webdatacommons.org/swg.wikia.com/resource/Nashal	=	1.0000
http://dbkwik.webdatacommons.org/starwars.wikia.com/resource/Massassi_Guardian_carbine	http://dbkwik.webdatacommons.org/swg.wikia.com/resource/Massassi_Guardian_Carbine	=	1.0000
http://starwars.wikia.com/wiki/Special:FilePath/Commander_Ramna.jpg	http://swg.wikia.com/wiki/Special:FilePath/Commander_Ramna.jpg	=	1.0000
http://dbkwik.webdatacommons.org/starwars.wikia.com/resource/Nightsister_Stronghold	http://dbkwik.webdatacommons.org/swg.wikia.com/resource/Nightsister_Stronghold	=	1.0000
http://starwars.wikia.com/wiki/Special:FilePath/CzerkaDartCarbine.jpg	http://swg.wikia.com/wiki/Special:FilePath/Czerka_dart_carbine.jpg	=	1.0000
http://starwars.wikia.com/wiki/Special:FilePath/Droid_Customization_Kit.png	http://swg.wikia.com/wiki/Special:FilePath/DroidCustomizationKit.png	=	1.0000
http://dbkwik.webdatacommons.org/starwars.wikia.com/resource/Rroow	http://dbkwik.webdatacommons.org/swg.wikia.com/resource/Rroow	=	1.0000
http://starwars.wikia.com/wiki/Special:FilePath/Wrix.jpg	http://swg.wikia.com/wiki/Special:FilePath/Wrix.jpg	=	1.0000
http://dbkwik.webdatacommons.org/starwars.wikia.com/resource/The_Package	http://dbkwik.webdatacommons.org/swg.wikia.com/resource/The_Package	=	1.0000
http://dbkwik.webdatacommons.org/starwars.wikia.com/resource/Stuffed_AT-AT_Toy	http://dbkwik.webdatacommons.org/swg.wikia.com/resource/Stuffed_AT-AT_Toy	=	1.0000
http://dbkwik.webdatacommons.org/starwars.wikia.com/resource/Galactic_Civil_War	http://dbkwik.webdatacommons.org/swg.wikia.com/resource/Galactic_Civil_War	=	1.0000
http://dbkwik.webdatacommons.org/starwars.wikia.com/resource/Rot_mite	http://dbkwik.webdatacommons.org/swg.wikia.com/resource/Rot_Mite	=	1.0000
http://dbkwik.webdatacommons.org/starwars.wikia.com/resource/Dustcrepe	http://dbkwik.webdatacommons.org/swg.wikia.com/resource/Dustcrepe	=	1.0000
http://dbkwik.webdatacommons.org/starwars.wikia.com/resource/Neimoidian	http://dbkwik.webdatacommons.org/swg.wikia.com/resource/Neimoidian	=	1.0000
http://dbkwik.webdatacommons.org/starwars.wikia.com/resource/Lieutenant	http://dbkwik.webdatacommons.org/swg.wikia.com/resource/Lieutenant	=	1.0000
http://dbkwik.webdatacommons.org/starwars.wikia.com/resource/Mantigrue	http://dbkwik.webdatacommons.org/swg.wikia.com/resource/Mantigrue	=	1.0000
http://dbkwik.webdatacommons.org/starwars.wikia.com/resource/Intrepid	http://dbkwik.webdatacommons.org/swg.wikia.com/resource/Intrepid	=	1.0000
http://starwars.wikia.com/wiki/Special:FilePath/TIE_Bomber.jpg	http://swg.wikia.com/wiki/Special:FilePath/TIE_Bomber.jpg	=	1.0000
http://dbkwik.webdatacommons.org/starwars.wikia.com/resource/Doll_Gourd	http://dbkwik.webdatacommons.org/swg.wikia.com/resource/Doll_Gourd	=	1.0000
http://dbkwik.webdatacommons.org/starwars.wikia.com/resource/Massassi_Temple	http://dbkwik.webdatacommons.org/swg.wikia.com/resource/Massassi_Temple	=	1.0000
http://starwars.wikia.com/wiki/Special:FilePath/Dark_lord.jpg	http://swg.wikia.com/wiki/Special:FilePath/Dark_Lord.jpg	=	1.0000
http://dbkwik.webdatacommons.org/starwars.wikia.com/resource/Fragmentation_grenade	http://dbkwik.webdatacommons.org/swg.wikia.com/resource/Fragmentation_Grenade	=	1.0000
http://starwars.wikia.com/wiki/Special:FilePath/Aldalad.jpg	http://swg.wikia.com/wiki/Special:FilePath/Aldalad.jpg	=	1.0000
http://starwars.wikia.com/wiki/Special:FilePath/RekThelcar.jpg	http://swg.wikia.com/wiki/Special:FilePath/Rek_Thelcar.jpg	=	1.0000
http://dbkwik.webdatacommons.org/starwars.wikia.com/resource/BARC_speeder	http://dbkwik.webdatacommons.org/swg.wikia.com/resource/BARC_Speeder	=	1.0000
http://dbkwik.webdatacommons.org/starwars.wikia.com/resource/Ithorian_defender_armor	http://dbkwik.webdatacommons.org/swg.wikia.com/resource/Ithorian_Defender_armor	=	1.0000
http://starwars.wikia.com/wiki/Special:FilePath/Redemption.jpg	http://swg.wikia.com/wiki/Special:FilePath/Redemption.jpg	=	1.0000
http://starwars.wikia.com/wiki/Special:FilePath/Benjamin.jpg	http://swg.wikia.com/wiki/Special:FilePath/Benjamin.jpg	=	1.0000
http://starwars.wikia.com/wiki/Special:FilePath/Krayt_Cult_Cave.jpg?width=300	http://swg.wikia.com/wiki/Special:FilePath/Krayt_cult_cave.jpg?width=300	=	1.0000
http://starwars.wikia.com/wiki/Special:FilePath/Rageon_Vart.jpg?width=300	http://swg.wikia.com/wiki/Special:FilePath/Rageon_Vart.jpg?width=300	=	1.0000
http://dbkwik.webdatacommons.org/starwars.wikia.com/resource/Heavy_weapon	http://dbkwik.webdatacommons.org/swg.wikia.com/resource/Heavy_weapon	=	1.0000
http://starwars.wikia.com/wiki/Special:FilePath/Model_3-NIi.jpg	http://swg.wikia.com/wiki/Special:FilePath/Model_3-NIi.jpg	=	1.0000
http://starwars.wikia.com/wiki/Special:FilePath/Crusader.jpg	http://swg.wikia.com/wiki/Special:FilePath/Crusader.jpg	=	1.0000
http://starwars.wikia.com/wiki/Special:FilePath/CDEFPistol.jpg?width=300	http://swg.wikia.com/wiki/Special:FilePath/CDEFPistol.jpg?width=300	=	1.0000
http://starwars.wikia.com/wiki/Special:FilePath/JagSilon.jpg?width=300	http://swg.wikia.com/wiki/Special:FilePath/Jag-Silon.jpg?width=300	=	1.0000
http://starwars.wikia.com/wiki/Special:FilePath/JenerMich.jpg?width=300	http://swg.wikia.com/wiki/Special:FilePath/Jener_mich.jpg?width=300	=	1.0000
http://dbkwik.webdatacommons.org/starwars.wikia.com/resource/Imperial_Medallion_of_Service	http://dbkwik.webdatacommons.org/swg.wikia.com/resource/Imperial_Medallion_of_Service	=	1.0000
http://dbkwik.webdatacommons.org/starwars.wikia.com/resource/Threat_of_the_Conqueror	http://dbkwik.webdatacommons.org/swg.wikia.com/resource/Threat_of_the_Conqueror	=	1.0000
http://starwars.wikia.com/wiki/Special:FilePath/Kimaru.jpg	http://swg.wikia.com/wiki/Special:FilePath/Kimaru.jpg	=	1.0000
http://dbkwik.webdatacommons.org/starwars.wikia.com/resource/Human	http://dbkwik.webdatacommons.org/swg.wikia.com/resource/Human	=	1.0000
http://dbkwik.webdatacommons.org/starwars.wikia.com/resource/Jan_Dodonna	http://dbkwik.webdatacommons.org/swg.wikia.com/resource/Jan_Dodonna	=	1.0000
http://starwars.wikia.com/wiki/Special:FilePath/GralinynJuice.png	http://swg.wikia.com/wiki/Special:FilePath/GralinynJuice.png	=	1.0000
http://dbkwik.webdatacommons.org/starwars.wikia.com/resource/Kerssoc	http://dbkwik.webdatacommons.org/swg.wikia.com/resource/Kerssoc	=	1.0000
http://dbkwik.webdatacommons.org/starwars.wikia.com/resource/Kimogila	http://dbkwik.webdatacommons.org/swg.wikia.com/resource/Kimogila	=	1.0000
http://dbkwik.webdatacommons.org/starwars.wikia.com/resource/Adwan_Turoldine	http://dbkwik.webdatacommons.org/swg.wikia.com/resource/Adwan_Turoldine	=	1.0000
http://dbkwik.webdatacommons.org/starwars.wikia.com/resource/Herman_Pate	http://dbkwik.webdatacommons.org/swg.wikia.com/resource/Herman_Pate	=	1.0000
http://dbkwik.webdatacommons.org/starwars.wikia.com/resource/Crusader_armor	http://dbkwik.webdatacommons.org/swg.wikia.com/resource/Crusader_armor	=	1.0000
http://dbkwik.webdatacommons.org/starwars.wikia.com/resource/Macchbraus	http://dbkwik.webdatacommons.org/swg.wikia.com/resource/Macchbraus	=	1.0000
http://dbkwik.webdatacommons.org/starwars.wikia.com/resource/Alliance_Cold_Weather_Left_Bicep	http://dbkwik.webdatacommons.org/swg.wikia.com/resource/Alliance_Cold_Weather_Left_Bicep	=	1.0000
http://starwars.wikia.com/wiki/Special:FilePath/Bol.jpg?width=300	http://swg.wikia.com/wiki/Special:FilePath/Bol.jpg?width=300	=	1.0000
http://dbkwik.webdatacommons.org/starwars.wikia.com/resource/Umber_Scale	http://dbkwik.webdatacommons.org/swg.wikia.com/resource/Umber_Scale	=	1.0000
http://dbkwik.webdatacommons.org/starwars.wikia.com/resource/Lob_Dizz	http://dbkwik.webdatacommons.org/swg.wikia.com/resource/Lob_Dizz	=	1.0000
http://starwars.wikia.com/wiki/Special:FilePath/Quenker.jpg	http://swg.wikia.com/wiki/Special:FilePath/Quenker.jpg	=	1.0000
http://starwars.wikia.com/wiki/Special:FilePath/SeanTrenwell.jpg	http://swg.wikia.com/wiki/Special:FilePath/Sean_trenwell.jpg	=	1.0000
http://dbkwik.webdatacommons.org/starwars.wikia.com/resource/Wampa_Valley	http://dbkwik.webdatacommons.org/swg.wikia.com/resource/Wampa_Valley	=	1.0000
http://dbkwik.webdatacommons.org/starwars.wikia.com/resource/Gethzerion	http://dbkwik.webdatacommons.org/swg.wikia.com/resource/Gethzerion	=	1.0000
http://starwars.wikia.com/wiki/Special:FilePath/Merkie-howzat.jpg	http://swg.wikia.com/wiki/Special:FilePath/Merkie-howzat.jpg	=	1.0000
http://dbkwik.webdatacommons.org/starwars.wikia.com/resource/Corellian_butterfly	http://dbkwik.webdatacommons.org/swg.wikia.com/resource/Corellian_Butterfly	=	1.0000
http://dbkwik.webdatacommons.org/starwars.wikia.com/resource/Bane%27s_Heart	http://dbkwik.webdatacommons.org/swg.wikia.com/resource/Bane%27s_Heart	=	1.0000
http://dbkwik.webdatacommons.org/starwars.wikia.com/resource/Won-won	http://dbkwik.webdatacommons.org/swg.wikia.com/resource/Won-Won	=	1.0000
http://starwars.wikia.com/wiki/Special:FilePath/Voba-duey.jpg	http://swg.wikia.com/wiki/Special:FilePath/Voba-duey.jpg	=	1.0000
http://starwars.wikia.com/wiki/Special:FilePath/DeraDarklighter.jpg	http://swg.wikia.com/wiki/Special:FilePath/Dera_Darklighter.jpg	=	1.0000
http://dbkwik.webdatacommons.org/starwars.wikia.com/resource/Category:Components	http://dbkwik.webdatacommons.org/swg.wikia.com/resource/Category:Components	=	1.0000
http://dbkwik.webdatacommons.org/starwars.wikia.com/resource/Lejo_Daramus	http://dbkwik.webdatacommons.org/swg.wikia.com/resource/Lejo_Daramus	=	1.0000
http://starwars.wikia.com/wiki/Special:FilePath/Graul.jpg?width=300	http://swg.wikia.com/wiki/Special:FilePath/Graul.jpg?width=300	=	1.0000
http://dbkwik.webdatacommons.org/starwars.wikia.com/resource/Undead_rancor	http://dbkwik.webdatacommons.org/swg.wikia.com/resource/Undead_Rancor	=	1.0000
http://dbkwik.webdatacommons.org/starwars.wikia.com/resource/Dark_Jedi_Enclave	http://dbkwik.webdatacommons.org/swg.wikia.com/resource/Dark_Jedi_Enclave	=	1.0000
http://dbkwik.webdatacommons.org/starwars.wikia.com/resource/Exogen-class_dark_trooper	http://dbkwik.webdatacommons.org/swg.wikia.com/resource/Exogen-class_dark_trooper	=	1.0000
http://dbkwik.webdatacommons.org/starwars.wikia.com/resource/Vesp	http://dbkwik.webdatacommons.org/swg.wikia.com/resource/Vesp	=	1.0000
http://dbkwik.webdatacommons.org/starwars.wikia.com/resource/Spiced_tea	http://dbkwik.webdatacommons.org/swg.wikia.com/resource/Spiced_Tea	=	1.0000
http://dbkwik.webdatacommons.org/starwars.wikia.com/resource/DL-44_metal_pistol	http://dbkwik.webdatacommons.org/swg.wikia.com/resource/DL_44_Metal_Pistol	=	1.0000
http://dbkwik.webdatacommons.org/starwars.wikia.com/resource/Category:Jedi	http://dbkwik.webdatacommons.org/swg.wikia.com/resource/Category:Jedi	=	1.0000
http://starwars.wikia.com/wiki/Special:FilePath/Field_surgeon_ring.jpg?width=300	http://swg.wikia.com/wiki/Special:FilePath/Field_Surgeon_Ring.jpg?width=300	=	1.0000
http://starwars.wikia.com/wiki/Special:FilePath/Lars%27_Homestead.jpg?width=300	http://swg.wikia.com/wiki/Special:FilePath/LarsHomestead.jpg?width=300	=	1.0000
http://dbkwik.webdatacommons.org/starwars.wikia.com/resource/Swoop	http://dbkwik.webdatacommons.org/swg.wikia.com/resource/Swoop	=	1.0000
http://dbkwik.webdatacommons.org/starwars.wikia.com/resource/Xandank	http://dbkwik.webdatacommons.org/swg.wikia.com/resource/Xandank	=	1.0000
http://dbkwik.webdatacommons.org/starwars.wikia.com/property/location	http://dbkwik.webdatacommons.org/swg.wikia.com/property/location	=	1.0000
http://starwars.wikia.com/wiki/Special:FilePath/Rubina.jpg?width=300	http://swg.wikia.com/wiki/Special:FilePath/Rubina.jpg?width=300	=	1.0000
http://starwars.wikia.com/wiki/Special:FilePath/GeneralOtto.jpg?width=300	http://swg.wikia.com/wiki/Special:FilePath/GeneralOtto.jpg?width=300	=	1.0000
http://dbkwik.webdatacommons.org/starwars.wikia.com/resource/Ensign	http://dbkwik.webdatacommons.org/swg.wikia.com/resource/Ensign	=	1.0000
http://dbkwik.webdatacommons.org/starwars.wikia.com/resource/Leth	http://dbkwik.webdatacommons.org/swg.wikia.com/resource/Leth	=	1.0000
http://dbkwik.webdatacommons.org/starwars.wikia.com/resource/Alliance_Cold_Weather_armor	http://dbkwik.webdatacommons.org/swg.wikia.com/resource/Alliance_Cold_Weather_armor	=	1.0000
http://dbkwik.webdatacommons.org/starwars.wikia.com/resource/Category:Rifles	http://dbkwik.webdatacommons.org/swg.wikia.com/resource/Category:Rifles	=	1.0000
http://starwars.wikia.com/wiki/Special:FilePath/PfilbeeJhorn.jpg?width=300	http://swg.wikia.com/wiki/Special:FilePath/PfilbeeJhorn.jpg?width=300	=	1.0000
http://starwars.wikia.com/wiki/Special:FilePath/006.png	http://swg.wikia.com/wiki/Special:FilePath/006.png	=	1.0000
http://starwars.wikia.com/wiki/Special:FilePath/Siv%27rool.jpg?width=300	http://swg.wikia.com/wiki/Special:FilePath/Siv%27rool.jpg?width=300	=	1.0000
http://dbkwik.webdatacommons.org/starwars.wikia.com/resource/Valcyn	http://dbkwik.webdatacommons.org/swg.wikia.com/resource/Valcyn	=	1.0000
http://dbkwik.webdatacommons.org/starwars.wikia.com/resource/Around_the_Campfire	http://dbkwik.webdatacommons.org/swg.wikia.com/resource/Around_the_Campfire	=	1.0000
http://dbkwik.webdatacommons.org/starwars.wikia.com/resource/Verne	http://dbkwik.webdatacommons.org/swg.wikia.com/resource/Verne	=	1.0000
http://dbkwik.webdatacommons.org/starwars.wikia.com/resource/Chewbacca	http://dbkwik.webdatacommons.org/swg.wikia.com/resource/Chewbacca	=	1.0000
http://dbkwik.webdatacommons.org/starwars.wikia.com/resource/Bacta_bomb	http://dbkwik.webdatacommons.org/swg.wikia.com/resource/Bacta_Bomb	=	1.0000
http://dbkwik.webdatacommons.org/starwars.wikia.com/resource/Tipoca_City	http://dbkwik.webdatacommons.org/swg.wikia.com/resource/Tipoca_(city)	=	1.0000
http://starwars.wikia.com/wiki/Special:FilePath/Murra_Blanca.jpg?width=300	http://swg.wikia.com/wiki/Special:FilePath/Murra_Blanca.jpg?width=300	=	1.0000
http://starwars.wikia.com/wiki/Special:FilePath/Blackguard_wilder.jpg	http://swg.wikia.com/wiki/Special:FilePath/Blackguard_Wilder.jpg	=	1.0000
http://dbkwik.webdatacommons.org/starwars.wikia.com/resource/Twi%27lek	http://dbkwik.webdatacommons.org/swg.wikia.com/resource/Twi%27lek	=	1.0000
http://starwars.wikia.com/wiki/Special:FilePath/Dexen.jpg	http://swg.wikia.com/wiki/Special:FilePath/Dexen.jpg	=	1.0000
http://starwars.wikia.com/wiki/Special:FilePath/Nova_Orion_Station.jpg	http://swg.wikia.com/wiki/Special:FilePath/Nova_Orion_Station.jpg	=	1.0000
http://starwars.wikia.com/wiki/Special:FilePath/Maerzen.jpg?width=300	http://swg.wikia.com/wiki/Special:FilePath/Maerzen.jpg?width=300	=	1.0000
http://dbkwik.webdatacommons.org/starwars.wikia.com/resource/Pei_Yi	http://dbkwik.webdatacommons.org/swg.wikia.com/resource/Pei_Yi	=	1.0000
http://dbkwik.webdatacommons.org/starwars.wikia.com/resource/Corran_Horn	http://dbkwik.webdatacommons.org/swg.wikia.com/resource/Corran_Horn	=	1.0000
http://starwars.wikia.com/wiki/Special:FilePath/BaliaAlloo.jpg?width=300	http://swg.wikia.com/wiki/Special:FilePath/Balia-alloo.jpg?width=300	=	1.0000
http://dbkwik.webdatacommons.org/starwars.wikia.com/resource/The_Story_of_Count_Dooku	http://dbkwik.webdatacommons.org/swg.wikia.com/resource/The_Story_of_Count_Dooku	=	1.0000
http://starwars.wikia.com/wiki/Special:FilePath/Stella.jpg?width=300	http://swg.wikia.com/wiki/Special:FilePath/Stella.jpg?width=300	=	1.0000
http://starwars.wikia.com/wiki/Special:FilePath/Diness_Imler.jpg	http://swg.wikia.com/wiki/Special:FilePath/Diness_Imler.jpg	=	1.0000
http://dbkwik.webdatacommons.org/starwars.wikia.com/resource/FarStar	http://dbkwik.webdatacommons.org/swg.wikia.com/resource/FarStar	=	1.0000
http://starwars.wikia.com/wiki/Special:FilePath/Paemos.jpg	http://swg.wikia.com/wiki/Special:FilePath/Paemos.jpg	=	1.0000
http://dbkwik.webdatacommons.org/starwars.wikia.com/resource/Portrait_of_Axkva_Min	http://dbkwik.webdatacommons.org/swg.wikia.com/resource/Portrait_of_Axkva_Min	=	1.0000
http://starwars.wikia.com/wiki/Special:FilePath/Beissa.jpg	http://swg.wikia.com/wiki/Special:FilePath/Beissa.jpg	=	1.0000
http://starwars.wikia.com/wiki/Special:FilePath/Dakar.jpg?width=300	http://swg.wikia.com/wiki/Special:FilePath/Dakar.jpg?width=300	=	1.0000
http://dbkwik.webdatacommons.org/starwars.wikia.com/resource/Saun_Dann	http://dbkwik.webdatacommons.org/swg.wikia.com/resource/Saun_Dann	=	1.0000
http://dbkwik.webdatacommons.org/starwars.wikia.com/resource/Rakir_Banai	http://dbkwik.webdatacommons.org/swg.wikia.com/resource/Rakir_Banai	=	1.0000
http://dbkwik.webdatacommons.org/starwars.wikia.com/resource/Kusak	http://dbkwik.webdatacommons.org/swg.wikia.com/resource/Kusak	=	1.0000
http://dbkwik.webdatacommons.org/starwars.wikia.com/resource/Kwi	http://dbkwik.webdatacommons.org/swg.wikia.com/resource/Kwi	=	1.0000
http://dbkwik.webdatacommons.org/starwars.wikia.com/resource/Crate	http://dbkwik.webdatacommons.org/swg.wikia.com/property/crate	=	1.0000
http://dbkwik.webdatacommons.org/starwars.wikia.com/resource/Category:Dathomir_system	http://dbkwik.webdatacommons.org/swg.wikia.com/resource/Category:Dathomir_system	=	1.0000
http://starwars.wikia.com/wiki/Special:FilePath/Marium_Valmont.jpg	http://swg.wikia.com/wiki/Special:FilePath/Marium_Valmont.jpg	=	1.0000
http://dbkwik.webdatacommons.org/starwars.wikia.com/resource/Cloak_of_Hate	http://dbkwik.webdatacommons.org/swg.wikia.com/resource/Cloak_of_Hate	=	1.0000
http://starwars.wikia.com/wiki/Special:FilePath/Echrhin_Isdan.jpg?width=300	http://swg.wikia.com/wiki/Special:FilePath/%0AEchrhin_Isdan.jpg?width=300	=	1.0000
http://dbkwik.webdatacommons.org/starwars.wikia.com/resource/Bolma	http://dbkwik.webdatacommons.org/swg.wikia.com/resource/Bolma	=	1.0000
http://starwars.wikia.com/wiki/Special:FilePath/Cityhall.jpg	http://swg.wikia.com/wiki/Special:FilePath/Cityhall.jpg	=	1.0000
http://starwars.wikia.com/wiki/Special:FilePath/LightOrd.jpg	http://swg.wikia.com/wiki/Special:FilePath/LightOrd.jpg	=	1.0000
http://starwars.wikia.com/wiki/Special:FilePath/Blue_milk.png?width=300	http://swg.wikia.com/wiki/Special:FilePath/BlueMilk.png?width=300	=	1.0000
http://dbkwik.webdatacommons.org/starwars.wikia.com/resource/Rebreather	http://dbkwik.webdatacommons.org/swg.wikia.com/resource/Rebreather	=	1.0000
http://dbkwik.webdatacommons.org/starwars.wikia.com/resource/Twin_bladed_glaive	http://dbkwik.webdatacommons.org/swg.wikia.com/resource/Twin-Bladed_Glaive	=	1.0000
http://dbkwik.webdatacommons.org/starwars.wikia.com/resource/Droma_Ordo	http://dbkwik.webdatacommons.org/swg.wikia.com/resource/Droma_Ordo	=	1.0000
http://dbkwik.webdatacommons.org/starwars.wikia.com/resource/Jagged_Fang	http://dbkwik.webdatacommons.org/swg.wikia.com/resource/Jagged_Fang	=	1.0000
http://starwars.wikia.com/wiki/Special:FilePath/SpecialCasserole.jpg?width=300	http://swg.wikia.com/wiki/Special:FilePath/Special-casserole.jpg?width=300	=	1.0000
http://starwars.wikia.com/wiki/Special:FilePath/ReeYees.jpg	http://swg.wikia.com/wiki/Special:FilePath/Ree-yees.jpg	=	1.0000
http://dbkwik.webdatacommons.org/starwars.wikia.com/resource/Matarmeno_Krahnn	http://dbkwik.webdatacommons.org/swg.wikia.com/resource/Matarmeno_Krahnn	=	1.0000
http://dbkwik.webdatacommons.org/starwars.wikia.com/resource/D	http://dbkwik.webdatacommons.org/swg.wikia.com/resource/D	=	1.0000
http://starwars.wikia.com/wiki/Special:FilePath/GalacticGatheringHousePainting.jpg?width=300	http://swg.wikia.com/wiki/Special:FilePath/Galactic-Gathering-House-Painting.jpg?width=300	=	1.0000
http://dbkwik.webdatacommons.org/starwars.wikia.com/resource/Category:Karthakk_system	http://dbkwik.webdatacommons.org/swg.wikia.com/resource/Category:Karthakk_system	=	1.0000
http://dbkwik.webdatacommons.org/starwars.wikia.com/property/skin	http://dbkwik.webdatacommons.org/swg.wikia.com/property/skin	=	1.0000
http://starwars.wikia.com/wiki/Special:FilePath/Nightsister_Force_Crystal.jpg	http://swg.wikia.com/wiki/Special:FilePath/Nightsister_Force_Crystal.jpg	=	1.0000
http://starwars.wikia.com/wiki/Special:FilePath/Insurgent.jpg	http://swg.wikia.com/wiki/Special:FilePath/Insurgent.jpg	=	1.0000
http://starwars.wikia.com/wiki/Special:FilePath/E-11_Carbine.jpg?width=300	http://swg.wikia.com/wiki/Special:FilePath/E11_Carbine.jpg?width=300	=	0.9519
http://dbkwik.webdatacommons.org/starwars.wikia.com/resource/Diness_Imler	http://dbkwik.webdatacommons.org/swg.wikia.com/resource/Diness_Imler	=	1.0000
http://dbkwik.webdatacommons.org/starwars.wikia.com/resource/XJ9_hypercharger	http://dbkwik.webdatacommons.org/swg.wikia.com/resource/XJ9_Hypercharger	=	1.0000
http://dbkwik.webdatacommons.org/starwars.wikia.com/property/water	http://dbkwik.webdatacommons.org/swg.wikia.com/resource/Water	=	1.0000
http://starwars.wikia.com/wiki/Special:FilePath/GralinynJuice.png?width=300	http://swg.wikia.com/wiki/Special:FilePath/GralinynJuice.png?width=300	=	1.0000
http://dbkwik.webdatacommons.org/starwars.wikia.com/resource/Solar_power_generator	http://dbkwik.webdatacommons.org/swg.wikia.com/resource/Solar_Power_Generator	=	1.0000
http://starwars.wikia.com/wiki/Special:FilePath/GeonosianSonicBlaster.jpg?width=300	http://swg.wikia.com/wiki/Special:FilePath/GeonosianSonicBlaster.jpg?width=300	=	1.0000
http://dbkwik.webdatacommons.org/starwars.wikia.com/resource/Singing_Mountain_Clan	http://dbkwik.webdatacommons.org/swg.wikia.com/resource/Singing_Mountain_Clan	=	1.0000
http://starwars.wikia.com/wiki/Special:FilePath/Dustcrepe.jpg	http://swg.wikia.com/wiki/Special:FilePath/Dustcrepe.jpg	=	1.0000
http://starwars.wikia.com/wiki/Special:FilePath/KaminoanGreatStaff.jpg?width=300	http://swg.wikia.com/wiki/Special:FilePath/Kaminoan_Great_Staff.jpg?width=300	=	1.0000
http://dbkwik.webdatacommons.org/starwars.wikia.com/resource/Image_Designer	http://dbkwik.webdatacommons.org/swg.wikia.com/resource/Image_Designer	=	1.0000
http://starwars.wikia.com/wiki/Special:FilePath/Throne_Room.jpg?width=300	http://swg.wikia.com/wiki/Special:FilePath/Throneroom.jpg?width=300	=	0.9555
http://starwars.wikia.com/wiki/Special:FilePath/Ziven-Tissak.jpg	http://swg.wikia.com/wiki/Special:FilePath/Ziven-Tissak.jpg	=	1.0000
http://starwars.wikia.com/wiki/Special:FilePath/Brantlee-spondoon.jpg	http://swg.wikia.com/wiki/Special:FilePath/Brantlee_spondoon.jpg	=	1.0000
http://starwars.wikia.com/wiki/Special:FilePath/ChokuMale.jpg	http://swg.wikia.com/wiki/Special:FilePath/ChokuMale.jpg	=	1.0000
http://starwars.wikia.com/wiki/Special:FilePath/Murra.jpg?width=300	http://swg.wikia.com/wiki/Special:FilePath/Murra.jpg?width=300	=	1.0000
http://dbkwik.webdatacommons.org/starwars.wikia.com/resource/Emperor%27s_Retreat	http://dbkwik.webdatacommons.org/swg.wikia.com/resource/Emperor%27s_Retreat	=	1.0000
http://dbkwik.webdatacommons.org/starwars.wikia.com/resource/Neonan_red_cheese	http://dbkwik.webdatacommons.org/swg.wikia.com/resource/Neonan_Red_Cheese	=	1.0000
http://dbkwik.webdatacommons.org/starwars.wikia.com/resource/Bane_Back_spider	http://dbkwik.webdatacommons.org/swg.wikia.com/resource/Bane_Back_Spider	=	1.0000
http://starwars.wikia.com/wiki/Special:FilePath/Ehartt_Brihnt.jpg	http://swg.wikia.com/wiki/Special:FilePath/Ehartt-Brihnt.jpg	=	1.0000
http://dbkwik.webdatacommons.org/starwars.wikia.com/resource/UR-G8_pistol	http://dbkwik.webdatacommons.org/swg.wikia.com/resource/UR-G8_Pistol	=	1.0000
http://starwars.wikia.com/wiki/Special:FilePath/JyykleVulture.jpg	http://swg.wikia.com/wiki/Special:FilePath/Jyykle_Vulture.jpg	=	1.0000
http://starwars.wikia.com/wiki/Special:FilePath/M22-T_Krayt_Gunship.jpg	http://swg.wikia.com/wiki/Special:FilePath/M22-T_Krayt_Gunship.jpg	=	1.0000
http://dbkwik.webdatacommons.org/starwars.wikia.com/resource/Naboo_system	http://dbkwik.webdatacommons.org/swg.wikia.com/resource/Naboo_system	=	1.0000
http://dbkwik.webdatacommons.org/starwars.wikia.com/resource/Hutt_Greed	http://dbkwik.webdatacommons.org/swg.wikia.com/resource/Hutt_Greed	=	1.0000
http://starwars.wikia.com/wiki/Special:FilePath/Brantlee-spondoon.jpg?width=300	http://swg.wikia.com/wiki/Special:FilePath/Brantlee-spondoon.jpg?width=300	=	1.0000
http://dbkwik.webdatacommons.org/starwars.wikia.com/resource/Sword	http://dbkwik.webdatacommons.org/swg.wikia.com/resource/Sword	=	1.0000
http://starwars.wikia.com/wiki/Special:FilePath/Tuwezz-vol.jpg	http://swg.wikia.com/wiki/Special:FilePath/Tuwezz-vol.jpg	=	1.0000
http://dbkwik.webdatacommons.org/starwars.wikia.com/property/header	http://dbkwik.webdatacommons.org/swg.wikia.com/property/header	=	1.0000
http://starwars.wikia.com/wiki/Special:FilePath/Nexu.jpg?width=300	http://swg.wikia.com/wiki/Special:FilePath/Nexu.jpg?width=300	=	1.0000
http://starwars.wikia.com/wiki/Special:FilePath/Pestilence.jpg	http://swg.wikia.com/wiki/Special:FilePath/Pestilence.jpg	=	1.0000
http://starwars.wikia.com/wiki/Special:FilePath/LobDizz.jpg	http://swg.wikia.com/wiki/Special:FilePath/Lob_dizz.jpg	=	1.0000
http://starwars.wikia.com/wiki/Special:FilePath/Brotherezkiel.jpg?width=300	http://swg.wikia.com/wiki/Special:FilePath/Brotherezkiel.jpg?width=300	=	1.0000
http://dbkwik.webdatacommons.org/starwars.wikia.com/resource/Advertisement	http://dbkwik.webdatacommons.org/swg.wikia.com/resource/Advertisement	=	1.0000
http://dbkwik.webdatacommons.org/starwars.wikia.com/resource/Concussion_grenade	http://dbkwik.webdatacommons.org/swg.wikia.com/resource/Concussion_Grenade	=	1.0000
http://starwars.wikia.com/wiki/Special:FilePath/Beggar%27s_Canyon.jpg?width=300	http://swg.wikia.com/wiki/Special:FilePath/Beggars-canyon.jpg?width=300	=	0.9459
http://starwars.wikia.com/wiki/Special:FilePath/Yoda.jpg?width=300	http://swg.wikia.com/wiki/Special:FilePath/Yoda.jpg?width=300	=	1.0000
http://starwars.wikia.com/wiki/Special:FilePath/ChokuFemale.jpg?width=300	http://swg.wikia.com/wiki/Special:FilePath/ChokuFemale.jpg?width=300	=	1.0000
http://starwars.wikia.com/wiki/Special:FilePath/Yoda.jpg	http://swg.wikia.com/wiki/Special:FilePath/Yoda.jpg	=	1.0000
http://dbkwik.webdatacommons.org/starwars.wikia.com/resource/2-1B	http://dbkwik.webdatacommons.org/swg.wikia.com/resource/2-1B	=	1.0000
http://dbkwik.webdatacommons.org/starwars.wikia.com/resource/Dust_durni	http://dbkwik.webdatacommons.org/swg.wikia.com/resource/Dust_Durni	=	1.0000
http://dbkwik.webdatacommons.org/starwars.wikia.com/resource/Sith_Saber	http://dbkwik.webdatacommons.org/swg.wikia.com/resource/Sith-Saber	=	1.0000
http://dbkwik.webdatacommons.org/starwars.wikia.com/resource/Kalranoos_carbine	http://dbkwik.webdatacommons.org/swg.wikia.com/resource/Kalranoos_Carbine	=	1.0000
http://starwars.wikia.com/wiki/Special:FilePath/Alliance_Cold_Weather_Gloves.jpg?width=300	http://swg.wikia.com/wiki/Special:FilePath/Alliance_cold_weather_gloves.jpg?width=300	=	1.0000
http://starwars.wikia.com/wiki/Special:FilePath/Datapad.jpg	http://swg.wikia.com/wiki/Special:FilePath/Datapad.jpg	=	1.0000
http://starwars.wikia.com/wiki/Special:FilePath/Ackbar.jpg?width=300	http://swg.wikia.com/wiki/Special:FilePath/Ackbar.jpg?width=300	=	1.0000
http://dbkwik.webdatacommons.org/starwars.wikia.com/resource/Red_Hydra_Z-5	http://dbkwik.webdatacommons.org/swg.wikia.com/resource/Red_Hydra_Z-5	=	1.0000
http://dbkwik.webdatacommons.org/starwars.wikia.com/resource/Anchorhead	http://dbkwik.webdatacommons.org/swg.wikia.com/resource/Anchorhead	=	1.0000
http://dbkwik.webdatacommons.org/starwars.wikia.com/resource/Murra	http://dbkwik.webdatacommons.org/swg.wikia.com/resource/Murra	=	1.0000
http://starwars.wikia.com/wiki/Special:FilePath/MassassiGuardianCarbine.jpg?width=300	http://swg.wikia.com/wiki/Special:FilePath/MassassiGuardianCarbine.jpg?width=300	=	1.0000
http://starwars.wikia.com/wiki/Special:FilePath/CDEF_carbine.jpg	http://swg.wikia.com/wiki/Special:FilePath/CDEF_Carbine.jpg	=	1.0000
http://dbkwik.webdatacommons.org/starwars.wikia.com/resource/Zabrak	http://dbkwik.webdatacommons.org/swg.wikia.com/resource/Zabrak	=	1.0000
http://starwars.wikia.com/wiki/Special:FilePath/Zekka_Thyne.jpg?width=300	http://swg.wikia.com/wiki/Special:FilePath/Zekka_thyne.jpg?width=300	=	1.0000
http://dbkwik.webdatacommons.org/starwars.wikia.com/resource/Quicktrigger_Countermand	http://dbkwik.webdatacommons.org/swg.wikia.com/resource/Quicktrigger_Countermand	=	1.0000
http://starwars.wikia.com/wiki/Special:FilePath/C-3TC.jpg?width=300	http://swg.wikia.com/wiki/Special:FilePath/C-3TC.jpg?width=300	=	1.0000
http://starwars.wikia.com/wiki/Special:FilePath/Old_man.jpg?width=300	http://swg.wikia.com/wiki/Special:FilePath/Old_man.jpg?width=300	=	1.0000
http://dbkwik.webdatacommons.org/starwars.wikia.com/resource/Cinderclaw	http://dbkwik.webdatacommons.org/swg.wikia.com/resource/Cinderclaw	=	1.0000
http://starwars.wikia.com/wiki/Special:FilePath/Binary_Liquid.jpg	http://swg.wikia.com/wiki/Special:FilePath/Binary_Liquid.jpg	=	1.0000
http://starwars.wikia.com/wiki/Special:FilePath/Kirkin-liawoon.jpg	http://swg.wikia.com/wiki/Special:FilePath/Kirkin-liawoon.jpg	=	1.0000
http://starwars.wikia.com/wiki/Special:FilePath/Protective_Liquid_Coating.jpg	http://swg.wikia.com/wiki/Special:FilePath/Protective_Liquid_Coating.jpg	=	1.0000
http://starwars.wikia.com/wiki/Special:FilePath/Snotharr.jpg?width=300	http://swg.wikia.com/wiki/Special:FilePath/Snotharr.jpg?width=300	=	1.0000
http://starwars.wikia.com/wiki/Special:FilePath/CaptainCoptszt.jpg	http://swg.wikia.com/wiki/Special:FilePath/CaptainCoptszt.jpg	=	1.0000
http://dbkwik.webdatacommons.org/starwars.wikia.com/resource/Life_Day_Wreath	http://dbkwik.webdatacommons.org/swg.wikia.com/resource/Life_Day_Wreath	=	1.0000
http://starwars.wikia.com/wiki/Special:FilePath/BreathofHeaven.png?width=300	http://swg.wikia.com/wiki/Special:FilePath/BreathOfHeaven.png?width=300	=	0.9582
http://starwars.wikia.com/wiki/Special:FilePath/Stella.jpg	http://swg.wikia.com/wiki/Special:FilePath/Stella.jpg	=	1.0000
http://dbkwik.webdatacommons.org/starwars.wikia.com/resource/Orooroo	http://dbkwik.webdatacommons.org/swg.wikia.com/resource/Orooroo	=	1.0000
http://dbkwik.webdatacommons.org/starwars.wikia.com/resource/A_Festive_Gathering	http://dbkwik.webdatacommons.org/swg.wikia.com/resource/A_Festive_Gathering	=	1.0000
http://dbkwik.webdatacommons.org/starwars.wikia.com/resource/Russell	http://dbkwik.webdatacommons.org/swg.wikia.com/resource/Russell	=	1.0000
http://dbkwik.webdatacommons.org/starwars.wikia.com/resource/Carlist_Rieekan	http://dbkwik.webdatacommons.org/swg.wikia.com/resource/Carlist_Rieekan	=	1.0000
http://dbkwik.webdatacommons.org/starwars.wikia.com/resource/Bacta_grenade	http://dbkwik.webdatacommons.org/swg.wikia.com/resource/Bacta_Grenade	=	1.0000
http://dbkwik.webdatacommons.org/starwars.wikia.com/resource/Lost_Diary_of_Walter_Emanus	http://dbkwik.webdatacommons.org/swg.wikia.com/resource/Lost_Diary_of_Walter_Emanus	=	1.0000
http://starwars.wikia.com/wiki/Special:FilePath/Goretongue.jpg?width=300	http://swg.wikia.com/wiki/Special:FilePath/Goretongue.jpg?width=300	=	1.0000
http://starwars.wikia.com/wiki/Special:FilePath/StuffedForageWorm.jpg?width=300	http://swg.wikia.com/wiki/Special:FilePath/A_Stuffed_Forage_Worm.jpg?width=300	=	0.9517
http://starwars.wikia.com/wiki/Special:FilePath/Venthan_Chassu.jpg?width=300	http://swg.wikia.com/wiki/Special:FilePath/Venthan_Chassu.jpg?width=300	=	1.0000
http://starwars.wikia.com/wiki/Special:FilePath/Corellia.jpg?width=300	http://swg.wikia.com/wiki/Special:FilePath/Corellia2.jpg?width=300	=	0.9541
http://dbkwik.webdatacommons.org/starwars.wikia.com/resource/Galactic_Empire	http://dbkwik.webdatacommons.org/swg.wikia.com/resource/Galactic_Empire	=	1.0000
http://starwars.wikia.com/wiki/Special:FilePath/Mouf.jpg?width=300	http://swg.wikia.com/wiki/Special:FilePath/Mouf.jpg?width=300	=	1.0000
http://starwars.wikia.com/wiki/Special:FilePath/Jaar.png	http://swg.wikia.com/wiki/Special:FilePath/Jaar.png	=	1.0000
http://dbkwik.webdatacommons.org/starwars.wikia.com/resource/Defensive_Stance	http://dbkwik.webdatacommons.org/swg.wikia.com/resource/Defensive_Stance	=	1.0000
http://starwars.wikia.com/wiki/Special:FilePath/LokFlag.jpg?width=300	http://swg.wikia.com/wiki/Special:FilePath/Lok_flag.jpg?width=300	=	1.0000
http://dbkwik.webdatacommons.org/starwars.wikia.com/resource/Sith_sword	http://dbkwik.webdatacommons.org/swg.wikia.com/resource/Sith_Sword	=	1.0000
http://starwars.wikia.com/wiki/Special:FilePath/Arnecio_Ulvaw%27op.jpg	http://swg.wikia.com/wiki/Special:FilePath/Arnecio_Ulvaw%27op.jpg	=	1.0000
http://starwars.wikia.com/wiki/Special:FilePath/Taarna.jpg?width=300	http://swg.wikia.com/wiki/Special:FilePath/Taarna.jpg?width=300	=	1.0000
http://dbkwik.webdatacommons.org/starwars.wikia.com/resource/Category:Events	http://dbkwik.webdatacommons.org/swg.wikia.com/resource/Category:Events	=	1.0000
http://starwars.wikia.com/wiki/Special:FilePath/Wookiee-ookiees.jpg?width=300	http://swg.wikia.com/wiki/Special:FilePath/Wookiee-ookiees.jpg?width=300	=	1.0000
http://dbkwik.webdatacommons.org/starwars.wikia.com/resource/Dweezel	http://dbkwik.webdatacommons.org/swg.wikia.com/resource/Dweezel	=	1.0000
http://dbkwik.webdatacommons.org/starwars.wikia.com/resource/Mineral	http://dbkwik.webdatacommons.org/swg.wikia.com/resource/Mineral	=	1.0000
http://dbkwik.webdatacommons.org/starwars.wikia.com/resource/Witches_of_Dathomir	http://dbkwik.webdatacommons.org/swg.wikia.com/resource/Witches_of_Dathomir	=	1.0000
http://dbkwik.webdatacommons.org/starwars.wikia.com/resource/Drum	http://dbkwik.webdatacommons.org/swg.wikia.com/resource/Drum	=	1.0000
http://starwars.wikia.com/wiki/Special:FilePath/Fezrik_Bendledon.jpg?width=300	http://swg.wikia.com/wiki/Special:FilePath/Fezrik-Bendledon.jpg?width=300	=	1.0000
http://starwars.wikia.com/wiki/Special:FilePath/Warrant-officer-luhin-jinno.jpg?width=300	http://swg.wikia.com/wiki/Special:FilePath/Warrant-officer-luhin-jinno.jpg?width=300	=	1.0000
http://dbkwik.webdatacommons.org/starwars.wikia.com/resource/Bone	http://dbkwik.webdatacommons.org/swg.wikia.com/resource/Bone	=	1.0000
http://dbkwik.webdatacommons.org/starwars.wikia.com/resource/Bandolier	http://dbkwik.webdatacommons.org/swg.wikia.com/resource/Bandolier	=	1.0000
http://starwars.wikia.com/wiki/Special:FilePath/SigrixSlix.jpg?width=300	http://swg.wikia.com/wiki/Special:FilePath/Sigrix-slix.jpg?width=300	=	1.0000
http://starwars.wikia.com/wiki/Special:FilePath/Dawnsorrow_rifle.jpg	http://swg.wikia.com/wiki/Special:FilePath/DawnsorrowRifle.jpg	=	1.0000
http://starwars.wikia.com/wiki/Special:FilePath/DamaliaKorde.jpg	http://swg.wikia.com/wiki/Special:FilePath/Damalia_Korde.jpg	=	1.0000
http://dbkwik.webdatacommons.org/starwars.wikia.com/resource/Aboo_Aramflahad	http://dbkwik.webdatacommons.org/swg.wikia.com/resource/Aboo_Aramflahad	=	1.0000
http://dbkwik.webdatacommons.org/starwars.wikia.com/resource/Malkloc	http://dbkwik.webdatacommons.org/swg.wikia.com/resource/Malkloc	=	1.0000
http://dbkwik.webdatacommons.org/starwars.wikia.com/resource/Nautolan	http://dbkwik.webdatacommons.org/swg.wikia.com/resource/Nautolan	=	1.0000
http://starwars.wikia.com/wiki/Special:FilePath/Carl.jpg	http://swg.wikia.com/wiki/Special:FilePath/Carl.jpg	=	1.0000
http://dbkwik.webdatacommons.org/starwars.wikia.com/resource/Ronto	http://dbkwik.webdatacommons.org/swg.wikia.com/resource/Ronto	=	1.0000
http://dbkwik.webdatacommons.org/starwars.wikia.com/resource/Uwo_Poal	http://dbkwik.webdatacommons.org/swg.wikia.com/resource/Uwo_Poal	=	1.0000
http://dbkwik.webdatacommons.org/starwars.wikia.com/resource/Terratta	http://dbkwik.webdatacommons.org/swg.wikia.com/resource/Terratta	=	1.0000
http://starwars.wikia.com/wiki/Special:FilePath///www.tradecardsonline.com/img/cards/swtcg/507/big/2.jpg?width=300	http://swg.wikia.com/wiki/Special:FilePath/2.jpg?width=300	=	1.0000
http://dbkwik.webdatacommons.org/starwars.wikia.com/resource/Merek	http://dbkwik.webdatacommons.org/swg.wikia.com/resource/Merek	=	1.0000
http://dbkwik.webdatacommons.org/starwars.wikia.com/resource/Vana_Sage	http://dbkwik.webdatacommons.org/swg.wikia.com/resource/Vana_Sage	=	1.0000
http://starwars.wikia.com/wiki/Special:FilePath/Ephant_Mon.jpg?width=300	http://swg.wikia.com/wiki/Special:FilePath/EphantMon.jpg?width=300	=	1.0000
http://starwars.wikia.com/wiki/Special:FilePath/Horn%27s_Future.jpg	http://swg.wikia.com/wiki/Special:FilePath/Horn%27s_Future.jpg	=	1.0000
http://dbkwik.webdatacommons.org/starwars.wikia.com/resource/Favorites_of_the_Force	http://dbkwik.webdatacommons.org/swg.wikia.com/resource/Favorites_of_the_Force	=	1.0000
http://starwars.wikia.com/wiki/Special:FilePath/DearicInvasion.jpg	http://swg.wikia.com/wiki/Special:FilePath/Dearic_Invasion.jpg	=	1.0000
http://starwars.wikia.com/wiki/Special:FilePath/Hunter.jpg	http://swg.wikia.com/wiki/Special:FilePath/Hunter.jpg	=	1.0000
http://dbkwik.webdatacommons.org/starwars.wikia.com/resource/Robe	http://dbkwik.webdatacommons.org/swg.wikia.com/resource/Robe	=	1.0000
http://starwars.wikia.com/wiki/Special:FilePath/Kerritamba.jpg	http://swg.wikia.com/wiki/Special:FilePath/Kerritamba.jpg	=	1.0000
http://starwars.wikia.com/wiki/Special:FilePath/Rancor_Aid.png	http://swg.wikia.com/wiki/Special:FilePath/RancorAid.png	=	1.0000
http://dbkwik.webdatacommons.org/starwars.wikia.com/resource/Scylla	http://dbkwik.webdatacommons.org/swg.wikia.com/resource/Scylla	=	1.0000
http://dbkwik.webdatacommons.org/starwars.wikia.com/resource/Lightsaber_Techniques_Painting	http://dbkwik.webdatacommons.org/swg.wikia.com/resource/Lightsaber_Techniques_Painting	=	1.0000
http://dbkwik.webdatacommons.org/starwars.wikia.com/resource/Jubai_Laetlii	http://dbkwik.webdatacommons.org/swg.wikia.com/resource/Jubai_Laetlii	=	1.0000
http://starwars.wikia.com/wiki/Special:FilePath/Boshaz.jpg	http://swg.wikia.com/wiki/Special:FilePath/Boshaz.jpg	=	1.0000
http://dbkwik.webdatacommons.org/starwars.wikia.com/resource/Category:Posters	http://dbkwik.webdatacommons.org/swg.wikia.com/resource/Category:Posters	=	1.0000
http://dbkwik.webdatacommons.org/starwars.wikia.com/resource/Nightsister_Force_crystal	http://dbkwik.webdatacommons.org/swg.wikia.com/resource/Nightsister_Force_Crystal	=	1.0000
http://starwars.wikia.com/wiki/Special:FilePath/Kkrax.jpg	http://swg.wikia.com/wiki/Special:FilePath/Kkrax.jpg	=	1.0000
http://dbkwik.webdatacommons.org/starwars.wikia.com/resource/Bantha_steak_soup	http://dbkwik.webdatacommons.org/swg.wikia.com/resource/Bantha_Steak_Soup	=	1.0000
http://starwars.wikia.com/wiki/Special:FilePath/RedHydraZ5.jpg?width=300	http://swg.wikia.com/wiki/Special:FilePath/Red_Hydra_Z_-_5.jpg?width=300	=	0.9556
http://dbkwik.webdatacommons.org/starwars.wikia.com/resource/Paralope	http://dbkwik.webdatacommons.org/swg.wikia.com/resource/Paralope	=	1.0000
http://dbkwik.webdatacommons.org/starwars.wikia.com/resource/Eopie	http://dbkwik.webdatacommons.org/swg.wikia.com/resource/Eopie	=	1.0000
http://dbkwik.webdatacommons.org/starwars.wikia.com/resource/Gurk	http://dbkwik.webdatacommons.org/swg.wikia.com/resource/Gurk	=	1.0000
http://dbkwik.webdatacommons.org/starwars.wikia.com/resource/Katarn_armor	http://dbkwik.webdatacommons.org/swg.wikia.com/resource/Katarn_armor	=	1.0000
http://starwars.wikia.com/wiki/Special:FilePath/Gallura-Handerin.jpg?width=300	http://swg.wikia.com/wiki/Special:FilePath/Gallura-Handerin.jpg?width=300	=	1.0000
http://dbkwik.webdatacommons.org/starwars.wikia.com/resource/Erriya	http://dbkwik.webdatacommons.org/swg.wikia.com/resource/Erriya	=	1.0000
http://starwars.wikia.com/wiki/Special:FilePath/NitraVendallan.jpg?width=300	http://swg.wikia.com/wiki/Special:FilePath/Nitra_Vendallan.jpg?width=300	=	1.0000
http://dbkwik.webdatacommons.org/starwars.wikia.com/resource/Bondara%27s_Folly	http://dbkwik.webdatacommons.org/swg.wikia.com/resource/Bondara%27s_Folly	=	1.0000
http://dbkwik.webdatacommons.org/starwars.wikia.com/property/speed	http://dbkwik.webdatacommons.org/swg.wikia.com/property/speed	=	1.0000
http://dbkwik.webdatacommons.org/starwars.wikia.com/resource/Vance_Groten	http://dbkwik.webdatacommons.org/swg.wikia.com/resource/Vance_Groten	=	1.0000
http://dbkwik.webdatacommons.org/starwars.wikia.com/resource/Webweaver	http://dbkwik.webdatacommons.org/swg.wikia.com/resource/Webweaver	=	1.0000
http://dbkwik.webdatacommons.org/starwars.wikia.com/resource/Initiate	http://dbkwik.webdatacommons.org/swg.wikia.com/resource/Initiate	=	1.0000
http://dbkwik.webdatacommons.org/starwars.wikia.com/resource/Lost_Aqualish_War_Party%27s_Cave	http://dbkwik.webdatacommons.org/swg.wikia.com/resource/Lost_Aqualish_War_Party%27s_Cave	=	1.0000
http://starwars.wikia.com/wiki/Special:FilePath/Scythe.jpg	http://swg.wikia.com/wiki/Special:FilePath/Scythe.jpg	=	1.0000
http://dbkwik.webdatacommons.org/starwars.wikia.com/resource/Imperial_Forest_Camouflage_Armor	http://dbkwik.webdatacommons.org/swg.wikia.com/resource/Imperial_Forest_Camouflage_armour	=	0.9769
http://starwars.wikia.com/wiki/Special:FilePath/Kusak.jpg?width=300	http://swg.wikia.com/wiki/Special:FilePath/Kusak.jpg?width=300	=	1.0000
http://dbkwik.webdatacommons.org/starwars.wikia.com/resource/Gracious_Government_Mix	http://dbkwik.webdatacommons.org/swg.wikia.com/resource/Gracious_Government_Mix	=	1.0000
http://dbkwik.webdatacommons.org/starwars.wikia.com/resource/Skar	http://dbkwik.webdatacommons.org/swg.wikia.com/resource/Skar	=	1.0000
http://starwars.wikia.com/wiki/Special:FilePath/Peaches.jpg	http://swg.wikia.com/wiki/Special:FilePath/Peaches.jpg	=	1.0000
http://dbkwik.webdatacommons.org/starwars.wikia.com/resource/Mos_Espa	http://dbkwik.webdatacommons.org/swg.wikia.com/resource/Mos_Espa	=	1.0000
http://dbkwik.webdatacommons.org/starwars.wikia.com/resource/Keren	http://dbkwik.webdatacommons.org/swg.wikia.com/resource/Keren	=	1.0000
http://dbkwik.webdatacommons.org/starwars.wikia.com/resource/%27Whistler%27_modified_carbine	http://dbkwik.webdatacommons.org/swg.wikia.com/resource/%27Whistler%27_Modified_Carbine	=	1.0000
http://starwars.wikia.com/wiki/Special:FilePath/Kais.jpg	http://swg.wikia.com/wiki/Special:FilePath/Kais.jpg	=	1.0000
http://dbkwik.webdatacommons.org/starwars.wikia.com/resource/Bloodlight_Sea	http://dbkwik.webdatacommons.org/swg.wikia.com/resource/Bloodlight_Sea	=	1.0000
http://starwars.wikia.com/wiki/Special:FilePath/Vatoono.jpg	http://swg.wikia.com/wiki/Special:FilePath/Vatoono.jpg	=	1.0000
http://starwars.wikia.com/wiki/Special:FilePath/Rebelassaultarmor.jpg?width=300	http://swg.wikia.com/wiki/Special:FilePath/Rebelassaultarmor.jpg?width=300	=	1.0000
http://dbkwik.webdatacommons.org/starwars.wikia.com/resource/Ord_Mantell_Space	http://dbkwik.webdatacommons.org/swg.wikia.com/resource/Ord_Mantell_space	=	1.0000
http://dbkwik.webdatacommons.org/starwars.wikia.com/resource/Empire_Day	http://dbkwik.webdatacommons.org/swg.wikia.com/resource/Empire_Day	=	1.0000
http://dbkwik.webdatacommons.org/starwars.wikia.com/resource/Blackhand_Annihilator	http://dbkwik.webdatacommons.org/swg.wikia.com/resource/Blackhand_Annihilator	=	1.0000
http://dbkwik.webdatacommons.org/starwars.wikia.com/resource/Wampa	http://dbkwik.webdatacommons.org/swg.wikia.com/resource/Wampa	=	1.0000
http://starwars.wikia.com/wiki/Special:FilePath/Imperialnovastarmedal.jpg	http://swg.wikia.com/wiki/Special:FilePath/Imperialnovastarmedal.jpg	=	1.0000
http://dbkwik.webdatacommons.org/starwars.wikia.com/resource/Category:Images	http://dbkwik.webdatacommons.org/swg.wikia.com/resource/Category:Images	=	1.0000
http://dbkwik.webdatacommons.org/starwars.wikia.com/resource/Mos_Eisley	http://dbkwik.webdatacommons.org/swg.wikia.com/resource/Mos_Eisley	=	1.0000
http://starwars.wikia.com/wiki/Special:FilePath/Station_Gamma.png?width=300	http://swg.wikia.com/wiki/Special:FilePath/Station_Gamma.png?width=300	=	1.0000
http://dbkwik.webdatacommons.org/starwars.wikia.com/resource/Mellichae	http://dbkwik.webdatacommons.org/swg.wikia.com/resource/Mellichae	=	1.0000
http://dbkwik.webdatacommons.org/starwars.wikia.com/resource/Tyber_Zann	http://dbkwik.webdatacommons.org/swg.wikia.com/resource/Tyber_Zann	=	1.0000
http://starwars.wikia.com/wiki/Special:FilePath/SWG_Memory_Book.jpg?width=300	http://swg.wikia.com/wiki/Special:FilePath/SWG_Memory_Book.jpg?width=300	=	1.0000
http://starwars.wikia.com/wiki/Special:FilePath/Sith_Speeder.jpg	http://swg.wikia.com/wiki/Special:FilePath/Sith-Speeder.jpg	=	1.0000
http://starwars.wikia.com/wiki/Special:FilePath/FixerOne.jpg?width=300	http://swg.wikia.com/wiki/Special:FilePath/Fixer_one.jpg?width=300	=	1.0000
http://dbkwik.webdatacommons.org/starwars.wikia.com/resource/Permafrost_crystal	http://dbkwik.webdatacommons.org/swg.wikia.com/resource/Permafrost_Crystal	=	1.0000
http://starwars.wikia.com/wiki/Special:FilePath/LegendaryVortexRifle.jpg?width=300	http://swg.wikia.com/wiki/Special:FilePath/The_Legendary_Vortex_Rifle.jpg?width=300	=	0.9640
http://dbkwik.webdatacommons.org/starwars.wikia.com/resource/Old_Man	http://dbkwik.webdatacommons.org/swg.wikia.com/resource/Old_Man	=	1.0000
http://dbkwik.webdatacommons.org/starwars.wikia.com/resource/Salon	http://dbkwik.webdatacommons.org/swg.wikia.com/resource/Salon	=	1.0000
http://dbkwik.webdatacommons.org/starwars.wikia.com/resource/Kint_Zsam	http://dbkwik.webdatacommons.org/swg.wikia.com/resource/Kint_Zsam	=	1.0000
http://dbkwik.webdatacommons.org/starwars.wikia.com/resource/Sensor_decoy	http://dbkwik.webdatacommons.org/swg.wikia.com/resource/Sensor_decoy	=	1.0000
http://dbkwik.webdatacommons.org/starwars.wikia.com/resource/Aurek	http://dbkwik.webdatacommons.org/swg.wikia.com/resource/Aurek	=	1.0000
http://dbkwik.webdatacommons.org/starwars.wikia.com/resource/Maximillian	http://dbkwik.webdatacommons.org/swg.wikia.com/resource/Maximillian	=	1.0000
http://starwars.wikia.com/wiki/Special:FilePath/PriskKith%27Vys.jpg?width=300	http://swg.wikia.com/wiki/Special:FilePath/Prisk_Kith%27Vys.jpg?width=300	=	1.0000
http://starwars.wikia.com/wiki/Special:FilePath/ComlinkPainting.jpg	http://swg.wikia.com/wiki/Special:FilePath/Comlink_Painting.jpg	=	1.0000
http://dbkwik.webdatacommons.org/starwars.wikia.com/resource/Smuggler%27s_Delight	http://dbkwik.webdatacommons.org/swg.wikia.com/resource/Smuggler%27s_Delight	=	1.0000
http://starwars.wikia.com/wiki/Special:FilePath/Kiin-dray.png?width=300	http://swg.wikia.com/wiki/Special:FilePath/Kiin-dray.png?width=300	=	1.0000
http://dbkwik.webdatacommons.org/starwars.wikia.com/resource/Bothan_Buff	http://dbkwik.webdatacommons.org/swg.wikia.com/resource/Bothan_Buff	=	1.0000
http://dbkwik.webdatacommons.org/starwars.wikia.com/resource/Star_Wars_Galaxies_Memory_Book	http://dbkwik.webdatacommons.org/swg.wikia.com/resource/Star_Wars_Galaxies_Memory_Book	=	1.0000
http://starwars.wikia.com/wiki/Special:FilePath/StuffedForageWorm.jpg	http://swg.wikia.com/wiki/Special:FilePath/A_Stuffed_Forage_Worm.jpg	=	0.9544
http://starwars.wikia.com/wiki/Special:FilePath/Nightsister_Energy_Lance.jpg	http://swg.wikia.com/wiki/Special:FilePath/Nightsister_Energy_Lance.jpg	=	1.0000
http://dbkwik.webdatacommons.org/starwars.wikia.com/resource/Stormtrooper_armor	http://dbkwik.webdatacommons.org/swg.wikia.com/resource/Stormtrooper_armor	=	1.0000
http://dbkwik.webdatacommons.org/starwars.wikia.com/resource/Nak%27tra_crystal_rifle	http://dbkwik.webdatacommons.org/swg.wikia.com/resource/Nak%27tra_Crystal_Rifle	=	1.0000
http://starwars.wikia.com/wiki/Special:FilePath/Krayt_dragon.jpg?width=300	http://swg.wikia.com/wiki/Special:FilePath/Krayt_Dragon.jpg?width=300	=	1.0000
http://dbkwik.webdatacommons.org/starwars.wikia.com/resource/Kaadara	http://dbkwik.webdatacommons.org/swg.wikia.com/resource/Kaadara	=	1.0000
http://starwars.wikia.com/wiki/Special:FilePath///www.wizards.com/swtcg/images/esb/tauntaun_mount.jpg	http://swg.wikia.com/wiki/Special:FilePath/Tauntaun_mount.jpg	=	1.0000
http://dbkwik.webdatacommons.org/starwars.wikia.com/resource/Fungus	http://dbkwik.webdatacommons.org/swg.wikia.com/resource/Fungus	=	1.0000
http://starwars.wikia.com/wiki/Special:FilePath/LorunaScathe.jpg?width=300	http://swg.wikia.com/wiki/Special:FilePath/Loruna-Scathe.jpg?width=300	=	1.0000
http://dbkwik.webdatacommons.org/starwars.wikia.com/resource/Family_Bonds	http://dbkwik.webdatacommons.org/swg.wikia.com/resource/Family_Bonds	=	1.0000
http://dbkwik.webdatacommons.org/starwars.wikia.com/resource/Flameout	http://dbkwik.webdatacommons.org/swg.wikia.com/resource/Flameout	=	1.0000
http://starwars.wikia.com/wiki/Special:FilePath/Dark_lord.jpg?width=300	http://swg.wikia.com/wiki/Special:FilePath/Dark_Lord.jpg?width=300	=	1.0000
http://starwars.wikia.com/wiki/Special:FilePath/Morgukai_Shadow_Scroll.jpg?width=300	http://swg.wikia.com/wiki/Special:FilePath/Morgukai_Shadow_Scroll.jpg?width=300	=	1.0000
http://starwars.wikia.com/wiki/Special:FilePath/Q4P3.jpg?width=300	http://swg.wikia.com/wiki/Special:FilePath/Q4P3.jpg?width=300	=	1.0000
http://starwars.wikia.com/wiki/Special:FilePath/Xwing3.jpg?width=300	http://swg.wikia.com/wiki/Special:FilePath/Xwing.jpg?width=300	=	0.9513
http://dbkwik.webdatacommons.org/starwars.wikia.com/resource/Cloud_City_Pod_Car	http://dbkwik.webdatacommons.org/swg.wikia.com/resource/Cloud_City_Pod_Car	=	1.0000
http://dbkwik.webdatacommons.org/starwars.wikia.com/resource/Resh	http://dbkwik.webdatacommons.org/swg.wikia.com/resource/Resh	=	1.0000
http://dbkwik.webdatacommons.org/starwars.wikia.com/resource/Boba_Fett	http://dbkwik.webdatacommons.org/swg.wikia.com/resource/Boba_Fett	=	1.0000
http://dbkwik.webdatacommons.org/starwars.wikia.com/resource/Lethin_Bludder	http://dbkwik.webdatacommons.org/swg.wikia.com/resource/Lethin_Bludder	=	1.0000
http://starwars.wikia.com/wiki/Special:FilePath/Jawa.jpg?width=300	http://swg.wikia.com/wiki/Special:FilePath/Jawa.jpg?width=300	=	1.0000
http://starwars.wikia.com/wiki/Special:FilePath/Maikia.jpg?width=300	http://swg.wikia.com/wiki/Special:FilePath/Maikia.jpg?width=300	=	1.0000
http://dbkwik.webdatacommons.org/starwars.wikia.com/resource/Kirkin_Liawoon	http://dbkwik.webdatacommons.org/swg.wikia.com/resource/Kirkin_Liawoon	=	1.0000
http://dbkwik.webdatacommons.org/starwars.wikia.com/resource/Vrelt	http://dbkwik.webdatacommons.org/swg.wikia.com/resource/Vrelt	=	1.0000
http://dbkwik.webdatacommons.org/starwars.wikia.com/resource/Marium_Valmont	http://dbkwik.webdatacommons.org/swg.wikia.com/resource/Marium_Valmont	=	1.0000
http://starwars.wikia.com/wiki/Special:FilePath/Gulginaw.jpg?width=300	http://swg.wikia.com/wiki/Special:FilePath/Gulginaw.jpg?width=300	=	1.0000
http://starwars.wikia.com/wiki/Special:FilePath/Jetpack.jpg?width=300	http://swg.wikia.com/wiki/Special:FilePath/Jetpack.jpg?width=300	=	1.0000
http://dbkwik.webdatacommons.org/starwars.wikia.com/resource/Bothan_Beauty	http://dbkwik.webdatacommons.org/swg.wikia.com/resource/Bothan_Beauty	=	1.0000
http://dbkwik.webdatacommons.org/starwars.wikia.com/resource/Bone_gnasher	http://dbkwik.webdatacommons.org/swg.wikia.com/resource/Bone_Gnasher	=	1.0000
http://dbkwik.webdatacommons.org/starwars.wikia.com/resource/Krayt_Graveyard	http://dbkwik.webdatacommons.org/swg.wikia.com/resource/Krayt_Graveyard	=	1.0000
http://starwars.wikia.com/wiki/Special:FilePath/PfilbeeJhorn.jpg	http://swg.wikia.com/wiki/Special:FilePath/PfilbeeJhorn.jpg	=	1.0000
http://dbkwik.webdatacommons.org/starwars.wikia.com/resource/Nym%27s_slugthrower-carbine	http://dbkwik.webdatacommons.org/swg.wikia.com/resource/Nym%27s_Slugthrower_Carbine	=	1.0000
http://dbkwik.webdatacommons.org/starwars.wikia.com/resource/Black_Hole_dark_trooper	http://dbkwik.webdatacommons.org/swg.wikia.com/resource/Black_Hole_dark_trooper	=	1.0000
http://dbkwik.webdatacommons.org/starwars.wikia.com/resource/Zekka_Thyne	http://dbkwik.webdatacommons.org/swg.wikia.com/resource/Zekka_Thyne	=	1.0000
http://starwars.wikia.com/wiki/Special:FilePath/Nikto.jpg	http://swg.wikia.com/wiki/Special:FilePath/%0ANikto.jpg	=	1.0000
http://dbkwik.webdatacommons.org/starwars.wikia.com/resource/Pall	http://dbkwik.webdatacommons.org/swg.wikia.com/resource/Pall	=	1.0000
http://dbkwik.webdatacommons.org/starwars.wikia.com/resource/Bio-Engineer_Poster	http://dbkwik.webdatacommons.org/swg.wikia.com/resource/Bio-Engineer_Poster	=	1.0000
http://dbkwik.webdatacommons.org/starwars.wikia.com/resource/Forage_worm	http://dbkwik.webdatacommons.org/swg.wikia.com/resource/Forage_Worm	=	1.0000
http://dbkwik.webdatacommons.org/starwars.wikia.com/resource/Kashyyyk	http://dbkwik.webdatacommons.org/swg.wikia.com/resource/Kashyyyk	=	1.0000
http://starwars.wikia.com/wiki/Special:FilePath/Venthan_Chassu.jpg	http://swg.wikia.com/wiki/Special:FilePath/Venthan_Chassu.jpg	=	1.0000
http://starwars.wikia.com/wiki/Special:FilePath/Sathog.jpg?width=300	http://swg.wikia.com/wiki/Special:FilePath/Sathog.jpg?width=300	=	1.0000
http://dbkwik.webdatacommons.org/starwars.wikia.com/resource/Exar_Kun_mural	http://dbkwik.webdatacommons.org/swg.wikia.com/resource/Exar_Kun_Mural	=	1.0000
http://dbkwik.webdatacommons.org/starwars.wikia.com/resource/Squall	http://dbkwik.webdatacommons.org/swg.wikia.com/resource/Squall	=	1.0000
http://starwars.wikia.com/wiki/Special:FilePath/Merkie-howzat.jpg?width=300	http://swg.wikia.com/wiki/Special:FilePath/Merkie-howzat.jpg?width=300	=	1.0000
http://dbkwik.webdatacommons.org/starwars.wikia.com/resource/Gorg	http://dbkwik.webdatacommons.org/swg.wikia.com/resource/Gorg	=	1.0000
http://starwars.wikia.com/wiki/Special:FilePath/JagSilon.jpg	http://swg.wikia.com/wiki/Special:FilePath/Jag-Silon.jpg	=	1.0000
http://dbkwik.webdatacommons.org/starwars.wikia.com/resource/Junk_dealer	http://dbkwik.webdatacommons.org/swg.wikia.com/resource/Junk_Dealer	=	1.0000
http://starwars.wikia.com/wiki/Special:FilePath/Homing_Beacon.jpg	http://swg.wikia.com/wiki/Special:FilePath/Homing-beacon.jpg	=	1.0000
http://starwars.wikia.com/wiki/Special:FilePath/General_Ufwol.jpg?width=300	http://swg.wikia.com/wiki/Special:FilePath/General_Ufwol.jpg?width=300	=	1.0000
http://starwars.wikia.com/wiki/Special:FilePath/Rebel_sympathizer.png?width=300	http://swg.wikia.com/wiki/Special:FilePath/Rebel_sympathizer.png?width=300	=	1.0000
http://dbkwik.webdatacommons.org/starwars.wikia.com/resource/Green_Laser	http://dbkwik.webdatacommons.org/swg.wikia.com/resource/Green_Laser	=	1.0000
http://dbkwik.webdatacommons.org/starwars.wikia.com/resource/Ronin_Lightrunner	http://dbkwik.webdatacommons.org/swg.wikia.com/resource/Ronin_Lightrunner	=	1.0000
http://starwars.wikia.com/wiki/Special:FilePath/Frag_storm_shotgun.jpg	http://swg.wikia.com/wiki/Special:FilePath/Frag_storm_shotgun.jpg	=	1.0000
http://dbkwik.webdatacommons.org/starwars.wikia.com/resource/Blackwing_crystal	http://dbkwik.webdatacommons.org/swg.wikia.com/resource/Blackwing_Crystal	=	1.0000
http://dbkwik.webdatacommons.org/starwars.wikia.com/resource/Imperial_recruiter	http://dbkwik.webdatacommons.org/swg.wikia.com/resource/Imperial_recruiter	=	1.0000
http://dbkwik.webdatacommons.org/starwars.wikia.com/resource/Bela_Vistal	http://dbkwik.webdatacommons.org/swg.wikia.com/resource/Bela_Vistal	=	1.0000
http://starwars.wikia.com/wiki/Special:FilePath/B2_super_battle_droid.png?width=300	http://swg.wikia.com/wiki/Special:FilePath/B2SuperBattleDroid.png?width=300	=	1.0000
http://starwars.wikia.com/wiki/Special:FilePath/AmnivaSilvoi.jpg	http://swg.wikia.com/wiki/Special:FilePath/Amniva-silvoi.jpg	=	1.0000
http://dbkwik.webdatacommons.org/starwars.wikia.com/resource/Tekil_Barje	http://dbkwik.webdatacommons.org/swg.wikia.com/resource/Tekil_Barje	=	1.0000
http://starwars.wikia.com/wiki/Special:FilePath/Decay_Mite.jpg?width=300	http://swg.wikia.com/wiki/Special:FilePath/DecayMite.jpg?width=300	=	1.0000
http://dbkwik.webdatacommons.org/starwars.wikia.com/resource/Category:Rebel_Alliance	http://dbkwik.webdatacommons.org/swg.wikia.com/resource/Category:Rebel_Alliance	=	1.0000
http://dbkwik.webdatacommons.org/starwars.wikia.com/resource/Nightsister_Forced_Labor_Camp	http://dbkwik.webdatacommons.org/swg.wikia.com/resource/Nightsister_Forced_Labor_Camp	=	1.0000
http://dbkwik.webdatacommons.org/starwars.wikia.com/resource/Esk	http://dbkwik.webdatacommons.org/swg.wikia.com/resource/Esk	=	1.0000
http://dbkwik.webdatacommons.org/starwars.wikia.com/resource/Frelka	http://dbkwik.webdatacommons.org/swg.wikia.com/resource/Frelka	=	1.0000
http://dbkwik.webdatacommons.org/starwars.wikia.com/resource/Aurilia	http://dbkwik.webdatacommons.org/swg.wikia.com/resource/Aurilia	=	1.0000
http://dbkwik.webdatacommons.org/starwars.wikia.com/resource/Ormachek	http://dbkwik.webdatacommons.org/swg.wikia.com/resource/Ormachek	=	1.0000
http://dbkwik.webdatacommons.org/starwars.wikia.com/resource/A_New_Hope_(painting)	http://dbkwik.webdatacommons.org/swg.wikia.com/resource/A_new_Hope_(painting)	=	1.0000
http://dbkwik.webdatacommons.org/starwars.wikia.com/class/disambig	http://dbkwik.webdatacommons.org/swg.wikia.com/class/disambig	=	1.0000
http://dbkwik.webdatacommons.org/starwars.wikia.com/resource/Scyk	http://dbkwik.webdatacommons.org/swg.wikia.com/resource/Scyk	=	1.0000
http://starwars.wikia.com/wiki/Special:FilePath/Jural.jpg?width=300	http://swg.wikia.com/wiki/Special:FilePath/Jural.jpg?width=300	=	1.0000
http://starwars.wikia.com/wiki/Special:FilePath/Ubese.jpg	http://swg.wikia.com/wiki/Special:FilePath/Ubese.jpg	=	1.0000
http://starwars.wikia.com/wiki/Special:FilePath/BO-661.jpg?width=300	http://swg.wikia.com/wiki/Special:FilePath/BO-661.jpg?width=300	=	1.0000
http://dbkwik.webdatacommons.org/starwars.wikia.com/resource/Festival_Treats_and_Trinkets	http://dbkwik.webdatacommons.org/swg.wikia.com/resource/Festival_Treats_and_Trinkets	=	1.0000
http://dbkwik.webdatacommons.org/starwars.wikia.com/resource/Rhiss_Mark-20	http://dbkwik.webdatacommons.org/swg.wikia.com/resource/Rhiss_Mark-20	=	1.0000
http://starwars.wikia.com/wiki/Special:FilePath/ImperialOasisIncident.jpg	http://swg.wikia.com/wiki/Special:FilePath/Imperial-oasis-incident.jpg	=	1.0000
http://dbkwik.webdatacommons.org/starwars.wikia.com/resource/Byrec	http://dbkwik.webdatacommons.org/swg.wikia.com/resource/Byrec	=	1.0000
http://dbkwik.webdatacommons.org/starwars.wikia.com/resource/Blerx_Tango	http://dbkwik.webdatacommons.org/swg.wikia.com/resource/Blerx_Tango	=	1.0000
http://dbkwik.webdatacommons.org/starwars.wikia.com/resource/Lando_Calrissian	http://dbkwik.webdatacommons.org/swg.wikia.com/resource/Lando_Calrissian	=	1.0000
http://dbkwik.webdatacommons.org/starwars.wikia.com/resource/Guri	http://dbkwik.webdatacommons.org/swg.wikia.com/resource/Guri	=	1.0000
http://starwars.wikia.com/wiki/Special:FilePath/Tulrus.jpg?width=300	http://swg.wikia.com/wiki/Special:FilePath/Tulrus.jpg?width=300	=	1.0000
http://starwars.wikia.com/wiki/Special:FilePath/Destroyer_Droid.jpg	http://swg.wikia.com/wiki/Special:FilePath/Destroyer_Droid.jpg	=	1.0000
http://dbkwik.webdatacommons.org/starwars.wikia.com/resource/Lergo_Brazee	http://dbkwik.webdatacommons.org/swg.wikia.com/resource/Lergo_Brazee	=	1.0000
http://dbkwik.webdatacommons.org/starwars.wikia.com/resource/Corsairian_Crescent	http://dbkwik.webdatacommons.org/swg.wikia.com/resource/Corsairian_Crescent	=	1.0000
http://dbkwik.webdatacommons.org/starwars.wikia.com/resource/Pa%27lowick	http://dbkwik.webdatacommons.org/swg.wikia.com/resource/Pa%27lowick	=	1.0000
http://starwars.wikia.com/wiki/Special:FilePath/DathnaeyaLoessin.jpg	http://swg.wikia.com/wiki/Special:FilePath/Dathnaeya_Loessin.jpg	=	1.0000
http://dbkwik.webdatacommons.org/starwars.wikia.com/resource/Chandad	http://dbkwik.webdatacommons.org/swg.wikia.com/resource/Chandad	=	1.0000
http://starwars.wikia.com/wiki/Special:FilePath/Reaper_sniper_rifle.jpg?width=300	http://swg.wikia.com/wiki/Special:FilePath/Reaper_Sniper_Rifle.jpg?width=300	=	1.0000
http://starwars.wikia.com/wiki/Special:FilePath/Maikia.jpg	http://swg.wikia.com/wiki/Special:FilePath/Maikia.jpg	=	1.0000
http://starwars.wikia.com/wiki/Special:FilePath/MosEisley.jpg?width=300	http://swg.wikia.com/wiki/Special:FilePath/Mos_Eisley.jpg?width=300	=	1.0000
http://starwars.wikia.com/wiki/Special:FilePath/CrevBombassa.png	http://swg.wikia.com/wiki/Special:FilePath/CrevBombassa.png	=	1.0000
http://dbkwik.webdatacommons.org/starwars.wikia.com/property/birth	http://dbkwik.webdatacommons.org/swg.wikia.com/property/birth	=	1.0000
http://dbkwik.webdatacommons.org/starwars.wikia.com/resource/Brody_Johnson	http://dbkwik.webdatacommons.org/swg.wikia.com/resource/Brody_Johnson	=	1.0000
http://starwars.wikia.com/wiki/Special:FilePath/Halo.jpg	http://swg.wikia.com/wiki/Special:FilePath/Halo.jpg	=	1.0000
http://starwars.wikia.com/wiki/Special:FilePath/Ryoo_Finn.jpg?width=300	http://swg.wikia.com/wiki/Special:FilePath/RyooFinn.jpg?width=300	=	1.0000
http://dbkwik.webdatacommons.org/starwars.wikia.com/resource/Acid	http://dbkwik.webdatacommons.org/swg.wikia.com/property/acid	=	1.0000
http://starwars.wikia.com/wiki/Special:FilePath/Temple_of_Exar_Kun.jpg	http://swg.wikia.com/wiki/Special:FilePath/Temple_of_exar_kun.jpg	=	1.0000
http://starwars.wikia.com/wiki/Special:FilePath/HeavyParticleBeamCannon.jpg	http://swg.wikia.com/wiki/Special:FilePath/HeavyParticleBeamCannon.jpg	=	1.0000
http://dbkwik.webdatacommons.org/starwars.wikia.com/resource/J%27pai_Brek	http://dbkwik.webdatacommons.org/swg.wikia.com/resource/J%27pai_Brek	=	1.0000
http://starwars.wikia.com/wiki/Special:FilePath/Lava_Flea.jpg	http://swg.wikia.com/wiki/Special:FilePath/Lava_flea.jpg	=	1.0000
http://dbkwik.webdatacommons.org/starwars.wikia.com/resource/Chrilooc	http://dbkwik.webdatacommons.org/swg.wikia.com/resource/Chrilooc	=	1.0000
http://dbkwik.webdatacommons.org/starwars.wikia.com/resource/Gulginaw	http://dbkwik.webdatacommons.org/swg.wikia.com/resource/Gulginaw	=	1.0000
http://dbkwik.webdatacommons.org/starwars.wikia.com/resource/Category:Steels	http://dbkwik.webdatacommons.org/swg.wikia.com/resource/Category:Steels	=	1.0000
http://dbkwik.webdatacommons.org/starwars.wikia.com/property/instruments	http://dbkwik.webdatacommons.org/swg.wikia.com/resource/Instruments	=	1.0000
http://dbkwik.webdatacommons.org/starwars.wikia.com/resource/Janta_knife	http://dbkwik.webdatacommons.org/swg.wikia.com/resource/Janta_Knife	=	1.0000
http://starwars.wikia.com/wiki/Special:FilePath/Kais.jpg?width=300	http://swg.wikia.com/wiki/Special:FilePath/Kais.jpg?width=300	=	1.0000
http://dbkwik.webdatacommons.org/starwars.wikia.com/resource/Dakk	http://dbkwik.webdatacommons.org/swg.wikia.com/resource/Dakk	=	1.0000
http://starwars.wikia.com/wiki/Special:FilePath/Wookiee-ookiees.jpg	http://swg.wikia.com/wiki/Special:FilePath/Wookiee-ookiees.jpg	=	1.0000
http://starwars.wikia.com/wiki/Special:FilePath/Commander_Ramna.jpg?width=300	http://swg.wikia.com/wiki/Special:FilePath/Commander_Ramna.jpg?width=300	=	1.0000
http://dbkwik.webdatacommons.org/starwars.wikia.com/resource/Jabba%27s_Palace	http://dbkwik.webdatacommons.org/swg.wikia.com/resource/Jabba%27s_Palace	=	1.0000
http://dbkwik.webdatacommons.org/starwars.wikia.com/resource/Imperial_worker	http://dbkwik.webdatacommons.org/swg.wikia.com/resource/Imperial_worker	=	1.0000
http://starwars.wikia.com/wiki/Special:FilePath/Bageraset.png?width=300	http://swg.wikia.com/wiki/Special:FilePath/Bageraset.png?width=300	=	1.0000
http://starwars.wikia.com/wiki/Special:FilePath/Tripp-Rar.jpg	http://swg.wikia.com/wiki/Special:FilePath/Tripp-Rar.jpg	=	1.0000
http://starwars.wikia.com/wiki/Special:FilePath/StrikerPistol.jpg?width=300	http://swg.wikia.com/wiki/Special:FilePath/StrikerPistol.jpg?width=300	=	1.0000
http://starwars.wikia.com/wiki/Special:FilePath/Tc-22.jpg	http://swg.wikia.com/wiki/Special:FilePath/Tc-22.jpg	=	1.0000
http://starwars.wikia.com/wiki/Special:FilePath/Lejo_Daramus.jpg?width=300	http://swg.wikia.com/wiki/Special:FilePath/Lejo_Daramus.jpg?width=300	=	1.0000
http://starwars.wikia.com/wiki/Special:FilePath/Karthakk_censorious.jpg	http://swg.wikia.com/wiki/Special:FilePath/Karthakk_censorious.jpg	=	1.0000
http://dbkwik.webdatacommons.org/starwars.wikia.com/resource/Beast_master	http://dbkwik.webdatacommons.org/swg.wikia.com/resource/Beast_Master	=	1.0000
http://dbkwik.webdatacommons.org/starwars.wikia.com/resource/Garyn_Raider%27s_Bunker	http://dbkwik.webdatacommons.org/swg.wikia.com/resource/Garyn_Raider%27s_Bunker	=	1.0000
http://dbkwik.webdatacommons.org/starwars.wikia.com/resource/Corellia	http://dbkwik.webdatacommons.org/swg.wikia.com/resource/Corellia	=	1.0000
http://dbkwik.webdatacommons.org/starwars.wikia.com/resource/Spined_puc	http://dbkwik.webdatacommons.org/swg.wikia.com/resource/Spined_Puc	=	1.0000
http://dbkwik.webdatacommons.org/starwars.wikia.com/resource/Yraka_Nes	http://dbkwik.webdatacommons.org/swg.wikia.com/resource/Yraka_Nes	=	1.0000
http://starwars.wikia.com/wiki/Special:FilePath/Halo.jpg?width=300	http://swg.wikia.com/wiki/Special:FilePath/Halo.jpg?width=300	=	1.0000
http://starwars.wikia.com/wiki/Special:FilePath/Crashed_ship.jpg?width=300	http://swg.wikia.com/wiki/Special:FilePath/Crashed_ship.jpg?width=300	=	1.0000
http://dbkwik.webdatacommons.org/starwars.wikia.com/resource/Datapad_Painting	http://dbkwik.webdatacommons.org/swg.wikia.com/resource/Datapad_Painting	=	1.0000
http://starwars.wikia.com/wiki/Special:FilePath/Bocctyyy.jpg?width=300	http://swg.wikia.com/wiki/Special:FilePath/Bocctyyy.jpg?width=300	=	1.0000
http://starwars.wikia.com/wiki/Special:FilePath/Jan.jpg?width=300	http://swg.wikia.com/wiki/Special:FilePath/Jan.jpg?width=300	=	1.0000
http://dbkwik.webdatacommons.org/starwars.wikia.com/resource/Jyykle_vulture	http://dbkwik.webdatacommons.org/swg.wikia.com/resource/Jyykle_Vulture	=	1.0000
http://dbkwik.webdatacommons.org/starwars.wikia.com/resource/Jenth	http://dbkwik.webdatacommons.org/swg.wikia.com/resource/Jenth	=	1.0000
http://dbkwik.webdatacommons.org/starwars.wikia.com/resource/Flash_Harrison	http://dbkwik.webdatacommons.org/swg.wikia.com/resource/Flash_Harrison	=	1.0000
http://starwars.wikia.com/wiki/Special:FilePath/Victory.jpg	http://swg.wikia.com/wiki/Special:FilePath/VICTORY.jpg	=	1.0000
http://dbkwik.webdatacommons.org/starwars.wikia.com/resource/Klorri-clan_battle_shield	http://dbkwik.webdatacommons.org/swg.wikia.com/resource/Klorri-Clan_Battle_Shield	=	1.0000
http://dbkwik.webdatacommons.org/starwars.wikia.com/resource/Max_Rebo%27s_Collected_Classics:_Dirge	http://dbkwik.webdatacommons.org/swg.wikia.com/resource/Max_Rebo%27s_Collected_Classics:_Dirge	=	1.0000
http://dbkwik.webdatacommons.org/starwars.wikia.com/resource/Poacher_vs._Creature_Battle	http://dbkwik.webdatacommons.org/swg.wikia.com/resource/Poacher_vs._Creature_Battle	=	1.0000
http://starwars.wikia.com/wiki/Special:FilePath/Chrilooc.jpg?width=300	http://swg.wikia.com/wiki/Special:FilePath/Chrilooc.jpg?width=300	=	1.0000
http://starwars.wikia.com/wiki/Special:FilePath/Imperial_Agent.jpg	http://swg.wikia.com/wiki/Special:FilePath/Imperial_Agent.jpg	=	1.0000
http://dbkwik.webdatacommons.org/starwars.wikia.com/resource/Breakthrough	http://dbkwik.webdatacommons.org/swg.wikia.com/resource/Breakthrough	=	1.0000
http://dbkwik.webdatacommons.org/starwars.wikia.com/resource/Coraline_Dynes	http://dbkwik.webdatacommons.org/swg.wikia.com/resource/Coraline_Dynes	=	1.0000
http://dbkwik.webdatacommons.org/starwars.wikia.com/resource/Borvo%27s_Vault	http://dbkwik.webdatacommons.org/swg.wikia.com/resource/Borvo%27s_Vault	=	1.0000
http://dbkwik.webdatacommons.org/starwars.wikia.com/resource/Paemos	http://dbkwik.webdatacommons.org/swg.wikia.com/resource/Paemos	=	1.0000
http://starwars.wikia.com/wiki/Special:FilePath/HeavyRepublicFlameThrower.jpg?width=300	http://swg.wikia.com/wiki/Special:FilePath/Heavy_Republic_Flame_Thrower_v1.jpg?width=300	=	0.9526
http://dbkwik.webdatacommons.org/starwars.wikia.com/resource/T%27ssolok	http://dbkwik.webdatacommons.org/swg.wikia.com/resource/T%27ssolok	=	1.0000
http://dbkwik.webdatacommons.org/starwars.wikia.com/resource/Vasarian_brandy	http://dbkwik.webdatacommons.org/swg.wikia.com/resource/Vasarian_Brandy	=	1.0000
http://dbkwik.webdatacommons.org/starwars.wikia.com/resource/Voba_Duey	http://dbkwik.webdatacommons.org/swg.wikia.com/resource/Voba_Duey	=	1.0000
http://starwars.wikia.com/wiki/Special:FilePath/Kylaena.jpg?width=300	http://swg.wikia.com/wiki/Special:FilePath/Kylaena.jpg?width=300	=	1.0000
http://dbkwik.webdatacommons.org/starwars.wikia.com/resource/Category:Gases	http://dbkwik.webdatacommons.org/swg.wikia.com/resource/Category:Gases	=	1.0000
http://starwars.wikia.com/wiki/Special:FilePath/Painted_Spat.jpg?width=300	http://swg.wikia.com/wiki/Special:FilePath/Painted_Spat.jpg?width=300	=	1.0000
http://dbkwik.webdatacommons.org/starwars.wikia.com/resource/N-K_Necrosis	http://dbkwik.webdatacommons.org/swg.wikia.com/resource/N-K_%22Necrosis%22	=	1.0000
http://dbkwik.webdatacommons.org/starwars.wikia.com/resource/Tarquinas	http://dbkwik.webdatacommons.org/swg.wikia.com/resource/Tarquinas	=	1.0000
http://dbkwik.webdatacommons.org/starwars.wikia.com/property/exports	http://dbkwik.webdatacommons.org/swg.wikia.com/property/exports	=	1.0000
http://dbkwik.webdatacommons.org/starwars.wikia.com/resource/Blackguard	http://dbkwik.webdatacommons.org/swg.wikia.com/resource/Blackguard	=	1.0000
http://dbkwik.webdatacommons.org/starwars.wikia.com/resource/Tanc_mite	http://dbkwik.webdatacommons.org/swg.wikia.com/resource/Tanc_Mite	=	1.0000
http://starwars.wikia.com/wiki/Special:FilePath/Pyollian_Cake.png	http://swg.wikia.com/wiki/Special:FilePath/PyollianCake.png	=	1.0000
http://dbkwik.webdatacommons.org/starwars.wikia.com/resource/Decorative_varactyl_egg_nog	http://dbkwik.webdatacommons.org/swg.wikia.com/resource/Decorative_Varactyl_Egg_Nog	=	1.0000
http://dbkwik.webdatacommons.org/starwars.wikia.com/resource/Tearfin	http://dbkwik.webdatacommons.org/swg.wikia.com/resource/Tearfin	=	1.0000
http://dbkwik.webdatacommons.org/starwars.wikia.com/resource/It_Came_From_Mustafar!	http://dbkwik.webdatacommons.org/swg.wikia.com/resource/It_came_from_Mustafar_!	=	1.0000
http://starwars.wikia.com/wiki/Special:FilePath/Aaph_Koden.jpg	http://swg.wikia.com/wiki/Special:FilePath/Aaph_koden.jpg	=	1.0000
http://dbkwik.webdatacommons.org/starwars.wikia.com/resource/Civilian_Protection_Guild	http://dbkwik.webdatacommons.org/swg.wikia.com/resource/Civilian_Protection_Guild	=	1.0000
http://dbkwik.webdatacommons.org/starwars.wikia.com/resource/Minstyngar	http://dbkwik.webdatacommons.org/swg.wikia.com/resource/Minstyngar	=	1.0000
http://starwars.wikia.com/wiki/Special:FilePath/ReiReeven.jpg	http://swg.wikia.com/wiki/Special:FilePath/Rei_Reeven.jpg	=	1.0000
http://dbkwik.webdatacommons.org/starwars.wikia.com/resource/Category:Metals	http://dbkwik.webdatacommons.org/swg.wikia.com/resource/Category:Metals	=	1.0000
http://dbkwik.webdatacommons.org/starwars.wikia.com/resource/MandalMotors	http://dbkwik.webdatacommons.org/swg.wikia.com/resource/MandalMotors	=	1.0000
http://dbkwik.webdatacommons.org/starwars.wikia.com/resource/Bruce_McBrain	http://dbkwik.webdatacommons.org/swg.wikia.com/resource/Bruce_McBrain	=	1.0000
http://starwars.wikia.com/wiki/Special:FilePath/Chewbacca_4.jpg?width=300	http://swg.wikia.com/wiki/Special:FilePath/Chewbacca.jpg?width=300	=	0.9582
http://dbkwik.webdatacommons.org/starwars.wikia.com/resource/Tool	http://dbkwik.webdatacommons.org/swg.wikia.com/property/tool	=	1.0000
http://starwars.wikia.com/wiki/Special:FilePath/JubaiLaetlii.jpg	http://swg.wikia.com/wiki/Special:FilePath/Jubai_Laetlii.jpg	=	1.0000
http://starwars.wikia.com/wiki/Special:FilePath/BloomFruit.jpg?width=300	http://swg.wikia.com/wiki/Special:FilePath/Bloom_Fruit.jpg?width=300	=	1.0000
http://dbkwik.webdatacommons.org/starwars.wikia.com/resource/Sullustan	http://dbkwik.webdatacommons.org/swg.wikia.com/resource/Sullustan	=	1.0000
http://starwars.wikia.com/wiki/Special:FilePath/Gnort.jpg?width=300	http://swg.wikia.com/wiki/Special:FilePath/Gnort.jpg?width=300	=	1.0000
http://dbkwik.webdatacommons.org/starwars.wikia.com/resource/AK-3_%22Reaper%22	http://dbkwik.webdatacommons.org/swg.wikia.com/resource/AK-3_%22Reaper%22	=	1.0000
http://dbkwik.webdatacommons.org/starwars.wikia.com/resource/Padded_armor	http://dbkwik.webdatacommons.org/swg.wikia.com/resource/Padded_armor	=	1.0000
http://starwars.wikia.com/wiki/Special:FilePath/ChokuFemale.jpg	http://swg.wikia.com/wiki/Special:FilePath/ChokuFemale.jpg	=	1.0000
http://dbkwik.webdatacommons.org/starwars.wikia.com/resource/Droid_factory	http://dbkwik.webdatacommons.org/swg.wikia.com/resource/Droid_Factory	=	1.0000
http://dbkwik.webdatacommons.org/starwars.wikia.com/resource/Cybernetic_Experience_Chip	http://dbkwik.webdatacommons.org/swg.wikia.com/resource/Cybernetic_Experience_Chip	=	1.0000
http://dbkwik.webdatacommons.org/starwars.wikia.com/property/notes	http://dbkwik.webdatacommons.org/swg.wikia.com/property/notes	=	1.0000
http://dbkwik.webdatacommons.org/starwars.wikia.com/resource/Still_Life_-_Kite_Plant	http://dbkwik.webdatacommons.org/swg.wikia.com/resource/Still_Life_-_Kite_Plant	=	1.0000
http://dbkwik.webdatacommons.org/starwars.wikia.com/resource/Lowca	http://dbkwik.webdatacommons.org/swg.wikia.com/resource/Lowca	=	1.0000
http://starwars.wikia.com/wiki/Special:FilePath/Forward_Commander_Mk_II.jpg?width=300	http://swg.wikia.com/wiki/Special:FilePath/Forward_Commander_MKII.jpg?width=300	=	0.9648
http://dbkwik.webdatacommons.org/starwars.wikia.com/resource/Enth	http://dbkwik.webdatacommons.org/swg.wikia.com/resource/Enth	=	1.0000
http://dbkwik.webdatacommons.org/starwars.wikia.com/resource/Lightsaber	http://dbkwik.webdatacommons.org/swg.wikia.com/resource/Lightsaber	=	1.0000
http://dbkwik.webdatacommons.org/starwars.wikia.com/resource/Great_Maze_of_Lok	http://dbkwik.webdatacommons.org/swg.wikia.com/resource/Great_Maze_of_Lok	=	1.0000
http://starwars.wikia.com/wiki/Special:FilePath/Durge.jpg	http://swg.wikia.com/wiki/Special:FilePath/Durge.jpg	=	1.0000
http://starwars.wikia.com/wiki/Special:FilePath/Stun_Baton.jpg?width=300	http://swg.wikia.com/wiki/Special:FilePath/Stun_Baton.jpg?width=300	=	1.0000
http://dbkwik.webdatacommons.org/starwars.wikia.com/resource/Category:Furniture	http://dbkwik.webdatacommons.org/swg.wikia.com/resource/Category:Furniture	=	1.0000
http://starwars.wikia.com/wiki/Special:FilePath/Bors-teraud.jpg	http://swg.wikia.com/wiki/Special:FilePath/Bors-teraud.jpg	=	1.0000
http://dbkwik.webdatacommons.org/starwars.wikia.com/resource/Mamien	http://dbkwik.webdatacommons.org/swg.wikia.com/resource/Mamien	=	1.0000
http://dbkwik.webdatacommons.org/starwars.wikia.com/resource/Bolotaur	http://dbkwik.webdatacommons.org/swg.wikia.com/resource/Bolotaur	=	1.0000
http://starwars.wikia.com/wiki/Special:FilePath/Borgan.jpg	http://swg.wikia.com/wiki/Special:FilePath/Borgan.jpg	=	1.0000
http://starwars.wikia.com/wiki/Special:FilePath/Myssith.jpg?width=300	http://swg.wikia.com/wiki/Special:FilePath/Myssith.jpg?width=300	=	1.0000
http://starwars.wikia.com/wiki/Special:FilePath/Loisya_Starkos.jpg?width=300	http://swg.wikia.com/wiki/Special:FilePath/Loisya_Starkos.jpg?width=300	=	1.0000
http://dbkwik.webdatacommons.org/starwars.wikia.com/resource/CDEF_carbine	http://dbkwik.webdatacommons.org/swg.wikia.com/resource/CDEF_Carbine	=	1.0000
http://starwars.wikia.com/wiki/Special:FilePath/Crash_site.jpg?width=300	http://swg.wikia.com/wiki/Special:FilePath/Crash_Site.jpg?width=300	=	1.0000
http://dbkwik.webdatacommons.org/starwars.wikia.com/resource/Tansarii_Point_Station	http://dbkwik.webdatacommons.org/swg.wikia.com/resource/Tansarii_Point_Station	=	1.0000
http://starwars.wikia.com/wiki/Special:FilePath/Katarn.jpg	http://swg.wikia.com/wiki/Special:FilePath/Katarn.jpg	=	1.0000
http://dbkwik.webdatacommons.org/starwars.wikia.com/resource/Hoth_Snow_Machine	http://dbkwik.webdatacommons.org/swg.wikia.com/resource/Hoth_Snow_Machine	=	1.0000
http://dbkwik.webdatacommons.org/starwars.wikia.com/resource/Eyes_of_Mesra	http://dbkwik.webdatacommons.org/swg.wikia.com/resource/Eyes_of_Mesra	=	1.0000
http://starwars.wikia.com/wiki/Special:FilePath/Sergeant_Donsull.jpg	http://swg.wikia.com/wiki/Special:FilePath/Sergeant_donsull.jpg	=	1.0000
http://dbkwik.webdatacommons.org/starwars.wikia.com/class/youmay	http://dbkwik.webdatacommons.org/swg.wikia.com/class/youmay	=	1.0000
http://dbkwik.webdatacommons.org/starwars.wikia.com/resource/Fynock	http://dbkwik.webdatacommons.org/swg.wikia.com/resource/Fynock	=	1.0000
http://dbkwik.webdatacommons.org/starwars.wikia.com/resource/Corellian_Engineering_Corporation	http://dbkwik.webdatacommons.org/swg.wikia.com/resource/Corellian_Engineering_Corporation	=	1.0000
http://dbkwik.webdatacommons.org/starwars.wikia.com/resource/Victory-class_dark_trooper	http://dbkwik.webdatacommons.org/swg.wikia.com/resource/Victory-class_dark_trooper	=	1.0000
http://dbkwik.webdatacommons.org/starwars.wikia.com/resource/Ryoo_Finn	http://dbkwik.webdatacommons.org/swg.wikia.com/resource/Ryoo_Finn	=	1.0000
http://starwars.wikia.com/wiki/Special:FilePath/Prowess_of_Plo_Koon.jpg?width=300	http://swg.wikia.com/wiki/Special:FilePath/Prowess_of_Plo_Koon.jpg?width=300	=	1.0000
http://starwars.wikia.com/wiki/Special:FilePath/Prat.jpg?width=300	http://swg.wikia.com/wiki/Special:FilePath/Prat.jpg?width=300	=	1.0000
http://dbkwik.webdatacommons.org/starwars.wikia.com/resource/Category:Minerals	http://dbkwik.webdatacommons.org/swg.wikia.com/resource/Category:Minerals	=	1.0000
http://dbkwik.webdatacommons.org/starwars.wikia.com/resource/Ambient_Solar_Energy_Surveying_Tool	http://dbkwik.webdatacommons.org/swg.wikia.com/resource/Ambient_Solar_Energy_Surveying_Tool	=	1.0000
http://dbkwik.webdatacommons.org/starwars.wikia.com/resource/Illiv_Orfa	http://dbkwik.webdatacommons.org/swg.wikia.com/resource/Illiv_Orfa	=	1.0000
http://dbkwik.webdatacommons.org/starwars.wikia.com/resource/Belga_Daeri	http://dbkwik.webdatacommons.org/swg.wikia.com/resource/Belga_Daeri	=	1.0000
http://dbkwik.webdatacommons.org/starwars.wikia.com/resource/The_Will_of_Exar_Kun	http://dbkwik.webdatacommons.org/swg.wikia.com/resource/The_Will_of_Exar_Kun	=	1.0000
http://dbkwik.webdatacommons.org/starwars.wikia.com/resource/Merkie_Howzat	http://dbkwik.webdatacommons.org/swg.wikia.com/resource/Merkie_Howzat	=	1.0000
http://dbkwik.webdatacommons.org/starwars.wikia.com/resource/Squadrons_Over_Corellia	http://dbkwik.webdatacommons.org/swg.wikia.com/resource/Squadrons_Over_Corellia	=	1.0000
http://starwars.wikia.com/wiki/Special:FilePath/HujMatRug.jpg?width=300	http://swg.wikia.com/wiki/Special:FilePath/Huj_mat_rug.jpg?width=300	=	1.0000
http://dbkwik.webdatacommons.org/starwars.wikia.com/resource/Aqualish	http://dbkwik.webdatacommons.org/swg.wikia.com/resource/Aqualish	=	1.0000
http://starwars.wikia.com/wiki/Special:FilePath/Aggressor.jpg	http://swg.wikia.com/wiki/Special:FilePath/Aggressor.jpg	=	1.0000
http://starwars.wikia.com/wiki/Special:FilePath/General_Ufwol.jpg	http://swg.wikia.com/wiki/Special:FilePath/General_Ufwol.jpg	=	1.0000
http://starwars.wikia.com/wiki/Special:FilePath/Windu%27s_Guile.jpg?width=300	http://swg.wikia.com/wiki/Special:FilePath/Windu%27s_Guile.jpg?width=300	=	1.0000
http://dbkwik.webdatacommons.org/starwars.wikia.com/resource/Leb_Slesher	http://dbkwik.webdatacommons.org/swg.wikia.com/resource/Leb_Slesher	=	1.0000
http://dbkwik.webdatacommons.org/starwars.wikia.com/resource/Kreetle	http://dbkwik.webdatacommons.org/swg.wikia.com/resource/Kreetle	=	1.0000
http://dbkwik.webdatacommons.org/starwars.wikia.com/resource/Fast_draw	http://dbkwik.webdatacommons.org/swg.wikia.com/resource/Fast_Draw	=	1.0000
http://starwars.wikia.com/wiki/Special:FilePath/Unluto.jpg?width=300	http://swg.wikia.com/wiki/Special:FilePath/Unluto.jpg?width=300	=	1.0000
http://dbkwik.webdatacommons.org/starwars.wikia.com/resource/AT-AT_Blueprint	http://dbkwik.webdatacommons.org/swg.wikia.com/resource/AT-AT_Blueprint	=	1.0000
http://dbkwik.webdatacommons.org/starwars.wikia.com/resource/Montrus	http://dbkwik.webdatacommons.org/swg.wikia.com/resource/Montrus	=	1.0000
http://dbkwik.webdatacommons.org/starwars.wikia.com/resource/Hracca_Glade	http://dbkwik.webdatacommons.org/swg.wikia.com/resource/Hracca_Glade	=	1.0000
http://dbkwik.webdatacommons.org/starwars.wikia.com/resource/Nen	http://dbkwik.webdatacommons.org/swg.wikia.com/resource/Nen	=	1.0000
http://starwars.wikia.com/wiki/Special:FilePath/Aaph_Koden.jpg?width=300	http://swg.wikia.com/wiki/Special:FilePath/Aaph_koden.jpg?width=300	=	1.0000
http://dbkwik.webdatacommons.org/starwars.wikia.com/resource/Star_Wars_Galaxies:_The_Complete_Online_Adventures	http://dbkwik.webdatacommons.org/swg.wikia.com/resource/Star_Wars_Galaxies:_The_Complete_Online_Adventures	=	1.0000
http://starwars.wikia.com/wiki/Special:FilePath/Minder_of_Weak_Wills.jpg?width=300	http://swg.wikia.com/wiki/Special:FilePath/Minder_of_weak_wills.jpg?width=300	=	1.0000
http://starwars.wikia.com/wiki/Special:FilePath/The_Executioner.jpg?width=300	http://swg.wikia.com/wiki/Special:FilePath/Executioner.jpg?width=300	=	0.9497
http://dbkwik.webdatacommons.org/starwars.wikia.com/resource/Darklighter_cache	http://dbkwik.webdatacommons.org/swg.wikia.com/resource/Darklighter_Cache	=	1.0000
http://starwars.wikia.com/wiki/Special:FilePath/Boss.jpg?width=300	http://swg.wikia.com/wiki/Special:FilePath/Boss.jpg?width=300	=	1.0000
http://dbkwik.webdatacommons.org/starwars.wikia.com/resource/Jedi!	http://dbkwik.webdatacommons.org/swg.wikia.com/resource/Jedi	=	1.0000
http://starwars.wikia.com/wiki/Special:FilePath/Dageerin.jpg?width=300	http://swg.wikia.com/wiki/Special:FilePath/Dageerin.jpg?width=300	=	1.0000
http://starwars.wikia.com/wiki/Special:FilePath/Klin_Nif.jpg?width=300	http://swg.wikia.com/wiki/Special:FilePath/Klin_Nif.jpg?width=300	=	1.0000
http://dbkwik.webdatacommons.org/starwars.wikia.com/property/imports	http://dbkwik.webdatacommons.org/swg.wikia.com/property/imports	=	1.0000
http://starwars.wikia.com/wiki/Special:FilePath/Temple_of_Exar_Kun.jpg?width=300	http://swg.wikia.com/wiki/Special:FilePath/Temple_of_exar_kun.jpg?width=300	=	1.0000
http://starwars.wikia.com/wiki/Special:FilePath/NK-3.jpg?width=300	http://swg.wikia.com/wiki/Special:FilePath/NK-3.jpg?width=300	=	1.0000
http://dbkwik.webdatacommons.org/starwars.wikia.com/class/quote	http://dbkwik.webdatacommons.org/swg.wikia.com/class/quote	=	1.0000
http://dbkwik.webdatacommons.org/starwars.wikia.com/resource/Breath_of_Heaven	http://dbkwik.webdatacommons.org/swg.wikia.com/resource/Breath_of_Heaven	=	1.0000
http://starwars.wikia.com/wiki/Special:FilePath/LCD_Screen.jpg?width=300	http://swg.wikia.com/wiki/Special:FilePath/LCDScreen.jpg?width=300	=	0.9598
http://dbkwik.webdatacommons.org/starwars.wikia.com/resource/Armor	http://dbkwik.webdatacommons.org/swg.wikia.com/resource/Armor	=	1.0000
http://dbkwik.webdatacommons.org/starwars.wikia.com/resource/Polearm	http://dbkwik.webdatacommons.org/swg.wikia.com/resource/Polearm	=	1.0000
http://dbkwik.webdatacommons.org/starwars.wikia.com/resource/Cast_Wing_in_Flight	http://dbkwik.webdatacommons.org/swg.wikia.com/resource/Cast_Wing_in_Flight	=	1.0000
http://starwars.wikia.com/wiki/Special:FilePath/HakashaSireen.jpg?width=300	http://swg.wikia.com/wiki/Special:FilePath/Hakasha_Sireen.jpg?width=300	=	1.0000
http://dbkwik.webdatacommons.org/starwars.wikia.com/resource/Giant_Decay_Mite_Cave	http://dbkwik.webdatacommons.org/swg.wikia.com/resource/Giant_Decay_Mite_Cave	=	1.0000
http://starwars.wikia.com/wiki/Special:FilePath/Life_Day_incense_burner.jpg?width=300	http://swg.wikia.com/wiki/Special:FilePath/Life_Day_Incense_Burner.jpg?width=300	=	1.0000
http://dbkwik.webdatacommons.org/starwars.wikia.com/resource/Mos_Taike	http://dbkwik.webdatacommons.org/swg.wikia.com/resource/Mos_Taike	=	1.0000
http://dbkwik.webdatacommons.org/starwars.wikia.com/resource/Dathomir_system	http://dbkwik.webdatacommons.org/swg.wikia.com/resource/Dathomir_system	=	1.0000
http://starwars.wikia.com/wiki/Special:FilePath/Nashal.jpg?width=300	http://swg.wikia.com/wiki/Special:FilePath/Nashal.jpg?width=300	=	1.0000
http://starwars.wikia.com/wiki/Special:FilePath/Grobber.jpg	http://swg.wikia.com/wiki/Special:FilePath/Grobber.jpg	=	1.0000
http://starwars.wikia.com/wiki/Special:FilePath/Orooroo.jpg?width=300	http://swg.wikia.com/wiki/Special:FilePath/Orooroo.jpg?width=300	=	1.0000
http://dbkwik.webdatacommons.org/starwars.wikia.com/resource/Sunrider%27s_Destiny	http://dbkwik.webdatacommons.org/swg.wikia.com/resource/Sunrider%27s_Destiny	=	1.0000
http://dbkwik.webdatacommons.org/starwars.wikia.com/resource/Fambaa	http://dbkwik.webdatacommons.org/swg.wikia.com/resource/Fambaa	=	1.0000
http://starwars.wikia.com/wiki/Special:FilePath/Kashyyykbantha.jpg	http://swg.wikia.com/wiki/Special:FilePath/Kashyyykbantha.jpg	=	1.0000
http://starwars.wikia.com/wiki/Special:FilePath/Death_Star.jpg	http://swg.wikia.com/wiki/Special:FilePath/Death_star.jpg	=	1.0000
http://dbkwik.webdatacommons.org/starwars.wikia.com/resource/Fruit	http://dbkwik.webdatacommons.org/swg.wikia.com/resource/Fruit	=	1.0000
http://starwars.wikia.com/wiki/Special:FilePath/Proton_rifle.jpg?width=300	http://swg.wikia.com/wiki/Special:FilePath/ProtonRifle.jpg?width=300	=	1.0000
http://starwars.wikia.com/wiki/Special:FilePath/TK-577.jpg?width=300	http://swg.wikia.com/wiki/Special:FilePath/Tk-577.jpg?width=300	=	1.0000
http://starwars.wikia.com/wiki/Special:FilePath/Power_5_Pistol.jpg	http://swg.wikia.com/wiki/Special:FilePath/Power5Pistol.jpg	=	0.9473
http://starwars.wikia.com/wiki/Special:FilePath/LokFlag.jpg	http://swg.wikia.com/wiki/Special:FilePath/Lok_flag.jpg	=	1.0000
http://dbkwik.webdatacommons.org/starwars.wikia.com/resource/Irenez	http://dbkwik.webdatacommons.org/swg.wikia.com/resource/Irenez	=	1.0000
http://starwars.wikia.com/wiki/Special:FilePath/HK-47.jpg	http://swg.wikia.com/wiki/Special:FilePath/HK-47.jpg	=	1.0000
http://starwars.wikia.com/wiki/Special:FilePath/Thug.jpg	http://swg.wikia.com/wiki/Special:FilePath/Thug.jpg	=	1.0000
http://dbkwik.webdatacommons.org/starwars.wikia.com/resource/Trehla_Keelo	http://dbkwik.webdatacommons.org/swg.wikia.com/resource/Trehla_Keelo	=	1.0000
http://dbkwik.webdatacommons.org/starwars.wikia.com/resource/Krill	http://dbkwik.webdatacommons.org/swg.wikia.com/resource/Krill	=	1.0000
http://starwars.wikia.com/wiki/Special:FilePath/Republic_Blaster.jpg	http://swg.wikia.com/wiki/Special:FilePath/RepublicBlaster.jpg	=	1.0000
http://starwars.wikia.com/wiki/Special:FilePath/Millbarge.jpg	http://swg.wikia.com/wiki/Special:FilePath/Millbarge.jpg	=	1.0000
http://dbkwik.webdatacommons.org/starwars.wikia.com/resource/Kakirk	http://dbkwik.webdatacommons.org/swg.wikia.com/resource/Kakirk	=	1.0000
http://starwars.wikia.com/wiki/Special:FilePath/Choster.jpg	http://swg.wikia.com/wiki/Special:FilePath/Choster.jpg	=	1.0000
http://dbkwik.webdatacommons.org/starwars.wikia.com/resource/Tenebrous_Edge	http://dbkwik.webdatacommons.org/swg.wikia.com/resource/Tenebrous_Edge	=	1.0000
http://dbkwik.webdatacommons.org/starwars.wikia.com/resource/Hotel	http://dbkwik.webdatacommons.org/swg.wikia.com/resource/Hotel	=	1.0000
http://dbkwik.webdatacommons.org/starwars.wikia.com/resource/Sennex_Slave_Bunker	http://dbkwik.webdatacommons.org/swg.wikia.com/resource/Sennex_Slave_Bunker	=	1.0000
http://dbkwik.webdatacommons.org/starwars.wikia.com/resource/Category:Locations	http://dbkwik.webdatacommons.org/swg.wikia.com/resource/Category:Locations	=	1.0000
http://starwars.wikia.com/wiki/Special:FilePath/ToxicRations.jpg?width=300	http://swg.wikia.com/wiki/Special:FilePath/Toxic_rations.jpg?width=300	=	1.0000
http://dbkwik.webdatacommons.org/starwars.wikia.com/resource/Bleeding	http://dbkwik.webdatacommons.org/swg.wikia.com/resource/Bleeding	=	1.0000
http://dbkwik.webdatacommons.org/starwars.wikia.com/resource/Category:Carbines	http://dbkwik.webdatacommons.org/swg.wikia.com/resource/Category:Carbines	=	1.0000
http://starwars.wikia.com/wiki/Special:FilePath/Oola.jpg	http://swg.wikia.com/wiki/Special:FilePath/Oola.jpg	=	1.0000
http://dbkwik.webdatacommons.org/starwars.wikia.com/property/constitution	http://dbkwik.webdatacommons.org/swg.wikia.com/resource/Constitution	=	1.0000
http://dbkwik.webdatacommons.org/starwars.wikia.com/resource/Chadra-Fan	http://dbkwik.webdatacommons.org/swg.wikia.com/resource/Chadra-Fan	=	1.0000
http://dbkwik.webdatacommons.org/starwars.wikia.com/resource/Space_Station_Model	http://dbkwik.webdatacommons.org/swg.wikia.com/resource/Space_Station_Model	=	1.0000
http://dbkwik.webdatacommons.org/starwars.wikia.com/resource/Painting_of_the_Meatlump_King	http://dbkwik.webdatacommons.org/swg.wikia.com/resource/Painting_of_the_Meatlump_King	=	1.0000
http://dbkwik.webdatacommons.org/starwars.wikia.com/resource/Shorts	http://dbkwik.webdatacommons.org/swg.wikia.com/resource/Shorts	=	1.0000
http://starwars.wikia.com/wiki/Special:FilePath/DL44MetalPistol.jpg	http://swg.wikia.com/wiki/Special:FilePath/DL44MetalPistol.jpg	=	1.0000
http://starwars.wikia.com/wiki/Special:FilePath/Vanvi_hotne.jpg?width=300	http://swg.wikia.com/wiki/Special:FilePath/Vanvi_hotne.jpg?width=300	=	1.0000
http://starwars.wikia.com/wiki/Special:FilePath/Kiin-dray.png	http://swg.wikia.com/wiki/Special:FilePath/Kiin-dray.png	=	1.0000
http://dbkwik.webdatacommons.org/starwars.wikia.com/resource/The_Arena	http://dbkwik.webdatacommons.org/swg.wikia.com/resource/The_Arena	=	1.0000
http://dbkwik.webdatacommons.org/starwars.wikia.com/resource/Ishi_Tib	http://dbkwik.webdatacommons.org/swg.wikia.com/resource/Ishi_Tib	=	1.0000
http://starwars.wikia.com/wiki/Special:FilePath/Nyms_Revenge.jpg	http://swg.wikia.com/wiki/Special:FilePath/Nyms-revenge.jpg	=	1.0000
http://starwars.wikia.com/wiki/Special:FilePath/Barak.jpg	http://swg.wikia.com/wiki/Special:FilePath/Barak.jpg	=	1.0000
http://dbkwik.webdatacommons.org/starwars.wikia.com/resource/Lost_Aqualish	http://dbkwik.webdatacommons.org/swg.wikia.com/resource/Lost_Aqualish	=	1.0000
http://dbkwik.webdatacommons.org/starwars.wikia.com/resource/Acid_stream_launcher	http://dbkwik.webdatacommons.org/swg.wikia.com/resource/Acid_Stream_Launcher	=	1.0000
http://starwars.wikia.com/wiki/Special:FilePath/Durindfire.png?width=300	http://swg.wikia.com/wiki/Special:FilePath/Durindfire.png?width=300	=	1.0000
http://dbkwik.webdatacommons.org/starwars.wikia.com/resource/Thune	http://dbkwik.webdatacommons.org/swg.wikia.com/resource/Thune	=	1.0000
http://dbkwik.webdatacommons.org/starwars.wikia.com/property/flora	http://dbkwik.webdatacommons.org/swg.wikia.com/resource/Flora	=	1.0000
http://starwars.wikia.com/wiki/Special:FilePath/GeneralOtto.jpg	http://swg.wikia.com/wiki/Special:FilePath/GeneralOtto.jpg	=	1.0000
http://dbkwik.webdatacommons.org/starwars.wikia.com/resource/Starshine_Surprise	http://dbkwik.webdatacommons.org/swg.wikia.com/resource/Starshine_Surprise	=	1.0000
http://dbkwik.webdatacommons.org/starwars.wikia.com/resource/Talon_Karrde	http://dbkwik.webdatacommons.org/swg.wikia.com/resource/Talon_Karrde	=	1.0000
http://starwars.wikia.com/wiki/Special:FilePath/Life_Day_Painting_(Kashyyyk_at_night).jpg	http://swg.wikia.com/wiki/Special:FilePath/Life_Day_Painting_(Kashyyyk_at_night).jpg	=	1.0000
http://dbkwik.webdatacommons.org/starwars.wikia.com/property/title	http://dbkwik.webdatacommons.org/swg.wikia.com/resource/Title	=	1.0000
http://starwars.wikia.com/wiki/Special:FilePath/LoyKommas.jpg?width=300	http://swg.wikia.com/wiki/Special:FilePath/Loy_Kommas.jpg?width=300	=	1.0000
http://dbkwik.webdatacommons.org/starwars.wikia.com/resource/Category:Endor_system	http://dbkwik.webdatacommons.org/swg.wikia.com/resource/Category:Endor_system	=	1.0000
http://starwars.wikia.com/wiki/Special:FilePath/Gaping-spider.jpg	http://swg.wikia.com/wiki/Special:FilePath/Gaping-spider.jpg	=	1.0000
http://dbkwik.webdatacommons.org/starwars.wikia.com/resource/Bageraset	http://dbkwik.webdatacommons.org/swg.wikia.com/resource/Bageraset	=	1.0000
http://dbkwik.webdatacommons.org/starwars.wikia.com/resource/Gerak_Vurtimis	http://dbkwik.webdatacommons.org/swg.wikia.com/resource/Gerak_Vurtimis	=	1.0000
http://dbkwik.webdatacommons.org/starwars.wikia.com/resource/Squill	http://dbkwik.webdatacommons.org/swg.wikia.com/resource/Squill	=	1.0000
http://starwars.wikia.com/wiki/Special:FilePath/Reinforcements.jpg?width=300	http://swg.wikia.com/wiki/Special:FilePath/Reinforcements.jpg?width=300	=	1.0000
http://dbkwik.webdatacommons.org/starwars.wikia.com/resource/Corellia%27s_Own	http://dbkwik.webdatacommons.org/swg.wikia.com/resource/Corellia%27s_Own	=	1.0000
http://dbkwik.webdatacommons.org/starwars.wikia.com/resource/Tamvar_Senzen	http://dbkwik.webdatacommons.org/swg.wikia.com/resource/Tamvar_Senzen	=	1.0000
http://dbkwik.webdatacommons.org/starwars.wikia.com/resource/Fiberplast	http://dbkwik.webdatacommons.org/swg.wikia.com/resource/Fiberplast	=	1.0000
http://dbkwik.webdatacommons.org/starwars.wikia.com/resource/Huf_dun	http://dbkwik.webdatacommons.org/swg.wikia.com/resource/Huf_Dun	=	1.0000
http://starwars.wikia.com/wiki/Special:FilePath/GiantFynockCave.jpg	http://swg.wikia.com/wiki/Special:FilePath/Giant_fynock_cave_1.jpg	=	0.9578
http://dbkwik.webdatacommons.org/starwars.wikia.com/resource/Nourishing_Vita-Caps	http://dbkwik.webdatacommons.org/swg.wikia.com/resource/Nourishing_Vita-Caps	=	1.0000
http://dbkwik.webdatacommons.org/starwars.wikia.com/resource/Boushh	http://dbkwik.webdatacommons.org/swg.wikia.com/resource/Boushh	=	1.0000
http://dbkwik.webdatacommons.org/starwars.wikia.com/resource/Katarn	http://dbkwik.webdatacommons.org/swg.wikia.com/resource/Katarn	=	1.0000
http://dbkwik.webdatacommons.org/starwars.wikia.com/resource/Galactic_Moon_Coin	http://dbkwik.webdatacommons.org/swg.wikia.com/resource/Galactic_Moon_Coin	=	1.0000
http://starwars.wikia.com/wiki/Special:FilePath/Nirame_Sakute.jpg	http://swg.wikia.com/wiki/Special:FilePath/Nirame_Sakute.jpg	=	1.0000
http://dbkwik.webdatacommons.org/starwars.wikia.com/resource/Mount_Chaolt	http://dbkwik.webdatacommons.org/swg.wikia.com/resource/Mount_Chaolt	=	1.0000
http://dbkwik.webdatacommons.org/starwars.wikia.com/resource/Kaadu	http://dbkwik.webdatacommons.org/swg.wikia.com/resource/Kaadu	=	1.0000
http://starwars.wikia.com/wiki/Special:FilePath/Pug_Jumper.jpg	http://swg.wikia.com/wiki/Special:FilePath/Pug_Jumper.jpg	=	1.0000
http://dbkwik.webdatacommons.org/starwars.wikia.com/resource/Equipment	http://dbkwik.webdatacommons.org/swg.wikia.com/resource/Equipment	=	1.0000
http://dbkwik.webdatacommons.org/starwars.wikia.com/resource/Rancor_Aid	http://dbkwik.webdatacommons.org/swg.wikia.com/resource/Rancor_Aid	=	1.0000
http://dbkwik.webdatacommons.org/starwars.wikia.com/resource/Kunga_Stronghold	http://dbkwik.webdatacommons.org/swg.wikia.com/resource/Kunga_Stronghold	=	1.0000
http://starwars.wikia.com/wiki/Special:FilePath/RoninLightrunner.jpg?width=300	http://swg.wikia.com/wiki/Special:FilePath/Ronin_Lightrunner.jpg?width=300	=	1.0000
http://starwars.wikia.com/wiki/Special:FilePath/Hunting_excellence_trophy.jpg	http://swg.wikia.com/wiki/Special:FilePath/Hunting_excellence_trophy.jpg	=	1.0000
http://dbkwik.webdatacommons.org/starwars.wikia.com/resource/Ring	http://dbkwik.webdatacommons.org/swg.wikia.com/resource/Ring	=	1.0000
http://starwars.wikia.com/wiki/Special:FilePath/JenerMich.jpg	http://swg.wikia.com/wiki/Special:FilePath/Jener_mich.jpg	=	1.0000
http://dbkwik.webdatacommons.org/starwars.wikia.com/resource/Meat	http://dbkwik.webdatacommons.org/swg.wikia.com/property/meat	=	1.0000
http://dbkwik.webdatacommons.org/starwars.wikia.com/resource/Tuwezz_Vol	http://dbkwik.webdatacommons.org/swg.wikia.com/resource/Tuwezz_Vol	=	1.0000
http://dbkwik.webdatacommons.org/starwars.wikia.com/resource/Karthakk_system	http://dbkwik.webdatacommons.org/swg.wikia.com/resource/Karthakk_system	=	1.0000
http://dbkwik.webdatacommons.org/starwars.wikia.com/resource/No_Division	http://dbkwik.webdatacommons.org/swg.wikia.com/resource/No_Division	=	1.0000
http://starwars.wikia.com/wiki/Special:FilePath/HeavyAcidRifle.jpg	http://swg.wikia.com/wiki/Special:FilePath/Heavy_acid_rifle.jpg	=	1.0000
http://dbkwik.webdatacommons.org/starwars.wikia.com/resource/Blast_Radius	http://dbkwik.webdatacommons.org/swg.wikia.com/resource/Blast_Radius	=	1.0000
http://dbkwik.webdatacommons.org/starwars.wikia.com/resource/Katana	http://dbkwik.webdatacommons.org/swg.wikia.com/resource/Katana	=	1.0000
http://starwars.wikia.com/wiki/Special:FilePath/Dathomiri.jpg?width=300	http://swg.wikia.com/wiki/Special:FilePath/Dathomiri.jpg?width=300	=	1.0000
http://starwars.wikia.com/wiki/Special:FilePath/AlkharaBanditCamp.jpg	http://swg.wikia.com/wiki/Special:FilePath/Alkhara_Bandit_Camp.jpg	=	1.0000
http://starwars.wikia.com/wiki/Special:FilePath/PadawanTraining.jpg?width=300	http://swg.wikia.com/wiki/Special:FilePath/Padawan_Training.jpg?width=300	=	1.0000
http://starwars.wikia.com/wiki/Special:FilePath/Av21landspeeder.jpg	http://swg.wikia.com/wiki/Special:FilePath/Av21landspeeder.jpg	=	1.0000
http://dbkwik.webdatacommons.org/starwars.wikia.com/resource/Tusken_relic_cave	http://dbkwik.webdatacommons.org/swg.wikia.com/resource/Tusken_Relic_Cave	=	1.0000
http://dbkwik.webdatacommons.org/starwars.wikia.com/resource/Peth	http://dbkwik.webdatacommons.org/swg.wikia.com/resource/Peth	=	1.0000
http://starwars.wikia.com/wiki/Special:FilePath/Greater_Misty_Falls.jpg?width=300	http://swg.wikia.com/wiki/Special:FilePath/Greater_Misty_Falls.jpg?width=300	=	1.0000
http://starwars.wikia.com/wiki/Special:FilePath/Nikto.jpg?width=300	http://swg.wikia.com/wiki/Special:FilePath/%0ANikto.jpg?width=300	=	1.0000
http://dbkwik.webdatacommons.org/starwars.wikia.com/resource/Composite_armor	http://dbkwik.webdatacommons.org/swg.wikia.com/resource/Composite_armor	=	1.0000
http://dbkwik.webdatacommons.org/starwars.wikia.com/resource/Nien_Nunb	http://dbkwik.webdatacommons.org/swg.wikia.com/resource/Nien_Nunb	=	1.0000
http://dbkwik.webdatacommons.org/starwars.wikia.com/resource/Electric_polearm	http://dbkwik.webdatacommons.org/swg.wikia.com/resource/Electric_Polearm	=	1.0000
http://dbkwik.webdatacommons.org/starwars.wikia.com/resource/Victory	http://dbkwik.webdatacommons.org/swg.wikia.com/resource/VICTORY	=	1.0000
http://dbkwik.webdatacommons.org/starwars.wikia.com/resource/Snorbal	http://dbkwik.webdatacommons.org/swg.wikia.com/resource/Snorbal	=	1.0000
http://starwars.wikia.com/wiki/Special:FilePath/Dageerin.jpg	http://swg.wikia.com/wiki/Special:FilePath/Dageerin.jpg	=	1.0000
http://starwars.wikia.com/wiki/Special:FilePath/SludgePanther.jpg	http://swg.wikia.com/wiki/Special:FilePath/SludgePanther.jpg	=	1.0000
http://dbkwik.webdatacommons.org/starwars.wikia.com/resource/A280_blaster_rifle	http://dbkwik.webdatacommons.org/swg.wikia.com/resource/A280_Blaster_Rifle	=	1.0000
http://starwars.wikia.com/wiki/Special:FilePath/Miners1.jpg	http://swg.wikia.com/wiki/Special:FilePath/Miners1.jpg	=	1.0000
http://starwars.wikia.com/wiki/Special:FilePath/Moraj_memorial.jpg?width=300	http://swg.wikia.com/wiki/Special:FilePath/Moraj_memorial.jpg?width=300	=	1.0000
http://starwars.wikia.com/wiki/Special:FilePath/Dead_Forest.jpg?width=300	http://swg.wikia.com/wiki/Special:FilePath/Dead_forest.jpg?width=300	=	1.0000
http://dbkwik.webdatacommons.org/starwars.wikia.com/resource/Tatooine	http://dbkwik.webdatacommons.org/swg.wikia.com/resource/Tatooine	=	1.0000
http://dbkwik.webdatacommons.org/starwars.wikia.com/resource/Nightsister_melee_armguard	http://dbkwik.webdatacommons.org/swg.wikia.com/resource/Nightsister_Melee_Armguard	=	1.0000
http://starwars.wikia.com/wiki/Special:FilePath/HakashaSireen.jpg	http://swg.wikia.com/wiki/Special:FilePath/Hakasha_Sireen.jpg	=	1.0000
http://starwars.wikia.com/wiki/Special:FilePath/Triumph.jpg?width=300	http://swg.wikia.com/wiki/Special:FilePath/Triumph.jpg?width=300	=	1.0000
http://dbkwik.webdatacommons.org/starwars.wikia.com/property/caption	http://dbkwik.webdatacommons.org/swg.wikia.com/property/caption	=	1.0000
http://starwars.wikia.com/wiki/Special:FilePath/Durge.jpg?width=300	http://swg.wikia.com/wiki/Special:FilePath/Durge.jpg?width=300	=	1.0000
http://starwars.wikia.com/wiki/Special:FilePath/An%27Kwee.jpg	http://swg.wikia.com/wiki/Special:FilePath/An%27kwee.jpg	=	1.0000
http://dbkwik.webdatacommons.org/starwars.wikia.com/resource/Hutt	http://dbkwik.webdatacommons.org/swg.wikia.com/resource/Hutt	=	1.0000
http://dbkwik.webdatacommons.org/starwars.wikia.com/resource/Decay_mite	http://dbkwik.webdatacommons.org/swg.wikia.com/resource/Decay_Mite	=	1.0000
http://dbkwik.webdatacommons.org/starwars.wikia.com/resource/Category:Kashyyyk_system	http://dbkwik.webdatacommons.org/swg.wikia.com/resource/Category:Kashyyyk_system	=	1.0000
http://dbkwik.webdatacommons.org/starwars.wikia.com/resource/Category:Pet_food	http://dbkwik.webdatacommons.org/swg.wikia.com/resource/Category:Pet_food	=	1.0000
http://dbkwik.webdatacommons.org/starwars.wikia.com/resource/Meatlump_Lump	http://dbkwik.webdatacommons.org/swg.wikia.com/resource/Meatlump_Lump	=	1.0000
http://dbkwik.webdatacommons.org/starwars.wikia.com/resource/Tactical_Training_Facility	http://dbkwik.webdatacommons.org/swg.wikia.com/resource/Tactical_Training_Facility	=	1.0000
http://starwars.wikia.com/wiki/Special:FilePath/CloudCityPodCar.jpg?width=300	http://swg.wikia.com/wiki/Special:FilePath/Cloud_city_pod_car.jpg?width=300	=	1.0000
http://starwars.wikia.com/wiki/Special:FilePath/Crystal.jpg?width=300	http://swg.wikia.com/wiki/Special:FilePath/Crystal3.jpg?width=300	=	0.9515
http://starwars.wikia.com/wiki/Special:FilePath/TIE-Oppressor.jpg?width=300	http://swg.wikia.com/wiki/Special:FilePath/TIE_Oppressor.jpg?width=300	=	1.0000
http://starwars.wikia.com/wiki/Special:FilePath/Tolan_Nokkar.jpg?width=300	http://swg.wikia.com/wiki/Special:FilePath/Tolan_Nokkar.jpg?width=300	=	1.0000
http://dbkwik.webdatacommons.org/starwars.wikia.com/resource/Osk	http://dbkwik.webdatacommons.org/swg.wikia.com/resource/Osk	=	1.0000
http://dbkwik.webdatacommons.org/starwars.wikia.com/resource/Jinda_Ritualist%27s_Cave	http://dbkwik.webdatacommons.org/swg.wikia.com/resource/Jinda_Ritualist%27s_Cave	=	1.0000
http://dbkwik.webdatacommons.org/starwars.wikia.com/resource/Ehartt_Brihnt	http://dbkwik.webdatacommons.org/swg.wikia.com/resource/Ehartt_Brihnt	=	1.0000
http://dbkwik.webdatacommons.org/starwars.wikia.com/resource/Boar-wolf	http://dbkwik.webdatacommons.org/swg.wikia.com/resource/Boar_Wolf	=	1.0000
http://dbkwik.webdatacommons.org/starwars.wikia.com/resource/Dusk_in_Kachirho	http://dbkwik.webdatacommons.org/swg.wikia.com/resource/Dusk_in_Kachirho	=	1.0000
http://starwars.wikia.com/wiki/Special:FilePath/AnyzaEkull.jpg?width=300	http://swg.wikia.com/wiki/Special:FilePath/Anyza-Ekull.jpg?width=300	=	1.0000
http://dbkwik.webdatacommons.org/starwars.wikia.com/property/hidec	http://dbkwik.webdatacommons.org/swg.wikia.com/property/hidec	=	1.0000
http://dbkwik.webdatacommons.org/starwars.wikia.com/resource/Didina_Lippinoss	http://dbkwik.webdatacommons.org/swg.wikia.com/resource/Didina_Lippinoss	=	1.0000
http://starwars.wikia.com/wiki/Special:FilePath/BorvoBunker.jpg	http://swg.wikia.com/wiki/Special:FilePath/Borvo-bunker.jpg	=	1.0000
http://starwars.wikia.com/wiki/Special:FilePath/AT-XT.jpg	http://swg.wikia.com/wiki/Special:FilePath/AT-XT.jpg	=	1.0000
http://starwars.wikia.com/wiki/Special:FilePath/Stren_Colo.jpg	http://swg.wikia.com/wiki/Special:FilePath/Stren_Colo.jpg	=	1.0000
http://dbkwik.webdatacommons.org/starwars.wikia.com/resource/VT-49_Decimator	http://dbkwik.webdatacommons.org/swg.wikia.com/resource/VT-49_Decimator	=	1.0000
http://dbkwik.webdatacommons.org/starwars.wikia.com/resource/Bren_Kingal	http://dbkwik.webdatacommons.org/swg.wikia.com/resource/Bren_Kingal	=	1.0000
http://starwars.wikia.com/wiki/Special:FilePath/Alum_Minerals.jpg?width=300	http://swg.wikia.com/wiki/Special:FilePath/Alum_Minerals.jpg?width=300	=	1.0000
http://dbkwik.webdatacommons.org/starwars.wikia.com/resource/Tractor_beam	http://dbkwik.webdatacommons.org/swg.wikia.com/resource/Tractor_Beam	=	1.0000
http://starwars.wikia.com/wiki/Special:FilePath/Space_Battle.jpg?width=300	http://swg.wikia.com/wiki/Special:FilePath/Space_Battle.jpg?width=300	=	1.0000
http://starwars.wikia.com/wiki/Special:FilePath/Jawa_fortress.jpg	http://swg.wikia.com/wiki/Special:FilePath/Jawa_Fortress.jpg	=	1.0000
http://dbkwik.webdatacommons.org/starwars.wikia.com/resource/Trade_Federation_Center	http://dbkwik.webdatacommons.org/swg.wikia.com/resource/Trade_Federation_Center	=	1.0000
http://dbkwik.webdatacommons.org/starwars.wikia.com/resource/Homeworld	http://dbkwik.webdatacommons.org/swg.wikia.com/property/homeworld	=	1.0000
http://dbkwik.webdatacommons.org/starwars.wikia.com/resource/Lava_crystal	http://dbkwik.webdatacommons.org/swg.wikia.com/resource/Lava_Crystal	=	1.0000
http://starwars.wikia.com/wiki/Special:FilePath/Mosolium.jpg?width=300	http://swg.wikia.com/wiki/Special:FilePath/Mosolium.jpg?width=300	=	1.0000
http://dbkwik.webdatacommons.org/starwars.wikia.com/resource/Bounty_hunter	http://dbkwik.webdatacommons.org/swg.wikia.com/resource/Bounty_Hunter	=	1.0000
http://dbkwik.webdatacommons.org/starwars.wikia.com/resource/Death_Star_Destruction	http://dbkwik.webdatacommons.org/swg.wikia.com/resource/Death_Star_Destruction	=	1.0000
http://starwars.wikia.com/wiki/Special:FilePath/Typho.jpg	http://swg.wikia.com/wiki/Special:FilePath/Typho.jpg	=	1.0000
http://dbkwik.webdatacommons.org/starwars.wikia.com/resource/Huff_Darklighter	http://dbkwik.webdatacommons.org/swg.wikia.com/resource/Huff_Darklighter	=	1.0000
http://dbkwik.webdatacommons.org/starwars.wikia.com/resource/Party_Poster	http://dbkwik.webdatacommons.org/swg.wikia.com/resource/Party_Poster	=	1.0000
http://starwars.wikia.com/wiki/Special:FilePath/Flowering_Cacti-SWG.jpg?width=300	http://swg.wikia.com/wiki/Special:FilePath/Flowering_Cacti.jpg?width=300	=	0.9489
http://starwars.wikia.com/wiki/Special:FilePath/MercenariesDespair.jpg?width=300	http://swg.wikia.com/wiki/Special:FilePath/Mercenaries-despair.jpg?width=300	=	1.0000
http://dbkwik.webdatacommons.org/starwars.wikia.com/resource/Urnsor%27is	http://dbkwik.webdatacommons.org/swg.wikia.com/resource/Urnsor%27is	=	1.0000
http://dbkwik.webdatacommons.org/starwars.wikia.com/resource/Banner	http://dbkwik.webdatacommons.org/swg.wikia.com/resource/Banner	=	1.0000
http://dbkwik.webdatacommons.org/starwars.wikia.com/resource/Talus_Imperial_Outpost	http://dbkwik.webdatacommons.org/swg.wikia.com/resource/Talus_Imperial_Outpost	=	1.0000
http://dbkwik.webdatacommons.org/starwars.wikia.com/resource/Fixer_One	http://dbkwik.webdatacommons.org/swg.wikia.com/resource/Fixer_One	=	1.0000
http://dbkwik.webdatacommons.org/starwars.wikia.com/resource/Gualama	http://dbkwik.webdatacommons.org/swg.wikia.com/resource/Gualama	=	1.0000
http://dbkwik.webdatacommons.org/starwars.wikia.com/resource/Nightspider	http://dbkwik.webdatacommons.org/swg.wikia.com/resource/Nightspider	=	1.0000
http://dbkwik.webdatacommons.org/starwars.wikia.com/resource/Nudfuh	http://dbkwik.webdatacommons.org/swg.wikia.com/resource/Nudfuh	=	1.0000
http://dbkwik.webdatacommons.org/starwars.wikia.com/resource/Oil_bath	http://dbkwik.webdatacommons.org/swg.wikia.com/resource/Oil_Bath	=	1.0000
http://dbkwik.webdatacommons.org/starwars.wikia.com/resource/Fireplace	http://dbkwik.webdatacommons.org/swg.wikia.com/resource/Fireplace	=	1.0000
http://starwars.wikia.com/wiki/Special:FilePath/Ikvizi.png	http://swg.wikia.com/wiki/Special:FilePath/Ikvizi.png	=	1.0000
http://starwars.wikia.com/wiki/Special:FilePath/RareNovaCrystal.jpg?width=300	http://swg.wikia.com/wiki/Special:FilePath/Rare_nova_Crystal.jpg?width=300	=	1.0000
http://dbkwik.webdatacommons.org/starwars.wikia.com/resource/Stalker	http://dbkwik.webdatacommons.org/swg.wikia.com/property/stalker	=	1.0000
http://dbkwik.webdatacommons.org/starwars.wikia.com/resource/Five_Years_of_Galaxies	http://dbkwik.webdatacommons.org/swg.wikia.com/resource/Five_Years_of_Galaxies	=	1.0000
http://starwars.wikia.com/wiki/Special:FilePath/Tc-22.jpg?width=300	http://swg.wikia.com/wiki/Special:FilePath/Tc-22.jpg?width=300	=	1.0000
http://starwars.wikia.com/wiki/Special:FilePath/HuttHideout.jpg	http://swg.wikia.com/wiki/Special:FilePath/HuttHideout.jpg	=	1.0000
http://dbkwik.webdatacommons.org/starwars.wikia.com/resource/Massassi_Isle	http://dbkwik.webdatacommons.org/swg.wikia.com/resource/Massassi_Isle	=	1.0000
http://dbkwik.webdatacommons.org/starwars.wikia.com/resource/Chu-Gon_Dar_cube	http://dbkwik.webdatacommons.org/swg.wikia.com/resource/Chu-Gon_Dar_Cube	=	1.0000
http://starwars.wikia.com/wiki/Special:FilePath/Ruab.jpg	http://swg.wikia.com/wiki/Special:FilePath/Ruab.jpg	=	1.0000
http://starwars.wikia.com/wiki/Special:FilePath/ComlinkPainting.jpg?width=300	http://swg.wikia.com/wiki/Special:FilePath/Comlink_Painting.jpg?width=300	=	1.0000
http://starwars.wikia.com/wiki/Special:FilePath/Rageon_Vart.jpg	http://swg.wikia.com/wiki/Special:FilePath/Rageon_Vart.jpg	=	1.0000
http://dbkwik.webdatacommons.org/starwars.wikia.com/resource/Trade_Federation_Hulk	http://dbkwik.webdatacommons.org/swg.wikia.com/resource/Trade_Federation_Hulk	=	1.0000
http://starwars.wikia.com/wiki/Special:FilePath/SpecialCasserole.jpg	http://swg.wikia.com/wiki/Special:FilePath/Special-casserole.jpg	=	1.0000
http://starwars.wikia.com/wiki/Special:FilePath/QuicktriggerCountermand.jpg	http://swg.wikia.com/wiki/Special:FilePath/Quicktrigger_Countermand.jpg	=	1.0000
http://starwars.wikia.com/wiki/Special:FilePath/WilhalmSkrim.jpg?width=300	http://swg.wikia.com/wiki/Special:FilePath/Wilhalm-Skrim.jpg?width=300	=	1.0000
http://dbkwik.webdatacommons.org/starwars.wikia.com/resource/Athakam_Medtech	http://dbkwik.webdatacommons.org/swg.wikia.com/resource/Athakam_Medtech	=	1.0000
http://starwars.wikia.com/wiki/Special:FilePath/Maxrebo.jpg	http://swg.wikia.com/wiki/Special:FilePath/Maxrebo.jpg	=	1.0000
http://dbkwik.webdatacommons.org/starwars.wikia.com/resource/Fenri_Dalso	http://dbkwik.webdatacommons.org/swg.wikia.com/resource/Fenri_Dalso	=	1.0000
http://dbkwik.webdatacommons.org/starwars.wikia.com/resource/Dewback	http://dbkwik.webdatacommons.org/swg.wikia.com/resource/Dewback	=	1.0000
http://dbkwik.webdatacommons.org/starwars.wikia.com/resource/Black_Epsilon	http://dbkwik.webdatacommons.org/swg.wikia.com/resource/Black_Epsilon	=	1.0000
http://starwars.wikia.com/wiki/Special:FilePath/NewinSeedel.jpg	http://swg.wikia.com/wiki/Special:FilePath/Newin-seedel.jpg	=	1.0000
http://starwars.wikia.com/wiki/Special:FilePath/Retreat.jpg	http://swg.wikia.com/wiki/Special:FilePath/Retreat.jpg	=	1.0000
http://dbkwik.webdatacommons.org/starwars.wikia.com/resource/Ajuva_Vanasterin	http://dbkwik.webdatacommons.org/swg.wikia.com/resource/Ajuva_Vanasterin	=	1.0000
http://starwars.wikia.com/wiki/Special:FilePath/Thug.jpg?width=300	http://swg.wikia.com/wiki/Special:FilePath/Thug.jpg?width=300	=	1.0000
http://dbkwik.webdatacommons.org/starwars.wikia.com/resource/Runner	http://dbkwik.webdatacommons.org/swg.wikia.com/resource/Runner	=	1.0000
http://dbkwik.webdatacommons.org/starwars.wikia.com/resource/Binayre_Razorcat	http://dbkwik.webdatacommons.org/swg.wikia.com/resource/Binayre_Razorcat	=	1.0000
http://dbkwik.webdatacommons.org/starwars.wikia.com/resource/Krayt_Dragon_Skeleton	http://dbkwik.webdatacommons.org/swg.wikia.com/resource/Krayt_Dragon_Skeleton	=	1.0000
http://starwars.wikia.com/wiki/Special:FilePath/Battle_Droid.png?width=300	http://swg.wikia.com/wiki/Special:FilePath/Battle-droid.png?width=300	=	1.0000
http://dbkwik.webdatacommons.org/starwars.wikia.com/resource/Category:Gemstones	http://dbkwik.webdatacommons.org/swg.wikia.com/resource/Category:Gemstones	=	1.0000
http://starwars.wikia.com/wiki/Special:FilePath///wizards.com/swtcg/images/esb/gallofree_medium_transport.jpg	http://swg.wikia.com/wiki/Special:FilePath/Gallofree_medium_transport.jpg	=	1.0000
http://starwars.wikia.com/wiki/Special:FilePath/Kima_Nazith.jpg	http://swg.wikia.com/wiki/Special:FilePath/Kima_Nazith.jpg	=	1.0000
http://dbkwik.webdatacommons.org/starwars.wikia.com/resource/Bearded_jax	http://dbkwik.webdatacommons.org/swg.wikia.com/resource/Bearded_Jax	=	1.0000
http://starwars.wikia.com/wiki/Special:FilePath/Adwan_Turoldine.jpg	http://swg.wikia.com/wiki/Special:FilePath/Adwan_Turoldine.jpg	=	1.0000
http://dbkwik.webdatacommons.org/starwars.wikia.com/resource/Nullifier_X	http://dbkwik.webdatacommons.org/swg.wikia.com/resource/Nullifier_X	=	1.0000
http://dbkwik.webdatacommons.org/starwars.wikia.com/resource/Hefsen_Zindalai	http://dbkwik.webdatacommons.org/swg.wikia.com/resource/Hefsen_Zindalai	=	1.0000
http://starwars.wikia.com/wiki/Special:FilePath/Snoova.jpg	http://swg.wikia.com/wiki/Special:FilePath/Snoova.jpg	=	1.0000
http://dbkwik.webdatacommons.org/starwars.wikia.com/resource/Fern_bicker	http://dbkwik.webdatacommons.org/swg.wikia.com/resource/Fern_Bicker	=	1.0000
http://dbkwik.webdatacommons.org/starwars.wikia.com/resource/Pants	http://dbkwik.webdatacommons.org/swg.wikia.com/resource/Pants	=	1.0000
http://dbkwik.webdatacommons.org/starwars.wikia.com/resource/Stronghold	http://dbkwik.webdatacommons.org/swg.wikia.com/resource/Stronghold	=	1.0000
http://dbkwik.webdatacommons.org/starwars.wikia.com/resource/Guf_drolg	http://dbkwik.webdatacommons.org/swg.wikia.com/resource/Guf_Drolg	=	1.0000
http://starwars.wikia.com/wiki/Special:FilePath/A-durni-mosaic.jpg	http://swg.wikia.com/wiki/Special:FilePath/A_Durni_Mosaic.jpg	=	1.0000
http://starwars.wikia.com/wiki/Special:FilePath/Party_Poster.jpg?width=300	http://swg.wikia.com/wiki/Special:FilePath/Party_Poster.jpg?width=300	=	1.0000
http://dbkwik.webdatacommons.org/starwars.wikia.com/resource/U	http://dbkwik.webdatacommons.org/swg.wikia.com/resource/U	=	1.0000
http://dbkwik.webdatacommons.org/starwars.wikia.com/resource/Retribution	http://dbkwik.webdatacommons.org/swg.wikia.com/resource/Retribution	=	1.0000
http://starwars.wikia.com/wiki/Special:FilePath/Angela.jpg	http://swg.wikia.com/wiki/Special:FilePath/Angela.jpg	=	1.0000
http://dbkwik.webdatacommons.org/starwars.wikia.com/resource/Warvog_Arkon	http://dbkwik.webdatacommons.org/swg.wikia.com/resource/Warvog_Arkon	=	1.0000
http://starwars.wikia.com/wiki/Special:FilePath/E-web.jpg	http://swg.wikia.com/wiki/Special:FilePath/E-web.jpg	=	1.0000
http://dbkwik.webdatacommons.org/starwars.wikia.com/resource/Sludge_panther	http://dbkwik.webdatacommons.org/swg.wikia.com/resource/Sludge_Panther	=	1.0000
http://starwars.wikia.com/wiki/Special:FilePath/RrwiiRoot-SWG.jpg	http://swg.wikia.com/wiki/Special:FilePath/Rrwii_Root_SWG.jpg	=	1.0000
http://dbkwik.webdatacommons.org/starwars.wikia.com/property/strength	http://dbkwik.webdatacommons.org/swg.wikia.com/resource/Strength	=	1.0000
http://dbkwik.webdatacommons.org/starwars.wikia.com/resource/Exemplar%27s_Mark	http://dbkwik.webdatacommons.org/swg.wikia.com/resource/Exemplar%27s_Mark	=	1.0000
http://starwars.wikia.com/wiki/Special:FilePath/CuanTalon.jpg	http://swg.wikia.com/wiki/Special:FilePath/Cuan_Talon.jpg	=	1.0000
http://starwars.wikia.com/wiki/Special:FilePath/Bacta_Tank.jpg	http://swg.wikia.com/wiki/Special:FilePath/Bacta-tank.jpg	=	1.0000
http://starwars.wikia.com/wiki/Special:FilePath/Rancor_Aid.png?width=300	http://swg.wikia.com/wiki/Special:FilePath/RancorAid.png?width=300	=	1.0000
http://dbkwik.webdatacommons.org/starwars.wikia.com/resource/Kahmurra_Biogenetic_Research_Station	http://dbkwik.webdatacommons.org/swg.wikia.com/resource/Kahmurra_Biogenetic_Research_Station	=	1.0000
http://dbkwik.webdatacommons.org/starwars.wikia.com/resource/Torvin	http://dbkwik.webdatacommons.org/swg.wikia.com/resource/Torvin	=	1.0000
http://starwars.wikia.com/wiki/Special:FilePath/Kenobis_Legacy.jpg	http://swg.wikia.com/wiki/Special:FilePath/Kenobis_Legacy.jpg	=	1.0000
http://starwars.wikia.com/wiki/Special:FilePath/Horn%27s_Future.jpg?width=300	http://swg.wikia.com/wiki/Special:FilePath/Horn%27s_Future.jpg?width=300	=	1.0000
http://dbkwik.webdatacommons.org/starwars.wikia.com/resource/Kinetic_armor	http://dbkwik.webdatacommons.org/swg.wikia.com/resource/Kinetic_Armor	=	1.0000
http://starwars.wikia.com/wiki/Special:FilePath/Kihraxz.jpg	http://swg.wikia.com/wiki/Special:FilePath/Kihraxz.jpg	=	1.0000
http://dbkwik.webdatacommons.org/starwars.wikia.com/resource/Arcona	http://dbkwik.webdatacommons.org/swg.wikia.com/resource/Arcona	=	1.0000
http://dbkwik.webdatacommons.org/starwars.wikia.com/resource/Teraeza_Furloti	http://dbkwik.webdatacommons.org/swg.wikia.com/resource/Teraeza_Furloti	=	1.0000
http://starwars.wikia.com/wiki/Special:FilePath/KaminoanGreatStaff.jpg	http://swg.wikia.com/wiki/Special:FilePath/Kaminoan_Great_Staff.jpg	=	1.0000
http://starwars.wikia.com/wiki/Special:FilePath/DamaliaKorde.jpg?width=300	http://swg.wikia.com/wiki/Special:FilePath/Damalia_Korde.jpg?width=300	=	1.0000
http://starwars.wikia.com/wiki/Special:FilePath/Kima.jpg	http://swg.wikia.com/wiki/Special:FilePath/Kima.jpg	=	1.0000
http://starwars.wikia.com/wiki/Special:FilePath/Kihraxz.jpg?width=300	http://swg.wikia.com/wiki/Special:FilePath/Kihraxz.jpg?width=300	=	1.0000
http://dbkwik.webdatacommons.org/starwars.wikia.com/resource/Agents_of_Deception	http://dbkwik.webdatacommons.org/swg.wikia.com/resource/Agents_of_Deception	=	1.0000
http://starwars.wikia.com/wiki/Special:FilePath/New_sith_order.jpg	http://swg.wikia.com/wiki/Special:FilePath/New_sith_order.jpg	=	1.0000
http://starwars.wikia.com/wiki/Special:FilePath/Corellian-beamrail-gauss-cannon.jpg	http://swg.wikia.com/wiki/Special:FilePath/Corellian-beamrail-gauss-cannon.jpg	=	1.0000
http://dbkwik.webdatacommons.org/starwars.wikia.com/resource/Radlee_Mathiss	http://dbkwik.webdatacommons.org/swg.wikia.com/resource/Radlee_Mathiss	=	1.0000
http://starwars.wikia.com/wiki/Special:FilePath/JyykleVulture.jpg?width=300	http://swg.wikia.com/wiki/Special:FilePath/Jyykle_Vulture.jpg?width=300	=	1.0000
http://dbkwik.webdatacommons.org/starwars.wikia.com/resource/Huff_Zinga	http://dbkwik.webdatacommons.org/swg.wikia.com/resource/Huff_Zinga	=	1.0000
http://dbkwik.webdatacommons.org/starwars.wikia.com/resource/Bantha_butter	http://dbkwik.webdatacommons.org/swg.wikia.com/resource/Bantha_Butter	=	1.0000
http://dbkwik.webdatacommons.org/starwars.wikia.com/resource/Acklay	http://dbkwik.webdatacommons.org/swg.wikia.com/resource/Acklay	=	1.0000
http://dbkwik.webdatacommons.org/starwars.wikia.com/resource/Nern	http://dbkwik.webdatacommons.org/swg.wikia.com/resource/Nern	=	1.0000
http://dbkwik.webdatacommons.org/starwars.wikia.com/resource/Heavy_acid_rifle	http://dbkwik.webdatacommons.org/swg.wikia.com/resource/Heavy_Acid_Rifle	=	1.0000
http://dbkwik.webdatacommons.org/starwars.wikia.com/resource/Kommerken_steak	http://dbkwik.webdatacommons.org/swg.wikia.com/resource/Kommerken_Steak	=	1.0000
http://starwars.wikia.com/wiki/Special:FilePath/Daclif_Gallamby.jpg?width=300	http://swg.wikia.com/wiki/Special:FilePath/Daclif-gallamby.jpg?width=300	=	1.0000
http://starwars.wikia.com/wiki/Special:FilePath/AB-1.jpg?width=300	http://swg.wikia.com/wiki/Special:FilePath/AB-1.jpg?width=300	=	1.0000
http://dbkwik.webdatacommons.org/starwars.wikia.com/resource/Aggregate_Civil_Liberties_Organization	http://dbkwik.webdatacommons.org/swg.wikia.com/resource/Aggregate_Civil_Liberties_Organization	=	1.0000
http://dbkwik.webdatacommons.org/starwars.wikia.com/resource/Mummers	http://dbkwik.webdatacommons.org/swg.wikia.com/resource/Mummers	=	1.0000
http://dbkwik.webdatacommons.org/starwars.wikia.com/resource/Beedo	http://dbkwik.webdatacommons.org/swg.wikia.com/resource/Beedo	=	1.0000
http://dbkwik.webdatacommons.org/starwars.wikia.com/resource/IG-88	http://dbkwik.webdatacommons.org/swg.wikia.com/resource/IG-88	=	1.0000
http://starwars.wikia.com/wiki/Special:FilePath/Hunter.jpg?width=300	http://swg.wikia.com/wiki/Special:FilePath/Hunter.jpg?width=300	=	1.0000
http://starwars.wikia.com/wiki/Special:FilePath/Laen_Pieweto.jpg	http://swg.wikia.com/wiki/Special:FilePath/Laen_Pieweto.jpg	=	1.0000
http://dbkwik.webdatacommons.org/starwars.wikia.com/resource/Restuss	http://dbkwik.webdatacommons.org/swg.wikia.com/resource/Restuss	=	1.0000
http://dbkwik.webdatacommons.org/starwars.wikia.com/resource/Krayt_dragon_pearl	http://dbkwik.webdatacommons.org/swg.wikia.com/resource/Krayt_Dragon_Pearl	=	1.0000
http://dbkwik.webdatacommons.org/starwars.wikia.com/resource/AK-Prime	http://dbkwik.webdatacommons.org/swg.wikia.com/resource/AK-Prime	=	1.0000
http://starwars.wikia.com/wiki/Special:FilePath/Ziven-Tissak.jpg?width=300	http://swg.wikia.com/wiki/Special:FilePath/Ziven-Tissak.jpg?width=300	=	1.0000
http://starwars.wikia.com/wiki/Special:FilePath/Ogl%27woxz.jpg?width=300	http://swg.wikia.com/wiki/Special:FilePath/Ogl%27woxz.jpg?width=300	=	1.0000
http://starwars.wikia.com/wiki/Special:FilePath/Chu-GonDarCube.jpg	http://swg.wikia.com/wiki/Special:FilePath/Chu-Gon_Dar_Cube.jpg	=	1.0000
http://dbkwik.webdatacommons.org/starwars.wikia.com/resource/Vagnerian_canapé	http://dbkwik.webdatacommons.org/swg.wikia.com/resource/Vagnerian_Canape	=	1.0000
http://dbkwik.webdatacommons.org/starwars.wikia.com/resource/Acklay_armor	http://dbkwik.webdatacommons.org/swg.wikia.com/resource/Acklay_armor	=	1.0000
http://dbkwik.webdatacommons.org/starwars.wikia.com/resource/Proton_rifle	http://dbkwik.webdatacommons.org/swg.wikia.com/resource/Proton_Rifle	=	1.0000
http://starwars.wikia.com/wiki/Special:FilePath/Stormtrooper_Sniper.png	http://swg.wikia.com/wiki/Special:FilePath/Stormtrooper_Sniper.png	=	1.0000
http://starwars.wikia.com/wiki/Special:FilePath/Xwing1.jpg?width=300	http://swg.wikia.com/wiki/Special:FilePath/Xwing1.jpg?width=300	=	1.0000
http://dbkwik.webdatacommons.org/starwars.wikia.com/resource/Death_Watch_bunker	http://dbkwik.webdatacommons.org/swg.wikia.com/resource/Death_Watch_Bunker	=	1.0000
http://starwars.wikia.com/wiki/Special:FilePath/StillLifeKitePlant-SWG.jpg?width=300	http://swg.wikia.com/wiki/Special:FilePath/Still_Life-Kite_Plant.jpg?width=300	=	0.9525
http://starwars.wikia.com/wiki/Special:FilePath/Sleash.jpg	http://swg.wikia.com/wiki/Special:FilePath/Sleash.jpg	=	1.0000
http://dbkwik.webdatacommons.org/starwars.wikia.com/resource/Versafunction88_datapad	http://dbkwik.webdatacommons.org/swg.wikia.com/resource/Versafunction88_Datapad	=	1.0000
http://starwars.wikia.com/wiki/Special:FilePath/Cinderclaw.jpg	http://swg.wikia.com/wiki/Special:FilePath/Cinderclaw.jpg	=	1.0000
http://starwars.wikia.com/wiki/Special:FilePath/Diax.jpg?width=300	http://swg.wikia.com/wiki/Special:FilePath/Diax.jpg?width=300	=	1.0000
http://starwars.wikia.com/wiki/Special:FilePath/Krayt-dragon-skeleton.jpg?width=300	http://swg.wikia.com/wiki/Special:FilePath/Krayt_Dragon_Skeleton.jpg?width=300	=	1.0000
http://starwars.wikia.com/wiki/Special:FilePath/Field_surgeon_ring.jpg	http://swg.wikia.com/wiki/Special:FilePath/Field_Surgeon_Ring.jpg	=	1.0000
http://starwars.wikia.com/wiki/Special:FilePath/Bol.jpg	http://swg.wikia.com/wiki/Special:FilePath/Bol.jpg	=	1.0000
http://starwars.wikia.com/wiki/Special:FilePath/Blurrg.jpg	http://swg.wikia.com/wiki/Special:FilePath/Blurrg.jpg	=	1.0000
http://starwars.wikia.com/wiki/Special:FilePath/KippyMartin.jpg?width=300	http://swg.wikia.com/wiki/Special:FilePath/Kippy_Martin.jpg?width=300	=	1.0000
http://starwars.wikia.com/wiki/Special:FilePath/Dustcrepe.jpg?width=300	http://swg.wikia.com/wiki/Special:FilePath/Dustcrepe.jpg?width=300	=	1.0000
http://dbkwik.webdatacommons.org/starwars.wikia.com/resource/Alliance_Cold_Weather_Leggings	http://dbkwik.webdatacommons.org/swg.wikia.com/resource/Alliance_Cold_Weather_Leggings	=	1.0000
http://dbkwik.webdatacommons.org/starwars.wikia.com/resource/Category:Articles	http://dbkwik.webdatacommons.org/swg.wikia.com/resource/Category:Articles	=	1.0000
http://starwars.wikia.com/wiki/Special:FilePath/Ruby_Bliel.png?width=300	http://swg.wikia.com/wiki/Special:FilePath/RubyBliel.png?width=300	=	1.0000
http://starwars.wikia.com/wiki/Special:FilePath/AgrilatSwamp.jpg	http://swg.wikia.com/wiki/Special:FilePath/Agrilat_swamp.jpg	=	1.0000
http://starwars.wikia.com/wiki/Special:FilePath/Anchorhead.jpg?width=300	http://swg.wikia.com/wiki/Special:FilePath/Anchorhead.jpg?width=300	=	1.0000
http://dbkwik.webdatacommons.org/starwars.wikia.com/resource/Piket	http://dbkwik.webdatacommons.org/swg.wikia.com/resource/Piket	=	1.0000
http://dbkwik.webdatacommons.org/starwars.wikia.com/resource/EM_emitter	http://dbkwik.webdatacommons.org/swg.wikia.com/resource/EM_emitter	=	1.0000
http://dbkwik.webdatacommons.org/starwars.wikia.com/resource/Category:Waters	http://dbkwik.webdatacommons.org/swg.wikia.com/resource/Category:Waters	=	1.0000
http://starwars.wikia.com/wiki/Special:FilePath/Solace.jpg	http://swg.wikia.com/wiki/Special:FilePath/Solace.jpg	=	1.0000
http://dbkwik.webdatacommons.org/starwars.wikia.com/resource/Galactic_Moon_Festival	http://dbkwik.webdatacommons.org/swg.wikia.com/resource/Galactic_Moon_Festival	=	1.0000
http://dbkwik.webdatacommons.org/starwars.wikia.com/resource/Coronet	http://dbkwik.webdatacommons.org/swg.wikia.com/resource/Coronet	=	1.0000
http://starwars.wikia.com/wiki/Special:FilePath/Lergo-Brazee.jpg?width=300	http://swg.wikia.com/wiki/Special:FilePath/Lergo-Brazee.jpg?width=300	=	1.0000
http://dbkwik.webdatacommons.org/starwars.wikia.com/resource/Category:Containers	http://dbkwik.webdatacommons.org/swg.wikia.com/resource/Category:Containers	=	1.0000
http://dbkwik.webdatacommons.org/starwars.wikia.com/resource/Rice	http://dbkwik.webdatacommons.org/swg.wikia.com/resource/Rice	=	1.0000
http://dbkwik.webdatacommons.org/starwars.wikia.com/resource/Afarathu_Cave	http://dbkwik.webdatacommons.org/swg.wikia.com/resource/Afarathu_Cave	=	1.0000
http://dbkwik.webdatacommons.org/starwars.wikia.com/resource/CC-V_%27Legion%27_Cryo_Projector	http://dbkwik.webdatacommons.org/swg.wikia.com/resource/CC-V_Legion_Cryo_Projector	=	1.0000
http://starwars.wikia.com/wiki/Special:FilePath/Brothervrovel.jpg?width=300	http://swg.wikia.com/wiki/Special:FilePath/Brothervrovel.jpg?width=300	=	1.0000
http://dbkwik.webdatacommons.org/starwars.wikia.com/resource/Klaatu	http://dbkwik.webdatacommons.org/swg.wikia.com/resource/Klaatu	=	1.0000
http://starwars.wikia.com/wiki/Special:FilePath/GunganWarriorStronghold.jpg?width=300	http://swg.wikia.com/wiki/Special:FilePath/Gungan-warrior-stronghold.jpg?width=300	=	1.0000
http://dbkwik.webdatacommons.org/starwars.wikia.com/resource/Bail_Organa	http://dbkwik.webdatacommons.org/swg.wikia.com/resource/Bail_Organa	=	1.0000
http://starwars.wikia.com/wiki/Special:FilePath/ChickenLeg.jpg	http://swg.wikia.com/wiki/Special:FilePath/Chicken-leg.jpg	=	1.0000
http://dbkwik.webdatacommons.org/starwars.wikia.com/resource/Darklighter_estate	http://dbkwik.webdatacommons.org/swg.wikia.com/resource/Darklighter_Estate	=	1.0000
http://dbkwik.webdatacommons.org/starwars.wikia.com/resource/Quarantine_Zone	http://dbkwik.webdatacommons.org/swg.wikia.com/resource/Quarantine_Zone	=	1.0000
http://dbkwik.webdatacommons.org/starwars.wikia.com/resource/Maintenance	http://dbkwik.webdatacommons.org/swg.wikia.com/resource/Maintenance	=	1.0000
http://starwars.wikia.com/wiki/Special:FilePath/Karthakk_bloodlight.jpg?width=300	http://swg.wikia.com/wiki/Special:FilePath/Karthakk_bloodlight.jpg?width=300	=	1.0000
http://dbkwik.webdatacommons.org/starwars.wikia.com/resource/Gorax	http://dbkwik.webdatacommons.org/swg.wikia.com/resource/Gorax	=	1.0000
http://dbkwik.webdatacommons.org/starwars.wikia.com/resource/Thakitillo	http://dbkwik.webdatacommons.org/swg.wikia.com/resource/Thakitillo	=	1.0000
http://dbkwik.webdatacommons.org/starwars.wikia.com/resource/Armorsmith	http://dbkwik.webdatacommons.org/swg.wikia.com/resource/Armorsmith	=	1.0000
http://dbkwik.webdatacommons.org/starwars.wikia.com/resource/Tusk_cat	http://dbkwik.webdatacommons.org/swg.wikia.com/resource/Tusk-Cat	=	1.0000
http://dbkwik.webdatacommons.org/starwars.wikia.com/resource/Orenth	http://dbkwik.webdatacommons.org/swg.wikia.com/resource/Orenth	=	1.0000
http://dbkwik.webdatacommons.org/starwars.wikia.com/resource/Stuffed_Tauntaun_Toy	http://dbkwik.webdatacommons.org/swg.wikia.com/resource/A_Stuffed_Tauntaun_Toy	=	0.9528
http://starwars.wikia.com/wiki/Special:FilePath/Insurgent.jpg?width=300	http://swg.wikia.com/wiki/Special:FilePath/Insurgent.jpg?width=300	=	1.0000
http://starwars.wikia.com/wiki/Special:FilePath/ReeYees.jpg?width=300	http://swg.wikia.com/wiki/Special:FilePath/%0ARee-yees.jpg?width=300	=	1.0000
http://starwars.wikia.com/wiki/Special:FilePath/Charge.jpg	http://swg.wikia.com/wiki/Special:FilePath/Charge.jpg	=	1.0000
http://starwars.wikia.com/wiki/Special:FilePath/Warrant-officer-luhin-jinno.jpg	http://swg.wikia.com/wiki/Special:FilePath/Warrant-officer-luhin-jinno.jpg	=	1.0000
http://starwars.wikia.com/wiki/Special:FilePath/Colonel_Narl.jpg	http://swg.wikia.com/wiki/Special:FilePath/Colonel_Narl.jpg	=	1.0000
http://dbkwik.webdatacommons.org/starwars.wikia.com/resource/Dulok	http://dbkwik.webdatacommons.org/swg.wikia.com/resource/Dulok	=	1.0000
http://dbkwik.webdatacommons.org/starwars.wikia.com/resource/Commando	http://dbkwik.webdatacommons.org/swg.wikia.com/resource/Commando	=	1.0000
http://dbkwik.webdatacommons.org/starwars.wikia.com/resource/Category:Templates	http://dbkwik.webdatacommons.org/swg.wikia.com/resource/Category:Templates	=	1.0000
http://dbkwik.webdatacommons.org/starwars.wikia.com/resource/Cobral_Hideout	http://dbkwik.webdatacommons.org/swg.wikia.com/resource/Cobral_Hideout	=	1.0000
http://dbkwik.webdatacommons.org/starwars.wikia.com/resource/Mandalore_City	http://dbkwik.webdatacommons.org/swg.wikia.com/resource/Mandalore_(city)	=	1.0000
http://starwars.wikia.com/wiki/Special:FilePath/Huf_dun.jpg?width=300	http://swg.wikia.com/wiki/Special:FilePath/Huf_Dun.jpg?width=300	=	1.0000
http://starwars.wikia.com/wiki/Special:FilePath/Ponda_Baba.jpg	http://swg.wikia.com/wiki/Special:FilePath/PondaBaba.jpg	=	1.0000
http://starwars.wikia.com/wiki/Special:FilePath/Lesser_Misty_Falls.jpg	http://swg.wikia.com/wiki/Special:FilePath/Lesser_Misty_Falls.jpg	=	1.0000
http://dbkwik.webdatacommons.org/starwars.wikia.com/resource/DeepSpace	http://dbkwik.webdatacommons.org/swg.wikia.com/resource/Deep_Space	=	1.0000
http://dbkwik.webdatacommons.org/starwars.wikia.com/resource/Category:Armor	http://dbkwik.webdatacommons.org/swg.wikia.com/resource/Category:Armor	=	1.0000
http://dbkwik.webdatacommons.org/starwars.wikia.com/resource/Lord_Nyax	http://dbkwik.webdatacommons.org/swg.wikia.com/resource/Lord_Nyax	=	1.0000
http://dbkwik.webdatacommons.org/starwars.wikia.com/resource/Trimpian	http://dbkwik.webdatacommons.org/swg.wikia.com/resource/Trimpian	=	1.0000
http://dbkwik.webdatacommons.org/starwars.wikia.com/resource/Hizram_Riean	http://dbkwik.webdatacommons.org/swg.wikia.com/resource/Hizram_Riean	=	1.0000
http://starwars.wikia.com/wiki/Special:FilePath/RonaldVarim.jpg	http://swg.wikia.com/wiki/Special:FilePath/Ronald-varim.jpg	=	1.0000
http://dbkwik.webdatacommons.org/starwars.wikia.com/resource/Jungle_Warfare	http://dbkwik.webdatacommons.org/swg.wikia.com/resource/Jungle_Warfare	=	1.0000
http://dbkwik.webdatacommons.org/starwars.wikia.com/resource/Pilgrimage	http://dbkwik.webdatacommons.org/swg.wikia.com/resource/Pilgrimage	=	1.0000
http://dbkwik.webdatacommons.org/starwars.wikia.com/resource/Aldalad	http://dbkwik.webdatacommons.org/swg.wikia.com/resource/Aldalad	=	1.0000
http://starwars.wikia.com/wiki/Special:FilePath/VordinSildor.jpg	http://swg.wikia.com/wiki/Special:FilePath/Vordin-sildor.jpg	=	1.0000
http://starwars.wikia.com/wiki/Special:FilePath/HK-47.jpg?width=300	http://swg.wikia.com/wiki/Special:FilePath/HK-47.jpg?width=300	=	1.0000
http://dbkwik.webdatacommons.org/starwars.wikia.com/resource/Janta	http://dbkwik.webdatacommons.org/swg.wikia.com/resource/Janta	=	1.0000
http://starwars.wikia.com/wiki/Special:FilePath/Space_station_SWG.jpg	http://swg.wikia.com/wiki/Special:FilePath/Space_station_SWG.jpg	=	1.0000
http://dbkwik.webdatacommons.org/starwars.wikia.com/resource/Ran_Machado	http://dbkwik.webdatacommons.org/swg.wikia.com/resource/Ran_Machado	=	1.0000
http://dbkwik.webdatacommons.org/starwars.wikia.com/resource/Treun_Lorn	http://dbkwik.webdatacommons.org/swg.wikia.com/resource/Treun_Lorn	=	1.0000
http://dbkwik.webdatacommons.org/starwars.wikia.com/resource/Allya%27s_Redemption	http://dbkwik.webdatacommons.org/swg.wikia.com/resource/Allya%27s_Redemption	=	1.0000
http://starwars.wikia.com/wiki/Special:FilePath/Sawtooth.jpg	http://swg.wikia.com/wiki/Special:FilePath/Sawtooth.jpg	=	1.0000
http://dbkwik.webdatacommons.org/starwars.wikia.com/resource/GK_Oppressor	http://dbkwik.webdatacommons.org/swg.wikia.com/resource/GK_Oppressor	=	1.0000
http://dbkwik.webdatacommons.org/starwars.wikia.com/property/b	http://dbkwik.webdatacommons.org/swg.wikia.com/resource/B	=	1.0000
http://starwars.wikia.com/wiki/Special:FilePath/Zombies.jpg?width=300	http://swg.wikia.com/wiki/Special:FilePath/Zombies.jpg?width=300	=	1.0000
http://dbkwik.webdatacommons.org/starwars.wikia.com/resource/Krayt_dragon	http://dbkwik.webdatacommons.org/swg.wikia.com/resource/Krayt_Dragon	=	1.0000
http://starwars.wikia.com/wiki/Special:FilePath/PriskKith%27Vys.jpg	http://swg.wikia.com/wiki/Special:FilePath/Prisk_Kith%27Vys.jpg	=	1.0000
http://dbkwik.webdatacommons.org/starwars.wikia.com/property/height	http://dbkwik.webdatacommons.org/swg.wikia.com/property/height	=	1.0000
http://dbkwik.webdatacommons.org/starwars.wikia.com/resource/Tolan_Nokkar	http://dbkwik.webdatacommons.org/swg.wikia.com/resource/Tolan_Nokkar	=	1.0000
http://starwars.wikia.com/wiki/Special:FilePath/Q4P3.jpg	http://swg.wikia.com/wiki/Special:FilePath/Q4P3.jpg	=	1.0000
http://dbkwik.webdatacommons.org/starwars.wikia.com/resource/Gotal	http://dbkwik.webdatacommons.org/swg.wikia.com/resource/Gotal	=	1.0000
http://dbkwik.webdatacommons.org/starwars.wikia.com/resource/Ewok	http://dbkwik.webdatacommons.org/swg.wikia.com/resource/Ewok	=	1.0000
http://starwars.wikia.com/wiki/Special:FilePath/Soris.jpg?width=300	http://swg.wikia.com/wiki/Special:FilePath/Soris.jpg?width=300	=	1.0000
http://starwars.wikia.com/wiki/Special:FilePath/ScatterPistol.jpg	http://swg.wikia.com/wiki/Special:FilePath/ScatterPistol.jpg	=	1.0000
http://dbkwik.webdatacommons.org/starwars.wikia.com/resource/Deathspine_varactyl	http://dbkwik.webdatacommons.org/swg.wikia.com/resource/Deathspine_varactyl	=	1.0000
http://dbkwik.webdatacommons.org/starwars.wikia.com/resource/Besh	http://dbkwik.webdatacommons.org/swg.wikia.com/resource/Besh	=	1.0000
http://starwars.wikia.com/wiki/Special:FilePath/Ulric%27s_Redemption.jpg?width=300	http://swg.wikia.com/wiki/Special:FilePath/Ulric%27s_Redemption.jpg?width=300	=	1.0000
http://dbkwik.webdatacommons.org/starwars.wikia.com/resource/Cold	http://dbkwik.webdatacommons.org/swg.wikia.com/property/cold	=	1.0000
http://starwars.wikia.com/wiki/Special:FilePath/Painting_container.jpg	http://swg.wikia.com/wiki/Special:FilePath/Painting_container.jpg	=	1.0000
http://dbkwik.webdatacommons.org/starwars.wikia.com/resource/Nyenthi%27Oris_Graveyard	http://dbkwik.webdatacommons.org/swg.wikia.com/resource/Nyenthi%27Oris_Graveyard	=	1.0000
http://starwars.wikia.com/wiki/Special:FilePath/NitraVendallan.jpg	http://swg.wikia.com/wiki/Special:FilePath/Nitra_Vendallan.jpg	=	1.0000
http://dbkwik.webdatacommons.org/starwars.wikia.com/resource/Entha_Kandela	http://dbkwik.webdatacommons.org/swg.wikia.com/resource/Entha_Kandela	=	1.0000
http://dbkwik.webdatacommons.org/starwars.wikia.com/resource/Tusken_Village	http://dbkwik.webdatacommons.org/swg.wikia.com/resource/Tusken_Village	=	1.0000
http://starwars.wikia.com/wiki/Special:FilePath/ChickenLeg.jpg?width=300	http://swg.wikia.com/wiki/Special:FilePath/Chicken-leg.jpg?width=300	=	1.0000
http://dbkwik.webdatacommons.org/starwars.wikia.com/resource/Empire_Day_Emperor%27s_Statue	http://dbkwik.webdatacommons.org/swg.wikia.com/resource/Empire_Day_Emperor%27s_Statue	=	1.0000
http://dbkwik.webdatacommons.org/starwars.wikia.com/resource/Kerritamba	http://dbkwik.webdatacommons.org/swg.wikia.com/resource/Kerritamba	=	1.0000
http://dbkwik.webdatacommons.org/starwars.wikia.com/resource/SFOR_Republic_carbine	http://dbkwik.webdatacommons.org/swg.wikia.com/resource/SFOR_Republic_Carbine	=	1.0000
http://starwars.wikia.com/wiki/Special:FilePath/Lance.jpg	http://swg.wikia.com/wiki/Special:FilePath/Lance.jpg	=	1.0000
http://starwars.wikia.com/wiki/Special:FilePath/Krahbu.jpg?width=300	http://swg.wikia.com/wiki/Special:FilePath/Krahbu.jpg?width=300	=	1.0000
http://starwars.wikia.com/wiki/Special:FilePath/BorraSetas.jpg?width=300	http://swg.wikia.com/wiki/Special:FilePath/Borra_Setas.jpg?width=300	=	1.0000
http://dbkwik.webdatacommons.org/starwars.wikia.com/resource/Veermok_Cave	http://dbkwik.webdatacommons.org/swg.wikia.com/resource/Veermok_Cave	=	1.0000
http://dbkwik.webdatacommons.org/starwars.wikia.com/resource/Great_Tree	http://dbkwik.webdatacommons.org/swg.wikia.com/resource/Great_Tree	=	1.0000
http://dbkwik.webdatacommons.org/starwars.wikia.com/resource/Rebel_Space_Station	http://dbkwik.webdatacommons.org/swg.wikia.com/resource/Rebel_Space_Station	=	1.0000
http://dbkwik.webdatacommons.org/starwars.wikia.com/resource/Iron	http://dbkwik.webdatacommons.org/swg.wikia.com/resource/Iron	=	1.0000
http://dbkwik.webdatacommons.org/starwars.wikia.com/resource/Regulator	http://dbkwik.webdatacommons.org/swg.wikia.com/resource/Regulator	=	1.0000
http://starwars.wikia.com/wiki/Special:FilePath/Paemos.jpg?width=300	http://swg.wikia.com/wiki/Special:FilePath/Paemos.jpg?width=300	=	1.0000
http://starwars.wikia.com/wiki/Special:FilePath/Logray.jpg	http://swg.wikia.com/wiki/Special:FilePath/Logray.jpg	=	1.0000
http://dbkwik.webdatacommons.org/starwars.wikia.com/resource/Corellian_Destroyer	http://dbkwik.webdatacommons.org/swg.wikia.com/resource/Corellian_Destroyer	=	1.0000
http://starwars.wikia.com/wiki/Special:FilePath/Kylantha2.jpg	http://swg.wikia.com/wiki/Special:FilePath/Kylantha2.jpg	=	1.0000
http://starwars.wikia.com/wiki/Special:FilePath/Avatar_Platform.jpg?width=300	http://swg.wikia.com/wiki/Special:FilePath/Avatar_Platform.jpg?width=300	=	1.0000
http://dbkwik.webdatacommons.org/starwars.wikia.com/resource/Devastation	http://dbkwik.webdatacommons.org/swg.wikia.com/resource/Devastation	=	1.0000
http://starwars.wikia.com/wiki/Special:FilePath/An%27Kwee.jpg?width=300	http://swg.wikia.com/wiki/Special:FilePath/An%27kwee.jpg?width=300	=	1.0000
http://dbkwik.webdatacommons.org/starwars.wikia.com/resource/Tusken_Cave	http://dbkwik.webdatacommons.org/swg.wikia.com/resource/Tusken_Cave	=	1.0000
http://dbkwik.webdatacommons.org/starwars.wikia.com/resource/Portrait_of_the_Emperor	http://dbkwik.webdatacommons.org/swg.wikia.com/resource/Portrait_of_the_Emperor	=	1.0000
http://starwars.wikia.com/wiki/Special:FilePath/Byrec.jpg?width=300	http://swg.wikia.com/wiki/Special:FilePath/Byrec.jpg?width=300	=	1.0000
http://starwars.wikia.com/wiki/Special:FilePath/CDEF_carbine.jpg?width=300	http://swg.wikia.com/wiki/Special:FilePath/CDEF_Carbine.jpg?width=300	=	1.0000
http://starwars.wikia.com/wiki/Special:FilePath/Ysith.jpg	http://swg.wikia.com/wiki/Special:FilePath/Ysith.jpg	=	1.0000
http://starwars.wikia.com/wiki/Special:FilePath/Mining_Droid.jpg?width=300	http://swg.wikia.com/wiki/Special:FilePath/Mining_droid.jpg?width=300	=	1.0000
http://dbkwik.webdatacommons.org/starwars.wikia.com/resource/Ewok_crossbow	http://dbkwik.webdatacommons.org/swg.wikia.com/resource/Ewok_Crossbow	=	1.0000
http://dbkwik.webdatacommons.org/starwars.wikia.com/resource/Portrait_of_a_Twi%27lek_Female	http://dbkwik.webdatacommons.org/swg.wikia.com/resource/Portrait_of_a_Twi%27lek_Female	=	1.0000
http://dbkwik.webdatacommons.org/starwars.wikia.com/resource/Hagrin_Zeed	http://dbkwik.webdatacommons.org/swg.wikia.com/resource/Hagrin_Zeed	=	1.0000
http://starwars.wikia.com/wiki/Special:FilePath/Grievence_Striker.jpg?width=300	http://swg.wikia.com/wiki/Special:FilePath/Grievence_striker.jpg?width=300	=	1.0000
http://dbkwik.webdatacommons.org/starwars.wikia.com/resource/Bespin_Port	http://dbkwik.webdatacommons.org/swg.wikia.com/resource/Bespin_Port	=	1.0000
http://dbkwik.webdatacommons.org/starwars.wikia.com/resource/Wrelaac	http://dbkwik.webdatacommons.org/swg.wikia.com/resource/Wrelaac	=	1.0000
http://dbkwik.webdatacommons.org/starwars.wikia.com/resource/Spraystick	http://dbkwik.webdatacommons.org/swg.wikia.com/resource/Spraystick	=	1.0000
http://starwars.wikia.com/wiki/Special:FilePath/Rori.jpg?width=300	http://swg.wikia.com/wiki/Special:FilePath/Rori.jpg?width=300	=	1.0000
http://dbkwik.webdatacommons.org/starwars.wikia.com/resource/Arachne	http://dbkwik.webdatacommons.org/swg.wikia.com/resource/Arachne	=	1.0000
http://starwars.wikia.com/wiki/Special:FilePath/Alger.jpg	http://swg.wikia.com/wiki/Special:FilePath/Alger.jpg	=	1.0000
http://starwars.wikia.com/wiki/Special:FilePath/Maximillian.jpg?width=300	http://swg.wikia.com/wiki/Special:FilePath/Maximillian.jpg?width=300	=	1.0000
http://dbkwik.webdatacommons.org/starwars.wikia.com/resource/Stage_Backdrop_Generator	http://dbkwik.webdatacommons.org/swg.wikia.com/resource/Stage_Backdrop_Generator	=	1.0000
http://starwars.wikia.com/wiki/Special:FilePath/LegendaryE5Carbine.jpg?width=300	http://swg.wikia.com/wiki/Special:FilePath/Legendary-E5-carbine.jpg?width=300	=	1.0000
http://starwars.wikia.com/wiki/Special:FilePath/GrenzZittoun.jpg?width=300	http://swg.wikia.com/wiki/Special:FilePath/Grenz_Zittoun.jpg?width=300	=	1.0000
http://starwars.wikia.com/wiki/Special:FilePath/Ssiksik.jpg	http://swg.wikia.com/wiki/Special:FilePath/Ssiksik.jpg	=	1.0000
http://starwars.wikia.com/wiki/Special:FilePath/Benjamin.jpg?width=300	http://swg.wikia.com/wiki/Special:FilePath/Benjamin.jpg?width=300	=	1.0000
http://dbkwik.webdatacommons.org/starwars.wikia.com/resource/Nym%27s_Factory_Compound	http://dbkwik.webdatacommons.org/swg.wikia.com/resource/Nym%27s_Factory_Compound	=	1.0000
http://starwars.wikia.com/wiki/Special:FilePath/Darth_Maul.jpg	http://swg.wikia.com/wiki/Special:FilePath/Darth_Maul.jpg	=	1.0000
http://starwars.wikia.com/wiki/Special:FilePath/Peaches.jpg?width=300	http://swg.wikia.com/wiki/Special:FilePath/Peaches.jpg?width=300	=	1.0000
http://starwars.wikia.com/wiki/Special:FilePath/Chatook.jpg?width=300	http://swg.wikia.com/wiki/Special:FilePath/Chatook.jpg?width=300	=	1.0000
http://dbkwik.webdatacommons.org/starwars.wikia.com/resource/Ithorian_sentinel_armor	http://dbkwik.webdatacommons.org/swg.wikia.com/resource/Ithorian_Sentinel_armor	=	1.0000
http://starwars.wikia.com/wiki/Special:FilePath/Victory.jpg?width=300	http://swg.wikia.com/wiki/Special:FilePath/VICTORY.jpg?width=300	=	1.0000
http://starwars.wikia.com/wiki/Special:FilePath/CommanderD%27krn.jpg?width=300	http://swg.wikia.com/wiki/Special:FilePath/Commander-D%27krn.jpg?width=300	=	1.0000
http://dbkwik.webdatacommons.org/starwars.wikia.com/resource/Droideka	http://dbkwik.webdatacommons.org/swg.wikia.com/resource/Droideka	=	1.0000
http://dbkwik.webdatacommons.org/starwars.wikia.com/resource/Qakkee	http://dbkwik.webdatacommons.org/swg.wikia.com/resource/Qakkee	=	1.0000
http://dbkwik.webdatacommons.org/starwars.wikia.com/resource/Krix_Swiftshadow	http://dbkwik.webdatacommons.org/swg.wikia.com/resource/Krix_Swiftshadow	=	1.0000
http://starwars.wikia.com/wiki/Special:FilePath/Thewarren.jpg?width=300	http://swg.wikia.com/wiki/Special:FilePath/Thewarren.jpg?width=300	=	1.0000
http://starwars.wikia.com/wiki/Special:FilePath/Ogl%27woxz.jpg	http://swg.wikia.com/wiki/Special:FilePath/Ogl%27woxz.jpg	=	1.0000
http://dbkwik.webdatacommons.org/starwars.wikia.com/resource/Lucky_Despot	http://dbkwik.webdatacommons.org/swg.wikia.com/resource/Lucky_Despot	=	1.0000
http://starwars.wikia.com/wiki/Special:FilePath/Chu-GonDarCube.jpg?width=300	http://swg.wikia.com/wiki/Special:FilePath/Chu-Gon_Dar_Cube.jpg?width=300	=	1.0000
http://dbkwik.webdatacommons.org/starwars.wikia.com/resource/Nova_Orion_Station	http://dbkwik.webdatacommons.org/swg.wikia.com/resource/Nova_Orion_Station	=	1.0000
http://dbkwik.webdatacommons.org/starwars.wikia.com/resource/Witches%27_war_fan	http://dbkwik.webdatacommons.org/swg.wikia.com/resource/Witches%27_War_Fan	=	1.0000
http://dbkwik.webdatacommons.org/starwars.wikia.com/resource/C-3TC	http://dbkwik.webdatacommons.org/swg.wikia.com/resource/C-3TC	=	1.0000
http://starwars.wikia.com/wiki/Special:FilePath/Gulginaw.jpg	http://swg.wikia.com/wiki/Special:FilePath/Gulginaw.jpg	=	1.0000
http://starwars.wikia.com/wiki/Special:FilePath/Gendra.jpg?width=300	http://swg.wikia.com/wiki/Special:FilePath/Gendra.jpg?width=300	=	1.0000
http://dbkwik.webdatacommons.org/starwars.wikia.com/resource/Tempest	http://dbkwik.webdatacommons.org/swg.wikia.com/resource/Tempest	=	1.0000
http://starwars.wikia.com/wiki/Special:FilePath/GeonosianSonicBlaster.jpg	http://swg.wikia.com/wiki/Special:FilePath/GeonosianSonicBlaster.jpg	=	1.0000
http://starwars.wikia.com/wiki/Special:FilePath///www.wizards.com/swtcg/images/anh/flare_s_swoop.jpg	http://swg.wikia.com/wiki/Special:FilePath/Flare_s_swoop.jpg	=	1.0000
http://starwars.wikia.com/wiki/Special:FilePath/Pestilence.jpg?width=300	http://swg.wikia.com/wiki/Special:FilePath/Pestilence.jpg?width=300	=	1.0000
http://dbkwik.webdatacommons.org/starwars.wikia.com/resource/Vaik%27anna_Silverlight	http://dbkwik.webdatacommons.org/swg.wikia.com/resource/Vaik%27anna_Silverlight	=	1.0000
http://dbkwik.webdatacommons.org/starwars.wikia.com/resource/Cryo_lance	http://dbkwik.webdatacommons.org/swg.wikia.com/resource/Cryo_Lance	=	1.0000
http://starwars.wikia.com/wiki/Special:FilePath///wizards.com/swtcg/images/esb/mynock.jpg	http://swg.wikia.com/wiki/Special:FilePath/MYNOCK.jpg	=	1.0000
http://starwars.wikia.com/wiki/Special:FilePath/Kinesworthy.jpg?width=300	http://swg.wikia.com/wiki/Special:FilePath/Kinesworthy.jpg?width=300	=	1.0000
http://starwars.wikia.com/wiki/Special:FilePath/Kaythree.jpg?width=300	http://swg.wikia.com/wiki/Special:FilePath/Kaythree.jpg?width=300	=	1.0000
http://starwars.wikia.com/wiki/Special:FilePath/Juggernaut%27s_Ring.jpg?width=300	http://swg.wikia.com/wiki/Special:FilePath/Juggernaut%27s.Ring.jpg?width=300	=	1.0000
http://dbkwik.webdatacommons.org/starwars.wikia.com/resource/Heavy_particle_beam_cannon	http://dbkwik.webdatacommons.org/swg.wikia.com/resource/Heavy_Particle_Beam_Cannon	=	1.0000
http://dbkwik.webdatacommons.org/starwars.wikia.com/resource/Purbole	http://dbkwik.webdatacommons.org/swg.wikia.com/resource/Purbole	=	1.0000
http://dbkwik.webdatacommons.org/starwars.wikia.com/resource/Sordaan_Xris	http://dbkwik.webdatacommons.org/swg.wikia.com/resource/Sordaan_Xris	=	1.0000
http://starwars.wikia.com/wiki/Special:FilePath/Bolma.png	http://swg.wikia.com/wiki/Special:FilePath/Bolma.png	=	1.0000
http://dbkwik.webdatacommons.org/starwars.wikia.com/resource/Light_Jedi_Enclave	http://dbkwik.webdatacommons.org/swg.wikia.com/resource/Light_Jedi_Enclave	=	1.0000
http://starwars.wikia.com/wiki/Special:FilePath/2-1B_surgical_droid.jpg?width=300	http://swg.wikia.com/wiki/Special:FilePath/2-1B_Surgical_Droid.jpg?width=300	=	1.0000
http://dbkwik.webdatacommons.org/starwars.wikia.com/resource/Vardias_Tyne	http://dbkwik.webdatacommons.org/swg.wikia.com/resource/Vardias_Tyne	=	1.0000
http://dbkwik.webdatacommons.org/starwars.wikia.com/resource/Cataclysm	http://dbkwik.webdatacommons.org/swg.wikia.com/resource/Cataclysm	=	1.0000
http://dbkwik.webdatacommons.org/starwars.wikia.com/resource/Usk	http://dbkwik.webdatacommons.org/swg.wikia.com/resource/Usk	=	1.0000
http://starwars.wikia.com/wiki/Special:FilePath/Koro-2.jpg?width=300	http://swg.wikia.com/wiki/Special:FilePath/Koro-2.jpg?width=300	=	1.0000
http://starwars.wikia.com/wiki/Special:FilePath/RareNovaCrystal.jpg	http://swg.wikia.com/wiki/Special:FilePath/Rare_nova_Crystal.jpg	=	1.0000
http://starwars.wikia.com/wiki/Special:FilePath/Allya%27sRedemption.jpg?width=300	http://swg.wikia.com/wiki/Special:FilePath/Allya%27s_Redemption.jpg?width=300	=	1.0000
http://dbkwik.webdatacommons.org/starwars.wikia.com/resource/Clothing	http://dbkwik.webdatacommons.org/swg.wikia.com/resource/Clothing	=	1.0000
http://dbkwik.webdatacommons.org/starwars.wikia.com/resource/Hanna_S%27kiyah	http://dbkwik.webdatacommons.org/swg.wikia.com/resource/Hanna_S%27kiyah	=	1.0000
http://dbkwik.webdatacommons.org/starwars.wikia.com/resource/Rebel_assault_armor	http://dbkwik.webdatacommons.org/swg.wikia.com/resource/Rebel_Assault_armor	=	1.0000
http://dbkwik.webdatacommons.org/starwars.wikia.com/resource/Doaba_Guerfel	http://dbkwik.webdatacommons.org/swg.wikia.com/resource/Doaba_Guerfel	=	1.0000
http://dbkwik.webdatacommons.org/starwars.wikia.com/resource/A_Rebel_Painting	http://dbkwik.webdatacommons.org/swg.wikia.com/resource/A_Rebel_Painting	=	1.0000
http://starwars.wikia.com/wiki/Special:FilePath/Vatoono.jpg?width=300	http://swg.wikia.com/wiki/Special:FilePath/Vatoono.jpg?width=300	=	1.0000
http://dbkwik.webdatacommons.org/starwars.wikia.com/resource/Kathikiis_Ruwahurr	http://dbkwik.webdatacommons.org/swg.wikia.com/resource/Kathikiis_Ruwahurr	=	1.0000
http://starwars.wikia.com/wiki/Special:FilePath/KommerkenSteak.jpg	http://swg.wikia.com/wiki/Special:FilePath/Kommerken-steak.jpg	=	1.0000
http://dbkwik.webdatacommons.org/starwars.wikia.com/resource/Jusani_Zhord	http://dbkwik.webdatacommons.org/swg.wikia.com/resource/Jusani_Zhord	=	1.0000
http://dbkwik.webdatacommons.org/starwars.wikia.com/resource/Force_choke	http://dbkwik.webdatacommons.org/swg.wikia.com/resource/Force_Choke	=	1.0000
http://starwars.wikia.com/wiki/Special:FilePath/AT-XT.jpg?width=300	http://swg.wikia.com/wiki/Special:FilePath/At-xt.jpg?width=300	=	1.0000
http://starwars.wikia.com/wiki/Special:FilePath/Blue_milk.png	http://swg.wikia.com/wiki/Special:FilePath/BlueMilk.png	=	1.0000
http://starwars.wikia.com/wiki/Special:FilePath/Jetpack.jpg	http://swg.wikia.com/wiki/Special:FilePath/Jetpack.jpg	=	1.0000
http://dbkwik.webdatacommons.org/starwars.wikia.com/resource/Tusken_bread	http://dbkwik.webdatacommons.org/swg.wikia.com/resource/Tusken_Bread	=	1.0000
http://starwars.wikia.com/wiki/Special:FilePath/Dahlia.jpg	http://swg.wikia.com/wiki/Special:FilePath/Dahlia.jpg	=	1.0000
http://dbkwik.webdatacommons.org/starwars.wikia.com/resource/Homing_beacon	http://dbkwik.webdatacommons.org/swg.wikia.com/resource/Homing_Beacon	=	1.0000
http://starwars.wikia.com/wiki/Special:FilePath/Ssiksik.jpg?width=300	http://swg.wikia.com/wiki/Special:FilePath/Ssiksik.jpg?width=300	=	1.0000
http://starwars.wikia.com/wiki/Special:FilePath/Ubese.jpg?width=300	http://swg.wikia.com/wiki/Special:FilePath/Ubese.jpg?width=300	=	1.0000
http://dbkwik.webdatacommons.org/starwars.wikia.com/resource/IT-O_Interrogator	http://dbkwik.webdatacommons.org/swg.wikia.com/resource/IT-O_Interrogator	=	1.0000
http://dbkwik.webdatacommons.org/starwars.wikia.com/resource/Borra_Setas	http://dbkwik.webdatacommons.org/swg.wikia.com/resource/Borra_Setas	=	1.0000
http://dbkwik.webdatacommons.org/starwars.wikia.com/resource/Wilhalm_Skrim	http://dbkwik.webdatacommons.org/swg.wikia.com/resource/Wilhalm_Skrim	=	1.0000
http://dbkwik.webdatacommons.org/starwars.wikia.com/property/misc	http://dbkwik.webdatacommons.org/swg.wikia.com/resource/Misc	=	1.0000
http://dbkwik.webdatacommons.org/starwars.wikia.com/resource/Protato	http://dbkwik.webdatacommons.org/swg.wikia.com/resource/Protato	=	1.0000
http://dbkwik.webdatacommons.org/starwars.wikia.com/resource/Imperial_pilot	http://dbkwik.webdatacommons.org/swg.wikia.com/resource/Imperial_Pilot	=	1.0000
http://dbkwik.webdatacommons.org/starwars.wikia.com/resource/Holocron	http://dbkwik.webdatacommons.org/swg.wikia.com/resource/Holocron	=	1.0000
http://starwars.wikia.com/wiki/Special:FilePath/PadawanTraining.jpg	http://swg.wikia.com/wiki/Special:FilePath/Padawan_Training.jpg	=	1.0000
http://starwars.wikia.com/wiki/Special:FilePath/Jabba2.jpg?width=300	http://swg.wikia.com/wiki/Special:FilePath/Jabba2.jpg?width=300	=	1.0000
http://starwars.wikia.com/wiki/Special:FilePath/Old_man.jpg	http://swg.wikia.com/wiki/Special:FilePath/Old_man.jpg	=	1.0000
http://dbkwik.webdatacommons.org/starwars.wikia.com/resource/Order_66	http://dbkwik.webdatacommons.org/swg.wikia.com/resource/Order_66	=	1.0000
http://starwars.wikia.com/wiki/Special:FilePath/Xandank.gif?width=300	http://swg.wikia.com/wiki/Special:FilePath/Xandank.gif?width=300	=	1.0000
http://dbkwik.webdatacommons.org/starwars.wikia.com/resource/Memories_Past	http://dbkwik.webdatacommons.org/swg.wikia.com/resource/Memories_Past	=	1.0000
http://starwars.wikia.com/wiki/Special:FilePath/Durindfire.png	http://swg.wikia.com/wiki/Special:FilePath/Durindfire.png	=	1.0000
http://starwars.wikia.com/wiki/Special:FilePath/ReinforcedCombatStaff.jpg	http://swg.wikia.com/wiki/Special:FilePath/Reinforced_Combat_Staff.jpg	=	1.0000
http://starwars.wikia.com/wiki/Special:FilePath/Soris.jpg	http://swg.wikia.com/wiki/Special:FilePath/Soris.jpg	=	1.0000
http://dbkwik.webdatacommons.org/starwars.wikia.com/resource/Beast	http://dbkwik.webdatacommons.org/swg.wikia.com/resource/Beast	=	1.0000
http://dbkwik.webdatacommons.org/starwars.wikia.com/resource/Firrerreo	http://dbkwik.webdatacommons.org/swg.wikia.com/resource/Firrerreo	=	1.0000
http://dbkwik.webdatacommons.org/starwars.wikia.com/resource/Ancient_Life_Day	http://dbkwik.webdatacommons.org/swg.wikia.com/resource/Ancient_Life_Day	=	1.0000
http://dbkwik.webdatacommons.org/starwars.wikia.com/resource/Block	http://dbkwik.webdatacommons.org/swg.wikia.com/resource/Block	=	1.0000
http://starwars.wikia.com/wiki/Special:FilePath/SithSword.jpg?width=300	http://swg.wikia.com/wiki/Special:FilePath/Sith-sword.jpg?width=300	=	1.0000
http://dbkwik.webdatacommons.org/starwars.wikia.com/resource/Decimator_(painting)	http://dbkwik.webdatacommons.org/swg.wikia.com/resource/Decimator_(Painting)	=	1.0000
http://dbkwik.webdatacommons.org/starwars.wikia.com/resource/Protecto-net_Shield	http://dbkwik.webdatacommons.org/swg.wikia.com/resource/Protecto-net_Shield	=	1.0000
http://starwars.wikia.com/wiki/Special:FilePath/Ewok_crossbow.png?width=300	http://swg.wikia.com/wiki/Special:FilePath/Ewok_crossbow.png?width=300	=	1.0000
http://starwars.wikia.com/wiki/Special:FilePath/Elshandruu_Pica_Thundercloud.png	http://swg.wikia.com/wiki/Special:FilePath/ElshandruuPicaThundercloud.png	=	1.0000
http://starwars.wikia.com/wiki/Special:FilePath/Goretongue.jpg	http://swg.wikia.com/wiki/Special:FilePath/Goretongue.jpg	=	1.0000
http://dbkwik.webdatacommons.org/starwars.wikia.com/resource/Storm_Lord	http://dbkwik.webdatacommons.org/swg.wikia.com/resource/Storm_Lord	=	1.0000
http://starwars.wikia.com/wiki/Special:FilePath/Kole.png?width=300	http://swg.wikia.com/wiki/Special:FilePath/Kole.png?width=300	=	1.0000
http://starwars.wikia.com/wiki/Special:FilePath/TomblBlaus.jpg	http://swg.wikia.com/wiki/Special:FilePath/Tombl_Blaus.jpg	=	1.0000
http://dbkwik.webdatacommons.org/starwars.wikia.com/resource/Mos_Espa_Token_of_Heroism	http://dbkwik.webdatacommons.org/swg.wikia.com/resource/Mos_Espa_Token_of_Heroism	=	1.0000
http://dbkwik.webdatacommons.org/starwars.wikia.com/resource/K-18_rations	http://dbkwik.webdatacommons.org/swg.wikia.com/resource/K-18_Rations	=	1.0000
http://starwars.wikia.com/wiki/Special:FilePath/BloomFruit.jpg	http://swg.wikia.com/wiki/Special:FilePath/Bloom_Fruit.jpg	=	1.0000
http://dbkwik.webdatacommons.org/starwars.wikia.com/resource/Flight_computer	http://dbkwik.webdatacommons.org/swg.wikia.com/resource/Flight_computer	=	1.0000
http://starwars.wikia.com/wiki/Special:FilePath/Fish.jpg	http://swg.wikia.com/wiki/Special:FilePath/Fish.jpg	=	1.0000
http://starwars.wikia.com/wiki/Special:FilePath/Arena.jpg	http://swg.wikia.com/wiki/Special:FilePath/Arena.jpg	=	1.0000
http://starwars.wikia.com/wiki/Special:FilePath/NullifierX.jpg?width=300	http://swg.wikia.com/wiki/Special:FilePath/Nullifier_X.jpg?width=300	=	1.0000
http://dbkwik.webdatacommons.org/starwars.wikia.com/resource/Garage	http://dbkwik.webdatacommons.org/swg.wikia.com/resource/Garage	=	1.0000
http://dbkwik.webdatacommons.org/starwars.wikia.com/resource/Woolamander	http://dbkwik.webdatacommons.org/swg.wikia.com/resource/Woolamander	=	1.0000
http://starwars.wikia.com/wiki/Special:FilePath/Malfosa.jpg?width=300	http://swg.wikia.com/wiki/Special:FilePath/Malfosa.jpg?width=300	=	1.0000
http://dbkwik.webdatacommons.org/starwars.wikia.com/resource/Nym%27s_Revenge	http://dbkwik.webdatacommons.org/swg.wikia.com/resource/Nym%27s_Revenge	=	1.0000
http://dbkwik.webdatacommons.org/starwars.wikia.com/resource/Unkajo	http://dbkwik.webdatacommons.org/swg.wikia.com/resource/Unkajo	=	1.0000
http://dbkwik.webdatacommons.org/starwars.wikia.com/resource/Vayerbok	http://dbkwik.webdatacommons.org/swg.wikia.com/resource/Vayerbok	=	1.0000
http://dbkwik.webdatacommons.org/starwars.wikia.com/resource/A_Panoramic_Painting_-_Tatooine	http://dbkwik.webdatacommons.org/swg.wikia.com/resource/A_Panoramic_Painting_-_Tatooine	=	1.0000
http://starwars.wikia.com/wiki/Special:FilePath/Sergeant_tarl.jpg?width=300	http://swg.wikia.com/wiki/Special:FilePath/Sergeant-tarl.jpg?width=300	=	1.0000
http://dbkwik.webdatacommons.org/starwars.wikia.com/resource/Kallaarac	http://dbkwik.webdatacommons.org/swg.wikia.com/resource/Kallaarac	=	1.0000
http://starwars.wikia.com/wiki/Special:FilePath/Lightsaber-cutaway.jpg	http://swg.wikia.com/wiki/Special:FilePath/Lightsaber-cutaway.jpg	=	1.0000
http://starwars.wikia.com/wiki/Special:FilePath/Jural.jpg	http://swg.wikia.com/wiki/Special:FilePath/Jural.jpg	=	1.0000
http://starwars.wikia.com/wiki/Special:FilePath/GunshipBlueprint.jpg	http://swg.wikia.com/wiki/Special:FilePath/Gunship_blueprint.jpg	=	1.0000
http://starwars.wikia.com/wiki/Special:FilePath/Gallura-Handerin.jpg	http://swg.wikia.com/wiki/Special:FilePath/Gallura-Handerin.jpg	=	1.0000
http://starwars.wikia.com/wiki/Special:FilePath/RekThelcar.jpg?width=300	http://swg.wikia.com/wiki/Special:FilePath/Rek_Thelcar.jpg?width=300	=	1.0000
http://starwars.wikia.com/wiki/Special:FilePath/JubaiLaetlii.jpg?width=300	http://swg.wikia.com/wiki/Special:FilePath/Jubai_Laetlii.jpg?width=300	=	1.0000
http://starwars.wikia.com/wiki/Special:FilePath/Painting_container.jpg?width=300	http://swg.wikia.com/wiki/Special:FilePath/Painting_container.jpg?width=300	=	1.0000
http://starwars.wikia.com/wiki/Special:FilePath/ValanceSerth.jpg?width=300	http://swg.wikia.com/wiki/Special:FilePath/Valance_Serth.jpg?width=300	=	1.0000
http://dbkwik.webdatacommons.org/starwars.wikia.com/property/position	http://dbkwik.webdatacommons.org/swg.wikia.com/property/position	=	1.0000
http://dbkwik.webdatacommons.org/starwars.wikia.com/resource/IFF_Confuser	http://dbkwik.webdatacommons.org/swg.wikia.com/resource/IFF_confuser	=	1.0000
http://dbkwik.webdatacommons.org/starwars.wikia.com/resource/Errik_Darksider	http://dbkwik.webdatacommons.org/swg.wikia.com/resource/Errik_Darksider	=	1.0000
http://starwars.wikia.com/wiki/Special:FilePath/LavaCannon.jpg	http://swg.wikia.com/wiki/Special:FilePath/Lava_Cannon.jpg	=	1.0000
http://starwars.wikia.com/wiki/Special:FilePath/StuvanyInglen.jpg	http://swg.wikia.com/wiki/Special:FilePath/Stuvany_Inglen.jpg	=	1.0000
http://dbkwik.webdatacommons.org/starwars.wikia.com/resource/Nikto	http://dbkwik.webdatacommons.org/swg.wikia.com/resource/Nikto	=	1.0000
http://starwars.wikia.com/wiki/Special:FilePath/Sevorrt.jpg	http://swg.wikia.com/wiki/Special:FilePath/SEVORRT.jpg	=	1.0000
http://dbkwik.webdatacommons.org/starwars.wikia.com/resource/Droid	http://dbkwik.webdatacommons.org/swg.wikia.com/resource/Droid	=	1.0000
http://starwars.wikia.com/wiki/Special:FilePath/StrikerPistol.jpg	http://swg.wikia.com/wiki/Special:FilePath/StrikerPistol.jpg	=	1.0000
http://dbkwik.webdatacommons.org/starwars.wikia.com/resource/Mon_Calamari	http://dbkwik.webdatacommons.org/swg.wikia.com/resource/Mon_Calamari	=	1.0000
http://dbkwik.webdatacommons.org/starwars.wikia.com/resource/Cho_nor_hoola	http://dbkwik.webdatacommons.org/swg.wikia.com/resource/Cho-Nor-Hoola	=	1.0000
http://starwars.wikia.com/wiki/Special:FilePath/Lithitanium_rifle.jpg	http://swg.wikia.com/wiki/Special:FilePath/Lithitanium_rifle.jpg	=	1.0000
http://starwars.wikia.com/wiki/Special:FilePath/Decay_Mite.jpg	http://swg.wikia.com/wiki/Special:FilePath/DecayMite.jpg	=	1.0000
http://dbkwik.webdatacommons.org/starwars.wikia.com/resource/Mercenaries%27_Ridge	http://dbkwik.webdatacommons.org/swg.wikia.com/resource/Mercenaries%27_Ridge	=	1.0000
http://dbkwik.webdatacommons.org/starwars.wikia.com/resource/Category:Endor	http://dbkwik.webdatacommons.org/swg.wikia.com/resource/Category:Endor	=	1.0000
http://dbkwik.webdatacommons.org/starwars.wikia.com/resource/X	http://dbkwik.webdatacommons.org/swg.wikia.com/resource/X	=	1.0000
http://starwars.wikia.com/wiki/Special:FilePath/Alliance_Cold_Weather_Headgear.jpg	http://swg.wikia.com/wiki/Special:FilePath/Alliance_cold_weather_headgear.jpg	=	1.0000
http://dbkwik.webdatacommons.org/starwars.wikia.com/resource/Millbarge	http://dbkwik.webdatacommons.org/swg.wikia.com/resource/Millbarge	=	1.0000
http://starwars.wikia.com/wiki/Special:FilePath/Diness_Imler.jpg?width=300	http://swg.wikia.com/wiki/Special:FilePath/Diness_Imler.jpg?width=300	=	1.0000
http://starwars.wikia.com/wiki/Special:FilePath/Tantelarmor.jpg?width=300	http://swg.wikia.com/wiki/Special:FilePath/Tantelarmor.jpg?width=300	=	1.0000
http://dbkwik.webdatacommons.org/starwars.wikia.com/resource/Brantlee_Spondoon	http://dbkwik.webdatacommons.org/swg.wikia.com/resource/Brantlee_Spondoon	=	1.0000
http://starwars.wikia.com/wiki/Special:FilePath/Ruby_Bliel.png	http://swg.wikia.com/wiki/Special:FilePath/RubyBliel.png	=	1.0000
http://dbkwik.webdatacommons.org/starwars.wikia.com/resource/Cereal	http://dbkwik.webdatacommons.org/swg.wikia.com/resource/Cereal	=	1.0000
http://starwars.wikia.com/wiki/Special:FilePath/Oola.jpg?width=300	http://swg.wikia.com/wiki/Special:FilePath/Oola.jpg?width=300	=	1.0000
http://starwars.wikia.com/wiki/Special:FilePath/Ithorian.jpg	http://swg.wikia.com/wiki/Special:FilePath/ithorian.jpg	=	1.0000
http://starwars.wikia.com/wiki/Special:FilePath/Woolamander.png	http://swg.wikia.com/wiki/Special:FilePath/Woolamander.png	=	1.0000
http://dbkwik.webdatacommons.org/starwars.wikia.com/resource/A_Durni_Mosaic	http://dbkwik.webdatacommons.org/swg.wikia.com/resource/A_Durni_Mosaic	=	1.0000
http://starwars.wikia.com/wiki/Special:FilePath/Impkatarn.jpg	http://swg.wikia.com/wiki/Special:FilePath/Impkatarn.jpg	=	1.0000
http://dbkwik.webdatacommons.org/starwars.wikia.com/resource/Canoid	http://dbkwik.webdatacommons.org/swg.wikia.com/resource/Canoid	=	1.0000
http://dbkwik.webdatacommons.org/starwars.wikia.com/resource/Mercenaries%27_Despair	http://dbkwik.webdatacommons.org/swg.wikia.com/resource/Mercenaries%27_Despair	=	1.0000
http://starwars.wikia.com/wiki/Special:FilePath/Gaping-spider.jpg?width=300	http://swg.wikia.com/wiki/Special:FilePath/Gaping-spider.jpg?width=300	=	1.0000
http://dbkwik.webdatacommons.org/starwars.wikia.com/resource/Max_Rebo	http://dbkwik.webdatacommons.org/swg.wikia.com/resource/Max_Rebo	=	1.0000
http://dbkwik.webdatacommons.org/starwars.wikia.com/resource/Champions_of_the_Force	http://dbkwik.webdatacommons.org/swg.wikia.com/resource/Champions_of_the_Force	=	1.0000
http://dbkwik.webdatacommons.org/starwars.wikia.com/resource/Xalox_Guul	http://dbkwik.webdatacommons.org/swg.wikia.com/resource/Xalox_Guul	=	1.0000
http://dbkwik.webdatacommons.org/starwars.wikia.com/resource/Cybernetics	http://dbkwik.webdatacommons.org/swg.wikia.com/property/cybernetics	=	1.0000
http://starwars.wikia.com/wiki/Special:FilePath/Laser_carbine.jpg	http://swg.wikia.com/wiki/Special:FilePath/Laser_carbine.jpg	=	1.0000
http://starwars.wikia.com/wiki/Special:FilePath/Nebulon-B_Frigate.jpg	http://swg.wikia.com/wiki/Special:FilePath/Nebulon_B_Frigate.jpg	=	1.0000
http://dbkwik.webdatacommons.org/starwars.wikia.com/property/region	http://dbkwik.webdatacommons.org/swg.wikia.com/property/region	=	1.0000
http://dbkwik.webdatacommons.org/starwars.wikia.com/resource/Sayormi	http://dbkwik.webdatacommons.org/swg.wikia.com/resource/Sayormi	=	1.0000
http://dbkwik.webdatacommons.org/starwars.wikia.com/resource/Trandoshan	http://dbkwik.webdatacommons.org/swg.wikia.com/resource/Trandoshan	=	1.0000
http://starwars.wikia.com/wiki/Special:FilePath/Drall.jpg	http://swg.wikia.com/wiki/Special:FilePath/%0ADrall.jpg	=	1.0000
http://starwars.wikia.com/wiki/Special:FilePath/ESPYERdroid.png?width=300	http://swg.wikia.com/wiki/Special:FilePath/ESPYERDroid.png?width=300	=	1.0000
http://dbkwik.webdatacommons.org/starwars.wikia.com/resource/Force_crystal	http://dbkwik.webdatacommons.org/swg.wikia.com/resource/Force_Crystal	=	1.0000
http://starwars.wikia.com/wiki/Special:FilePath/BaliaAlloo.jpg	http://swg.wikia.com/wiki/Special:FilePath/Balia-alloo.jpg	=	1.0000
http://starwars.wikia.com/wiki/Special:FilePath/Lithitanium_rifle.jpg?width=300	http://swg.wikia.com/wiki/Special:FilePath/Lithitanium_rifle.jpg?width=300	=	1.0000
http://dbkwik.webdatacommons.org/starwars.wikia.com/resource/Darth_Vader_(statuette)	http://dbkwik.webdatacommons.org/swg.wikia.com/resource/Darth_Vader_Statuette	=	1.0000
http://dbkwik.webdatacommons.org/starwars.wikia.com/resource/Category:Weapons	http://dbkwik.webdatacommons.org/swg.wikia.com/resource/Category:Weapons	=	1.0000
http://starwars.wikia.com/wiki/Special:FilePath/Willard.jpg?width=300	http://swg.wikia.com/wiki/Special:FilePath/Willard.jpg?width=300	=	1.0000
http://dbkwik.webdatacommons.org/starwars.wikia.com/resource/Voria%27s_Ember	http://dbkwik.webdatacommons.org/swg.wikia.com/resource/Voria%27s_Ember	=	1.0000
http://dbkwik.webdatacommons.org/starwars.wikia.com/resource/Disruptor_rifle	http://dbkwik.webdatacommons.org/swg.wikia.com/resource/Disruptor_Rifle	=	1.0000
http://dbkwik.webdatacommons.org/starwars.wikia.com/resource/Guild	http://dbkwik.webdatacommons.org/swg.wikia.com/resource/Guild	=	1.0000
http://starwars.wikia.com/wiki/Special:FilePath/Wirartu.jpg?width=300	http://swg.wikia.com/wiki/Special:FilePath/Wirartu.jpg?width=300	=	1.0000
http://starwars.wikia.com/wiki/Special:FilePath/Deathtrooperconcept.jpg?width=300	http://swg.wikia.com/wiki/Special:FilePath/Deathtrooperconcept.jpg?width=300	=	1.0000
http://starwars.wikia.com/wiki/Special:FilePath/KintZsam.jpg	http://swg.wikia.com/wiki/Special:FilePath/Kint-zsam.jpg	=	1.0000
http://starwars.wikia.com/wiki/Special:FilePath/Xos.jpg	http://swg.wikia.com/wiki/Special:FilePath/Xos.jpg	=	1.0000
http://starwars.wikia.com/wiki/Special:FilePath/Mosolium.jpg	http://swg.wikia.com/wiki/Special:FilePath/Mosolium.jpg	=	1.0000
http://dbkwik.webdatacommons.org/starwars.wikia.com/resource/Agility	http://dbkwik.webdatacommons.org/swg.wikia.com/resource/Agility	=	1.0000
http://starwars.wikia.com/wiki/Special:FilePath/Gethzerion.jpg?width=300	http://swg.wikia.com/wiki/Special:FilePath/Gethzerion.jpg?width=300	=	1.0000
http://dbkwik.webdatacommons.org/starwars.wikia.com/resource/Sera_Jossi	http://dbkwik.webdatacommons.org/swg.wikia.com/resource/Sera_Jossi	=	1.0000
http://dbkwik.webdatacommons.org/starwars.wikia.com/resource/HK-Taskmaster	http://dbkwik.webdatacommons.org/swg.wikia.com/resource/HK-Taskmaster	=	1.0000
http://dbkwik.webdatacommons.org/starwars.wikia.com/resource/Category:Tools	http://dbkwik.webdatacommons.org/swg.wikia.com/resource/Category:Tools	=	1.0000
http://starwars.wikia.com/wiki/Special:FilePath/Rock_beetle.jpg	http://swg.wikia.com/wiki/Special:FilePath/Rock_beetle.jpg	=	1.0000
http://starwars.wikia.com/wiki/Special:FilePath/Vance_Groten.jpg	http://swg.wikia.com/wiki/Special:FilePath/Vance_Groten.jpg	=	1.0000
http://starwars.wikia.com/wiki/Special:FilePath/Blackscale_Guard.jpg	http://swg.wikia.com/wiki/Special:FilePath/BlackscaleGuard.jpg	=	1.0000
http://starwars.wikia.com/wiki/Special:FilePath/Avatar_Platform.jpg	http://swg.wikia.com/wiki/Special:FilePath/Avatar_Platform.jpg	=	1.0000
http://dbkwik.webdatacommons.org/starwars.wikia.com/resource/Disruptor_pistol	http://dbkwik.webdatacommons.org/swg.wikia.com/resource/Disruptor_Pistol	=	1.0000
http://dbkwik.webdatacommons.org/starwars.wikia.com/resource/Temple_of_Exar_Kun	http://dbkwik.webdatacommons.org/swg.wikia.com/resource/Temple_of_Exar_Kun	=	1.0000
http://dbkwik.webdatacommons.org/starwars.wikia.com/resource/Pistol	http://dbkwik.webdatacommons.org/swg.wikia.com/resource/Pistol	=	1.0000
http://dbkwik.webdatacommons.org/starwars.wikia.com/resource/Trandoshan_Hunting_Rifle	http://dbkwik.webdatacommons.org/swg.wikia.com/resource/Trandoshan_Hunting_Rifle	=	1.0000
http://dbkwik.webdatacommons.org/starwars.wikia.com/resource/Narmlé	http://dbkwik.webdatacommons.org/swg.wikia.com/resource/Narmle	=	1.0000
http://dbkwik.webdatacommons.org/starwars.wikia.com/resource/Vehicle	http://dbkwik.webdatacommons.org/swg.wikia.com/resource/Vehicle	=	1.0000
http://dbkwik.webdatacommons.org/starwars.wikia.com/resource/Rebel_Resistance_Poster	http://dbkwik.webdatacommons.org/swg.wikia.com/resource/Rebel_Resistance_Poster	=	1.0000
http://starwars.wikia.com/wiki/Special:FilePath/Russell.jpg?width=300	http://swg.wikia.com/wiki/Special:FilePath/Russell.jpg?width=300	=	1.0000
http://dbkwik.webdatacommons.org/starwars.wikia.com/resource/B1_battle_droid	http://dbkwik.webdatacommons.org/swg.wikia.com/resource/B1_battle_droid	=	1.0000
http://starwars.wikia.com/wiki/Special:FilePath/Rodian_Hunters_Camp.jpg	http://swg.wikia.com/wiki/Special:FilePath/Rodian-Hunters-Camp.jpg	=	1.0000
http://dbkwik.webdatacommons.org/starwars.wikia.com/resource/Mordran	http://dbkwik.webdatacommons.org/swg.wikia.com/resource/Mordran	=	1.0000
http://starwars.wikia.com/wiki/Special:FilePath/Krayt_Graveyard.jpg	http://swg.wikia.com/wiki/Special:FilePath/Krayt_graveyard.jpg	=	1.0000
http://starwars.wikia.com/wiki/Special:FilePath/Byxlepedette.jpg	http://swg.wikia.com/wiki/Special:FilePath/Byxlepedette.jpg	=	1.0000
http://dbkwik.webdatacommons.org/starwars.wikia.com/resource/C-M_Frag_Storm_heavy_shotgun	http://dbkwik.webdatacommons.org/swg.wikia.com/resource/C-M_Frag_Storm_Heavy_Shotgun	=	1.0000
http://dbkwik.webdatacommons.org/starwars.wikia.com/resource/Bocctyyy	http://dbkwik.webdatacommons.org/swg.wikia.com/resource/Bocctyyy	=	1.0000
http://starwars.wikia.com/wiki/Special:FilePath/Control_Room.jpg?width=300	http://swg.wikia.com/wiki/Special:FilePath/Control_room.jpg?width=300	=	1.0000
http://starwars.wikia.com/wiki/Special:FilePath/Johnson_Smith.jpg	http://swg.wikia.com/wiki/Special:FilePath/Johnson-Smith.jpg	=	1.0000
http://starwars.wikia.com/wiki/Special:FilePath/E-web.jpg?width=300	http://swg.wikia.com/wiki/Special:FilePath/E-web.jpg?width=300	=	1.0000
http://dbkwik.webdatacommons.org/starwars.wikia.com/resource/XJ-2_airspeeder	http://dbkwik.webdatacommons.org/swg.wikia.com/resource/XJ-2_Airspeeder	=	1.0000
http://dbkwik.webdatacommons.org/starwars.wikia.com/resource/Six_Years_of_Galaxies	http://dbkwik.webdatacommons.org/swg.wikia.com/resource/Six_Years_of_Galaxies	=	1.0000
http://dbkwik.webdatacommons.org/starwars.wikia.com/resource/Lightning_beam_cannon	http://dbkwik.webdatacommons.org/swg.wikia.com/resource/Lightning_Beam_Cannon	=	1.0000
http://dbkwik.webdatacommons.org/starwars.wikia.com/resource/Luilris_mushroom	http://dbkwik.webdatacommons.org/swg.wikia.com/resource/Luilris_Mushrooms	=	0.9483
http://dbkwik.webdatacommons.org/starwars.wikia.com/resource/Pooja_Naberrie	http://dbkwik.webdatacommons.org/swg.wikia.com/resource/Pooja_Naberrie	=	1.0000
http://dbkwik.webdatacommons.org/starwars.wikia.com/resource/Oola	http://dbkwik.webdatacommons.org/swg.wikia.com/resource/Oola	=	1.0000
http://starwars.wikia.com/wiki/Special:FilePath/Kerritamba_Village.jpg?width=300	http://swg.wikia.com/wiki/Special:FilePath/Kerritamba_Village.jpg?width=300	=	1.0000
http://dbkwik.webdatacommons.org/starwars.wikia.com/resource/Falumpaset	http://dbkwik.webdatacommons.org/swg.wikia.com/resource/Falumpaset	=	1.0000
http://dbkwik.webdatacommons.org/starwars.wikia.com/resource/Star_Wars_Galaxies:_Rage_of_the_Wookiees	http://dbkwik.webdatacommons.org/swg.wikia.com/resource/Star_Wars_Galaxies:_Rage_of_the_Wookiees	=	1.0000
http://dbkwik.webdatacommons.org/starwars.wikia.com/resource/KSE_Firespray	http://dbkwik.webdatacommons.org/swg.wikia.com/resource/KSE_Firespray	=	1.0000
http://dbkwik.webdatacommons.org/starwars.wikia.com/resource/Exar_Kun	http://dbkwik.webdatacommons.org/swg.wikia.com/resource/Exar_Kun	=	1.0000
http://starwars.wikia.com/wiki/Special:FilePath/Chrilooc.jpg	http://swg.wikia.com/wiki/Special:FilePath/Chrilooc.jpg	=	1.0000
http://starwars.wikia.com/wiki/Special:FilePath/Gravefeathera.jpg?width=300	http://swg.wikia.com/wiki/Special:FilePath/Gravefeather.jpg?width=300	=	0.9547
http://starwars.wikia.com/wiki/Special:FilePath/Nyms_Revenge.jpg?width=300	http://swg.wikia.com/wiki/Special:FilePath/Nyms-revenge.jpg?width=300	=	1.0000
http://starwars.wikia.com/wiki/Special:FilePath/Dera_darklighter.jpg?width=300	http://swg.wikia.com/wiki/Special:FilePath/Dera_Darklighter.jpg?width=300	=	1.0000
http://dbkwik.webdatacommons.org/starwars.wikia.com/resource/Shirt	http://dbkwik.webdatacommons.org/swg.wikia.com/resource/Shirt	=	1.0000
http://dbkwik.webdatacommons.org/starwars.wikia.com/resource/Acun_Solari	http://dbkwik.webdatacommons.org/swg.wikia.com/resource/Acun_Solari	=	1.0000
http://dbkwik.webdatacommons.org/starwars.wikia.com/resource/Vuul_Sarlin	http://dbkwik.webdatacommons.org/swg.wikia.com/resource/Vuul_Sarlin	=	1.0000
http://starwars.wikia.com/wiki/Special:FilePath/Chatook.jpg	http://swg.wikia.com/wiki/Special:FilePath/Chatook.jpg	=	1.0000
http://dbkwik.webdatacommons.org/starwars.wikia.com/resource/Tchotchee_pistol	http://dbkwik.webdatacommons.org/swg.wikia.com/resource/Tchotchee_Pistol	=	1.0000
http://dbkwik.webdatacommons.org/starwars.wikia.com/resource/Senth	http://dbkwik.webdatacommons.org/swg.wikia.com/resource/Senth	=	1.0000
http://dbkwik.webdatacommons.org/starwars.wikia.com/resource/Survive_The_Rryatt_Trail	http://dbkwik.webdatacommons.org/swg.wikia.com/resource/Survive_the_Rryatt_Trail	=	1.0000
http://dbkwik.webdatacommons.org/starwars.wikia.com/resource/Headwrap	http://dbkwik.webdatacommons.org/swg.wikia.com/resource/Headwrap	=	1.0000
http://starwars.wikia.com/wiki/Special:FilePath/Premiere-Light/large/rebelpilot.gif?width=300	http://swg.wikia.com/wiki/Special:FilePath/Rebelpilot.gif?width=300	=	1.0000
http://starwars.wikia.com/wiki/Special:FilePath/Huff_Darklighter.jpg?width=300	http://swg.wikia.com/wiki/Special:FilePath/Huff-darklighter.jpg?width=300	=	1.0000
http://dbkwik.webdatacommons.org/starwars.wikia.com/resource/Kole	http://dbkwik.webdatacommons.org/swg.wikia.com/resource/Kole	=	1.0000
http://starwars.wikia.com/wiki/Special:FilePath/DroidSchematics.jpg	http://swg.wikia.com/wiki/Special:FilePath/DroidSchematics.jpg	=	1.0000
http://dbkwik.webdatacommons.org/starwars.wikia.com/resource/Category:Corellian_system	http://dbkwik.webdatacommons.org/swg.wikia.com/resource/Category:Corellian_system	=	1.0000
http://dbkwik.webdatacommons.org/starwars.wikia.com/property/crew	http://dbkwik.webdatacommons.org/swg.wikia.com/property/crew	=	1.0000
http://starwars.wikia.com/wiki/Special:FilePath/Rebel_Hideout_Corellia.jpg	http://swg.wikia.com/wiki/Special:FilePath/Rebel_Hideout_Corellia.jpg	=	1.0000
http://starwars.wikia.com/wiki/Special:FilePath/Laser_carbine.jpg?width=300	http://swg.wikia.com/wiki/Special:FilePath/Laser_carbine.jpg?width=300	=	1.0000
http://dbkwik.webdatacommons.org/starwars.wikia.com/resource/Ikka_Gesul	http://dbkwik.webdatacommons.org/swg.wikia.com/resource/Ikka_Gesul	=	1.0000
http://starwars.wikia.com/wiki/Special:FilePath/Zsu_val.jpg	http://swg.wikia.com/wiki/Special:FilePath/Zsu_val.jpg	=	1.0000
http://dbkwik.webdatacommons.org/starwars.wikia.com/resource/Flower	http://dbkwik.webdatacommons.org/swg.wikia.com/resource/Flower	=	1.0000
http://dbkwik.webdatacommons.org/starwars.wikia.com/resource/Category:Galactic_Empire	http://dbkwik.webdatacommons.org/swg.wikia.com/resource/Category:Galactic_Empire	=	1.0000
http://starwars.wikia.com/wiki/Special:FilePath/Teraeza-furloti.jpg	http://swg.wikia.com/wiki/Special:FilePath/Teraeza-furloti.jpg	=	1.0000
http://dbkwik.webdatacommons.org/starwars.wikia.com/resource/Nightstrike_Soldier_Hegemony	http://dbkwik.webdatacommons.org/swg.wikia.com/resource/Nightstrike_Soldier_Hegemony	=	1.0000
http://starwars.wikia.com/wiki/Special:FilePath/Ren%27Salla.jpg	http://swg.wikia.com/wiki/Special:FilePath/Ren%27salla.jpg	=	1.0000
http://starwars.wikia.com/wiki/Special:FilePath/Kkrax.jpg?width=300	http://swg.wikia.com/wiki/Special:FilePath/Kkrax.jpg?width=300	=	1.0000
http://dbkwik.webdatacommons.org/starwars.wikia.com/resource/Birth_of_a_Death_Star	http://dbkwik.webdatacommons.org/swg.wikia.com/resource/Birth_of_a_Death_Star	=	1.0000
http://dbkwik.webdatacommons.org/starwars.wikia.com/resource/Havla	http://dbkwik.webdatacommons.org/swg.wikia.com/resource/Havla	=	1.0000
http://starwars.wikia.com/wiki/Special:FilePath/Xandank.gif	http://swg.wikia.com/wiki/Special:FilePath/Xandank.gif	=	1.0000
http://starwars.wikia.com/wiki/Special:FilePath/Nightsister_Energy_Lance.jpg?width=300	http://swg.wikia.com/wiki/Special:FilePath/Nightsister_Energy_Lance.jpg?width=300	=	1.0000
http://dbkwik.webdatacommons.org/starwars.wikia.com/resource/Jaleela_Bindoo	http://dbkwik.webdatacommons.org/swg.wikia.com/resource/Jaleela_Bindoo	=	1.0000
http://starwars.wikia.com/wiki/Special:FilePath///www.wizards.com/swtcg/images/esb/tauntaun_mount.jpg?width=300	http://swg.wikia.com/wiki/Special:FilePath/Tauntaun_mount.jpg?width=300	=	1.0000
http://dbkwik.webdatacommons.org/starwars.wikia.com/resource/Saché	http://dbkwik.webdatacommons.org/swg.wikia.com/resource/Sache	=	1.0000
http://dbkwik.webdatacommons.org/starwars.wikia.com/resource/Dagorel	http://dbkwik.webdatacommons.org/swg.wikia.com/resource/Dagorel	=	1.0000
http://starwars.wikia.com/wiki/Special:FilePath/Vt49.jpg	http://swg.wikia.com/wiki/Special:FilePath/VT49.jpg	=	1.0000
http://dbkwik.webdatacommons.org/starwars.wikia.com/resource/Star_Wars_Galaxies:_Starter_Kit	http://dbkwik.webdatacommons.org/swg.wikia.com/resource/Star_Wars_Galaxies:_Starter_Kit	=	1.0000
http://dbkwik.webdatacommons.org/starwars.wikia.com/resource/Parwan_nutricake	http://dbkwik.webdatacommons.org/swg.wikia.com/resource/Parwan_Nutricake	=	1.0000
http://dbkwik.webdatacommons.org/starwars.wikia.com/resource/Radar	http://dbkwik.webdatacommons.org/swg.wikia.com/resource/Radar	=	1.0000
http://dbkwik.webdatacommons.org/starwars.wikia.com/resource/Kkryytch	http://dbkwik.webdatacommons.org/swg.wikia.com/resource/Kkryytch	=	1.0000
http://dbkwik.webdatacommons.org/starwars.wikia.com/resource/Handler	http://dbkwik.webdatacommons.org/swg.wikia.com/resource/Handler	=	1.0000
http://starwars.wikia.com/wiki/Special:FilePath/Weeq.jpg?width=300	http://swg.wikia.com/wiki/Special:FilePath/Weeq.jpg?width=300	=	1.0000
http://starwars.wikia.com/wiki/Special:FilePath/Ywing.jpg	http://swg.wikia.com/wiki/Special:FilePath/Ywing.jpg	=	1.0000
http://starwars.wikia.com/wiki/Special:FilePath/Hracca.jpg?width=300	http://swg.wikia.com/wiki/Special:FilePath/Hracca.jpg?width=300	=	1.0000
http://starwars.wikia.com/wiki/Special:FilePath/BrennisDoore.jpg?width=300	http://swg.wikia.com/wiki/Special:FilePath/Brennis-doore.jpg?width=300	=	1.0000
http://dbkwik.webdatacommons.org/starwars.wikia.com/resource/Gackle_bat	http://dbkwik.webdatacommons.org/swg.wikia.com/resource/Gackle_Bat	=	1.0000
http://starwars.wikia.com/wiki/Special:FilePath/Havoc.jpg?width=300	http://swg.wikia.com/wiki/Special:FilePath/Havoc.jpg?width=300	=	1.0000
http://dbkwik.webdatacommons.org/starwars.wikia.com/resource/Mid-Point	http://dbkwik.webdatacommons.org/swg.wikia.com/resource/Mid-Point	=	1.0000
http://starwars.wikia.com/wiki/Special:FilePath/Allya%27sRedemption.jpg	http://swg.wikia.com/wiki/Special:FilePath/Allya%27s_Redemption.jpg	=	1.0000
http://dbkwik.webdatacommons.org/starwars.wikia.com/resource/Astromech_droid	http://dbkwik.webdatacommons.org/swg.wikia.com/resource/Astromech_droid	=	1.0000
http://starwars.wikia.com/wiki/Special:FilePath/Marauder.jpg	http://swg.wikia.com/wiki/Special:FilePath/%0AMarauder.jpg	=	1.0000
http://dbkwik.webdatacommons.org/starwars.wikia.com/resource/Beldonna%27s_League	http://dbkwik.webdatacommons.org/swg.wikia.com/resource/Beldonna%27s_League	=	1.0000
http://starwars.wikia.com/wiki/Special:FilePath/Marauder.jpg?width=300	http://swg.wikia.com/wiki/Special:FilePath/%0AMarauder.jpg?width=300	=	1.0000
http://dbkwik.webdatacommons.org/starwars.wikia.com/resource/Tortur	http://dbkwik.webdatacommons.org/swg.wikia.com/resource/Tortur	=	1.0000
http://dbkwik.webdatacommons.org/starwars.wikia.com/resource/Dee%27ja_Peak	http://dbkwik.webdatacommons.org/swg.wikia.com/resource/Dee%27ja_Peak	=	1.0000
http://starwars.wikia.com/wiki/Special:FilePath/Tanrayheartcrystal.jpg?width=300	http://swg.wikia.com/wiki/Special:FilePath/Tanrayheartcrystal.jpg?width=300	=	1.0000
http://dbkwik.webdatacommons.org/starwars.wikia.com/resource/Endurance	http://dbkwik.webdatacommons.org/swg.wikia.com/resource/Endurance	=	1.0000
http://starwars.wikia.com/wiki/Special:FilePath/Brothervrovel.jpg	http://swg.wikia.com/wiki/Special:FilePath/Brothervrovel.jpg	=	1.0000
http://dbkwik.webdatacommons.org/starwars.wikia.com/resource/Barada	http://dbkwik.webdatacommons.org/swg.wikia.com/resource/Barada	=	1.0000
http://starwars.wikia.com/wiki/Special:FilePath/DH17Carbine.jpg?width=300	http://swg.wikia.com/wiki/Special:FilePath/DH17_Carbine.jpg?width=300	=	1.0000
http://starwars.wikia.com/wiki/Special:FilePath/Voakar_Duset.jpg	http://swg.wikia.com/wiki/Special:FilePath/%0AVoakar-Duset.jpg	=	1.0000
http://dbkwik.webdatacommons.org/starwars.wikia.com/resource/Shock_grenade	http://dbkwik.webdatacommons.org/swg.wikia.com/resource/Shock_Grenade	=	1.0000
http://starwars.wikia.com/wiki/Special:FilePath/SevenYearsGalaxiesImperial.jpg?width=300	http://swg.wikia.com/wiki/Special:FilePath/Seven_years_of_galaxies_imperial.jpg?width=300	=	0.9633
http://dbkwik.webdatacommons.org/starwars.wikia.com/resource/Kashyyykian_hunting_armor	http://dbkwik.webdatacommons.org/swg.wikia.com/resource/Kashyyykian_Hunting_armor	=	1.0000
http://dbkwik.webdatacommons.org/starwars.wikia.com/resource/Drakka_Judarrl	http://dbkwik.webdatacommons.org/swg.wikia.com/resource/Drakka_Judarrl	=	1.0000
http://dbkwik.webdatacommons.org/starwars.wikia.com/resource/BARC_Command_Vehicle	http://dbkwik.webdatacommons.org/swg.wikia.com/resource/BARC_Command_Vehicle	=	1.0000
http://dbkwik.webdatacommons.org/starwars.wikia.com/resource/Crimson_Talon	http://dbkwik.webdatacommons.org/swg.wikia.com/resource/Crimson_Talon	=	1.0000
http://starwars.wikia.com/wiki/Special:FilePath/Orooroo.jpg	http://swg.wikia.com/wiki/Special:FilePath/Orooroo.jpg	=	1.0000
http://starwars.wikia.com/wiki/Special:FilePath/RIC920.jpg	http://swg.wikia.com/wiki/Special:FilePath/RIC920.jpg	=	1.0000
http://dbkwik.webdatacommons.org/starwars.wikia.com/resource/Millennium_Falcon	http://dbkwik.webdatacommons.org/swg.wikia.com/resource/Millennium_Falcon	=	1.0000
http://dbkwik.webdatacommons.org/starwars.wikia.com/resource/Spined_snake	http://dbkwik.webdatacommons.org/swg.wikia.com/resource/Spined_Snake	=	1.0000
http://dbkwik.webdatacommons.org/starwars.wikia.com/resource/Enzyme_extractor	http://dbkwik.webdatacommons.org/swg.wikia.com/resource/Enzyme_Extractor	=	1.0000
http://dbkwik.webdatacommons.org/starwars.wikia.com/resource/Champhra_Biahin	http://dbkwik.webdatacommons.org/swg.wikia.com/resource/Champhra_Biahin	=	1.0000
http://dbkwik.webdatacommons.org/starwars.wikia.com/resource/Ord_Mantell_Travel_Advertisement	http://dbkwik.webdatacommons.org/swg.wikia.com/resource/Ord_Mantell_Travel_Advertisement	=	1.0000
http://dbkwik.webdatacommons.org/starwars.wikia.com/resource/Vir_vur	http://dbkwik.webdatacommons.org/swg.wikia.com/resource/Vir_Vur	=	1.0000
http://dbkwik.webdatacommons.org/starwars.wikia.com/resource/Watto	http://dbkwik.webdatacommons.org/swg.wikia.com/resource/Watto	=	1.0000
http://dbkwik.webdatacommons.org/starwars.wikia.com/resource/Bors_Teraud	http://dbkwik.webdatacommons.org/swg.wikia.com/resource/Bors_Teraud	=	1.0000
http://dbkwik.webdatacommons.org/starwars.wikia.com/resource/V3-FX	http://dbkwik.webdatacommons.org/swg.wikia.com/resource/V3-FX	=	1.0000
http://dbkwik.webdatacommons.org/starwars.wikia.com/resource/Carbosyrup	http://dbkwik.webdatacommons.org/swg.wikia.com/resource/Carbosyrup	=	1.0000
http://starwars.wikia.com/wiki/Special:FilePath/Garrmorl.png?width=300	http://swg.wikia.com/wiki/Special:FilePath/Garrmorl.png?width=300	=	1.0000
http://starwars.wikia.com/wiki/Special:FilePath/Buzz-knuck.jpg	http://swg.wikia.com/wiki/Special:FilePath/Buzz-knuck.jpg	=	1.0000
http://dbkwik.webdatacommons.org/starwars.wikia.com/resource/Karin_Featherlight	http://dbkwik.webdatacommons.org/swg.wikia.com/resource/Karin_Featherlight	=	1.0000
http://starwars.wikia.com/wiki/Special:FilePath/MercenariesDespair.jpg	http://swg.wikia.com/wiki/Special:FilePath/Mercenaries-despair.jpg	=	1.0000
http://dbkwik.webdatacommons.org/starwars.wikia.com/resource/Dung_mite	http://dbkwik.webdatacommons.org/swg.wikia.com/resource/Dung_Mite	=	1.0000
http://starwars.wikia.com/wiki/Special:FilePath/Blackscale_Guard.jpg?width=300	http://swg.wikia.com/wiki/Special:FilePath/BlackscaleGuard.jpg?width=300	=	1.0000
http://dbkwik.webdatacommons.org/starwars.wikia.com/property/eyes	http://dbkwik.webdatacommons.org/swg.wikia.com/property/eyes	=	1.0000
http://starwars.wikia.com/wiki/Special:FilePath/BlackHoleDarkTrooper-SWG.jpg	http://swg.wikia.com/wiki/Special:FilePath/BlackHoleDarkTrooper-SWG.jpg	=	1.0000
http://starwars.wikia.com/wiki/Special:FilePath/Poisonspike.jpg	http://swg.wikia.com/wiki/Special:FilePath/Poisonspike.jpg	=	1.0000
http://starwars.wikia.com/wiki/Special:FilePath/Pyollian_Cake.png?width=300	http://swg.wikia.com/wiki/Special:FilePath/PyollianCake.png?width=300	=	1.0000
http://dbkwik.webdatacommons.org/starwars.wikia.com/resource/Zardra	http://dbkwik.webdatacommons.org/swg.wikia.com/resource/Zardra	=	1.0000
http://dbkwik.webdatacommons.org/starwars.wikia.com/resource/Razor_cat	http://dbkwik.webdatacommons.org/swg.wikia.com/resource/Razor_Cat	=	1.0000
http://dbkwik.webdatacommons.org/starwars.wikia.com/resource/Durindfire	http://dbkwik.webdatacommons.org/swg.wikia.com/resource/Durindfire	=	1.0000
http://dbkwik.webdatacommons.org/starwars.wikia.com/resource/Category:Currency	http://dbkwik.webdatacommons.org/swg.wikia.com/resource/Category:Currency	=	1.0000
http://dbkwik.webdatacommons.org/starwars.wikia.com/resource/Nathan_Blyskipper	http://dbkwik.webdatacommons.org/swg.wikia.com/resource/Nathan_Blyskipper	=	1.0000
http://starwars.wikia.com/wiki/Special:FilePath/Borgan.jpg?width=300	http://swg.wikia.com/wiki/Special:FilePath/%0ABorgan.jpg?width=300	=	1.0000
http://starwars.wikia.com/wiki/Special:FilePath/Snoova.jpg?width=300	http://swg.wikia.com/wiki/Special:FilePath/Snoova.jpg?width=300	=	1.0000
http://dbkwik.webdatacommons.org/starwars.wikia.com/resource/Category:Pets	http://dbkwik.webdatacommons.org/swg.wikia.com/resource/Category:Pets	=	1.0000
http://dbkwik.webdatacommons.org/starwars.wikia.com/property/faction	http://dbkwik.webdatacommons.org/swg.wikia.com/property/faction	=	1.0000
http://starwars.wikia.com/wiki/Special:FilePath/Osso.jpg?width=300	http://swg.wikia.com/wiki/Special:FilePath/Osso.jpg?width=300	=	1.0000
http://starwars.wikia.com/wiki/Special:FilePath/Arnecio_Ulvaw%27op.jpg?width=300	http://swg.wikia.com/wiki/Special:FilePath/Arnecio_Ulvaw%27op.jpg?width=300	=	1.0000
http://dbkwik.webdatacommons.org/starwars.wikia.com/resource/Fort_Tusken	http://dbkwik.webdatacommons.org/swg.wikia.com/resource/Fort_Tusken	=	1.0000
http://starwars.wikia.com/wiki/Special:FilePath/Scolex_Grath.jpg	http://swg.wikia.com/wiki/Special:FilePath/Scolex_Grath.jpg	=	1.0000
http://dbkwik.webdatacommons.org/starwars.wikia.com/resource/Singular_Nak	http://dbkwik.webdatacommons.org/swg.wikia.com/resource/Singular_Nak	=	1.0000
http://dbkwik.webdatacommons.org/starwars.wikia.com/resource/Hidden_Daggers	http://dbkwik.webdatacommons.org/swg.wikia.com/resource/Hidden_Daggers	=	1.0000
http://starwars.wikia.com/wiki/Special:FilePath/Kaythree.jpg	http://swg.wikia.com/wiki/Special:FilePath/Kaythree.jpg	=	1.0000
http://starwars.wikia.com/wiki/Special:FilePath/Aurilian_fruit.jpg	http://swg.wikia.com/wiki/Special:FilePath/Aurilian_Fruit.jpg	=	1.0000
http://starwars.wikia.com/wiki/Special:FilePath/AK-Prime.jpg?width=300	http://swg.wikia.com/wiki/Special:FilePath/AK-Prime.jpg?width=300	=	1.0000
http://starwars.wikia.com/wiki/Special:FilePath/Osso.jpg	http://swg.wikia.com/wiki/Special:FilePath/Osso.jpg	=	1.0000
http://dbkwik.webdatacommons.org/starwars.wikia.com/resource/Lobarorr	http://dbkwik.webdatacommons.org/swg.wikia.com/resource/Lobarorr	=	1.0000
http://starwars.wikia.com/wiki/Special:FilePath/Jinkins.jpg	http://swg.wikia.com/wiki/Special:FilePath/Jinkins.jpg	=	1.0000
http://starwars.wikia.com/wiki/Special:FilePath/LavaCannon.jpg?width=300	http://swg.wikia.com/wiki/Special:FilePath/Lava_Cannon.jpg?width=300	=	1.0000
http://dbkwik.webdatacommons.org/starwars.wikia.com/resource/Kiin%27Dray	http://dbkwik.webdatacommons.org/swg.wikia.com/resource/Kiin%27Dray	=	1.0000
http://dbkwik.webdatacommons.org/starwars.wikia.com/resource/Kubaza_beetle	http://dbkwik.webdatacommons.org/swg.wikia.com/resource/Kubaza_Beetle	=	1.0000
http://starwars.wikia.com/wiki/Special:FilePath/Karin-featherlight.jpg	http://swg.wikia.com/wiki/Special:FilePath/Karin-featherlight.jpg	=	1.0000
http://starwars.wikia.com/wiki/Special:FilePath/GrenzZittoun.jpg	http://swg.wikia.com/wiki/Special:FilePath/Grenz_Zittoun.jpg	=	1.0000
http://dbkwik.webdatacommons.org/starwars.wikia.com/resource/Hoth_Travel_Advertisement	http://dbkwik.webdatacommons.org/swg.wikia.com/resource/Hoth_Travel_Advertisement	=	1.0000
http://dbkwik.webdatacommons.org/starwars.wikia.com/resource/Mon_Mothma	http://dbkwik.webdatacommons.org/swg.wikia.com/resource/Mon_Mothma	=	1.0000
http://dbkwik.webdatacommons.org/starwars.wikia.com/resource/Tsmeu-6_personal_wheel_bike	http://dbkwik.webdatacommons.org/swg.wikia.com/resource/Tsmeu-6_Personal_Wheel_Bike	=	1.0000
http://dbkwik.webdatacommons.org/starwars.wikia.com/resource/Wanted_Poster:_Luke_Skywalker	http://dbkwik.webdatacommons.org/swg.wikia.com/resource/Wanted_Poster:_Luke_Skywalker	=	1.0000
http://starwars.wikia.com/wiki/Special:FilePath/Captain-rohd-gostervek.jpg	http://swg.wikia.com/wiki/Special:FilePath/Captain-rohd-gostervek.jpg	=	1.0000
http://dbkwik.webdatacommons.org/starwars.wikia.com/resource/Warrior%27s_Honor	http://dbkwik.webdatacommons.org/swg.wikia.com/resource/Warrior%27s_Honor	=	1.0000
http://dbkwik.webdatacommons.org/starwars.wikia.com/resource/Kkowir_Forest	http://dbkwik.webdatacommons.org/swg.wikia.com/resource/Kkowir_Forest	=	1.0000
http://dbkwik.webdatacommons.org/starwars.wikia.com/resource/Booto_Lubble	http://dbkwik.webdatacommons.org/swg.wikia.com/resource/Booto_Lubble	=	1.0000
http://dbkwik.webdatacommons.org/starwars.wikia.com/resource/Kima	http://dbkwik.webdatacommons.org/swg.wikia.com/resource/Kima	=	1.0000
http://starwars.wikia.com/wiki/Special:FilePath/Nirame_Sakute.jpg?width=300	http://swg.wikia.com/wiki/Special:FilePath/Nirame_Sakute.jpg?width=300	=	1.0000
http://dbkwik.webdatacommons.org/starwars.wikia.com/resource/Vendor	http://dbkwik.webdatacommons.org/swg.wikia.com/resource/Vendor	=	1.0000
http://starwars.wikia.com/wiki/Special:FilePath/Anchorhead.jpg	http://swg.wikia.com/wiki/Special:FilePath/Anchorhead.jpg	=	1.0000
http://starwars.wikia.com/wiki/Special:FilePath/TomblBlaus.jpg?width=300	http://swg.wikia.com/wiki/Special:FilePath/Tombl_Blaus.jpg?width=300	=	1.0000
http://starwars.wikia.com/wiki/Special:FilePath/HK-Taskmaster.jpg	http://swg.wikia.com/wiki/Special:FilePath/HK-Taskmaster.jpg	=	1.0000
http://starwars.wikia.com/wiki/Special:FilePath/Ld2004.jpg	http://swg.wikia.com/wiki/Special:FilePath/Ld2004.jpg	=	1.0000
http://dbkwik.webdatacommons.org/starwars.wikia.com/resource/Planet	http://dbkwik.webdatacommons.org/swg.wikia.com/resource/Planet	=	1.0000
http://dbkwik.webdatacommons.org/starwars.wikia.com/resource/Chatook	http://dbkwik.webdatacommons.org/swg.wikia.com/resource/Chatook	=	1.0000
http://starwars.wikia.com/wiki/Special:FilePath/Blerx-tango.jpg?width=300	http://swg.wikia.com/wiki/Special:FilePath/Blerx-tango.jpg?width=300	=	1.0000
http://dbkwik.webdatacommons.org/starwars.wikia.com/resource/LCD_screen	http://dbkwik.webdatacommons.org/swg.wikia.com/resource/LCD_Screen	=	1.0000
http://dbkwik.webdatacommons.org/starwars.wikia.com/resource/Heads-up_display	http://dbkwik.webdatacommons.org/swg.wikia.com/resource/Heads_up_display	=	1.0000
http://dbkwik.webdatacommons.org/starwars.wikia.com/resource/Rebel_Assault_Forest_Camouflage_Armor	http://dbkwik.webdatacommons.org/swg.wikia.com/resource/Rebel_Assault_Forest_Camouflage_Armor	=	1.0000
http://dbkwik.webdatacommons.org/starwars.wikia.com/resource/Gungan_Warrior_Stronghold	http://dbkwik.webdatacommons.org/swg.wikia.com/resource/Gungan_Warrior_Stronghold	=	1.0000
http://starwars.wikia.com/wiki/Special:FilePath/DollGourd.jpg	http://swg.wikia.com/wiki/Special:FilePath/Doll_Gourd.jpg	=	1.0000
http://dbkwik.webdatacommons.org/starwars.wikia.com/resource/AB-1_landspeeder	http://dbkwik.webdatacommons.org/swg.wikia.com/resource/AB-1_Landspeeder	=	1.0000
http://starwars.wikia.com/wiki/Special:FilePath/CloudCityPodCar.jpg	http://swg.wikia.com/wiki/Special:FilePath/Cloud_city_pod_car.jpg	=	1.0000
http://dbkwik.webdatacommons.org/starwars.wikia.com/resource/Padawan_braid	http://dbkwik.webdatacommons.org/swg.wikia.com/resource/Padawan_Braid	=	1.0000
http://starwars.wikia.com/wiki/Special:FilePath/Bane_back_spider.jpg	http://swg.wikia.com/wiki/Special:FilePath/Bane_back_spider.jpg	=	1.0000
http://dbkwik.webdatacommons.org/starwars.wikia.com/resource/Pygmy_Torton_Cave	http://dbkwik.webdatacommons.org/swg.wikia.com/resource/Pygmy_Torton_Cave	=	1.0000
http://dbkwik.webdatacommons.org/starwars.wikia.com/resource/Kiwik_clusjo_swirl	http://dbkwik.webdatacommons.org/swg.wikia.com/resource/Kiwik_Clusjo_Swirl	=	1.0000
http://starwars.wikia.com/wiki/Special:FilePath/Treun_Lorn.jpg?width=300	http://swg.wikia.com/wiki/Special:FilePath/Treun_Lorn.jpg?width=300	=	1.0000
http://dbkwik.webdatacommons.org/starwars.wikia.com/resource/Thesh	http://dbkwik.webdatacommons.org/swg.wikia.com/resource/Thesh	=	1.0000
http://dbkwik.webdatacommons.org/starwars.wikia.com/resource/Area_D-7s1	http://dbkwik.webdatacommons.org/swg.wikia.com/resource/Area_D-7s1	=	1.0000
http://starwars.wikia.com/wiki/Special:FilePath/Great_Tree.jpg?width=300	http://swg.wikia.com/wiki/Special:FilePath/Great_tree.jpg?width=300	=	1.0000
http://dbkwik.webdatacommons.org/starwars.wikia.com/resource/Nos%27lyn	http://dbkwik.webdatacommons.org/swg.wikia.com/resource/Nos%27lyn	=	1.0000
http://dbkwik.webdatacommons.org/starwars.wikia.com/class/main	http://dbkwik.webdatacommons.org/swg.wikia.com/class/main	=	1.0000
http://starwars.wikia.com/wiki/Special:FilePath/Cavern_Spider.jpg	http://swg.wikia.com/wiki/Special:FilePath/Cavern_spider.jpg	=	1.0000
http://starwars.wikia.com/wiki/Special:FilePath/Tearfin.jpg?width=300	http://swg.wikia.com/wiki/Special:FilePath/Tearfin.jpg?width=300	=	1.0000
http://starwars.wikia.com/wiki/Special:FilePath/Correct_mkiii_armor.jpg?width=300	http://swg.wikia.com/wiki/Special:FilePath/Correct_mkiii_armor.jpg?width=300	=	1.0000
http://dbkwik.webdatacommons.org/starwars.wikia.com/resource/Hugo_Eckener	http://dbkwik.webdatacommons.org/swg.wikia.com/resource/Hugo_Eckener	=	1.0000
http://dbkwik.webdatacommons.org/starwars.wikia.com/resource/Gubbur	http://dbkwik.webdatacommons.org/swg.wikia.com/resource/Gubbur	=	1.0000
http://starwars.wikia.com/wiki/Special:FilePath/Ozzmos_Roberts.jpg?width=300	http://swg.wikia.com/wiki/Special:FilePath/Ozzmos-roberts.jpg?width=300	=	1.0000
http://starwars.wikia.com/wiki/Special:FilePath/SigrixSlix.jpg	http://swg.wikia.com/wiki/Special:FilePath/Sigrix-slix.jpg	=	1.0000
http://dbkwik.webdatacommons.org/starwars.wikia.com/resource/Shamdon_Kree	http://dbkwik.webdatacommons.org/swg.wikia.com/resource/Shamdon_Kree	=	1.0000
http://starwars.wikia.com/wiki/Special:FilePath/TK-577.jpg	http://swg.wikia.com/wiki/Special:FilePath/Tk-577.jpg	=	1.0000
http://dbkwik.webdatacommons.org/starwars.wikia.com/resource/Assembly	http://dbkwik.webdatacommons.org/swg.wikia.com/resource/Assembly	=	1.0000
http://dbkwik.webdatacommons.org/starwars.wikia.com/resource/Scavenger	http://dbkwik.webdatacommons.org/swg.wikia.com/resource/Scavenger	=	1.0000
http://dbkwik.webdatacommons.org/starwars.wikia.com/resource/Hidden_Rebel_Base	http://dbkwik.webdatacommons.org/swg.wikia.com/resource/Hidden_Rebel_Base	=	1.0000
http://dbkwik.webdatacommons.org/starwars.wikia.com/resource/Bria	http://dbkwik.webdatacommons.org/swg.wikia.com/resource/Bria	=	1.0000
http://dbkwik.webdatacommons.org/starwars.wikia.com/resource/Blistmok	http://dbkwik.webdatacommons.org/swg.wikia.com/resource/Blistmok	=	1.0000
http://dbkwik.webdatacommons.org/starwars.wikia.com/resource/Berserker_rifle	http://dbkwik.webdatacommons.org/swg.wikia.com/resource/Berserker_Rifle	=	1.0000
http://starwars.wikia.com/wiki/Special:FilePath/Singular_Nak.jpg?width=300	http://swg.wikia.com/wiki/Special:FilePath/Singular_nak.jpg?width=300	=	1.0000
http://starwars.wikia.com/wiki/Special:FilePath/Wayfar.jpg?width=300	http://swg.wikia.com/wiki/Special:FilePath/Wayfar.jpg?width=300	=	1.0000
http://starwars.wikia.com/wiki/Special:FilePath/Borvos_rancor.jpg?width=300	http://swg.wikia.com/wiki/Special:FilePath/Borvos_rancor.jpg?width=300	=	1.0000
http://dbkwik.webdatacommons.org/starwars.wikia.com/resource/Wesk	http://dbkwik.webdatacommons.org/swg.wikia.com/resource/Wesk	=	1.0000
http://dbkwik.webdatacommons.org/starwars.wikia.com/resource/Nightsisters	http://dbkwik.webdatacommons.org/swg.wikia.com/resource/Nightsisters	=	1.0000
http://starwars.wikia.com/wiki/Special:FilePath/Republic_Blaster.jpg?width=300	http://swg.wikia.com/wiki/Special:FilePath/RepublicBlaster.jpg?width=300	=	1.0000
http://dbkwik.webdatacommons.org/starwars.wikia.com/resource/Hutt_Hideout	http://dbkwik.webdatacommons.org/swg.wikia.com/resource/Hutt_Hideout	=	1.0000
http://dbkwik.webdatacommons.org/starwars.wikia.com/resource/Breac_Slaus	http://dbkwik.webdatacommons.org/swg.wikia.com/resource/Breac_Slaus	=	1.0000
http://starwars.wikia.com/wiki/Special:FilePath/Luke_skywalker.jpg?width=300	http://swg.wikia.com/wiki/Special:FilePath/Luke_skywalker.jpg?width=300	=	1.0000
http://dbkwik.webdatacommons.org/starwars.wikia.com/resource/Jaar	http://dbkwik.webdatacommons.org/swg.wikia.com/resource/Jaar	=	1.0000
http://starwars.wikia.com/wiki/Special:FilePath/Agrilat_Swamp_Circuit.jpg	http://swg.wikia.com/wiki/Special:FilePath/AgrilatSwampCircuit.jpg	=	1.0000
http://starwars.wikia.com/wiki/Special:FilePath/Huf_dun.jpg	http://swg.wikia.com/wiki/Special:FilePath/Huf_Dun.jpg	=	1.0000
http://dbkwik.webdatacommons.org/starwars.wikia.com/resource/Ewok_Festival_of_Love_crossbow	http://dbkwik.webdatacommons.org/swg.wikia.com/resource/Ewok_Festival_of_Love_Crossbow	=	1.0000
http://starwars.wikia.com/wiki/Special:FilePath/WESTAR-M5BlasterRifle.jpg	http://swg.wikia.com/wiki/Special:FilePath/Westar-m5-blaster-rifle.jpg	=	1.0000
http://dbkwik.webdatacommons.org/starwars.wikia.com/resource/Baz_nitch	http://dbkwik.webdatacommons.org/swg.wikia.com/resource/Baz_Nitch	=	1.0000
http://dbkwik.webdatacommons.org/starwars.wikia.com/resource/Durgur_Pyne	http://dbkwik.webdatacommons.org/swg.wikia.com/resource/Durgur_Pyne	=	1.0000
http://dbkwik.webdatacommons.org/starwars.wikia.com/resource/Kitster_Banai	http://dbkwik.webdatacommons.org/swg.wikia.com/resource/Kitster_Banai	=	1.0000
http://starwars.wikia.com/wiki/Special:FilePath/Ithorian.jpg?width=300	http://swg.wikia.com/wiki/Special:FilePath/Ithorian.jpg?width=300	=	1.0000
http://starwars.wikia.com/wiki/Special:FilePath/Pug_Jumper.jpg?width=300	http://swg.wikia.com/wiki/Special:FilePath/Pug_Jumper.jpg?width=300	=	1.0000
http://starwars.wikia.com/wiki/Special:FilePath/Kerritamba_Village.jpg	http://swg.wikia.com/wiki/Special:FilePath/Kerritamba_Village.jpg	=	1.0000
http://dbkwik.webdatacommons.org/starwars.wikia.com/property/weight	http://dbkwik.webdatacommons.org/swg.wikia.com/property/weight	=	1.0000
http://starwars.wikia.com/wiki/Special:FilePath/Shaupaut.jpg?width=300	http://swg.wikia.com/wiki/Special:FilePath/Shaupaut.jpg?width=300	=	1.0000
http://dbkwik.webdatacommons.org/starwars.wikia.com/resource/Alliance_Cold_Weather_Right_Bicep	http://dbkwik.webdatacommons.org/swg.wikia.com/resource/Alliance_Cold_Weather_Right_Bicep	=	1.0000
http://starwars.wikia.com/wiki/Special:FilePath/Maxrebo.jpg?width=300	http://swg.wikia.com/wiki/Special:FilePath/Maxrebo.jpg?width=300	=	1.0000
http://starwars.wikia.com/wiki/Special:FilePath/CrusaderM-XXHeavyRifle.png?width=300	http://swg.wikia.com/wiki/Special:FilePath/CrusaderM-XXHeavyRifle.png?width=300	=	1.0000
http://dbkwik.webdatacommons.org/starwars.wikia.com/resource/Bivoli_Tempari	http://dbkwik.webdatacommons.org/swg.wikia.com/resource/Bivoli_Tempari	=	1.0000
http://dbkwik.webdatacommons.org/starwars.wikia.com/resource/Humbaba	http://dbkwik.webdatacommons.org/swg.wikia.com/resource/Humbaba	=	1.0000
http://dbkwik.webdatacommons.org/starwars.wikia.com/resource/Ithorian	http://dbkwik.webdatacommons.org/swg.wikia.com/resource/Ithorian	=	1.0000
http://starwars.wikia.com/wiki/Special:FilePath/Maerzen.jpg	http://swg.wikia.com/wiki/Special:FilePath/Maerzen.jpg	=	1.0000
http://dbkwik.webdatacommons.org/starwars.wikia.com/resource/Force_Crystal_Hunter%27s_Cave	http://dbkwik.webdatacommons.org/swg.wikia.com/resource/Force_Crystal_Hunter%27s_Cave	=	1.0000
http://dbkwik.webdatacommons.org/starwars.wikia.com/resource/Pug_jumper	http://dbkwik.webdatacommons.org/swg.wikia.com/resource/Pug_jumper	=	1.0000
http://dbkwik.webdatacommons.org/starwars.wikia.com/resource/Tatoo_system	http://dbkwik.webdatacommons.org/swg.wikia.com/resource/Tatoo_system	=	1.0000
http://dbkwik.webdatacommons.org/starwars.wikia.com/resource/Grobber	http://dbkwik.webdatacommons.org/swg.wikia.com/resource/Grobber	=	1.0000
http://starwars.wikia.com/wiki/Special:FilePath/Imbrimi.jpg	http://swg.wikia.com/wiki/Special:FilePath/Imbrimi.jpg	=	1.0000
http://starwars.wikia.com/wiki/Special:FilePath/Tarc.jpg?width=300	http://swg.wikia.com/wiki/Special:FilePath/Tarc.jpg?width=300	=	1.0000
http://starwars.wikia.com/wiki/Special:FilePath/Darth_Maul.jpg?width=300	http://swg.wikia.com/wiki/Special:FilePath/Darth_Maul.jpg?width=300	=	1.0000
http://dbkwik.webdatacommons.org/starwars.wikia.com/resource/Gurreck	http://dbkwik.webdatacommons.org/swg.wikia.com/resource/Gurreck	=	1.0000
http://starwars.wikia.com/wiki/Special:FilePath/Adwan_Turoldine.jpg?width=300	http://swg.wikia.com/wiki/Special:FilePath/Adwan_Turoldine.jpg?width=300	=	1.0000
http://dbkwik.webdatacommons.org/starwars.wikia.com/resource/Mustafar	http://dbkwik.webdatacommons.org/swg.wikia.com/resource/Mustafar	=	1.0000
http://dbkwik.webdatacommons.org/starwars.wikia.com/resource/Ebenn_Q3_Baobab	http://dbkwik.webdatacommons.org/swg.wikia.com/resource/Ebenn_Q3_Baobab	=	1.0000
http://starwars.wikia.com/wiki/Special:FilePath/Barak.jpg?width=300	http://swg.wikia.com/wiki/Special:FilePath/Barak.jpg?width=300	=	1.0000
http://dbkwik.webdatacommons.org/starwars.wikia.com/resource/Cavern_spider	http://dbkwik.webdatacommons.org/swg.wikia.com/resource/Cavern_Spider	=	1.0000
http://dbkwik.webdatacommons.org/starwars.wikia.com/resource/Vrobal	http://dbkwik.webdatacommons.org/swg.wikia.com/resource/Vrobal	=	1.0000
http://starwars.wikia.com/wiki/Special:FilePath/Walker_Luskeske.jpg?width=300	http://swg.wikia.com/wiki/Special:FilePath/Walker_Luskeske.jpg?width=300	=	1.0000
http://dbkwik.webdatacommons.org/starwars.wikia.com/resource/The_Warren	http://dbkwik.webdatacommons.org/swg.wikia.com/resource/The_Warren	=	1.0000
http://starwars.wikia.com/wiki/Special:FilePath/Guf_drolg.jpg	http://swg.wikia.com/wiki/Special:FilePath/GufDrolg.jpg	=	1.0000
http://starwars.wikia.com/wiki/Special:FilePath/Vinya_Maysor.jpg?width=300	http://swg.wikia.com/wiki/Special:FilePath/Vinya_Maysor.jpg?width=300	=	1.0000
http://starwars.wikia.com/wiki/Special:FilePath/Blurrg.jpg?width=300	http://swg.wikia.com/wiki/Special:FilePath/Blurrg.jpg?width=300	=	1.0000
http://dbkwik.webdatacommons.org/starwars.wikia.com/resource/Battle_armor	http://dbkwik.webdatacommons.org/swg.wikia.com/resource/Battle_armor	=	1.0000
http://dbkwik.webdatacommons.org/starwars.wikia.com/resource/Pikatta_pie	http://dbkwik.webdatacommons.org/swg.wikia.com/resource/Pikatta_Pie	=	1.0000
http://starwars.wikia.com/wiki/Special:FilePath/ChocolateCoveredCambyberries.jpg?width=300	http://swg.wikia.com/wiki/Special:FilePath/Chocolate-covered-camby-berries.jpg?width=300	=	0.9589
http://dbkwik.webdatacommons.org/starwars.wikia.com/resource/Vanvi_Hotne	http://dbkwik.webdatacommons.org/swg.wikia.com/resource/Vanvi_Hotn	=	0.9475
http://dbkwik.webdatacommons.org/starwars.wikia.com/resource/Category:Characters	http://dbkwik.webdatacommons.org/swg.wikia.com/resource/Category:Characters	=	1.0000
http://dbkwik.webdatacommons.org/starwars.wikia.com/resource/Medic	http://dbkwik.webdatacommons.org/swg.wikia.com/resource/Medic	=	1.0000
http://dbkwik.webdatacommons.org/starwars.wikia.com/resource/Holocron_of_Destiny	http://dbkwik.webdatacommons.org/swg.wikia.com/resource/Holocron_of_Destiny	=	1.0000
http://starwars.wikia.com/wiki/Special:FilePath/Pooja.jpg?width=300	http://swg.wikia.com/wiki/Special:FilePath/Pooja.jpg?width=300	=	1.0000
http://dbkwik.webdatacommons.org/starwars.wikia.com/resource/Firestar_10-K	http://dbkwik.webdatacommons.org/swg.wikia.com/resource/Firestar_10-K	=	1.0000
http://starwars.wikia.com/wiki/Special:FilePath/Destroyer_Droid.jpg?width=300	http://swg.wikia.com/wiki/Special:FilePath/Destroyer_Droid.jpg?width=300	=	1.0000
http://dbkwik.webdatacommons.org/starwars.wikia.com/resource/Talz	http://dbkwik.webdatacommons.org/swg.wikia.com/resource/Talz	=	1.0000
http://starwars.wikia.com/wiki/Special:FilePath/Gendra.jpg	http://swg.wikia.com/wiki/Special:FilePath/Gendra.jpg	=	1.0000
http://dbkwik.webdatacommons.org/starwars.wikia.com/resource/Research_Center	http://dbkwik.webdatacommons.org/swg.wikia.com/resource/Research_Center	=	1.0000
http://dbkwik.webdatacommons.org/starwars.wikia.com/resource/XJ-6_airspeeder	http://dbkwik.webdatacommons.org/swg.wikia.com/resource/XJ-6_Airspeeder	=	1.0000
http://starwars.wikia.com/wiki/Special:FilePath/Chawroo.jpg?width=300	http://swg.wikia.com/wiki/Special:FilePath/Chawroo.jpg?width=300	=	1.0000
http://dbkwik.webdatacommons.org/starwars.wikia.com/resource/Lost_Village_of_Durbin	http://dbkwik.webdatacommons.org/swg.wikia.com/resource/Lost_Village_of_Durbin	=	1.0000
http://starwars.wikia.com/wiki/Special:FilePath/Quinton.jpg?width=300	http://swg.wikia.com/wiki/Special:FilePath/Quinton.jpg?width=300	=	1.0000
http://starwars.wikia.com/wiki/Special:FilePath/Dathomiri.jpg	http://swg.wikia.com/wiki/Special:FilePath/Dathomiri.jpg	=	1.0000
http://starwars.wikia.com/wiki/Special:FilePath/TIE_Bomber.jpg?width=300	http://swg.wikia.com/wiki/Special:FilePath/TIE_Bomber.jpg?width=300	=	1.0000
http://dbkwik.webdatacommons.org/starwars.wikia.com/resource/Sith_holocron	http://dbkwik.webdatacommons.org/swg.wikia.com/resource/Sith_Holocron	=	1.0000
http://dbkwik.webdatacommons.org/starwars.wikia.com/resource/Rrwii_root	http://dbkwik.webdatacommons.org/swg.wikia.com/resource/Rrwii_root	=	1.0000
http://starwars.wikia.com/wiki/Special:FilePath/GK_Oppressor.jpg?width=300	http://swg.wikia.com/wiki/Special:FilePath/GK_Oppressor.jpg?width=300	=	1.0000
http://dbkwik.webdatacommons.org/starwars.wikia.com/resource/Neo-Cobral	http://dbkwik.webdatacommons.org/swg.wikia.com/resource/Neo-Cobral	=	1.0000
http://dbkwik.webdatacommons.org/starwars.wikia.com/resource/Bracelet	http://dbkwik.webdatacommons.org/swg.wikia.com/resource/Bracelet	=	1.0000
http://dbkwik.webdatacommons.org/starwars.wikia.com/resource/Wanderhome	http://dbkwik.webdatacommons.org/swg.wikia.com/resource/Wanderhome	=	1.0000
http://dbkwik.webdatacommons.org/starwars.wikia.com/resource/Aa%27kuan_Champion%27s_Cave	http://dbkwik.webdatacommons.org/swg.wikia.com/resource/Aa%27kuan_Champion%27s_Cave	=	1.0000
http://dbkwik.webdatacommons.org/starwars.wikia.com/resource/Lava_cannon	http://dbkwik.webdatacommons.org/swg.wikia.com/resource/Lava_Cannon	=	1.0000
http://starwars.wikia.com/wiki/Special:FilePath/Quantum-ion-drive.jpg	http://swg.wikia.com/wiki/Special:FilePath/Quantum-ion-drive.jpg	=	1.0000
http://dbkwik.webdatacommons.org/starwars.wikia.com/resource/TIE_Oppressor	http://dbkwik.webdatacommons.org/swg.wikia.com/resource/TIE_Oppressor	=	1.0000
http://starwars.wikia.com/wiki/Special:FilePath/Ro-roo.jpg?width=300	http://swg.wikia.com/wiki/Special:FilePath/Ro-roo.jpg?width=300	=	1.0000
http://starwars.wikia.com/wiki/Special:FilePath/Booster_blue.jpg?width=300	http://swg.wikia.com/wiki/Special:FilePath/Booster_blue.jpg?width=300	=	1.0000
http://dbkwik.webdatacommons.org/starwars.wikia.com/resource/Stren_Colo	http://dbkwik.webdatacommons.org/swg.wikia.com/resource/Stren_Colo	=	1.0000
http://starwars.wikia.com/wiki/Special:FilePath/Ice.jpg?width=300	http://swg.wikia.com/wiki/Special:FilePath/Ice-1.jpg?width=300	=	0.9456
http://dbkwik.webdatacommons.org/starwars.wikia.com/resource/Boss	http://dbkwik.webdatacommons.org/swg.wikia.com/resource/Boss	=	1.0000
http://starwars.wikia.com/wiki/Special:FilePath/ToxicRations.jpg	http://swg.wikia.com/wiki/Special:FilePath/Toxic_rations.jpg	=	1.0000
http://dbkwik.webdatacommons.org/starwars.wikia.com/resource/Second_Wind	http://dbkwik.webdatacommons.org/swg.wikia.com/resource/Second_Wind	=	1.0000
http://starwars.wikia.com/wiki/Special:FilePath/CorneliusWagglehorn.jpg	http://swg.wikia.com/wiki/Special:FilePath/CorneliusWagglehorn.jpg	=	1.0000
http://starwars.wikia.com/wiki/Special:FilePath/ErrikDarksider.jpg?width=300	http://swg.wikia.com/wiki/Special:FilePath/Errik-darksider.jpg?width=300	=	1.0000
http://starwars.wikia.com/wiki/Special:FilePath/MakoGhast.jpg?width=300	http://swg.wikia.com/wiki/Special:FilePath/Mako_Ghast.jpg?width=300	=	1.0000
http://starwars.wikia.com/wiki/Special:FilePath/Tantelarmor.jpg	http://swg.wikia.com/wiki/Special:FilePath/Tantelarmor.jpg	=	1.0000
http://dbkwik.webdatacommons.org/starwars.wikia.com/resource/Alduq_Besene	http://dbkwik.webdatacommons.org/swg.wikia.com/resource/Alduq_Besene	=	1.0000
http://starwars.wikia.com/wiki/Special:FilePath/Forward_Commander_Mk_II.jpg	http://swg.wikia.com/wiki/Special:FilePath/Forward_Commander_MKII.jpg	=	0.9602
http://dbkwik.webdatacommons.org/starwars.wikia.com/class/character	http://dbkwik.webdatacommons.org/swg.wikia.com/class/character	=	1.0000
http://dbkwik.webdatacommons.org/starwars.wikia.com/resource/Bib_Fortuna	http://dbkwik.webdatacommons.org/swg.wikia.com/resource/Bib_Fortuna	=	1.0000
http://dbkwik.webdatacommons.org/starwars.wikia.com/resource/E-Web_rifle	http://dbkwik.webdatacommons.org/swg.wikia.com/resource/E-Web_Rifle	=	1.0000
http://dbkwik.webdatacommons.org/starwars.wikia.com/resource/Quarren	http://dbkwik.webdatacommons.org/swg.wikia.com/resource/Quarren	=	1.0000
http://dbkwik.webdatacommons.org/starwars.wikia.com/resource/Chak-root	http://dbkwik.webdatacommons.org/swg.wikia.com/resource/Chak-root	=	1.0000
http://dbkwik.webdatacommons.org/starwars.wikia.com/resource/Luck	http://dbkwik.webdatacommons.org/swg.wikia.com/resource/Luck	=	1.0000
http://dbkwik.webdatacommons.org/starwars.wikia.com/property/population	http://dbkwik.webdatacommons.org/swg.wikia.com/property/population	=	1.0000
http://starwars.wikia.com/wiki/Special:FilePath/VictorVisalis.jpg?width=300	http://swg.wikia.com/wiki/Special:FilePath/Victor_visalis.jpg?width=300	=	1.0000
http://dbkwik.webdatacommons.org/starwars.wikia.com/resource/Marauder	http://dbkwik.webdatacommons.org/swg.wikia.com/resource/Marauder	=	1.0000
http://starwars.wikia.com/wiki/Special:FilePath/GK_Oppressor.jpg	http://swg.wikia.com/wiki/Special:FilePath/GK_Oppressor.jpg	=	1.0000
http://starwars.wikia.com/wiki/Special:FilePath/JH-101.jpg?width=300	http://swg.wikia.com/wiki/Special:FilePath/JH-101.jpg?width=300	=	1.0000
http://starwars.wikia.com/wiki/Special:FilePath/Jabba2.jpg	http://swg.wikia.com/wiki/Special:FilePath/Jabba2.jpg	=	1.0000
http://dbkwik.webdatacommons.org/starwars.wikia.com/resource/Captain	http://dbkwik.webdatacommons.org/swg.wikia.com/resource/Captain	=	1.0000
http://dbkwik.webdatacommons.org/starwars.wikia.com/resource/Mechno-chair	http://dbkwik.webdatacommons.org/swg.wikia.com/resource/Mechno_Chair	=	1.0000
http://dbkwik.webdatacommons.org/starwars.wikia.com/resource/Choku	http://dbkwik.webdatacommons.org/swg.wikia.com/resource/Choku	=	1.0000
http://starwars.wikia.com/wiki/Special:FilePath/Brotherezkiel.jpg	http://swg.wikia.com/wiki/Special:FilePath/Brotherezkiel.jpg	=	1.0000
http://dbkwik.webdatacommons.org/starwars.wikia.com/resource/Corellian_ale	http://dbkwik.webdatacommons.org/swg.wikia.com/resource/Corellian_Ale	=	1.0000
http://dbkwik.webdatacommons.org/starwars.wikia.com/resource/Assault_gunboat	http://dbkwik.webdatacommons.org/swg.wikia.com/resource/Assault_Gunboat	=	1.0000
http://starwars.wikia.com/wiki/Special:FilePath/Tosche_Station.jpg	http://swg.wikia.com/wiki/Special:FilePath/Tosche_station.jpg	=	1.0000
http://dbkwik.webdatacommons.org/starwars.wikia.com/resource/Rebellion_Blaze	http://dbkwik.webdatacommons.org/swg.wikia.com/resource/Rebellion_Blaze	=	1.0000
http://dbkwik.webdatacommons.org/starwars.wikia.com/resource/Sennex	http://dbkwik.webdatacommons.org/swg.wikia.com/resource/Sennex	=	1.0000
http://starwars.wikia.com/wiki/Special:FilePath/ScatterPistol.jpg?width=300	http://swg.wikia.com/wiki/Special:FilePath/ScatterPistol.jpg?width=300	=	1.0000
http://starwars.wikia.com/wiki/Special:FilePath/Buzz-knuck.jpg?width=300	http://swg.wikia.com/wiki/Special:FilePath/Buzz-knuck.jpg?width=300	=	1.0000
http://starwars.wikia.com/wiki/Special:FilePath/Downed_Imperial_Transport.jpg?width=300	http://swg.wikia.com/wiki/Special:FilePath/Downed-imperial-transport.jpg?width=300	=	1.0000
http://dbkwik.webdatacommons.org/starwars.wikia.com/resource/United_in_Our_Cause	http://dbkwik.webdatacommons.org/swg.wikia.com/resource/United_In_Our_Cause	=	1.0000
http://starwars.wikia.com/wiki/Special:FilePath/Kashyyykbantha.jpg?width=300	http://swg.wikia.com/wiki/Special:FilePath/Kashyyykbantha.jpg?width=300	=	1.0000
http://starwars.wikia.com/wiki/Special:FilePath/BestineCapitol.jpg	http://swg.wikia.com/wiki/Special:FilePath/Bestine_capitol.jpg	=	1.0000
http://dbkwik.webdatacommons.org/starwars.wikia.com/resource/Mokk	http://dbkwik.webdatacommons.org/swg.wikia.com/resource/Mokk	=	1.0000
http://starwars.wikia.com/wiki/Special:FilePath/DefensiveStance.jpg?width=300	http://swg.wikia.com/wiki/Special:FilePath/Defensive_Stance.jpg?width=300	=	1.0000
http://starwars.wikia.com/wiki/Special:FilePath/Taibela.jpg?width=300	http://swg.wikia.com/wiki/Special:FilePath/Taibela.jpg?width=300	=	1.0000
http://dbkwik.webdatacommons.org/starwars.wikia.com/resource/Jedi_artifact	http://dbkwik.webdatacommons.org/swg.wikia.com/resource/Jedi_Artifact	=	1.0000
http://dbkwik.webdatacommons.org/starwars.wikia.com/resource/Utility_belt	http://dbkwik.webdatacommons.org/swg.wikia.com/resource/Utility_Belt	=	1.0000
http://dbkwik.webdatacommons.org/starwars.wikia.com/resource/Chaff	http://dbkwik.webdatacommons.org/swg.wikia.com/resource/Chaff	=	1.0000
http://dbkwik.webdatacommons.org/starwars.wikia.com/resource/Tabage	http://dbkwik.webdatacommons.org/swg.wikia.com/resource/Tabage	=	1.0000
http://dbkwik.webdatacommons.org/starwars.wikia.com/resource/Beginnings	http://dbkwik.webdatacommons.org/swg.wikia.com/resource/Beginnings	=	1.0000
http://starwars.wikia.com/wiki/Special:FilePath/Fenri_Dalso.jpg?width=300	http://swg.wikia.com/wiki/Special:FilePath/Fenri_Dalso.jpg?width=300	=	1.0000
http://starwars.wikia.com/wiki/Special:FilePath/Lesser_Misty_Falls.jpg?width=300	http://swg.wikia.com/wiki/Special:FilePath/Lesser_Misty_Falls.jpg?width=300	=	1.0000
http://dbkwik.webdatacommons.org/starwars.wikia.com/resource/Vev	http://dbkwik.webdatacommons.org/swg.wikia.com/resource/Vev	=	1.0000
http://starwars.wikia.com/wiki/Special:FilePath/AllianceDisruptor.jpg	http://swg.wikia.com/wiki/Special:FilePath/Alliance_Disruptor.jpg	=	1.0000
http://dbkwik.webdatacommons.org/starwars.wikia.com/resource/Gil_Burtin	http://dbkwik.webdatacommons.org/swg.wikia.com/resource/Gil_Burtin	=	1.0000
http://starwars.wikia.com/wiki/Special:FilePath/Siv%27rool.jpg	http://swg.wikia.com/wiki/Special:FilePath/Siv%27rool.jpg	=	1.0000
http://dbkwik.webdatacommons.org/starwars.wikia.com/resource/Worrt	http://dbkwik.webdatacommons.org/swg.wikia.com/resource/Worrt	=	1.0000
http://starwars.wikia.com/wiki/Special:FilePath/Walker_Luskeske.jpg	http://swg.wikia.com/wiki/Special:FilePath/Walker_Luskeske.jpg	=	1.0000
http://starwars.wikia.com/wiki/Special:FilePath/DL44MetalPistol.jpg?width=300	http://swg.wikia.com/wiki/Special:FilePath/DL44MetalPistol.jpg?width=300	=	1.0000
http://starwars.wikia.com/wiki/Special:FilePath/Rancor.jpg	http://swg.wikia.com/wiki/Special:FilePath/Rancor.jpg	=	1.0000
http://dbkwik.webdatacommons.org/starwars.wikia.com/resource/Tauntaun	http://dbkwik.webdatacommons.org/swg.wikia.com/resource/Tauntaun	=	1.0000
http://starwars.wikia.com/wiki/Special:FilePath/Heroring.jpg?width=300	http://swg.wikia.com/wiki/Special:FilePath/Heroring.jpg?width=300	=	1.0000
http://dbkwik.webdatacommons.org/starwars.wikia.com/resource/Cloak_of_the_Kursk	http://dbkwik.webdatacommons.org/swg.wikia.com/resource/Cloak_of_the_Kursk	=	1.0000
http://dbkwik.webdatacommons.org/starwars.wikia.com/resource/Tybis	http://dbkwik.webdatacommons.org/swg.wikia.com/resource/Tybis	=	1.0000
http://dbkwik.webdatacommons.org/starwars.wikia.com/resource/Shock_collar	http://dbkwik.webdatacommons.org/swg.wikia.com/resource/Shock_Collar	=	1.0000
http://dbkwik.webdatacommons.org/starwars.wikia.com/resource/XP-38_(landspeeder)	http://dbkwik.webdatacommons.org/swg.wikia.com/resource/XP-38_Landspeeder	=	1.0000
http://starwars.wikia.com/wiki/Special:FilePath/Lieutenant_Thulough.jpg	http://swg.wikia.com/wiki/Special:FilePath/Lieutenant_Thulough.jpg	=	1.0000
http://dbkwik.webdatacommons.org/starwars.wikia.com/resource/Vinya_Maysor	http://dbkwik.webdatacommons.org/swg.wikia.com/resource/Vinya_Maysor	=	1.0000
http://starwars.wikia.com/wiki/Special:FilePath/Av21landspeeder.jpg?width=300	http://swg.wikia.com/wiki/Special:FilePath/Av21landspeeder.jpg?width=300	=	1.0000
http://dbkwik.webdatacommons.org/starwars.wikia.com/resource/Ithorian_Mist	http://dbkwik.webdatacommons.org/swg.wikia.com/resource/Ithorian_Mist	=	1.0000
http://starwars.wikia.com/wiki/Special:FilePath/Tie_fighters.jpg?width=300	http://swg.wikia.com/wiki/Special:FilePath/TIE_fighter.jpg?width=300	=	0.9592
http://starwars.wikia.com/wiki/Special:FilePath/IonRelicPistol.jpg	http://swg.wikia.com/wiki/Special:FilePath/IonRelicPistol.jpg	=	1.0000
http://dbkwik.webdatacommons.org/starwars.wikia.com/resource/Drall	http://dbkwik.webdatacommons.org/swg.wikia.com/resource/Drall	=	1.0000
http://dbkwik.webdatacommons.org/starwars.wikia.com/resource/Niko_Brehe	http://dbkwik.webdatacommons.org/swg.wikia.com/resource/Niko_Brehe	=	1.0000
http://dbkwik.webdatacommons.org/starwars.wikia.com/resource/Kimogila_Town	http://dbkwik.webdatacommons.org/swg.wikia.com/resource/Kimogila_Town	=	1.0000
http://starwars.wikia.com/wiki/Special:FilePath/Life_Day_incense_burner.jpg	http://swg.wikia.com/wiki/Special:FilePath/Life_Day_Incense_Burner.jpg	=	1.0000
http://dbkwik.webdatacommons.org/starwars.wikia.com/resource/Backpack	http://dbkwik.webdatacommons.org/swg.wikia.com/resource/Backpack	=	1.0000
http://dbkwik.webdatacommons.org/starwars.wikia.com/resource/Gorrnar	http://dbkwik.webdatacommons.org/swg.wikia.com/resource/Gorrnar	=	1.0000
http://dbkwik.webdatacommons.org/starwars.wikia.com/resource/Category:Lightsaber_crystals	http://dbkwik.webdatacommons.org/swg.wikia.com/resource/Category:Lightsaber_Crystals	=	1.0000
http://dbkwik.webdatacommons.org/starwars.wikia.com/resource/Tulgah	http://dbkwik.webdatacommons.org/swg.wikia.com/resource/Tulgah	=	1.0000
http://dbkwik.webdatacommons.org/starwars.wikia.com/resource/Melee_weapon	http://dbkwik.webdatacommons.org/swg.wikia.com/resource/Melee_weapon	=	1.0000
http://dbkwik.webdatacommons.org/starwars.wikia.com/resource/Couch	http://dbkwik.webdatacommons.org/swg.wikia.com/resource/Couch	=	1.0000
http://starwars.wikia.com/wiki/Special:FilePath/Murra.jpg	http://swg.wikia.com/wiki/Special:FilePath/Murra.jpg	=	1.0000
http://dbkwik.webdatacommons.org/starwars.wikia.com/resource/Galactic_Gathering_2008	http://dbkwik.webdatacommons.org/swg.wikia.com/resource/Galactic_Gathering_2008	=	1.0000
http://dbkwik.webdatacommons.org/starwars.wikia.com/resource/Kormund_Thrylle	http://dbkwik.webdatacommons.org/swg.wikia.com/resource/Kormund_Thrylle	=	1.0000
http://dbkwik.webdatacommons.org/starwars.wikia.com/property/publisher	http://dbkwik.webdatacommons.org/swg.wikia.com/property/publisher	=	1.0000
http://starwars.wikia.com/wiki/Special:FilePath/Naboo.jpg	http://swg.wikia.com/wiki/Special:FilePath/Naboo.jpg	=	1.0000
http://dbkwik.webdatacommons.org/starwars.wikia.com/resource/Category:Droids	http://dbkwik.webdatacommons.org/swg.wikia.com/resource/Category:Droids	=	1.0000
http://starwars.wikia.com/wiki/Special:FilePath/FishingPole.jpg	http://swg.wikia.com/wiki/Special:FilePath/Fishing-pole.jpg	=	1.0000
http://dbkwik.webdatacommons.org/starwars.wikia.com/resource/Endor_system	http://dbkwik.webdatacommons.org/swg.wikia.com/resource/Endor_system	=	1.0000
http://dbkwik.webdatacommons.org/starwars.wikia.com/resource/Dageerin	http://dbkwik.webdatacommons.org/swg.wikia.com/resource/Dageerin	=	1.0000
http://starwars.wikia.com/wiki/Special:FilePath/Scolex_Grath.jpg?width=300	http://swg.wikia.com/wiki/Special:FilePath/Scolex_Grath.jpg?width=300	=	1.0000
http://starwars.wikia.com/wiki/Special:FilePath/AlkharaBanditCamp.jpg?width=300	http://swg.wikia.com/wiki/Special:FilePath/Alkhara_Bandit_Camp.jpg?width=300	=	1.0000
http://starwars.wikia.com/wiki/Special:FilePath/Stormtrooper_Sniper.png?width=300	http://swg.wikia.com/wiki/Special:FilePath/Stormtrooper_Sniper.png?width=300	=	1.0000
http://starwars.wikia.com/wiki/Special:FilePath/Pooja.jpg	http://swg.wikia.com/wiki/Special:FilePath/Pooja.jpg	=	1.0000
http://dbkwik.webdatacommons.org/starwars.wikia.com/resource/Toydarian	http://dbkwik.webdatacommons.org/swg.wikia.com/resource/Toydarian	=	1.0000
http://starwars.wikia.com/wiki/Special:FilePath/Dead_Forest.jpg	http://swg.wikia.com/wiki/Special:FilePath/Dead_forest.jpg	=	1.0000
http://dbkwik.webdatacommons.org/starwars.wikia.com/resource/Jener_Mich	http://dbkwik.webdatacommons.org/swg.wikia.com/resource/Jener_Mich	=	1.0000
http://dbkwik.webdatacommons.org/starwars.wikia.com/resource/Gualaar	http://dbkwik.webdatacommons.org/swg.wikia.com/resource/Gualaar	=	1.0000
http://dbkwik.webdatacommons.org/starwars.wikia.com/resource/Klin_Nif	http://dbkwik.webdatacommons.org/swg.wikia.com/resource/Klin_Nif	=	1.0000
http://dbkwik.webdatacommons.org/starwars.wikia.com/resource/Jabba%27s_roasting_spit	http://dbkwik.webdatacommons.org/swg.wikia.com/resource/Jabba%27s_Roasting_Spit	=	1.0000
http://starwars.wikia.com/wiki/Special:FilePath/Ulric%27s_Redemption.jpg	http://swg.wikia.com/wiki/Special:FilePath/Ulric%27s_Redemption.jpg	=	1.0000
http://dbkwik.webdatacommons.org/starwars.wikia.com/property/mass	http://dbkwik.webdatacommons.org/swg.wikia.com/property/mass	=	1.0000
http://starwars.wikia.com/wiki/Special:FilePath/Pharple.jpg?width=300	http://swg.wikia.com/wiki/Special:FilePath/Pharple.jpg?width=300	=	1.0000
http://starwars.wikia.com/wiki/Special:FilePath/Rancor.jpg?width=300	http://swg.wikia.com/wiki/Special:FilePath/Rancor.jpg?width=300	=	1.0000
http://dbkwik.webdatacommons.org/starwars.wikia.com/resource/Kai_tok	http://dbkwik.webdatacommons.org/swg.wikia.com/resource/Kai_Tok	=	1.0000
http://dbkwik.webdatacommons.org/starwars.wikia.com/resource/Nym	http://dbkwik.webdatacommons.org/swg.wikia.com/resource/Nym	=	1.0000
http://dbkwik.webdatacommons.org/starwars.wikia.com/resource/Polymer	http://dbkwik.webdatacommons.org/swg.wikia.com/resource/Polymer	=	1.0000
http://starwars.wikia.com/wiki/Special:FilePath/Death_Star.jpg?width=300	http://swg.wikia.com/wiki/Special:FilePath/Death_star.jpg?width=300	=	1.0000
http://dbkwik.webdatacommons.org/starwars.wikia.com/resource/Vibrosword	http://dbkwik.webdatacommons.org/swg.wikia.com/resource/Vibrosword	=	1.0000
http://dbkwik.webdatacommons.org/starwars.wikia.com/resource/Kaja_Or%27Zee	http://dbkwik.webdatacommons.org/swg.wikia.com/resource/Kaja_Or%27Zee	=	1.0000
http://starwars.wikia.com/wiki/Special:FilePath/LightOrd.jpg?width=300	http://swg.wikia.com/wiki/Special:FilePath/LightOrd.jpg?width=300	=	1.0000
http://starwars.wikia.com/wiki/Special:FilePath/Xwing1.jpg	http://swg.wikia.com/wiki/Special:FilePath/Xwing1.jpg	=	1.0000
http://dbkwik.webdatacommons.org/starwars.wikia.com/resource/Rill	http://dbkwik.webdatacommons.org/swg.wikia.com/resource/Rill	=	1.0000
http://starwars.wikia.com/wiki/Special:FilePath/ReinforcedCombatStaff.jpg?width=300	http://swg.wikia.com/wiki/Special:FilePath/Reinforced_Combat_Staff.jpg?width=300	=	1.0000
http://dbkwik.webdatacommons.org/starwars.wikia.com/resource/%22Shady%22_Pers	http://dbkwik.webdatacommons.org/swg.wikia.com/resource/Shady_Pers	=	1.0000
http://dbkwik.webdatacommons.org/starwars.wikia.com/resource/Mourno_Draver	http://dbkwik.webdatacommons.org/swg.wikia.com/resource/Mourno_Draver	=	1.0000
http://starwars.wikia.com/wiki/Special:FilePath/AK-3_Reaper.jpg?width=300	http://swg.wikia.com/wiki/Special:FilePath/Ak3_reaper.jpg?width=300	=	0.9447
http://dbkwik.webdatacommons.org/starwars.wikia.com/resource/Milk	http://dbkwik.webdatacommons.org/swg.wikia.com/resource/Milk	=	1.0000
http://dbkwik.webdatacommons.org/starwars.wikia.com/resource/Sorna	http://dbkwik.webdatacommons.org/swg.wikia.com/resource/Sorna	=	1.0000
http://starwars.wikia.com/wiki/Special:FilePath/Nexu.jpg	http://swg.wikia.com/wiki/Special:FilePath/Nexu.jpg	=	1.0000
http://dbkwik.webdatacommons.org/starwars.wikia.com/resource/Misty_Falls	http://dbkwik.webdatacommons.org/swg.wikia.com/resource/Misty_Falls	=	1.0000
http://dbkwik.webdatacommons.org/starwars.wikia.com/resource/CANTINA	http://dbkwik.webdatacommons.org/swg.wikia.com/resource/Cantina	=	1.0000
http://dbkwik.webdatacommons.org/starwars.wikia.com/resource/Deneelian_fizz-pudding	http://dbkwik.webdatacommons.org/swg.wikia.com/resource/Deneelian_Fizz_Pudding	=	1.0000
http://dbkwik.webdatacommons.org/starwars.wikia.com/resource/Dark_novatrooper	http://dbkwik.webdatacommons.org/swg.wikia.com/resource/Dark_novatrooper	=	1.0000
http://dbkwik.webdatacommons.org/starwars.wikia.com/resource/Rubina	http://dbkwik.webdatacommons.org/swg.wikia.com/resource/Rubina	=	1.0000
http://starwars.wikia.com/wiki/Special:FilePath/Dakk.jpg?width=300	http://swg.wikia.com/wiki/Special:FilePath/Dakk.jpg?width=300	=	1.0000
http://starwars.wikia.com/wiki/Special:FilePath/Wrelaac.jpg?width=300	http://swg.wikia.com/wiki/Special:FilePath/Wrelaac.jpg?width=300	=	1.0000
http://dbkwik.webdatacommons.org/starwars.wikia.com/resource/Mysess_Glade	http://dbkwik.webdatacommons.org/swg.wikia.com/resource/Mysess_Glade	=	1.0000
http://starwars.wikia.com/wiki/Special:FilePath/Whistler.jpg	http://swg.wikia.com/wiki/Special:FilePath/%27whistler%27.jpg	=	1.0000
http://dbkwik.webdatacommons.org/starwars.wikia.com/resource/Rasp	http://dbkwik.webdatacommons.org/swg.wikia.com/resource/Rasp	=	1.0000
http://starwars.wikia.com/wiki/Special:FilePath/Kyp_Durron.jpg?width=300	http://swg.wikia.com/wiki/Special:FilePath/Kyp-durron.jpg?width=300	=	1.0000
http://starwars.wikia.com/wiki/Special:FilePath/DemitriFirewatcher.jpg?width=300	http://swg.wikia.com/wiki/Special:FilePath/Demitri-Firewatcher.jpg?width=300	=	1.0000
http://dbkwik.webdatacommons.org/starwars.wikia.com/resource/Category:Belts	http://dbkwik.webdatacommons.org/swg.wikia.com/resource/Category:Belts	=	1.0000
http://dbkwik.webdatacommons.org/starwars.wikia.com/resource/Dantooine	http://dbkwik.webdatacommons.org/swg.wikia.com/resource/Dantooine	=	1.0000
http://starwars.wikia.com/wiki/Special:FilePath/AmnivaSilvoi.jpg?width=300	http://swg.wikia.com/wiki/Special:FilePath/Amniva-silvoi.jpg?width=300	=	1.0000
http://starwars.wikia.com/wiki/Special:FilePath/Aggressor.jpg?width=300	http://swg.wikia.com/wiki/Special:FilePath/Aggressor.jpg?width=300	=	1.0000
http://starwars.wikia.com/wiki/Special:FilePath/Space_Battle.jpg	http://swg.wikia.com/wiki/Special:FilePath/Space_Battle.jpg	=	1.0000
http://dbkwik.webdatacommons.org/starwars.wikia.com/resource/Blood_chowder	http://dbkwik.webdatacommons.org/swg.wikia.com/resource/Blood_Chowder	=	1.0000
http://starwars.wikia.com/wiki/Special:FilePath/Juggernaut%27s_Ring.jpg	http://swg.wikia.com/wiki/Special:FilePath/Juggernaut%27s.Ring.jpg	=	1.0000
http://starwars.wikia.com/wiki/Special:FilePath/Rak%27qua.png?width=300	http://swg.wikia.com/wiki/Special:FilePath/Rak%5C%27qua.png?width=300	=	1.0000
http://dbkwik.webdatacommons.org/starwars.wikia.com/resource/Ye-4_gunship	http://dbkwik.webdatacommons.org/swg.wikia.com/resource/Ye-4_Gunship	=	1.0000
http://dbkwik.webdatacommons.org/starwars.wikia.com/resource/Gemstone	http://dbkwik.webdatacommons.org/swg.wikia.com/resource/Gemstone	=	1.0000
http://dbkwik.webdatacommons.org/starwars.wikia.com/resource/Category:Chemicals	http://dbkwik.webdatacommons.org/swg.wikia.com/resource/Category:Chemicals	=	1.0000
http://dbkwik.webdatacommons.org/starwars.wikia.com/resource/Jacket	http://dbkwik.webdatacommons.org/swg.wikia.com/resource/Jacket	=	1.0000
http://dbkwik.webdatacommons.org/starwars.wikia.com/resource/Hover_Lifter_Speeder	http://dbkwik.webdatacommons.org/swg.wikia.com/resource/Hover_Lifter_Speeder	=	1.0000
http://starwars.wikia.com/wiki/Special:FilePath/Protecto-net-shield.jpg?width=300	http://swg.wikia.com/wiki/Special:FilePath/Protecto-net-shield.jpg?width=300	=	1.0000
http://dbkwik.webdatacommons.org/starwars.wikia.com/resource/Scrimpi	http://dbkwik.webdatacommons.org/swg.wikia.com/resource/Scrimpi	=	1.0000
http://dbkwik.webdatacommons.org/starwars.wikia.com/resource/Category:Dantooine_system	http://dbkwik.webdatacommons.org/swg.wikia.com/resource/Category:Dantooine_system	=	1.0000
http://dbkwik.webdatacommons.org/starwars.wikia.com/resource/Rubicund_Eye	http://dbkwik.webdatacommons.org/swg.wikia.com/resource/Rubicund_Eye	=	1.0000
http://starwars.wikia.com/wiki/Special:FilePath/Impkatarn.jpg?width=300	http://swg.wikia.com/wiki/Special:FilePath/Impkatarn.jpg?width=300	=	1.0000
http://dbkwik.webdatacommons.org/starwars.wikia.com/resource/Stella	http://dbkwik.webdatacommons.org/swg.wikia.com/resource/Stella	=	1.0000
http://starwars.wikia.com/wiki/Special:FilePath/HugoEckener.jpg	http://swg.wikia.com/wiki/Special:FilePath/Hugo-eckener.jpg	=	1.0000
http://dbkwik.webdatacommons.org/starwars.wikia.com/resource/Corellian_Seaside	http://dbkwik.webdatacommons.org/swg.wikia.com/resource/Corellian_Seaside	=	1.0000
http://starwars.wikia.com/wiki/Special:FilePath/CrevBombassa.png?width=300	http://swg.wikia.com/wiki/Special:FilePath/CrevBombassa.png?width=300	=	1.0000
http://dbkwik.webdatacommons.org/starwars.wikia.com/resource/Quantum_Ion_Drive	http://dbkwik.webdatacommons.org/swg.wikia.com/resource/Quantum_Ion_Drive	=	1.0000
http://dbkwik.webdatacommons.org/starwars.wikia.com/resource/Fidelity	http://dbkwik.webdatacommons.org/swg.wikia.com/resource/Fidelity	=	1.0000
http://starwars.wikia.com/wiki/Special:FilePath/WilhalmSkrim.jpg	http://swg.wikia.com/wiki/Special:FilePath/Wilhalm-Skrim.jpg	=	1.0000
http://starwars.wikia.com/wiki/Special:FilePath/AllianceDisruptor.jpg?width=300	http://swg.wikia.com/wiki/Special:FilePath/Alliance_Disruptor.jpg?width=300	=	1.0000
http://dbkwik.webdatacommons.org/starwars.wikia.com/resource/Trade_Federation_Outpost	http://dbkwik.webdatacommons.org/swg.wikia.com/resource/Trade_Federation_Outpost	=	1.0000
http://dbkwik.webdatacommons.org/starwars.wikia.com/resource/Lurval	http://dbkwik.webdatacommons.org/swg.wikia.com/resource/Lurval	=	1.0000
http://starwars.wikia.com/wiki/Special:FilePath/Stunbaton.jpg?width=300	http://swg.wikia.com/wiki/Special:FilePath/Stunbaton.jpg?width=300	=	1.0000
http://starwars.wikia.com/wiki/Special:FilePath/Ren%27Salla.jpg?width=300	http://swg.wikia.com/wiki/Special:FilePath/Ren%27salla.jpg?width=300	=	1.0000
http://starwars.wikia.com/wiki/Special:FilePath/Ikopi.jpg	http://swg.wikia.com/wiki/Special:FilePath/Ikopi.jpg	=	1.0000
http://starwars.wikia.com/wiki/Special:FilePath/Gackle_bat.jpg?width=300	http://swg.wikia.com/wiki/Special:FilePath/Gackle_bat.jpg?width=300	=	1.0000
http://dbkwik.webdatacommons.org/starwars.wikia.com/resource/M22-T_Krayt_gunship	http://dbkwik.webdatacommons.org/swg.wikia.com/resource/M22-T_%22Krayt%22_Gunship	=	1.0000
http://dbkwik.webdatacommons.org/starwars.wikia.com/resource/Haleen_Snowline	http://dbkwik.webdatacommons.org/swg.wikia.com/resource/Haleen_Snowline	=	1.0000
http://dbkwik.webdatacommons.org/starwars.wikia.com/resource/Lava_Skiff	http://dbkwik.webdatacommons.org/swg.wikia.com/resource/Lava_Skiff	=	1.0000
http://starwars.wikia.com/wiki/Special:FilePath/Dannik_malaan.jpg?width=300	http://swg.wikia.com/wiki/Special:FilePath/Dannik_malaan.jpg?width=300	=	1.0000
http://dbkwik.webdatacommons.org/starwars.wikia.com/resource/Wedge_Antilles	http://dbkwik.webdatacommons.org/swg.wikia.com/resource/Wedge_Antilles	=	1.0000
http://dbkwik.webdatacommons.org/starwars.wikia.com/resource/Probe_droid	http://dbkwik.webdatacommons.org/swg.wikia.com/resource/Probe_Droid	=	1.0000
http://starwars.wikia.com/wiki/Special:FilePath/Malfosa.jpg	http://swg.wikia.com/wiki/Special:FilePath/Malfosa.jpg	=	1.0000
http://dbkwik.webdatacommons.org/starwars.wikia.com/resource/Protective_Liquid_Coating	http://dbkwik.webdatacommons.org/swg.wikia.com/resource/Protective_Liquid_Coating	=	1.0000
http://starwars.wikia.com/wiki/Special:FilePath/SithSword.jpg	http://swg.wikia.com/wiki/Special:FilePath/Sith-sword.jpg	=	1.0000
http://dbkwik.webdatacommons.org/starwars.wikia.com/resource/Spitting_Rawl	http://dbkwik.webdatacommons.org/swg.wikia.com/resource/Spitting_Rawl	=	1.0000
http://dbkwik.webdatacommons.org/starwars.wikia.com/property/illustrator	http://dbkwik.webdatacommons.org/swg.wikia.com/property/illustrator	=	1.0000
http://dbkwik.webdatacommons.org/starwars.wikia.com/resource/Lightsaber_crystal	http://dbkwik.webdatacommons.org/swg.wikia.com/resource/Lightsaber_Crystal	=	1.0000
http://dbkwik.webdatacommons.org/starwars.wikia.com/resource/Muur_Talisman	http://dbkwik.webdatacommons.org/swg.wikia.com/resource/Muur_Talisman	=	1.0000
http://dbkwik.webdatacommons.org/starwars.wikia.com/resource/Kashyyyk_system	http://dbkwik.webdatacommons.org/swg.wikia.com/resource/Kashyyyk_System	=	1.0000
http://dbkwik.webdatacommons.org/starwars.wikia.com/resource/Barak	http://dbkwik.webdatacommons.org/swg.wikia.com/resource/Barak	=	1.0000
http://starwars.wikia.com/wiki/Special:FilePath/Marium_Valmont.jpg?width=300	http://swg.wikia.com/wiki/Special:FilePath/Marium_Valmont.jpg?width=300	=	1.0000
http://dbkwik.webdatacommons.org/starwars.wikia.com/resource/Noren_Krast	http://dbkwik.webdatacommons.org/swg.wikia.com/resource/Noren_Krast	=	1.0000
http://dbkwik.webdatacommons.org/starwars.wikia.com/resource/Cas_Vankoo	http://dbkwik.webdatacommons.org/swg.wikia.com/resource/Cas_Vankoo	=	1.0000
http://starwars.wikia.com/wiki/Special:FilePath/DefensiveStance.jpg	http://swg.wikia.com/wiki/Special:FilePath/Defensive_Stance.jpg	=	1.0000
http://starwars.wikia.com/wiki/Special:FilePath/Shamdon_Kree.jpg?width=300	http://swg.wikia.com/wiki/Special:FilePath/Shamdon_Kree.jpg?width=300	=	1.0000
http://dbkwik.webdatacommons.org/starwars.wikia.com/resource/Manfred_Carter	http://dbkwik.webdatacommons.org/swg.wikia.com/resource/Manfred_Carter	=	1.0000
http://dbkwik.webdatacommons.org/starwars.wikia.com/resource/Dartas_Pytin	http://dbkwik.webdatacommons.org/swg.wikia.com/resource/Dartas_Pytin	=	1.0000
http://dbkwik.webdatacommons.org/starwars.wikia.com/resource/Alliance_Cold_Weather_Right_Bracer	http://dbkwik.webdatacommons.org/swg.wikia.com/resource/Alliance_Cold_Weather_Right_Bracer	=	1.0000
http://dbkwik.webdatacommons.org/starwars.wikia.com/resource/Assassin	http://dbkwik.webdatacommons.org/swg.wikia.com/resource/Assassin	=	1.0000
http://dbkwik.webdatacommons.org/starwars.wikia.com/resource/Jinkins_J-1_rifle	http://dbkwik.webdatacommons.org/swg.wikia.com/resource/Jinkins_J-1_Rifle	=	1.0000
http://starwars.wikia.com/wiki/Special:FilePath/LoyKommas.jpg	http://swg.wikia.com/wiki/Special:FilePath/Loy_Kommas.jpg	=	1.0000
http://starwars.wikia.com/wiki/Special:FilePath/Garrick.jpg?width=300	http://swg.wikia.com/wiki/Special:FilePath/Garrick.jpg?width=300	=	1.0000
http://dbkwik.webdatacommons.org/starwars.wikia.com/resource/Urootar	http://dbkwik.webdatacommons.org/swg.wikia.com/resource/Urootar	=	1.0000
http://dbkwik.webdatacommons.org/starwars.wikia.com/resource/30th_Anniversary_Bash	http://dbkwik.webdatacommons.org/swg.wikia.com/resource/30th_Anniversary_Bash	=	1.0000
http://dbkwik.webdatacommons.org/starwars.wikia.com/resource/Serissu	http://dbkwik.webdatacommons.org/swg.wikia.com/resource/Serissu	=	1.0000
http://dbkwik.webdatacommons.org/starwars.wikia.com/resource/Gaping_spider	http://dbkwik.webdatacommons.org/swg.wikia.com/resource/Gaping_Spider	=	1.0000
http://starwars.wikia.com/wiki/Special:FilePath/Crusader.jpg?width=300	http://swg.wikia.com/wiki/Special:FilePath/Crusader.jpg?width=300	=	1.0000
http://starwars.wikia.com/wiki/Special:FilePath/Kyoopid.jpg	http://swg.wikia.com/wiki/Special:FilePath/Kyoopid.jpg	=	1.0000
http://starwars.wikia.com/wiki/Special:FilePath/MosEntha.jpg?width=300	http://swg.wikia.com/wiki/Special:FilePath/Mos_Entha.jpg?width=300	=	1.0000
http://starwars.wikia.com/wiki/Special:FilePath/SithO%27Lantern.jpg?width=300	http://swg.wikia.com/wiki/Special:FilePath/Sith_O%27Lantern_III.jpg?width=300	=	0.9461
http://dbkwik.webdatacommons.org/starwars.wikia.com/resource/Zerek	http://dbkwik.webdatacommons.org/swg.wikia.com/resource/Zerek	=	1.0000
http://dbkwik.webdatacommons.org/starwars.wikia.com/resource/Moisture_vaporator	http://dbkwik.webdatacommons.org/swg.wikia.com/resource/Moisture_Vaporator	=	1.0000
http://dbkwik.webdatacommons.org/starwars.wikia.com/resource/Kkorrwrot	http://dbkwik.webdatacommons.org/swg.wikia.com/resource/Kkorrwrot	=	1.0000
http://starwars.wikia.com/wiki/Special:FilePath/Ree-Yees.jpg	http://swg.wikia.com/wiki/Special:FilePath/%0ARee-yees.jpg	=	1.0000
http://starwars.wikia.com/wiki/Special:FilePath/Dantooine.jpg	http://swg.wikia.com/wiki/Special:FilePath/Dantooine.jpg	=	1.0000
http://starwars.wikia.com/wiki/Special:FilePath/Woolamander.png?width=300	http://swg.wikia.com/wiki/Special:FilePath/Woolamander.png?width=300	=	1.0000
http://starwars.wikia.com/wiki/Special:FilePath/Kakirk.jpg	http://swg.wikia.com/wiki/Special:FilePath/Kakirk.jpg	=	1.0000
http://starwars.wikia.com/wiki/Special:FilePath/Lugjackmachine.jpg?width=300	http://swg.wikia.com/wiki/Special:FilePath/Lugjackmachine.jpg?width=300	=	1.0000
http://dbkwik.webdatacommons.org/starwars.wikia.com/resource/USV-5_Modified_Landspeeder	http://dbkwik.webdatacommons.org/swg.wikia.com/resource/USV-5_Modified_Landspeeder	=	1.0000
http://dbkwik.webdatacommons.org/starwars.wikia.com/resource/Victorious_Reign	http://dbkwik.webdatacommons.org/swg.wikia.com/resource/Victorious_Reign	=	1.0000
http://dbkwik.webdatacommons.org/starwars.wikia.com/resource/Massassi_knuckler	http://dbkwik.webdatacommons.org/swg.wikia.com/resource/Massassi_Knuckler	=	1.0000
http://starwars.wikia.com/wiki/Special:FilePath/Axkva_Min.jpg?width=300	http://swg.wikia.com/wiki/Special:FilePath/Axkva_Min.jpg?width=300	=	1.0000
http://dbkwik.webdatacommons.org/starwars.wikia.com/resource/Varasquactyl	http://dbkwik.webdatacommons.org/swg.wikia.com/resource/Varasquactyl	=	1.0000
http://dbkwik.webdatacommons.org/starwars.wikia.com/resource/Allya%27s_Exile	http://dbkwik.webdatacommons.org/swg.wikia.com/resource/Allya%27s_Exile	=	1.0000
http://starwars.wikia.com/wiki/Special:FilePath/Byrec.jpg	http://swg.wikia.com/wiki/Special:FilePath/Byrec.jpg	=	1.0000
http://starwars.wikia.com/wiki/Special:FilePath/Seeker_droid.png	http://swg.wikia.com/wiki/Special:FilePath/SeekerDroid.png	=	1.0000
http://starwars.wikia.com/wiki/Special:FilePath/HuttHideout.jpg?width=300	http://swg.wikia.com/wiki/Special:FilePath/HuttHideout.jpg?width=300	=	1.0000
http://dbkwik.webdatacommons.org/starwars.wikia.com/resource/Theed	http://dbkwik.webdatacommons.org/swg.wikia.com/resource/Theed	=	1.0000
http://dbkwik.webdatacommons.org/starwars.wikia.com/resource/Kerhi_hi-Lak	http://dbkwik.webdatacommons.org/swg.wikia.com/resource/Kerhi_hi-Lak	=	1.0000
http://dbkwik.webdatacommons.org/starwars.wikia.com/resource/Popisk	http://dbkwik.webdatacommons.org/swg.wikia.com/resource/Popisk	=	1.0000
http://starwars.wikia.com/wiki/Special:FilePath/Slayers.jpg?width=300	http://swg.wikia.com/wiki/Special:FilePath/Slayer.jpg?width=300	=	0.9560
http://starwars.wikia.com/wiki/Special:FilePath/RonaldVarim.jpg?width=300	http://swg.wikia.com/wiki/Special:FilePath/Ronald-varim.jpg?width=300	=	1.0000
http://dbkwik.webdatacommons.org/starwars.wikia.com/resource/Rucksack_of_the_Tusken_King	http://dbkwik.webdatacommons.org/swg.wikia.com/resource/Rucksack_of_the_Tusken_King	=	1.0000
http://dbkwik.webdatacommons.org/starwars.wikia.com/resource/Category:Food	http://dbkwik.webdatacommons.org/swg.wikia.com/resource/Category:Food	=	1.0000
http://dbkwik.webdatacommons.org/starwars.wikia.com/resource/Yavin_system	http://dbkwik.webdatacommons.org/swg.wikia.com/resource/Yavin_system	=	1.0000
http://dbkwik.webdatacommons.org/starwars.wikia.com/resource/DNA	http://dbkwik.webdatacommons.org/swg.wikia.com/property/dna	=	1.0000
http://dbkwik.webdatacommons.org/starwars.wikia.com/resource/Corellian_Security_Force	http://dbkwik.webdatacommons.org/swg.wikia.com/resource/Corellian_Security_Force	=	1.0000
http://dbkwik.webdatacommons.org/starwars.wikia.com/resource/Stuvany_Inglen	http://dbkwik.webdatacommons.org/swg.wikia.com/resource/Stuvany_Inglen	=	1.0000
http://starwars.wikia.com/wiki/Special:FilePath/Basilisk_war_droid.jpg?width=300	http://swg.wikia.com/wiki/Special:FilePath/Basilisk_war_droid.jpg?width=300	=	1.0000
http://dbkwik.webdatacommons.org/starwars.wikia.com/resource/Rek_Thelcar	http://dbkwik.webdatacommons.org/swg.wikia.com/resource/Rek_Thelcar	=	1.0000
http://starwars.wikia.com/wiki/Special:FilePath/B2_super_battle_droid.png	http://swg.wikia.com/wiki/Special:FilePath/B2SuperBattleDroid.png	=	1.0000
http://starwars.wikia.com/wiki/Special:FilePath/HaymirRendundi.jpg	http://swg.wikia.com/wiki/Special:FilePath/Haymir_Rendundi.jpg	=	1.0000
http://dbkwik.webdatacommons.org/starwars.wikia.com/resource/Flit	http://dbkwik.webdatacommons.org/swg.wikia.com/resource/Flit	=	1.0000
http://starwars.wikia.com/wiki/Special:FilePath/Windu%27s_Guile.jpg	http://swg.wikia.com/wiki/Special:FilePath/Windu%27s_Guile.jpg	=	1.0000
http://dbkwik.webdatacommons.org/starwars.wikia.com/resource/Om_Aynat	http://dbkwik.webdatacommons.org/swg.wikia.com/resource/Om_Aynat	=	1.0000
http://dbkwik.webdatacommons.org/starwars.wikia.com/resource/Crimson_Phoenix_Squadron	http://dbkwik.webdatacommons.org/swg.wikia.com/resource/Crimson_Phoenix_Squadron	=	1.0000
http://dbkwik.webdatacommons.org/starwars.wikia.com/resource/Galactic_Hunters	http://dbkwik.webdatacommons.org/swg.wikia.com/resource/Galactic_Hunters	=	1.0000
http://starwars.wikia.com/wiki/Special:FilePath/Taibela.jpg	http://swg.wikia.com/wiki/Special:FilePath/Taibela.jpg	=	1.0000
http://dbkwik.webdatacommons.org/starwars.wikia.com/resource/Sigrix_Slix	http://dbkwik.webdatacommons.org/swg.wikia.com/resource/Sigrix_Slix	=	1.0000
http://starwars.wikia.com/wiki/Special:FilePath/Tripp-Rar.jpg?width=300	http://swg.wikia.com/wiki/Special:FilePath/Tripp-Rar.jpg?width=300	=	1.0000
http://dbkwik.webdatacommons.org/starwars.wikia.com/resource/Matilda_Carson	http://dbkwik.webdatacommons.org/swg.wikia.com/resource/Matilda_Carson	=	1.0000
http://dbkwik.webdatacommons.org/starwars.wikia.com/resource/The_Canyon	http://dbkwik.webdatacommons.org/swg.wikia.com/resource/The_Canyon	=	1.0000
http://dbkwik.webdatacommons.org/starwars.wikia.com/resource/Daclif_Gallamby	http://dbkwik.webdatacommons.org/swg.wikia.com/resource/Daclif_Gallamby	=	1.0000
http://starwars.wikia.com/wiki/Special:FilePath/Havoc.jpg	http://swg.wikia.com/wiki/Special:FilePath/Havoc.jpg	=	1.0000
http://dbkwik.webdatacommons.org/starwars.wikia.com/resource/Tulrus	http://dbkwik.webdatacommons.org/swg.wikia.com/resource/Tulrus	=	1.0000
http://dbkwik.webdatacommons.org/starwars.wikia.com/resource/Deathswarm	http://dbkwik.webdatacommons.org/swg.wikia.com/resource/Deathswarm	=	1.0000
http://dbkwik.webdatacommons.org/starwars.wikia.com/resource/Blaster_fist	http://dbkwik.webdatacommons.org/swg.wikia.com/resource/Blaster_Fist	=	1.0000
http://starwars.wikia.com/wiki/Special:FilePath/DroidSchematics.jpg?width=300	http://swg.wikia.com/wiki/Special:FilePath/DroidSchematics.jpg?width=300	=	1.0000
http://starwars.wikia.com/wiki/Special:FilePath/Corellian_Destroyer.jpg?width=300	http://swg.wikia.com/wiki/Special:FilePath/Corellian_destroyer.jpg?width=300	=	1.0000
http://dbkwik.webdatacommons.org/starwars.wikia.com/resource/Sand-panther	http://dbkwik.webdatacommons.org/swg.wikia.com/resource/Sand_Panther	=	1.0000
http://dbkwik.webdatacommons.org/starwars.wikia.com/resource/B2_super_battle_droid	http://dbkwik.webdatacommons.org/swg.wikia.com/resource/B2_super_battle_droid	=	1.0000
http://starwars.wikia.com/wiki/Special:FilePath/Angela.jpg?width=300	http://swg.wikia.com/wiki/Special:FilePath/Angela.jpg?width=300	=	1.0000
http://dbkwik.webdatacommons.org/starwars.wikia.com/resource/Shen	http://dbkwik.webdatacommons.org/swg.wikia.com/resource/Shen	=	1.0000
http://starwars.wikia.com/wiki/Special:FilePath/NK-3.jpg	http://swg.wikia.com/wiki/Special:FilePath/NK-3.jpg	=	1.0000
http://starwars.wikia.com/wiki/Special:FilePath/Borvo2.jpg?width=300	http://swg.wikia.com/wiki/Special:FilePath/Borvo.jpg?width=300	=	0.9451
http://starwars.wikia.com/wiki/Special:FilePath/Typho.jpg?width=300	http://swg.wikia.com/wiki/Special:FilePath/Typho.jpg?width=300	=	1.0000
http://starwars.wikia.com/wiki/Special:FilePath/Boss.jpg	http://swg.wikia.com/wiki/Special:FilePath/Boss.jpg	=	1.0000
http://dbkwik.webdatacommons.org/starwars.wikia.com/resource/WESTAR-M5_blaster_rifle	http://dbkwik.webdatacommons.org/swg.wikia.com/resource/WESTAR-M5_Blaster_Rifle	=	1.0000
http://dbkwik.webdatacommons.org/starwars.wikia.com/property/gender	http://dbkwik.webdatacommons.org/swg.wikia.com/property/gender	=	1.0000
http://starwars.wikia.com/wiki/Special:FilePath/HoloEntertainmentTable.jpg?width=300	http://swg.wikia.com/wiki/Special:FilePath/Holo_entertainment_table.jpg?width=300	=	1.0000
http://dbkwik.webdatacommons.org/starwars.wikia.com/resource/Solon_Gaw	http://dbkwik.webdatacommons.org/swg.wikia.com/resource/Solon_Gaw	=	1.0000
http://starwars.wikia.com/wiki/Special:FilePath/Paddle_cacti-SWG.jpg?width=300	http://swg.wikia.com/wiki/Special:FilePath/Paddle_Cacti.jpg?width=300	=	0.9444
http://dbkwik.webdatacommons.org/starwars.wikia.com/resource/Power_hammer	http://dbkwik.webdatacommons.org/swg.wikia.com/resource/Power_Hammer	=	1.0000
http://starwars.wikia.com/wiki/Special:FilePath/Mouf.jpg	http://swg.wikia.com/wiki/Special:FilePath/Mouf.jpg	=	1.0000
http://starwars.wikia.com/wiki/Special:FilePath/Tosche_Station.jpg?width=300	http://swg.wikia.com/wiki/Special:FilePath/Tosche_station.jpg?width=300	=	1.0000
http://starwars.wikia.com/wiki/Special:FilePath/Kimaru.jpg?width=300	http://swg.wikia.com/wiki/Special:FilePath/Kimaru.jpg?width=300	=	1.0000
http://dbkwik.webdatacommons.org/starwars.wikia.com/resource/Mern	http://dbkwik.webdatacommons.org/swg.wikia.com/resource/Mern	=	1.0000
http://starwars.wikia.com/wiki/Special:FilePath/Zekka_Thyne.jpg	http://swg.wikia.com/wiki/Special:FilePath/Zekka_thyne.jpg	=	1.0000
http://dbkwik.webdatacommons.org/starwars.wikia.com/resource/Geonosian_sonic_blaster	http://dbkwik.webdatacommons.org/swg.wikia.com/resource/Geonosian_Sonic_Blaster	=	1.0000
http://starwars.wikia.com/wiki/Special:FilePath/Karthakk_censorious.jpg?width=300	http://swg.wikia.com/wiki/Special:FilePath/Karthakk_censorious.jpg?width=300	=	1.0000
http://starwars.wikia.com/wiki/Special:FilePath/Dooku.jpg	http://swg.wikia.com/wiki/Special:FilePath/Dooku.jpg	=	1.0000
http://starwars.wikia.com/wiki/Special:FilePath/Lieutenant_Thulough.jpg?width=300	http://swg.wikia.com/wiki/Special:FilePath/Lieutenant_Thulough.jpg?width=300	=	1.0000
http://starwars.wikia.com/wiki/Special:FilePath/Carh%27laBastra.jpg?width=300	http://swg.wikia.com/wiki/Special:FilePath/Carh%27la_Basra.jpg?width=300	=	0.9662
http://starwars.wikia.com/wiki/Special:FilePath/Katarn.jpg?width=300	http://swg.wikia.com/wiki/Special:FilePath/Katarn.jpg?width=300	=	1.0000
http://dbkwik.webdatacommons.org/starwars.wikia.com/resource/Lars_homestead	http://dbkwik.webdatacommons.org/swg.wikia.com/resource/Lars_Homestead	=	1.0000
http://starwars.wikia.com/wiki/Special:FilePath/CompositeArmor.jpg?width=300	http://swg.wikia.com/wiki/Special:FilePath/Composite_Armor.jpg?width=300	=	1.0000
http://dbkwik.webdatacommons.org/starwars.wikia.com/resource/Reelo_Baruk	http://dbkwik.webdatacommons.org/swg.wikia.com/resource/Reelo_Baruk	=	1.0000
http://dbkwik.webdatacommons.org/starwars.wikia.com/resource/Rryatt_Ceremonial_Guard	http://dbkwik.webdatacommons.org/swg.wikia.com/resource/Rryatt_ceremonial_guard	=	1.0000
http://starwars.wikia.com/wiki/Special:FilePath/Eyes.jpg?width=300	http://swg.wikia.com/wiki/Special:FilePath/Eyes.jpg?width=300	=	1.0000
http://dbkwik.webdatacommons.org/starwars.wikia.com/resource/Malakili	http://dbkwik.webdatacommons.org/swg.wikia.com/resource/Malakili	=	1.0000
http://dbkwik.webdatacommons.org/starwars.wikia.com/resource/Holo-entertainment_table	http://dbkwik.webdatacommons.org/swg.wikia.com/resource/Holo-Entertainment_Table	=	1.0000
http://dbkwik.webdatacommons.org/starwars.wikia.com/resource/Aaph_Koden	http://dbkwik.webdatacommons.org/swg.wikia.com/resource/Aaph_Koden	=	1.0000
http://starwars.wikia.com/wiki/Special:FilePath/HujMatRug.jpg	http://swg.wikia.com/wiki/Special:FilePath/Huj_mat_rug.jpg	=	1.0000
http://dbkwik.webdatacommons.org/starwars.wikia.com/resource/Inquisitorium_dark_trooper	http://dbkwik.webdatacommons.org/swg.wikia.com/resource/Inquisitorium_dark_trooper	=	1.0000
http://dbkwik.webdatacommons.org/starwars.wikia.com/resource/Artisan	http://dbkwik.webdatacommons.org/swg.wikia.com/resource/Artisan	=	1.0000
http://starwars.wikia.com/wiki/Special:FilePath/Porcellus2.jpg?width=300	http://swg.wikia.com/wiki/Special:FilePath/Porcellus.jpg?width=300	=	0.9522
http://starwars.wikia.com/wiki/Special:FilePath/Jadam-Questrel.jpg?width=300	http://swg.wikia.com/wiki/Special:FilePath/Jadam-Questrel.jpg?width=300	=	1.0000
http://dbkwik.webdatacommons.org/starwars.wikia.com/resource/Vynock	http://dbkwik.webdatacommons.org/swg.wikia.com/resource/Vynock	=	1.0000
http://dbkwik.webdatacommons.org/starwars.wikia.com/resource/Alliance_Cold_Weather_Headgear	http://dbkwik.webdatacommons.org/swg.wikia.com/resource/Alliance_Cold_Weather_Headgear	=	1.0000
http://dbkwik.webdatacommons.org/starwars.wikia.com/resource/Sindra_Lintikoor	http://dbkwik.webdatacommons.org/swg.wikia.com/resource/Sindra_Lintikoor	=	1.0000
http://dbkwik.webdatacommons.org/starwars.wikia.com/resource/Maikia	http://dbkwik.webdatacommons.org/swg.wikia.com/resource/Maikia	=	1.0000
http://dbkwik.webdatacommons.org/starwars.wikia.com/resource/Nitra_Vendallan	http://dbkwik.webdatacommons.org/swg.wikia.com/resource/Nitra_Vendallan	=	1.0000
http://starwars.wikia.com/wiki/Special:FilePath/JawaIonPistol.jpg	http://swg.wikia.com/wiki/Special:FilePath/Jawa_ion_pistol.jpg	=	1.0000
http://starwars.wikia.com/wiki/Special:FilePath/Jinkins.png	http://swg.wikia.com/wiki/Special:FilePath/Jinkins.png	=	1.0000
http://dbkwik.webdatacommons.org/starwars.wikia.com/resource/Bounty_hunter_armor	http://dbkwik.webdatacommons.org/swg.wikia.com/resource/Bounty_Hunter_armor	=	1.0000
http://starwars.wikia.com/wiki/Special:FilePath/RSF_Sword.jpg?width=300	http://swg.wikia.com/wiki/Special:FilePath/Rsf_sword.jpg?width=300	=	1.0000
http://dbkwik.webdatacommons.org/starwars.wikia.com/resource/Odoof_Grunda	http://dbkwik.webdatacommons.org/swg.wikia.com/resource/Odoof_Grunda	=	1.0000
http://starwars.wikia.com/wiki/Special:FilePath/Sayormi_Queen.jpg	http://swg.wikia.com/wiki/Special:FilePath/SayormiQueen.jpg	=	1.0000
http://dbkwik.webdatacommons.org/starwars.wikia.com/resource/Nuna	http://dbkwik.webdatacommons.org/swg.wikia.com/resource/Nuna	=	1.0000
http://starwars.wikia.com/wiki/Special:FilePath/OrthaLedox.jpg?width=300	http://swg.wikia.com/wiki/Special:FilePath/Ortha-Ledox.jpg?width=300	=	1.0000
http://starwars.wikia.com/wiki/Special:FilePath/Dulok.jpg?width=300	http://swg.wikia.com/wiki/Special:FilePath/%0ADulok.jpg?width=300	=	1.0000
http://dbkwik.webdatacommons.org/starwars.wikia.com/resource/Desert_Demons	http://dbkwik.webdatacommons.org/swg.wikia.com/resource/Desert_Demons	=	1.0000
http://dbkwik.webdatacommons.org/starwars.wikia.com/resource/Hanadak	http://dbkwik.webdatacommons.org/swg.wikia.com/resource/Hanadak	=	1.0000
http://starwars.wikia.com/wiki/Special:FilePath/Tanoa_Vills.jpg	http://swg.wikia.com/wiki/Special:FilePath/Tanoa_Vills.jpg	=	1.0000
http://dbkwik.webdatacommons.org/starwars.wikia.com/resource/Kettemoor	http://dbkwik.webdatacommons.org/swg.wikia.com/resource/Kettemoor	=	1.0000
http://starwars.wikia.com/wiki/Special:FilePath/MournoDraver.jpg	http://swg.wikia.com/wiki/Special:FilePath/Mourno-draver.jpg	=	1.0000
http://dbkwik.webdatacommons.org/starwars.wikia.com/resource/Axkva_Min	http://dbkwik.webdatacommons.org/swg.wikia.com/resource/Axkva_Min	=	1.0000
http://starwars.wikia.com/wiki/Special:FilePath/DollGourd.jpg?width=300	http://swg.wikia.com/wiki/Special:FilePath/Doll_Gourd.jpg?width=300	=	1.0000
http://dbkwik.webdatacommons.org/starwars.wikia.com/resource/Survival_knife	http://dbkwik.webdatacommons.org/swg.wikia.com/resource/Survival_Knife	=	1.0000
http://dbkwik.webdatacommons.org/starwars.wikia.com/resource/Imperial_vs._Gungan_Battle	http://dbkwik.webdatacommons.org/swg.wikia.com/resource/Imperial_vs._Gungan_Battle	=	1.0000
http://dbkwik.webdatacommons.org/starwars.wikia.com/resource/Forbidden_Fruit	http://dbkwik.webdatacommons.org/swg.wikia.com/resource/Forbidden_Fruit	=	1.0000
http://dbkwik.webdatacommons.org/starwars.wikia.com/resource/Quinton	http://dbkwik.webdatacommons.org/swg.wikia.com/resource/Quinton	=	1.0000
http://starwars.wikia.com/wiki/Special:FilePath/Whistler.jpg?width=300	http://swg.wikia.com/wiki/Special:FilePath/%27whistler%27.jpg?width=300	=	1.0000
http://starwars.wikia.com/wiki/Special:FilePath/Rasp.jpg	http://swg.wikia.com/wiki/Special:FilePath/Rasp.jpg	=	1.0000
http://starwars.wikia.com/wiki/Special:FilePath/Krayt_Graveyard.jpg?width=300	http://swg.wikia.com/wiki/Special:FilePath/Krayt_graveyard.jpg?width=300	=	1.0000
http://starwars.wikia.com/wiki/Special:FilePath/KippyMartin.jpg	http://swg.wikia.com/wiki/Special:FilePath/Kippy_Martin.jpg	=	1.0000
http://dbkwik.webdatacommons.org/starwars.wikia.com/resource/Jawa	http://dbkwik.webdatacommons.org/swg.wikia.com/resource/Jawa	=	1.0000
http://dbkwik.webdatacommons.org/starwars.wikia.com/resource/Kitonak	http://dbkwik.webdatacommons.org/swg.wikia.com/resource/Kitonak	=	1.0000
http://dbkwik.webdatacommons.org/starwars.wikia.com/resource/Imperial_credit	http://dbkwik.webdatacommons.org/swg.wikia.com/resource/Imperial_Credit	=	1.0000
http://starwars.wikia.com/wiki/Special:FilePath/Demmi-wot.jpg?width=300	http://swg.wikia.com/wiki/Special:FilePath/Demmi-wot.jpg?width=300	=	1.0000
http://starwars.wikia.com/wiki/Special:FilePath/SevenYearsGalaxiesImperial.jpg	http://swg.wikia.com/wiki/Special:FilePath/Seven_years_of_galaxies_imperial.jpg	=	0.9479
http://dbkwik.webdatacommons.org/starwars.wikia.com/resource/Weapon_of_War	http://dbkwik.webdatacommons.org/swg.wikia.com/resource/Weapon_of_War	=	1.0000
http://starwars.wikia.com/wiki/Special:FilePath/Kylantha2.jpg?width=300	http://swg.wikia.com/wiki/Special:FilePath/Kylantha2.jpg?width=300	=	1.0000
http://dbkwik.webdatacommons.org/starwars.wikia.com/resource/Endor	http://dbkwik.webdatacommons.org/swg.wikia.com/resource/Endor	=	1.0000
http://dbkwik.webdatacommons.org/starwars.wikia.com/resource/Harding	http://dbkwik.webdatacommons.org/swg.wikia.com/resource/Harding	=	1.0000
http://dbkwik.webdatacommons.org/starwars.wikia.com/resource/An%27Kwee	http://dbkwik.webdatacommons.org/swg.wikia.com/resource/An%27Kwee	=	1.0000
http://starwars.wikia.com/wiki/Special:FilePath/Quenker.jpg?width=300	http://swg.wikia.com/wiki/Special:FilePath/Quenker.jpg?width=300	=	1.0000
http://dbkwik.webdatacommons.org/starwars.wikia.com/resource/ESPY_E.R._Droid	http://dbkwik.webdatacommons.org/swg.wikia.com/resource/ESPY_E.R._droid	=	1.0000
http://starwars.wikia.com/wiki/Special:FilePath/ErrikDarksider.jpg	http://swg.wikia.com/wiki/Special:FilePath/Errik-darksider.jpg	=	1.0000
http://starwars.wikia.com/wiki/Special:FilePath/Dead-Eye_Necklace.jpg	http://swg.wikia.com/wiki/Special:FilePath/Dead.Eye.Necklace.jpg	=	1.0000
http://starwars.wikia.com/wiki/Special:FilePath/Lance.jpg?width=300	http://swg.wikia.com/wiki/Special:FilePath/Lance.jpg?width=300	=	1.0000
http://starwars.wikia.com/wiki/Special:FilePath/006.png?width=300	http://swg.wikia.com/wiki/Special:FilePath/006.png?width=300	=	1.0000
http://dbkwik.webdatacommons.org/starwars.wikia.com/resource/Datapad	http://dbkwik.webdatacommons.org/swg.wikia.com/resource/Datapad	=	1.0000
http://dbkwik.webdatacommons.org/starwars.wikia.com/resource/Dathomir_amber	http://dbkwik.webdatacommons.org/swg.wikia.com/resource/Dathomir_Amber	=	1.0000
http://starwars.wikia.com/wiki/Special:FilePath/CharricCarbine.jpg?width=300	http://swg.wikia.com/wiki/Special:FilePath/Charric-carbine.jpg?width=300	=	1.0000
http://starwars.wikia.com/wiki/Special:FilePath/Draykken-Bender.jpg?width=300	http://swg.wikia.com/wiki/Special:FilePath/Draykken-Bender.jpg?width=300	=	1.0000
http://dbkwik.webdatacommons.org/starwars.wikia.com/resource/Binary_liquid	http://dbkwik.webdatacommons.org/swg.wikia.com/resource/Binary_Liquid	=	1.0000
http://starwars.wikia.com/wiki/Special:FilePath/Gethzerion.jpg	http://swg.wikia.com/wiki/Special:FilePath/Gethzerion.jpg	=	1.0000
http://dbkwik.webdatacommons.org/starwars.wikia.com/resource/N.S.H._base	http://dbkwik.webdatacommons.org/swg.wikia.com/resource/N.S.H._Base	=	1.0000
http://starwars.wikia.com/wiki/Special:FilePath/Imperial_Agent.jpg?width=300	http://swg.wikia.com/wiki/Special:FilePath/Imperial_Agent.jpg?width=300	=	1.0000
http://dbkwik.webdatacommons.org/starwars.wikia.com/resource/Eopie_cream_pie	http://dbkwik.webdatacommons.org/swg.wikia.com/resource/Eopie_Cream_Pie	=	1.0000
http://dbkwik.webdatacommons.org/starwars.wikia.com/resource/Spine_of_Lok	http://dbkwik.webdatacommons.org/swg.wikia.com/resource/Spine_of_Lok	=	1.0000
http://dbkwik.webdatacommons.org/starwars.wikia.com/resource/Bone_armor	http://dbkwik.webdatacommons.org/swg.wikia.com/resource/Bone_armor	=	1.0000
http://dbkwik.webdatacommons.org/starwars.wikia.com/resource/Droid_in_Contrast	http://dbkwik.webdatacommons.org/swg.wikia.com/resource/Droid_in_Contrast	=	1.0000
http://starwars.wikia.com/wiki/Special:FilePath/DearicInvasion.jpg?width=300	http://swg.wikia.com/wiki/Special:FilePath/Dearic_Invasion.jpg?width=300	=	1.0000
http://dbkwik.webdatacommons.org/starwars.wikia.com/resource/Damalia_Korde	http://dbkwik.webdatacommons.org/swg.wikia.com/resource/Damalia_Korde	=	1.0000
http://starwars.wikia.com/wiki/Special:FilePath/Laen_Pieweto.jpg?width=300	http://swg.wikia.com/wiki/Special:FilePath/Laen_Pieweto.jpg?width=300	=	1.0000
http://dbkwik.webdatacommons.org/starwars.wikia.com/resource/Kliknik	http://dbkwik.webdatacommons.org/swg.wikia.com/resource/Kliknik	=	1.0000
http://starwars.wikia.com/wiki/Special:FilePath/Weeq.jpg	http://swg.wikia.com/wiki/Special:FilePath/Weeq.jpg	=	1.0000
http://dbkwik.webdatacommons.org/starwars.wikia.com/resource/Moenia	http://dbkwik.webdatacommons.org/swg.wikia.com/resource/Moenia	=	1.0000
http://dbkwik.webdatacommons.org/starwars.wikia.com/resource/Carrion_spat	http://dbkwik.webdatacommons.org/swg.wikia.com/resource/Carrion_Spat	=	1.0000
http://dbkwik.webdatacommons.org/starwars.wikia.com/resource/Arnecio_Ulvaw%27op	http://dbkwik.webdatacommons.org/swg.wikia.com/resource/Arnecio_Ulvaw%27op	=	1.0000
http://starwars.wikia.com/wiki/Special:FilePath/Basilisk_war_droid.jpg	http://swg.wikia.com/wiki/Special:FilePath/Basilisk_war_droid.jpg	=	1.0000
http://dbkwik.webdatacommons.org/starwars.wikia.com/resource/Alcohol	http://dbkwik.webdatacommons.org/swg.wikia.com/resource/Alcohol	=	1.0000
http://dbkwik.webdatacommons.org/starwars.wikia.com/resource/Kachirho	http://dbkwik.webdatacommons.org/swg.wikia.com/resource/Kachirho	=	1.0000
http://starwars.wikia.com/wiki/Special:FilePath/Battle_of_Hoth.jpg?width=300	http://swg.wikia.com/wiki/Special:FilePath/Battle_of_Hoth.jpg?width=300	=	1.0000
http://dbkwik.webdatacommons.org/starwars.wikia.com/resource/Life_Day_2009_Painting	http://dbkwik.webdatacommons.org/swg.wikia.com/resource/Life_Day_2009_Painting	=	1.0000
http://dbkwik.webdatacommons.org/starwars.wikia.com/resource/Droid_customization_kit	http://dbkwik.webdatacommons.org/swg.wikia.com/resource/Droid_Customization_Kit	=	1.0000
http://dbkwik.webdatacommons.org/starwars.wikia.com/resource/Demmi_Wot	http://dbkwik.webdatacommons.org/swg.wikia.com/resource/Demmi_Wot	=	1.0000
http://dbkwik.webdatacommons.org/starwars.wikia.com/resource/Dorn	http://dbkwik.webdatacommons.org/swg.wikia.com/resource/Dorn	=	1.0000
http://starwars.wikia.com/wiki/Special:FilePath/Kyoopid.jpg?width=300	http://swg.wikia.com/wiki/Special:FilePath/Kyoopid.jpg?width=300	=	1.0000
http://starwars.wikia.com/wiki/Special:FilePath/Aldalad.jpg?width=300	http://swg.wikia.com/wiki/Special:FilePath/Aldalad.jpg?width=300	=	1.0000
http://dbkwik.webdatacommons.org/starwars.wikia.com/resource/Trade	http://dbkwik.webdatacommons.org/swg.wikia.com/resource/Trade	=	1.0000
http://dbkwik.webdatacommons.org/starwars.wikia.com/resource/Dioxis_grenade	http://dbkwik.webdatacommons.org/swg.wikia.com/resource/Dioxis_Grenade	=	1.0000
http://starwars.wikia.com/wiki/Special:FilePath/Fenri_Dalso.jpg	http://swg.wikia.com/wiki/Special:FilePath/Fenri_Dalso.jpg	=	1.0000
http://starwars.wikia.com/wiki/Special:FilePath/Karthakk_bloodlight.jpg	http://swg.wikia.com/wiki/Special:FilePath/Karthakk_bloodlight.jpg	=	1.0000
http://dbkwik.webdatacommons.org/starwars.wikia.com/property/skills	http://dbkwik.webdatacommons.org/swg.wikia.com/resource/Skills	=	1.0000
http://dbkwik.webdatacommons.org/starwars.wikia.com/resource/Forn	http://dbkwik.webdatacommons.org/swg.wikia.com/resource/Forn	=	1.0000
http://dbkwik.webdatacommons.org/starwars.wikia.com/resource/Mada_Johnson	http://dbkwik.webdatacommons.org/swg.wikia.com/resource/Mada_Johnson	=	1.0000
http://starwars.wikia.com/wiki/Special:FilePath/Kylaena.jpg	http://swg.wikia.com/wiki/Special:FilePath/Kylaena.jpg	=	1.0000
http://starwars.wikia.com/wiki/Special:FilePath/Jawa.jpg	http://swg.wikia.com/wiki/Special:FilePath/Jawa.jpg	=	1.0000
http://dbkwik.webdatacommons.org/starwars.wikia.com/resource/Jawa_beer	http://dbkwik.webdatacommons.org/swg.wikia.com/resource/Jawa_Beer	=	1.0000
http://dbkwik.webdatacommons.org/starwars.wikia.com/resource/Salacious_B._Crumb	http://dbkwik.webdatacommons.org/swg.wikia.com/resource/Salacious_B._Crumb	=	1.0000
http://starwars.wikia.com/wiki/Special:FilePath/Jabba3.jpg?width=300	http://swg.wikia.com/wiki/Special:FilePath/%0AJabba.jpg?width=300	=	0.9491
http://dbkwik.webdatacommons.org/starwars.wikia.com/resource/Hero_of_Tatooine	http://dbkwik.webdatacommons.org/swg.wikia.com/resource/Hero_of_Tatooine	=	1.0000
http://starwars.wikia.com/wiki/Special:FilePath/Ysith.jpg?width=300	http://swg.wikia.com/wiki/Special:FilePath/Ysith.jpg?width=300	=	1.0000
http://dbkwik.webdatacommons.org/starwars.wikia.com/resource/Steel	http://dbkwik.webdatacommons.org/swg.wikia.com/resource/Steel	=	1.0000
http://starwars.wikia.com/wiki/Special:FilePath/Jan.jpg	http://swg.wikia.com/wiki/Special:FilePath/Jan.jpg	=	1.0000
http://dbkwik.webdatacommons.org/starwars.wikia.com/property/color	http://dbkwik.webdatacommons.org/swg.wikia.com/property/color	=	1.0000
http://starwars.wikia.com/wiki/Special:FilePath/Ewok_crossbow.png	http://swg.wikia.com/wiki/Special:FilePath/Ewok_crossbow.png	=	1.0000
http://dbkwik.webdatacommons.org/starwars.wikia.com/resource/Horned_krevol	http://dbkwik.webdatacommons.org/swg.wikia.com/resource/Horned_Krevol	=	1.0000
http://starwars.wikia.com/wiki/Special:FilePath/Menddle.jpg	http://swg.wikia.com/wiki/Special:FilePath/Menddle.jpg	=	1.0000
http://starwars.wikia.com/wiki/Special:FilePath/Gubbur.jpg?width=300	http://swg.wikia.com/wiki/Special:FilePath/Gubbur.jpg?width=300	=	1.0000
http://starwars.wikia.com/wiki/Special:FilePath/Blackguard_wilder.jpg?width=300	http://swg.wikia.com/wiki/Special:FilePath/Blackguard_Wilder.jpg?width=300	=	1.0000
http://dbkwik.webdatacommons.org/starwars.wikia.com/class/weapon	http://dbkwik.webdatacommons.org/swg.wikia.com/class/weapon	=	1.0000
http://starwars.wikia.com/wiki/Special:FilePath/Crashed_ship.jpg	http://swg.wikia.com/wiki/Special:FilePath/Crashed_ship.jpg	=	1.0000
http://starwars.wikia.com/wiki/Special:FilePath/Triumph.jpg	http://swg.wikia.com/wiki/Special:FilePath/Triumph.jpg	=	1.0000
http://dbkwik.webdatacommons.org/starwars.wikia.com/resource/Omkoo	http://dbkwik.webdatacommons.org/swg.wikia.com/resource/Omkoo	=	1.0000
http://starwars.wikia.com/wiki/Special:FilePath/EmperorPalpatineHologram.jpg	http://swg.wikia.com/wiki/Special:FilePath/Emperor_Palpatine_Hologram.jpg	=	1.0000
http://starwars.wikia.com/wiki/Special:FilePath/LegendaryVortexRifle.jpg	http://swg.wikia.com/wiki/Special:FilePath/The_Legendary_Vortex_Rifle.jpg	=	0.9452
http://dbkwik.webdatacommons.org/starwars.wikia.com/resource/AV-21_landspeeder	http://dbkwik.webdatacommons.org/swg.wikia.com/resource/AV-21_Landspeeder	=	1.0000
http://dbkwik.webdatacommons.org/starwars.wikia.com/resource/Finned_blaggart	http://dbkwik.webdatacommons.org/swg.wikia.com/resource/Finned_Blaggart	=	1.0000
http://dbkwik.webdatacommons.org/starwars.wikia.com/property/weapons	http://dbkwik.webdatacommons.org/swg.wikia.com/property/weapons	=	1.0000
http://starwars.wikia.com/wiki/Special:FilePath/Singular_Nak.jpg	http://swg.wikia.com/wiki/Special:FilePath/Singular_nak.jpg	=	1.0000
http://dbkwik.webdatacommons.org/starwars.wikia.com/resource/Rakririan_Burnout_Sauce	http://dbkwik.webdatacommons.org/swg.wikia.com/resource/Rakririan_Burnout_Sauce	=	1.0000
http://dbkwik.webdatacommons.org/starwars.wikia.com/resource/Captain_of_the_Guard	http://dbkwik.webdatacommons.org/swg.wikia.com/resource/Captain_of_the_Guard	=	1.0000
http://starwars.wikia.com/wiki/Special:FilePath/Alum_Minerals.jpg	http://swg.wikia.com/wiki/Special:FilePath/Alum_Minerals.jpg	=	1.0000
http://starwars.wikia.com/wiki/Special:FilePath/Diax.jpg	http://swg.wikia.com/wiki/Special:FilePath/Diax.jpg	=	1.0000
http://starwars.wikia.com/wiki/Special:FilePath/Hendanyn_death_mask.jpg?width=300	http://swg.wikia.com/wiki/Special:FilePath/Hendanyn_Death_Mask.jpg?width=300	=	1.0000
http://dbkwik.webdatacommons.org/starwars.wikia.com/resource/Lilas_Dinhint	http://dbkwik.webdatacommons.org/swg.wikia.com/resource/Lilas_Dinhint	=	1.0000
http://starwars.wikia.com/wiki/Special:FilePath/Tatooine.jpg	http://swg.wikia.com/wiki/Special:FilePath/Tatooine.jpg	=	1.0000
http://dbkwik.webdatacommons.org/starwars.wikia.com/resource/Mynock	http://dbkwik.webdatacommons.org/swg.wikia.com/resource/Mynock	=	1.0000
http://dbkwik.webdatacommons.org/starwars.wikia.com/resource/Zucca_boar	http://dbkwik.webdatacommons.org/swg.wikia.com/resource/Zucca_Boar	=	1.0000
http://dbkwik.webdatacommons.org/starwars.wikia.com/resource/Cherek	http://dbkwik.webdatacommons.org/swg.wikia.com/resource/Cherek	=	1.0000
http://starwars.wikia.com/wiki/Special:FilePath/Kallaova.jpg?width=300	http://swg.wikia.com/wiki/Special:FilePath/Kallaova.jpg?width=300	=	1.0000
http://dbkwik.webdatacommons.org/starwars.wikia.com/resource/Loruna_Scathe	http://dbkwik.webdatacommons.org/swg.wikia.com/resource/Loruna_Scathe	=	1.0000
http://dbkwik.webdatacommons.org/starwars.wikia.com/resource/Angler	http://dbkwik.webdatacommons.org/swg.wikia.com/resource/Angler	=	1.0000
http://dbkwik.webdatacommons.org/starwars.wikia.com/resource/Officer	http://dbkwik.webdatacommons.org/swg.wikia.com/resource/Officer	=	1.0000
http://starwars.wikia.com/wiki/Special:FilePath/LegendaryE5Carbine.jpg	http://swg.wikia.com/wiki/Special:FilePath/Legendary-E5-carbine.jpg	=	1.0000
http://dbkwik.webdatacommons.org/starwars.wikia.com/resource/Dire-cat	http://dbkwik.webdatacommons.org/swg.wikia.com/resource/Dire_Cat	=	1.0000
http://starwars.wikia.com/wiki/Special:FilePath/Endor.jpg	http://swg.wikia.com/wiki/Special:FilePath/Endor.jpg	=	1.0000
http://starwars.wikia.com/wiki/Special:FilePath/VictorVisalis.jpg	http://swg.wikia.com/wiki/Special:FilePath/Victor_visalis.jpg	=	1.0000
http://starwars.wikia.com/wiki/Special:FilePath/Barn_Sinkko.jpg?width=300	http://swg.wikia.com/wiki/Special:FilePath/Lt_Barn_Sinkko.jpg?width=300	=	0.9605
http://starwars.wikia.com/wiki/Special:FilePath/CorneliusWagglehorn.jpg?width=300	http://swg.wikia.com/wiki/Special:FilePath/CorneliusWagglehorn.jpg?width=300	=	1.0000
http://starwars.wikia.com/wiki/Special:FilePath/Zsu_val.jpg?width=300	http://swg.wikia.com/wiki/Special:FilePath/Zsu_val.jpg?width=300	=	1.0000
http://dbkwik.webdatacommons.org/starwars.wikia.com/resource/Ahazi	http://dbkwik.webdatacommons.org/swg.wikia.com/resource/Ahazi	=	1.0000
http://starwars.wikia.com/wiki/Special:FilePath/New_sith_order.jpg?width=300	http://swg.wikia.com/wiki/Special:FilePath/New_sith_order.jpg?width=300	=	1.0000
http://starwars.wikia.com/wiki/Special:FilePath/Scurrier.jpg	http://swg.wikia.com/wiki/Special:FilePath/Scurrier.jpg	=	1.0000
http://starwars.wikia.com/wiki/Special:FilePath/C-3TC.jpg	http://swg.wikia.com/wiki/Special:FilePath/C-3TC.jpg	=	1.0000
http://starwars.wikia.com/wiki/Special:FilePath/Tour_Aryon.jpg	http://swg.wikia.com/wiki/Special:FilePath/Tour_Aryon.jpg	=	1.0000
http://dbkwik.webdatacommons.org/starwars.wikia.com/resource/Tusken_Bunker	http://dbkwik.webdatacommons.org/swg.wikia.com/resource/Tusken_Bunker	=	1.0000
http://dbkwik.webdatacommons.org/starwars.wikia.com/resource/Chronicles	http://dbkwik.webdatacommons.org/swg.wikia.com/resource/Chronicles	=	1.0000
http://dbkwik.webdatacommons.org/starwars.wikia.com/resource/Nirame_Sakute	http://dbkwik.webdatacommons.org/swg.wikia.com/resource/Nirame_Sakute	=	1.0000
http://starwars.wikia.com/wiki/Special:FilePath/Sevorrt.jpg?width=300	http://swg.wikia.com/wiki/Special:FilePath/SEVORRT.jpg?width=300	=	1.0000
http://starwars.wikia.com/wiki/Special:FilePath/Mining_Droid.jpg	http://swg.wikia.com/wiki/Special:FilePath/Mining_droid.jpg	=	1.0000
http://starwars.wikia.com/wiki/Special:FilePath/ObsidianLance.jpg?width=300	http://swg.wikia.com/wiki/Special:FilePath/ObsidianLance.jpg?width=300	=	1.0000
http://starwars.wikia.com/wiki/Special:FilePath/Harwakokok.jpg	http://swg.wikia.com/wiki/Special:FilePath/Harwakokok.jpg	=	1.0000
http://dbkwik.webdatacommons.org/starwars.wikia.com/resource/Thug	http://dbkwik.webdatacommons.org/swg.wikia.com/resource/Thug	=	1.0000
http://dbkwik.webdatacommons.org/starwars.wikia.com/resource/Category:Structures	http://dbkwik.webdatacommons.org/swg.wikia.com/resource/Category:Structures	=	1.0000
http://dbkwik.webdatacommons.org/starwars.wikia.com/resource/Category:Droid_modules	http://dbkwik.webdatacommons.org/swg.wikia.com/resource/Category:Droid_modules	=	1.0000
http://starwars.wikia.com/wiki/Special:FilePath/Dakk.jpg	http://swg.wikia.com/wiki/Special:FilePath/Dakk.jpg	=	1.0000
http://dbkwik.webdatacommons.org/starwars.wikia.com/resource/Lightsaber_combat	http://dbkwik.webdatacommons.org/swg.wikia.com/resource/Lightsaber_combat	=	1.0000
http://starwars.wikia.com/wiki/Special:FilePath/Ehartt_Brihnt.jpg?width=300	http://swg.wikia.com/wiki/Special:FilePath/Ehartt-Brihnt.jpg?width=300	=	1.0000
http://dbkwik.webdatacommons.org/starwars.wikia.com/resource/Jana_T%27bayr	http://dbkwik.webdatacommons.org/swg.wikia.com/resource/Jana_T%27bayr	=	1.0000
http://dbkwik.webdatacommons.org/starwars.wikia.com/resource/Musician	http://dbkwik.webdatacommons.org/swg.wikia.com/resource/Musician	=	1.0000
http://dbkwik.webdatacommons.org/starwars.wikia.com/resource/Great_Hyperspace_War_Bas-Relief	http://dbkwik.webdatacommons.org/swg.wikia.com/resource/Great_Hyperspace_War_Bas-Relief	=	1.0000
http://starwars.wikia.com/wiki/Special:FilePath/TuskenCave.jpg	http://swg.wikia.com/wiki/Special:FilePath/Tusken-cave.jpg	=	1.0000
http://starwars.wikia.com/wiki/Special:FilePath/Acklay_armor.jpg?width=300	http://swg.wikia.com/wiki/Special:FilePath/Acklay_Armor.jpg?width=300	=	1.0000
http://dbkwik.webdatacommons.org/starwars.wikia.com/resource/Dannik_Malaan	http://dbkwik.webdatacommons.org/swg.wikia.com/resource/Dannik_Malaan	=	1.0000
http://starwars.wikia.com/wiki/Special:FilePath/Illiv_Orfa.jpg?width=300	http://swg.wikia.com/wiki/Special:FilePath/Illiv_orfa.jpg?width=300	=	1.0000
http://dbkwik.webdatacommons.org/starwars.wikia.com/resource/Figrin_D%27an	http://dbkwik.webdatacommons.org/swg.wikia.com/resource/Figrin_D%27an	=	1.0000
http://dbkwik.webdatacommons.org/starwars.wikia.com/resource/Pwwoz_Pwwa	http://dbkwik.webdatacommons.org/swg.wikia.com/resource/Pwwoz_Pwwa	=	1.0000
http://dbkwik.webdatacommons.org/starwars.wikia.com/resource/Ahrisa	http://dbkwik.webdatacommons.org/swg.wikia.com/resource/Ahrisa	=	1.0000
http://dbkwik.webdatacommons.org/starwars.wikia.com/resource/Tanray	http://dbkwik.webdatacommons.org/swg.wikia.com/resource/Tanray	=	1.0000
http://starwars.wikia.com/wiki/Special:FilePath/Noren-Krast.jpg	http://swg.wikia.com/wiki/Special:FilePath/Noren-Krast.jpg	=	1.0000
http://starwars.wikia.com/wiki/Special:FilePath/Janobix.jpg	http://swg.wikia.com/wiki/Special:FilePath/Janobix.jpg	=	1.0000
http://dbkwik.webdatacommons.org/starwars.wikia.com/resource/Alliance_Cold_Weather_Backpack	http://dbkwik.webdatacommons.org/swg.wikia.com/resource/Alliance_Cold_Weather_Backpack	=	1.0000
http://starwars.wikia.com/wiki/Special:FilePath/MarineArmor.jpg?width=300	http://swg.wikia.com/wiki/Special:FilePath/Marine_armor.jpg?width=300	=	1.0000
http://starwars.wikia.com/wiki/Special:FilePath/Alliance_Cold_Weather_Headgear.jpg?width=300	http://swg.wikia.com/wiki/Special:FilePath/Alliance_cold_weather_headgear.jpg?width=300	=	1.0000
http://dbkwik.webdatacommons.org/starwars.wikia.com/resource/Elite_carbine	http://dbkwik.webdatacommons.org/swg.wikia.com/resource/Elite_Carbine	=	1.0000
http://dbkwik.webdatacommons.org/starwars.wikia.com/resource/Fountain	http://dbkwik.webdatacommons.org/swg.wikia.com/resource/Fountain	=	1.0000
http://starwars.wikia.com/wiki/Special:FilePath/Echrhin_Isdan.jpg	http://swg.wikia.com/wiki/Special:FilePath/Echrhin_Isdan.jpg	=	1.0000
http://starwars.wikia.com/wiki/Special:FilePath/Droid_Customization_Kit.png?width=300	http://swg.wikia.com/wiki/Special:FilePath/DroidCustomizationKit.png?width=300	=	1.0000
http://starwars.wikia.com/wiki/Special:FilePath/CharricCarbine.jpg	http://swg.wikia.com/wiki/Special:FilePath/Charric-carbine.jpg	=	1.0000
http://dbkwik.webdatacommons.org/starwars.wikia.com/resource/Frock	http://dbkwik.webdatacommons.org/swg.wikia.com/resource/Frock	=	1.0000
http://dbkwik.webdatacommons.org/starwars.wikia.com/resource/Kerritamba_Village	http://dbkwik.webdatacommons.org/swg.wikia.com/resource/Kerritamba_Village	=	1.0000
http://dbkwik.webdatacommons.org/starwars.wikia.com/resource/Dalla_Solo	http://dbkwik.webdatacommons.org/swg.wikia.com/resource/Dalla_Solo	=	1.0000
http://starwars.wikia.com/wiki/Special:FilePath/Battle_Droid.png	http://swg.wikia.com/wiki/Special:FilePath/Battle-droid.png	=	1.0000
http://dbkwik.webdatacommons.org/starwars.wikia.com/resource/Category:Lightsabers	http://dbkwik.webdatacommons.org/swg.wikia.com/resource/Category:Lightsabers	=	1.0000
http://dbkwik.webdatacommons.org/starwars.wikia.com/resource/6-POC	http://dbkwik.webdatacommons.org/swg.wikia.com/resource/6-POC	=	1.0000
http://dbkwik.webdatacommons.org/starwars.wikia.com/resource/Swoop_gang	http://dbkwik.webdatacommons.org/swg.wikia.com/resource/Swoop_Gang	=	1.0000
http://starwars.wikia.com/wiki/Special:FilePath/DathnaeyaLoessin.jpg?width=300	http://swg.wikia.com/wiki/Special:FilePath/Dathnaeya_Loessin.jpg?width=300	=	1.0000
http://dbkwik.webdatacommons.org/starwars.wikia.com/resource/Chevin	http://dbkwik.webdatacommons.org/swg.wikia.com/resource/Chevin	=	1.0000
http://dbkwik.webdatacommons.org/starwars.wikia.com/resource/Factory	http://dbkwik.webdatacommons.org/swg.wikia.com/property/factory	=	1.0000
http://starwars.wikia.com/wiki/Special:FilePath/Demmi-wot.jpg	http://swg.wikia.com/wiki/Special:FilePath/Demmi-wot.jpg	=	1.0000
http://dbkwik.webdatacommons.org/starwars.wikia.com/property/cost	http://dbkwik.webdatacommons.org/swg.wikia.com/property/cost	=	1.0000
http://starwars.wikia.com/wiki/Special:FilePath/EmperorPalpatineHologram.jpg?width=300	http://swg.wikia.com/wiki/Special:FilePath/Emperor_Palpatine_Hologram.jpg?width=300	=	1.0000
http://dbkwik.webdatacommons.org/starwars.wikia.com/resource/Nova_Star_Medal_of_the_Empire	http://dbkwik.webdatacommons.org/swg.wikia.com/resource/Nova_Star_Medal_of_the_Empire	=	1.0000
http://dbkwik.webdatacommons.org/starwars.wikia.com/resource/Demitri_Firewatcher	http://dbkwik.webdatacommons.org/swg.wikia.com/resource/Demitri_Firewatcher	=	1.0000
http://dbkwik.webdatacommons.org/starwars.wikia.com/resource/Trill	http://dbkwik.webdatacommons.org/swg.wikia.com/resource/Trill	=	1.0000
http://starwars.wikia.com/wiki/Special:FilePath/Seeker_droid.png?width=300	http://swg.wikia.com/wiki/Special:FilePath/SeekerDroid.png?width=300	=	1.0000
http://dbkwik.webdatacommons.org/starwars.wikia.com/resource/Stormtrooper_Squad_Leader	http://dbkwik.webdatacommons.org/swg.wikia.com/resource/Stormtrooper_Squad_Leader	=	1.0000
http://starwars.wikia.com/wiki/Special:FilePath/Colonel_Narl.jpg?width=300	http://swg.wikia.com/wiki/Special:FilePath/Colonel_Narl.jpg?width=300	=	1.0000
http://dbkwik.webdatacommons.org/starwars.wikia.com/resource/Maelstrom	http://dbkwik.webdatacommons.org/swg.wikia.com/resource/Maelstrom	=	1.0000
http://dbkwik.webdatacommons.org/starwars.wikia.com/resource/Air-2_racing_swoop	http://dbkwik.webdatacommons.org/swg.wikia.com/resource/Air-2_Racing_Swoop	=	1.0000
http://starwars.wikia.com/wiki/Special:FilePath/Luke_skywalker.jpg	http://swg.wikia.com/wiki/Special:FilePath/Luke_skywalker.jpg	=	1.0000
http://dbkwik.webdatacommons.org/starwars.wikia.com/resource/Havoc_(starfighter)	http://dbkwik.webdatacommons.org/swg.wikia.com/resource/Havoc_Starfighter	=	1.0000
http://starwars.wikia.com/wiki/Special:FilePath/Garrick.jpg	http://swg.wikia.com/wiki/Special:FilePath/Garrick.jpg	=	1.0000
http://starwars.wikia.com/wiki/Special:FilePath/Tusken.jpg?width=300	http://swg.wikia.com/wiki/Special:FilePath/%0ATusken.jpg?width=300	=	1.0000
http://dbkwik.webdatacommons.org/starwars.wikia.com/resource/Architect	http://dbkwik.webdatacommons.org/swg.wikia.com/resource/Architect	=	1.0000
http://starwars.wikia.com/wiki/Special:FilePath/Kima_Nazith.jpg?width=300	http://swg.wikia.com/wiki/Special:FilePath/Kima_Nazith.jpg?width=300	=	1.0000
http://dbkwik.webdatacommons.org/starwars.wikia.com/resource/WESTAR-34_blaster_pistol	http://dbkwik.webdatacommons.org/swg.wikia.com/resource/WESTAR-34_Blaster_Pistol	=	1.0000
http://dbkwik.webdatacommons.org/starwars.wikia.com/resource/Buzz-knuck	http://dbkwik.webdatacommons.org/swg.wikia.com/resource/Buzz-Knuck	=	1.0000
http://dbkwik.webdatacommons.org/starwars.wikia.com/resource/March_of_the_Tuskens	http://dbkwik.webdatacommons.org/swg.wikia.com/resource/March_of_the_Tuskens	=	1.0000
http://dbkwik.webdatacommons.org/starwars.wikia.com/resource/Alger	http://dbkwik.webdatacommons.org/swg.wikia.com/resource/Alger	=	1.0000
http://starwars.wikia.com/wiki/Special:FilePath/Pilgrimage.jpg	http://swg.wikia.com/wiki/Special:FilePath/Pilgrimage.jpg	=	1.0000
http://starwars.wikia.com/wiki/Special:FilePath/NullifierX.jpg	http://swg.wikia.com/wiki/Special:FilePath/Nullifier_X.jpg	=	1.0000
http://starwars.wikia.com/wiki/Special:FilePath/Tarc.jpg	http://swg.wikia.com/wiki/Special:FilePath/Tarc.jpg	=	1.0000
http://dbkwik.webdatacommons.org/starwars.wikia.com/resource/Trading_card_game	http://dbkwik.webdatacommons.org/swg.wikia.com/resource/Trading_Card_Game	=	1.0000
http://starwars.wikia.com/wiki/Special:FilePath/RrwiiRoot-SWG.jpg?width=300	http://swg.wikia.com/wiki/Special:FilePath/Rrwii_Root_SWG.jpg?width=300	=	1.0000
http://dbkwik.webdatacommons.org/starwars.wikia.com/resource/Logray	http://dbkwik.webdatacommons.org/swg.wikia.com/resource/Logray	=	1.0000
http://dbkwik.webdatacommons.org/starwars.wikia.com/resource/Coronet_Skyscraper_Blueprint	http://dbkwik.webdatacommons.org/swg.wikia.com/resource/Coronet_Skyscraper_Blueprint	=	1.0000
http://dbkwik.webdatacommons.org/starwars.wikia.com/resource/Balfur_Jhcor	http://dbkwik.webdatacommons.org/swg.wikia.com/resource/Balfur_Jhcor	=	1.0000
http://starwars.wikia.com/wiki/Special:FilePath/Rebel_sympathizer.png	http://swg.wikia.com/wiki/Special:FilePath/Rebel_sympathizer.png	=	1.0000
http://dbkwik.webdatacommons.org/starwars.wikia.com/resource/Ryyk_blade	http://dbkwik.webdatacommons.org/swg.wikia.com/resource/Ryyk_Blade	=	1.0000
http://dbkwik.webdatacommons.org/starwars.wikia.com/resource/Jetpack	http://dbkwik.webdatacommons.org/swg.wikia.com/resource/Jetpack	=	1.0000
http://dbkwik.webdatacommons.org/starwars.wikia.com/class/droid	http://dbkwik.webdatacommons.org/swg.wikia.com/class/droid	=	1.0000
http://dbkwik.webdatacommons.org/starwars.wikia.com/resource/Sawtooth	http://dbkwik.webdatacommons.org/swg.wikia.com/resource/Sawtooth	=	1.0000
http://dbkwik.webdatacommons.org/starwars.wikia.com/resource/Zsu_Val	http://dbkwik.webdatacommons.org/swg.wikia.com/resource/Zsu_Val	=	1.0000
http://starwars.wikia.com/wiki/Special:FilePath/Vibrosword.jpg?width=300	http://swg.wikia.com/wiki/Special:FilePath/Vibrosword.jpg?width=300	=	1.0000
http://dbkwik.webdatacommons.org/starwars.wikia.com/resource/Rryatt_Trail	http://dbkwik.webdatacommons.org/swg.wikia.com/resource/Rryatt_Trail	=	1.0000
http://starwars.wikia.com/wiki/Special:FilePath/Kenkirk.jpg	http://swg.wikia.com/wiki/Special:FilePath/Kenkirk.jpg	=	1.0000
http://dbkwik.webdatacommons.org/starwars.wikia.com/resource/Life_Day	http://dbkwik.webdatacommons.org/swg.wikia.com/resource/Life_Day	=	1.0000
http://starwars.wikia.com/wiki/Special:FilePath/Cybernetic_experience_chip.jpg?width=300	http://swg.wikia.com/wiki/Special:FilePath/Cybernetic_experience_chip.jpg?width=300	=	1.0000
http://starwars.wikia.com/wiki/Special:FilePath/Daclif_Gallamby.jpg	http://swg.wikia.com/wiki/Special:FilePath/Daclif-gallamby.jpg	=	1.0000
http://dbkwik.webdatacommons.org/starwars.wikia.com/resource/Tanoa_Vills	http://dbkwik.webdatacommons.org/swg.wikia.com/resource/Tanoa_Vills	=	1.0000
http://starwars.wikia.com/wiki/Special:FilePath/:Ewok_Crossbow.jpg?width=300	http://swg.wikia.com/wiki/Special:FilePath/Ewok_Crossbow.jpg?width=300	=	1.0000
http://starwars.wikia.com/wiki/Special:FilePath/Arena.jpg?width=300	http://swg.wikia.com/wiki/Special:FilePath/Arena.jpg?width=300	=	1.0000
http://starwars.wikia.com/wiki/Special:FilePath/Gackle_bat.jpg	http://swg.wikia.com/wiki/Special:FilePath/Gackle_bat.jpg	=	1.0000
http://dbkwik.webdatacommons.org/starwars.wikia.com/resource/The_March_to_Restuss	http://dbkwik.webdatacommons.org/swg.wikia.com/resource/The_March_To_Restuss	=	1.0000
http://dbkwik.webdatacommons.org/starwars.wikia.com/resource/Cunning_of_Tyranus	http://dbkwik.webdatacommons.org/swg.wikia.com/resource/Cunning_of_Tyranus	=	1.0000
http://starwars.wikia.com/wiki/Special:FilePath/Unluto.jpg	http://swg.wikia.com/wiki/Special:FilePath/Unluto.jpg	=	1.0000
http://starwars.wikia.com/wiki/Special:FilePath/MilitaryTravelPack.jpg?width=300	http://swg.wikia.com/wiki/Special:FilePath/Military_Travel_Pack.jpg?width=300	=	1.0000
http://dbkwik.webdatacommons.org/starwars.wikia.com/resource/Field_surgeon_ring	http://dbkwik.webdatacommons.org/swg.wikia.com/resource/Field_Surgeon_Ring	=	1.0000
http://starwars.wikia.com/wiki/Special:FilePath/Fallann_Hyper-Rifle.jpg?width=300	http://swg.wikia.com/wiki/Special:FilePath/Fallann_hyper_rifle.jpg?width=300	=	1.0000
http://dbkwik.webdatacommons.org/starwars.wikia.com/resource/Carh%27la_Bastra	http://dbkwik.webdatacommons.org/swg.wikia.com/resource/Carh%27la_Bastra	=	1.0000
http://dbkwik.webdatacommons.org/starwars.wikia.com/resource/Valley_View	http://dbkwik.webdatacommons.org/swg.wikia.com/resource/Valley_view	=	1.0000
http://starwars.wikia.com/wiki/Special:FilePath/CommanderD%27krn.jpg	http://swg.wikia.com/wiki/Special:FilePath/Commander-D%27krn.jpg	=	1.0000
http://dbkwik.webdatacommons.org/starwars.wikia.com/resource/Imperial_Agent_(painting)	http://dbkwik.webdatacommons.org/swg.wikia.com/resource/Imperial_Agent_(Painting)	=	1.0000
http://starwars.wikia.com/wiki/Special:FilePath/Rock_beetle.jpg?width=300	http://swg.wikia.com/wiki/Special:FilePath/Rock_beetle.jpg?width=300	=	1.0000
http://dbkwik.webdatacommons.org/starwars.wikia.com/resource/Byxle_Pedette	http://dbkwik.webdatacommons.org/swg.wikia.com/resource/Byxle_Pedette	=	1.0000
http://dbkwik.webdatacommons.org/starwars.wikia.com/resource/Krayt_Cult	http://dbkwik.webdatacommons.org/swg.wikia.com/resource/Krayt_Cult	=	1.0000
http://starwars.wikia.com/wiki/Special:FilePath/Krayt_dragon.jpg	http://swg.wikia.com/wiki/Special:FilePath/Krayt_Dragon.jpg	=	1.0000
http://starwars.wikia.com/wiki/Special:FilePath/Eyma.jpg?width=300	http://swg.wikia.com/wiki/Special:FilePath/Eyma.jpg?width=300	=	1.0000
http://dbkwik.webdatacommons.org/starwars.wikia.com/resource/Gand_shockprod_staff	http://dbkwik.webdatacommons.org/swg.wikia.com/resource/Gand_Shockprod_Staff	=	1.0000
http://starwars.wikia.com/wiki/Special:FilePath/Vibrosword.jpg	http://swg.wikia.com/wiki/Special:FilePath/Vibrosword.jpg	=	1.0000
http://dbkwik.webdatacommons.org/starwars.wikia.com/resource/Willard_Wassleman_III	http://dbkwik.webdatacommons.org/swg.wikia.com/resource/Willard_Wassleman_III	=	1.0000
http://dbkwik.webdatacommons.org/starwars.wikia.com/resource/Belt	http://dbkwik.webdatacommons.org/swg.wikia.com/resource/Belt	=	1.0000
http://starwars.wikia.com/wiki/Special:FilePath/Wrelaac.jpg	http://swg.wikia.com/wiki/Special:FilePath/Wrelaac.jpg	=	1.0000
http://starwars.wikia.com/wiki/Special:FilePath/Scythe.jpg?width=300	http://swg.wikia.com/wiki/Special:FilePath/Scythe.jpg?width=300	=	1.0000
http://dbkwik.webdatacommons.org/starwars.wikia.com/resource/Roba	http://dbkwik.webdatacommons.org/swg.wikia.com/resource/Roba	=	1.0000
http://starwars.wikia.com/wiki/Special:FilePath/Bors-teraud.jpg?width=300	http://swg.wikia.com/wiki/Special:FilePath/Bors-teraud.jpg?width=300	=	1.0000
http://starwars.wikia.com/wiki/Special:FilePath/Nova_Orion_Station.jpg?width=300	http://swg.wikia.com/wiki/Special:FilePath/Nova_Orion_Station.jpg?width=300	=	1.0000
http://starwars.wikia.com/wiki/Special:FilePath/Lava_Flea.jpg?width=300	http://swg.wikia.com/wiki/Special:FilePath/Lava_flea.jpg?width=300	=	1.0000
http://starwars.wikia.com/wiki/Special:FilePath/ReiReeven.jpg?width=300	http://swg.wikia.com/wiki/Special:FilePath/Rei_Reeven.jpg?width=300	=	1.0000
http://dbkwik.webdatacommons.org/starwars.wikia.com/resource/Peko-peko	http://dbkwik.webdatacommons.org/swg.wikia.com/resource/Peko_Peko	=	1.0000
http://starwars.wikia.com/wiki/Special:FilePath/Imperialnovastarmedal.jpg?width=300	http://swg.wikia.com/wiki/Special:FilePath/Imperialnovastarmedal.jpg?width=300	=	1.0000
http://starwars.wikia.com/wiki/Special:FilePath/Noren-Krast.jpg?width=300	http://swg.wikia.com/wiki/Special:FilePath/Noren-Krast.jpg?width=300	=	1.0000
http://dbkwik.webdatacommons.org/starwars.wikia.com/resource/Star_Wars_Galaxies:_The_Total_Experience	http://dbkwik.webdatacommons.org/swg.wikia.com/resource/Star_Wars_Galaxies:_The_Total_Experience	=	1.0000
http://dbkwik.webdatacommons.org/starwars.wikia.com/resource/Codoan_Copper	http://dbkwik.webdatacommons.org/swg.wikia.com/resource/Codoan_copper	=	1.0000
http://starwars.wikia.com/wiki/Special:FilePath/Morv.jpg?width=300	http://swg.wikia.com/wiki/Special:FilePath/Morv.jpg?width=300	=	1.0000
http://starwars.wikia.com/wiki/Special:FilePath/Zombies.jpg	http://swg.wikia.com/wiki/Special:FilePath/Zombies.jpg	=	1.0000
http://starwars.wikia.com/wiki/Special:FilePath/Protecto-net-shield.jpg	http://swg.wikia.com/wiki/Special:FilePath/Protecto-net-shield.jpg	=	1.0000
http://dbkwik.webdatacommons.org/starwars.wikia.com/resource/Pharple	http://dbkwik.webdatacommons.org/swg.wikia.com/resource/Pharple	=	1.0000
http://dbkwik.webdatacommons.org/starwars.wikia.com/resource/Triumph	http://dbkwik.webdatacommons.org/swg.wikia.com/resource/Triumph	=	1.0000
http://dbkwik.webdatacommons.org/starwars.wikia.com/resource/Hedon_Istee	http://dbkwik.webdatacommons.org/swg.wikia.com/resource/Hedon_Istee	=	1.0000
http://dbkwik.webdatacommons.org/starwars.wikia.com/resource/Gunship_Blueprint	http://dbkwik.webdatacommons.org/swg.wikia.com/resource/Gunship_Blueprint	=	1.0000
http://dbkwik.webdatacommons.org/starwars.wikia.com/property/government	http://dbkwik.webdatacommons.org/swg.wikia.com/property/government	=	1.0000
http://starwars.wikia.com/wiki/Special:FilePath/Koro-2.jpg	http://swg.wikia.com/wiki/Special:FilePath/Koro-2.jpg	=	1.0000
http://dbkwik.webdatacommons.org/starwars.wikia.com/resource/Black_Sun_Ace_fighter_helmet	http://dbkwik.webdatacommons.org/swg.wikia.com/resource/Black_Sun_Ace_Fighter_Helmet	=	1.0000
http://starwars.wikia.com/wiki/Special:FilePath/Choster.jpg?width=300	http://swg.wikia.com/wiki/Special:FilePath/Choster.jpg?width=300	=	1.0000
http://starwars.wikia.com/wiki/Special:FilePath/Harwakokok.jpg?width=300	http://swg.wikia.com/wiki/Special:FilePath/Harwakokok.jpg?width=300	=	1.0000
http://dbkwik.webdatacommons.org/starwars.wikia.com/resource/Defaced_Imperial_Recruitment_Poster	http://dbkwik.webdatacommons.org/swg.wikia.com/resource/Defaced_Imperial_Recruitment_Poster	=	1.0000
http://dbkwik.webdatacommons.org/starwars.wikia.com/resource/Rancor	http://dbkwik.webdatacommons.org/swg.wikia.com/resource/Rancor	=	1.0000
http://starwars.wikia.com/wiki/Special:FilePath/Hendanyn_death_mask.jpg	http://swg.wikia.com/wiki/Special:FilePath/Hendanyn_Death_Mask.jpg	=	1.0000
http://dbkwik.webdatacommons.org/starwars.wikia.com/resource/Grenz_Zittoun	http://dbkwik.webdatacommons.org/swg.wikia.com/resource/Grenz_Zittoun	=	1.0000
http://starwars.wikia.com/wiki/Special:FilePath/AbooAramflahad.jpg?width=300	http://swg.wikia.com/wiki/Special:FilePath/Aboo-Aramflahad.jpg?width=300	=	1.0000
http://starwars.wikia.com/wiki/Special:FilePath/GunganWarriorStronghold.jpg	http://swg.wikia.com/wiki/Special:FilePath/Gungan-warrior-stronghold.jpg	=	1.0000
http://starwars.wikia.com/wiki/Special:FilePath/AnyzaEkull.jpg	http://swg.wikia.com/wiki/Special:FilePath/Anyza-Ekull.jpg	=	1.0000
http://dbkwik.webdatacommons.org/starwars.wikia.com/resource/Mawgax	http://dbkwik.webdatacommons.org/swg.wikia.com/resource/Mawgax	=	1.0000
http://dbkwik.webdatacommons.org/starwars.wikia.com/resource/Womp_rat	http://dbkwik.webdatacommons.org/swg.wikia.com/resource/Womp_Rat	=	1.0000
http://dbkwik.webdatacommons.org/starwars.wikia.com/resource/Freedom	http://dbkwik.webdatacommons.org/swg.wikia.com/resource/Freedom	=	1.0000
http://dbkwik.webdatacommons.org/starwars.wikia.com/resource/Squad_leader	http://dbkwik.webdatacommons.org/swg.wikia.com/resource/Squad_Leader	=	1.0000
http://starwars.wikia.com/wiki/Special:FilePath/KatarnArmor.jpg	http://swg.wikia.com/wiki/Special:FilePath/Katarn_Armor.jpg	=	1.0000
http://dbkwik.webdatacommons.org/starwars.wikia.com/resource/Blurrg	http://dbkwik.webdatacommons.org/swg.wikia.com/resource/Blurrg	=	1.0000
http://dbkwik.webdatacommons.org/starwars.wikia.com/property/hair	http://dbkwik.webdatacommons.org/swg.wikia.com/property/hair	=	1.0000
http://dbkwik.webdatacommons.org/starwars.wikia.com/resource/Valarian_Pod_Racers_Bunker	http://dbkwik.webdatacommons.org/swg.wikia.com/resource/Valarian_Pod_Racers_Bunker	=	1.0000
http://starwars.wikia.com/wiki/Special:FilePath/CzerkaDartCarbine.jpg?width=300	http://swg.wikia.com/wiki/Special:FilePath/Czerka_dart_carbine.jpg?width=300	=	1.0000
http://dbkwik.webdatacommons.org/starwars.wikia.com/resource/C-3PO	http://dbkwik.webdatacommons.org/swg.wikia.com/resource/C-3PO	=	1.0000
http://dbkwik.webdatacommons.org/starwars.wikia.com/resource/Model_3-NIi	http://dbkwik.webdatacommons.org/swg.wikia.com/resource/Model_3-NIi	=	1.0000
http://dbkwik.webdatacommons.org/starwars.wikia.com/resource/Laser_carbine	http://dbkwik.webdatacommons.org/swg.wikia.com/resource/Laser_Carbine	=	1.0000
http://starwars.wikia.com/wiki/Special:FilePath/AB-1.jpg	http://swg.wikia.com/wiki/Special:FilePath/AB-1.jpg	=	1.0000
http://dbkwik.webdatacommons.org/starwars.wikia.com/resource/Lurid_Dawn	http://dbkwik.webdatacommons.org/swg.wikia.com/resource/Lurid_Dawn	=	1.0000
http://dbkwik.webdatacommons.org/starwars.wikia.com/resource/Morris	http://dbkwik.webdatacommons.org/swg.wikia.com/resource/Morris	=	1.0000
http://dbkwik.webdatacommons.org/starwars.wikia.com/resource/Pulverizer	http://dbkwik.webdatacommons.org/swg.wikia.com/resource/Pulverizer	=	1.0000
http://dbkwik.webdatacommons.org/starwars.wikia.com/resource/Beissa	http://dbkwik.webdatacommons.org/swg.wikia.com/resource/Beissa	=	1.0000
http://dbkwik.webdatacommons.org/starwars.wikia.com/resource/Tatooine_Space_Station	http://dbkwik.webdatacommons.org/swg.wikia.com/resource/Tatooine_Space_Station	=	1.0000
http://dbkwik.webdatacommons.org/starwars.wikia.com/resource/Qek	http://dbkwik.webdatacommons.org/swg.wikia.com/resource/Qek	=	1.0000
http://starwars.wikia.com/wiki/Special:FilePath/Cinderclaw.jpg?width=300	http://swg.wikia.com/wiki/Special:FilePath/Cinderclaw.jpg?width=300	=	1.0000
http://starwars.wikia.com/wiki/Special:FilePath/Lurval.jpg	http://swg.wikia.com/wiki/Special:FilePath/Lurval.jpg	=	1.0000
http://dbkwik.webdatacommons.org/starwars.wikia.com/resource/Biribas_Tarun	http://dbkwik.webdatacommons.org/swg.wikia.com/resource/Biribas_Tarun	=	1.0000
http://starwars.wikia.com/wiki/Special:FilePath/VictoriousReign.jpg?width=300	http://swg.wikia.com/wiki/Special:FilePath/Victorious_reign.jpg?width=300	=	1.0000
http://starwars.wikia.com/wiki/Special:FilePath/Kakirk.jpg?width=300	http://swg.wikia.com/wiki/Special:FilePath/Kakirk.jpg?width=300	=	1.0000
http://dbkwik.webdatacommons.org/starwars.wikia.com/resource/Jax	http://dbkwik.webdatacommons.org/swg.wikia.com/resource/Jax	=	1.0000
http://dbkwik.webdatacommons.org/starwars.wikia.com/resource/Vreni_Island	http://dbkwik.webdatacommons.org/swg.wikia.com/resource/Vreni_Island	=	1.0000
http://starwars.wikia.com/wiki/Special:FilePath/Ruab.jpg?width=300	http://swg.wikia.com/wiki/Special:FilePath/Ruab.jpg?width=300	=	1.0000
http://dbkwik.webdatacommons.org/starwars.wikia.com/resource/Eclipse	http://dbkwik.webdatacommons.org/swg.wikia.com/resource/Eclipse	=	1.0000
http://starwars.wikia.com/wiki/Special:FilePath/MosEntha.jpg	http://swg.wikia.com/wiki/Special:FilePath/Mos_Entha.jpg	=	1.0000
http://dbkwik.webdatacommons.org/starwars.wikia.com/resource/Dathomir_Imperial_Prison	http://dbkwik.webdatacommons.org/swg.wikia.com/resource/Dathomir_Imperial_Prison	=	1.0000
http://starwars.wikia.com/wiki/Special:FilePath/Morris.jpg	http://swg.wikia.com/wiki/Special:FilePath/Morris.jpg	=	1.0000
http://starwars.wikia.com/wiki/Special:FilePath/Battle_ris.jpg?width=300	http://swg.wikia.com/wiki/Special:FilePath/Battle_ris.jpg?width=300	=	1.0000
http://dbkwik.webdatacommons.org/starwars.wikia.com/resource/Imperial_Oasis	http://dbkwik.webdatacommons.org/swg.wikia.com/resource/Imperial_Oasis	=	1.0000
http://dbkwik.webdatacommons.org/starwars.wikia.com/resource/Vegeparsine	http://dbkwik.webdatacommons.org/swg.wikia.com/resource/Vegeparsine	=	1.0000
http://dbkwik.webdatacommons.org/starwars.wikia.com/resource/Skaak_Tipper_Cave	http://dbkwik.webdatacommons.org/swg.wikia.com/resource/Skaak_Tipper_Cave	=	1.0000
http://starwars.wikia.com/wiki/Special:FilePath/Rak%27qua.png	http://swg.wikia.com/wiki/Special:FilePath/Rak%5C%27qua.png	=	1.0000
http://starwars.wikia.com/wiki/Special:FilePath/Frag_storm_shotgun.jpg?width=300	http://swg.wikia.com/wiki/Special:FilePath/Frag_storm_shotgun.jpg?width=300	=	1.0000
http://dbkwik.webdatacommons.org/starwars.wikia.com/resource/ASN_courier_droid	http://dbkwik.webdatacommons.org/swg.wikia.com/resource/ASN_courier_droid	=	1.0000
http://starwars.wikia.com/wiki/Special:FilePath/Murra_Blanca.jpg	http://swg.wikia.com/wiki/Special:FilePath/Murra_Blanca.jpg	=	1.0000
http://dbkwik.webdatacommons.org/starwars.wikia.com/resource/Quest	http://dbkwik.webdatacommons.org/swg.wikia.com/resource/Quest	=	1.0000
http://starwars.wikia.com/wiki/Special:FilePath/Gnort.jpg	http://swg.wikia.com/wiki/Special:FilePath/Gnort.jpg	=	1.0000
http://starwars.wikia.com/wiki/Special:FilePath/Leandra.jpg	http://swg.wikia.com/wiki/Special:FilePath/Leandra.jpg	=	1.0000
http://dbkwik.webdatacommons.org/starwars.wikia.com/resource/Battle_of_Echo_Base_(painting)	http://dbkwik.webdatacommons.org/swg.wikia.com/resource/Battle_of_Echo_Base_painting	=	1.0000
http://starwars.wikia.com/wiki/Special:FilePath/Flash_Speeder.jpg?width=300	http://swg.wikia.com/wiki/Special:FilePath/Flash-speeder.jpg?width=300	=	1.0000
http://dbkwik.webdatacommons.org/starwars.wikia.com/resource/Gungan_sacred_place	http://dbkwik.webdatacommons.org/swg.wikia.com/resource/Gungan_Sacred_Place	=	1.0000
http://starwars.wikia.com/wiki/Special:FilePath/Endor.jpg?width=300	http://swg.wikia.com/wiki/Special:FilePath/Endor.jpg?width=300	=	1.0000
http://starwars.wikia.com/wiki/Special:FilePath/Mssikss.jpg?width=300	http://swg.wikia.com/wiki/Special:FilePath/Mssikss.jpg?width=300	=	1.0000
http://dbkwik.webdatacommons.org/starwars.wikia.com/resource/Rogue_CorSec	http://dbkwik.webdatacommons.org/swg.wikia.com/resource/Rogue_CorSec	=	1.0000
http://dbkwik.webdatacommons.org/starwars.wikia.com/resource/Yirt	http://dbkwik.webdatacommons.org/swg.wikia.com/resource/Yirt	=	1.0000
http://starwars.wikia.com/wiki/Special:FilePath/SWG-StarterKit.jpg	http://swg.wikia.com/wiki/Special:FilePath/Swg_starter_kit.jpg	=	1.0000
http://dbkwik.webdatacommons.org/starwars.wikia.com/resource/Crystal_snake	http://dbkwik.webdatacommons.org/swg.wikia.com/resource/Crystal_Snake	=	1.0000
http://dbkwik.webdatacommons.org/starwars.wikia.com/resource/Brennis_Doore	http://dbkwik.webdatacommons.org/swg.wikia.com/resource/Brennis_Doore	=	1.0000
http://starwars.wikia.com/wiki/Special:FilePath/QuicktriggerCountermand.jpg?width=300	http://swg.wikia.com/wiki/Special:FilePath/Quicktrigger_Countermand.jpg?width=300	=	1.0000
http://dbkwik.webdatacommons.org/starwars.wikia.com/resource/Bantha	http://dbkwik.webdatacommons.org/swg.wikia.com/resource/Bantha	=	1.0000
http://starwars.wikia.com/wiki/Special:FilePath/Millbarge.jpg?width=300	http://swg.wikia.com/wiki/Special:FilePath/Millbarge.jpg?width=300	=	1.0000
http://dbkwik.webdatacommons.org/starwars.wikia.com/resource/Mustafarian	http://dbkwik.webdatacommons.org/swg.wikia.com/resource/Mustafarian	=	1.0000
http://starwars.wikia.com/wiki/Special:FilePath/CaptainCoptszt.jpg?width=300	http://swg.wikia.com/wiki/Special:FilePath/CaptainCoptszt.jpg?width=300	=	1.0000
http://dbkwik.webdatacommons.org/starwars.wikia.com/resource/Wampa_stuffed_animal	http://dbkwik.webdatacommons.org/swg.wikia.com/resource/Wampa_Stuffed_Animal	=	1.0000
http://starwars.wikia.com/wiki/Special:FilePath/Warvog_Arkon.jpg?width=300	http://swg.wikia.com/wiki/Special:FilePath/Warvog_Arkon.jpg?width=300	=	1.0000
http://dbkwik.webdatacommons.org/starwars.wikia.com/resource/Canyon_Corsair%27s_Stronghold	http://dbkwik.webdatacommons.org/swg.wikia.com/resource/Canyon_Corsair_Stronghold	=	0.9709
http://dbkwik.webdatacommons.org/starwars.wikia.com/resource/Nightsister_energy_lance	http://dbkwik.webdatacommons.org/swg.wikia.com/resource/Nightsister_Energy_Lance	=	1.0000
http://dbkwik.webdatacommons.org/starwars.wikia.com/resource/Veronian_berry_wine	http://dbkwik.webdatacommons.org/swg.wikia.com/resource/Veronian_Berry_Wine	=	1.0000
http://dbkwik.webdatacommons.org/starwars.wikia.com/resource/Tripp_Rar	http://dbkwik.webdatacommons.org/swg.wikia.com/resource/Tripp_Rar	=	1.0000
http://dbkwik.webdatacommons.org/starwars.wikia.com/resource/Mott	http://dbkwik.webdatacommons.org/swg.wikia.com/resource/Mott	=	1.0000
http://starwars.wikia.com/wiki/Special:FilePath/Fish.jpg?width=300	http://swg.wikia.com/wiki/Special:FilePath/Fish.jpg?width=300	=	1.0000
http://dbkwik.webdatacommons.org/starwars.wikia.com/property/name	http://dbkwik.webdatacommons.org/swg.wikia.com/property/name	=	1.0000
http://starwars.wikia.com/wiki/Special:FilePath/TIE_Pilot_Helmet.jpg	http://swg.wikia.com/wiki/Special:FilePath/TIE_Pilot_Helmet.jpg	=	1.0000
http://dbkwik.webdatacommons.org/starwars.wikia.com/resource/Solar_Phoenix_2	http://dbkwik.webdatacommons.org/swg.wikia.com/resource/Solar_Phoenix_2	=	1.0000
http://dbkwik.webdatacommons.org/starwars.wikia.com/resource/Desert_Sands	http://dbkwik.webdatacommons.org/swg.wikia.com/resource/Desert_Sands	=	1.0000
http://dbkwik.webdatacommons.org/starwars.wikia.com/resource/Ion_stunner_pistol	http://dbkwik.webdatacommons.org/swg.wikia.com/resource/Ion_Stunner_Pistol	=	1.0000
http://dbkwik.webdatacommons.org/starwars.wikia.com/resource/Wheat	http://dbkwik.webdatacommons.org/swg.wikia.com/resource/Wheat	=	1.0000
http://dbkwik.webdatacommons.org/starwars.wikia.com/property/planet	http://dbkwik.webdatacommons.org/swg.wikia.com/property/planet	=	1.0000
http://dbkwik.webdatacommons.org/starwars.wikia.com/resource/Berken%27s_Flow	http://dbkwik.webdatacommons.org/swg.wikia.com/resource/Berken%27s_Flow	=	1.0000
http://dbkwik.webdatacommons.org/starwars.wikia.com/resource/Category:Galactic_Civil_War	http://dbkwik.webdatacommons.org/swg.wikia.com/resource/Category:Galactic_Civil_War	=	1.0000
http://starwars.wikia.com/wiki/Special:FilePath/Pilgrimage.jpg?width=300	http://swg.wikia.com/wiki/Special:FilePath/Pilgrimage.jpg?width=300	=	1.0000
http://dbkwik.webdatacommons.org/starwars.wikia.com/resource/Microsensory_mesh_gloves	http://dbkwik.webdatacommons.org/swg.wikia.com/resource/Microsensory_Mesh_Gloves	=	1.0000
http://dbkwik.webdatacommons.org/starwars.wikia.com/resource/A	http://dbkwik.webdatacommons.org/swg.wikia.com/resource/A	=	1.0000
http://dbkwik.webdatacommons.org/starwars.wikia.com/resource/Ogden	http://dbkwik.webdatacommons.org/swg.wikia.com/resource/Ogden	=	1.0000
http://dbkwik.webdatacommons.org/starwars.wikia.com/resource/Reinforced_combat_staff	http://dbkwik.webdatacommons.org/swg.wikia.com/resource/Reinforced_Combat_Staff	=	1.0000
http://starwars.wikia.com/wiki/Special:FilePath/CuanTalon.jpg?width=300	http://swg.wikia.com/wiki/Special:FilePath/Cuan_Talon.jpg?width=300	=	1.0000
http://starwars.wikia.com/wiki/Special:FilePath/KatarnArmor.jpg?width=300	http://swg.wikia.com/wiki/Special:FilePath/Katarn_Armor.jpg?width=300	=	1.0000
http://starwars.wikia.com/wiki/Special:FilePath/Quinton.jpg	http://swg.wikia.com/wiki/Special:FilePath/Quinton.jpg	=	1.0000
http://dbkwik.webdatacommons.org/starwars.wikia.com/resource/Rodian_Hunters%27_Camp	http://dbkwik.webdatacommons.org/swg.wikia.com/resource/Rodian_Hunters%27_Camp	=	1.0000
http://dbkwik.webdatacommons.org/starwars.wikia.com/resource/Synthsteak	http://dbkwik.webdatacommons.org/swg.wikia.com/resource/Synthsteak	=	1.0000
http://dbkwik.webdatacommons.org/starwars.wikia.com/resource/Control_unit	http://dbkwik.webdatacommons.org/swg.wikia.com/resource/Control_Unit	=	1.0000
http://starwars.wikia.com/wiki/Special:FilePath/SennexSlaveBunker.jpg	http://swg.wikia.com/wiki/Special:FilePath/Sennex_Slave_Bunker.jpg	=	1.0000
http://starwars.wikia.com/wiki/Special:FilePath/Myssith.jpg	http://swg.wikia.com/wiki/Special:FilePath/Myssith.jpg	=	1.0000
http://dbkwik.webdatacommons.org/starwars.wikia.com/resource/Tatooine_Travel_Advertisement	http://dbkwik.webdatacommons.org/swg.wikia.com/resource/Tatooine_Travel_Advertisement	=	1.0000
http://starwars.wikia.com/wiki/Special:FilePath/Rubina.jpg	http://swg.wikia.com/wiki/Special:FilePath/Rubina.jpg	=	1.0000
http://dbkwik.webdatacommons.org/starwars.wikia.com/resource/Harla	http://dbkwik.webdatacommons.org/swg.wikia.com/resource/Harla	=	1.0000
http://dbkwik.webdatacommons.org/starwars.wikia.com/resource/V-wing	http://dbkwik.webdatacommons.org/swg.wikia.com/resource/V-Wing	=	1.0000
http://dbkwik.webdatacommons.org/starwars.wikia.com/resource/Adept	http://dbkwik.webdatacommons.org/swg.wikia.com/resource/Adept	=	1.0000
http://dbkwik.webdatacommons.org/starwars.wikia.com/resource/Escape_pod	http://dbkwik.webdatacommons.org/swg.wikia.com/resource/Escape_Pod	=	1.0000
http://dbkwik.webdatacommons.org/starwars.wikia.com/resource/Mandalorian_armor	http://dbkwik.webdatacommons.org/swg.wikia.com/resource/Mandalorian_armor	=	1.0000
http://dbkwik.webdatacommons.org/starwars.wikia.com/resource/Gravin_Attal	http://dbkwik.webdatacommons.org/swg.wikia.com/resource/Gravin_Attal	=	1.0000
http://dbkwik.webdatacommons.org/starwars.wikia.com/resource/Tantel_armor	http://dbkwik.webdatacommons.org/swg.wikia.com/resource/Tantel_armor	=	1.0000
http://dbkwik.webdatacommons.org/starwars.wikia.com/resource/Karrek_Flim	http://dbkwik.webdatacommons.org/swg.wikia.com/resource/Karrek_Flim	=	1.0000
http://starwars.wikia.com/wiki/Special:FilePath/KypDurron.jpg	http://swg.wikia.com/wiki/Special:FilePath/Kyp-durron.jpg	=	1.0000
http://dbkwik.webdatacommons.org/starwars.wikia.com/resource/Dantari	http://dbkwik.webdatacommons.org/swg.wikia.com/resource/Dantari	=	1.0000
http://dbkwik.webdatacommons.org/starwars.wikia.com/resource/Gruuvan_shaal	http://dbkwik.webdatacommons.org/swg.wikia.com/resource/Gruuvan_Shaal	=	1.0000
http://dbkwik.webdatacommons.org/starwars.wikia.com/resource/Nym%27s_Hovel	http://dbkwik.webdatacommons.org/swg.wikia.com/resource/Nym%27s_Hovel	=	1.0000
http://starwars.wikia.com/wiki/Special:FilePath/Versafunction88_Datapad.jpg	http://swg.wikia.com/wiki/Special:FilePath/Versafunction88-Datapad.jpg	=	1.0000
http://starwars.wikia.com/wiki/Special:FilePath/KisoytSoliger.jpg	http://swg.wikia.com/wiki/Special:FilePath/Kisoyt-Soliger.jpg	=	1.0000
http://starwars.wikia.com/wiki/Special:FilePath/SennexSlaveBunker.jpg?width=300	http://swg.wikia.com/wiki/Special:FilePath/Sennex_Slave_Bunker.jpg?width=300	=	1.0000
http://dbkwik.webdatacommons.org/starwars.wikia.com/resource/Geonosian	http://dbkwik.webdatacommons.org/swg.wikia.com/resource/Geonosian	=	1.0000
http://starwars.wikia.com/wiki/Special:FilePath/Balfur.jpg?width=300	http://swg.wikia.com/wiki/Special:FilePath/Balfur.jpg?width=300	=	1.0000
http://starwars.wikia.com/wiki/Special:FilePath/Dahlia.jpg?width=300	http://swg.wikia.com/wiki/Special:FilePath/Dahlia.jpg?width=300	=	1.0000
http://dbkwik.webdatacommons.org/starwars.wikia.com/resource/Crystal_Flats	http://dbkwik.webdatacommons.org/swg.wikia.com/resource/Crystal_Flats	=	1.0000
http://starwars.wikia.com/wiki/Special:FilePath/Rebel_Hideout_Corellia.jpg?width=300	http://swg.wikia.com/wiki/Special:FilePath/Rebel_Hideout_Corellia.jpg?width=300	=	1.0000
http://dbkwik.webdatacommons.org/starwars.wikia.com/resource/Wrhisch	http://dbkwik.webdatacommons.org/swg.wikia.com/resource/Wrhisch	=	1.0000
http://starwars.wikia.com/wiki/Special:FilePath/Lord_Nyax.jpg	http://swg.wikia.com/wiki/Special:FilePath/Lord_Nyax.jpg	=	1.0000
http://dbkwik.webdatacommons.org/starwars.wikia.com/resource/Species	http://dbkwik.webdatacommons.org/swg.wikia.com/property/species	=	1.0000
http://dbkwik.webdatacommons.org/starwars.wikia.com/resource/Giant_bark_mite_cave	http://dbkwik.webdatacommons.org/swg.wikia.com/resource/Giant_Bark_Mite_Cave	=	1.0000
http://starwars.wikia.com/wiki/Special:FilePath/DH17Carbine.jpg	http://swg.wikia.com/wiki/Special:FilePath/DH17_Carbine.jpg	=	1.0000
http://dbkwik.webdatacommons.org/starwars.wikia.com/resource/Lance	http://dbkwik.webdatacommons.org/swg.wikia.com/resource/Lance	=	1.0000
http://dbkwik.webdatacommons.org/starwars.wikia.com/resource/Dawnsorrow_rifle	http://dbkwik.webdatacommons.org/swg.wikia.com/resource/Dawnsorrow_Rifle	=	1.0000
http://starwars.wikia.com/wiki/Special:FilePath/Beissa.jpg?width=300	http://swg.wikia.com/wiki/Special:FilePath/Beissa.jpg?width=300	=	1.0000
http://dbkwik.webdatacommons.org/starwars.wikia.com/resource/Category:Yavin_system	http://dbkwik.webdatacommons.org/swg.wikia.com/resource/Category:Yavin_system	=	1.0000
http://dbkwik.webdatacommons.org/starwars.wikia.com/resource/Sathog	http://dbkwik.webdatacommons.org/swg.wikia.com/resource/Sathog	=	1.0000
http://dbkwik.webdatacommons.org/starwars.wikia.com/resource/Mercenaries%27_Lament	http://dbkwik.webdatacommons.org/swg.wikia.com/resource/Mercenaries%27_Lament	=	1.0000
http://dbkwik.webdatacommons.org/starwars.wikia.com/resource/Bloodfin	http://dbkwik.webdatacommons.org/swg.wikia.com/resource/Bloodfin	=	1.0000
http://starwars.wikia.com/wiki/Special:FilePath/Ywing.jpg?width=300	http://swg.wikia.com/wiki/Special:FilePath/Ywing.jpg?width=300	=	1.0000
http://dbkwik.webdatacommons.org/starwars.wikia.com/resource/Rageon_Vart	http://dbkwik.webdatacommons.org/swg.wikia.com/resource/Rageon_Vart	=	1.0000
http://dbkwik.webdatacommons.org/starwars.wikia.com/resource/Vershyi_Sharpshooter	http://dbkwik.webdatacommons.org/swg.wikia.com/resource/Vershyi_Sharpshooter	=	1.0000
http://starwars.wikia.com/wiki/Special:FilePath/Correct_mkiii_armor.jpg	http://swg.wikia.com/wiki/Special:FilePath/Correct_mkiii_armor.jpg	=	1.0000
http://dbkwik.webdatacommons.org/starwars.wikia.com/resource/Kor_Vella	http://dbkwik.webdatacommons.org/swg.wikia.com/resource/Kor_Vella	=	1.0000
http://dbkwik.webdatacommons.org/starwars.wikia.com/resource/Concussion_missile	http://dbkwik.webdatacommons.org/swg.wikia.com/resource/Concussion_missile	=	1.0000
http://starwars.wikia.com/wiki/Special:FilePath/Eyma.jpg	http://swg.wikia.com/wiki/Special:FilePath/Eyma.jpg	=	1.0000
http://dbkwik.webdatacommons.org/starwars.wikia.com/resource/Regeneration	http://dbkwik.webdatacommons.org/swg.wikia.com/resource/Regeneration	=	1.0000
http://starwars.wikia.com/wiki/Special:FilePath/Wayfar.jpg	http://swg.wikia.com/wiki/Special:FilePath/Wayfar.jpg	=	1.0000
http://starwars.wikia.com/wiki/Special:FilePath/Lt-joth.jpg?width=300	http://swg.wikia.com/wiki/Special:FilePath/Lt-joth.jpg?width=300	=	1.0000
http://starwars.wikia.com/wiki/Special:FilePath/Binoculars.jpg	http://swg.wikia.com/wiki/Special:FilePath/Binoculars.jpg	=	1.0000
http://dbkwik.webdatacommons.org/starwars.wikia.com/property/species	http://dbkwik.webdatacommons.org/swg.wikia.com/resource/Species	=	1.0000
http://dbkwik.webdatacommons.org/starwars.wikia.com/resource/Dark_trooper	http://dbkwik.webdatacommons.org/swg.wikia.com/resource/Dark_trooper	=	1.0000
http://starwars.wikia.com/wiki/Special:FilePath/HugoEckener.jpg?width=300	http://swg.wikia.com/wiki/Special:FilePath/Hugo-eckener.jpg?width=300	=	1.0000
http://dbkwik.webdatacommons.org/starwars.wikia.com/property/developer	http://dbkwik.webdatacommons.org/swg.wikia.com/property/developer	=	1.0000
http://dbkwik.webdatacommons.org/starwars.wikia.com/resource/Chef	http://dbkwik.webdatacommons.org/swg.wikia.com/resource/Chef	=	1.0000
http://dbkwik.webdatacommons.org/starwars.wikia.com/resource/Bordok	http://dbkwik.webdatacommons.org/swg.wikia.com/resource/Bordok	=	1.0000
http://starwars.wikia.com/wiki/Special:FilePath/Karin-featherlight.jpg?width=300	http://swg.wikia.com/wiki/Special:FilePath/Karin-featherlight.jpg?width=300	=	1.0000
http://dbkwik.webdatacommons.org/starwars.wikia.com/resource/Perlek	http://dbkwik.webdatacommons.org/swg.wikia.com/resource/Perlek	=	1.0000
http://dbkwik.webdatacommons.org/starwars.wikia.com/resource/Cuan_Talon	http://dbkwik.webdatacommons.org/swg.wikia.com/resource/Cuan_Talon	=	1.0000
http://dbkwik.webdatacommons.org/starwars.wikia.com/resource/Blacklight_Territory	http://dbkwik.webdatacommons.org/swg.wikia.com/resource/Blacklight_Territory	=	1.0000
http://dbkwik.webdatacommons.org/starwars.wikia.com/resource/Tyrena	http://dbkwik.webdatacommons.org/swg.wikia.com/resource/Tyrena	=	1.0000
http://starwars.wikia.com/wiki/Special:FilePath/Tanrayheartcrystal.jpg	http://swg.wikia.com/wiki/Special:FilePath/Tanrayheartcrystal.jpg	=	1.0000
http://starwars.wikia.com/wiki/Special:FilePath/Kole.png	http://swg.wikia.com/wiki/Special:FilePath/Kole.png	=	1.0000
http://dbkwik.webdatacommons.org/starwars.wikia.com/resource/Wuher	http://dbkwik.webdatacommons.org/swg.wikia.com/resource/Wuher	=	1.0000
http://starwars.wikia.com/wiki/Special:FilePath/Downed_Imperial_Transport.jpg	http://swg.wikia.com/wiki/Special:FilePath/Downed-imperial-transport.jpg	=	1.0000
http://dbkwik.webdatacommons.org/starwars.wikia.com/resource/Krahbu	http://dbkwik.webdatacommons.org/swg.wikia.com/resource/Krahbu	=	1.0000
http://dbkwik.webdatacommons.org/starwars.wikia.com/resource/Tien_Wallub	http://dbkwik.webdatacommons.org/swg.wikia.com/resource/Tien_Wallub	=	1.0000
http://dbkwik.webdatacommons.org/starwars.wikia.com/class/armor	http://dbkwik.webdatacommons.org/swg.wikia.com/class/armor	=	1.0000
http://starwars.wikia.com/wiki/Special:FilePath/LilasDinhint.jpg?width=300	http://swg.wikia.com/wiki/Special:FilePath/Lilas-dinhint.jpg?width=300	=	1.0000
http://dbkwik.webdatacommons.org/starwars.wikia.com/resource/Flare-S_swoop	http://dbkwik.webdatacommons.org/swg.wikia.com/resource/Flare_S_Swoop	=	1.0000
http://dbkwik.webdatacommons.org/starwars.wikia.com/resource/Ikopi	http://dbkwik.webdatacommons.org/swg.wikia.com/resource/Ikopi	=	1.0000
http://starwars.wikia.com/wiki/Special:FilePath/Kashyyykian_fireplace.jpg	http://swg.wikia.com/wiki/Special:FilePath/Kashyyykian_Fireplace.jpg	=	1.0000
http://dbkwik.webdatacommons.org/starwars.wikia.com/resource/Spy	http://dbkwik.webdatacommons.org/swg.wikia.com/resource/Spy	=	1.0000
http://starwars.wikia.com/wiki/Special:FilePath/Treun_Lorn.jpg	http://swg.wikia.com/wiki/Special:FilePath/Treun_Lorn.jpg	=	1.0000
http://dbkwik.webdatacommons.org/starwars.wikia.com/resource/Cu-pa	http://dbkwik.webdatacommons.org/swg.wikia.com/resource/Cu_Pa	=	1.0000
http://starwars.wikia.com/wiki/Special:FilePath/Stunbaton.jpg	http://swg.wikia.com/wiki/Special:FilePath/Stunbaton.jpg	=	1.0000
http://dbkwik.webdatacommons.org/starwars.wikia.com/resource/Kessel_system	http://dbkwik.webdatacommons.org/swg.wikia.com/resource/Kessel_system	=	1.0000
http://dbkwik.webdatacommons.org/starwars.wikia.com/resource/Deep_woods_poachers	http://dbkwik.webdatacommons.org/swg.wikia.com/resource/Deep_Woods_Poacher	=	0.9632
http://starwars.wikia.com/wiki/Special:FilePath/AEG-77.jpg	http://swg.wikia.com/wiki/Special:FilePath/Aeg-77.jpg	=	1.0000
http://dbkwik.webdatacommons.org/starwars.wikia.com/resource/Commander	http://dbkwik.webdatacommons.org/swg.wikia.com/resource/Commander	=	1.0000
http://starwars.wikia.com/wiki/Special:FilePath/:Ewok_Crossbow.jpg	http://swg.wikia.com/wiki/Special:FilePath/Ewok_Crossbow.jpg	=	1.0000
http://dbkwik.webdatacommons.org/starwars.wikia.com/resource/Talus_Secta	http://dbkwik.webdatacommons.org/swg.wikia.com/resource/Talus_Secta	=	1.0000
http://dbkwik.webdatacommons.org/starwars.wikia.com/resource/CDEF_rifle	http://dbkwik.webdatacommons.org/swg.wikia.com/resource/CDEF_Rifle	=	1.0000
http://dbkwik.webdatacommons.org/starwars.wikia.com/resource/Varactyl	http://dbkwik.webdatacommons.org/swg.wikia.com/resource/Varactyl	=	1.0000
http://starwars.wikia.com/wiki/Special:FilePath/Battle_of_Hoth.jpg	http://swg.wikia.com/wiki/Special:FilePath/Battle_of_Hoth.jpg	=	1.0000
http://starwars.wikia.com/wiki/Special:FilePath/Greater_Misty_Falls.jpg	http://swg.wikia.com/wiki/Special:FilePath/Greater_Misty_Falls.jpg	=	1.0000
http://starwars.wikia.com/wiki/Special:FilePath/Saun-dann.jpg?width=300	http://swg.wikia.com/wiki/Special:FilePath/Saun_dann.jpg?width=300	=	1.0000
http://starwars.wikia.com/wiki/Special:FilePath/Stun_Baton.jpg	http://swg.wikia.com/wiki/Special:FilePath/Stun_Baton.jpg	=	1.0000
http://dbkwik.webdatacommons.org/starwars.wikia.com/resource/Chiss	http://dbkwik.webdatacommons.org/swg.wikia.com/resource/Chiss	=	1.0000
http://starwars.wikia.com/wiki/Special:FilePath/Kenkirk.jpg?width=300	http://swg.wikia.com/wiki/Special:FilePath/Kenkirk.jpg?width=300	=	1.0000
http://starwars.wikia.com/wiki/Special:FilePath/MilitaryTravelPack.jpg	http://swg.wikia.com/wiki/Special:FilePath/Military_Travel_Pack.jpg	=	1.0000
http://dbkwik.webdatacommons.org/starwars.wikia.com/resource/Star_Wars_Galaxies:_Trials_of_Obi-Wan	http://dbkwik.webdatacommons.org/swg.wikia.com/resource/Star_Wars_Galaxies:_Trials_of_Obi-Wan	=	1.0000
http://starwars.wikia.com/wiki/Special:FilePath/Untas.jpg?width=300	http://swg.wikia.com/wiki/Special:FilePath/Untas.jpg?width=300	=	1.0000
http://dbkwik.webdatacommons.org/starwars.wikia.com/resource/Elshandruu_Pica_Thundercloud	http://dbkwik.webdatacommons.org/swg.wikia.com/resource/Elshandruu_Pica_Thundercloud	=	1.0000
http://starwars.wikia.com/wiki/Special:FilePath/GunshipBlueprint.jpg?width=300	http://swg.wikia.com/wiki/Special:FilePath/Gunship_Blueprint.jpg?width=300	=	1.0000
http://starwars.wikia.com/wiki/Special:FilePath/Tuwezz-vol.jpg?width=300	http://swg.wikia.com/wiki/Special:FilePath/Tuwezz-vol.jpg?width=300	=	1.0000
http://dbkwik.webdatacommons.org/starwars.wikia.com/resource/Mullud_Bombo	http://dbkwik.webdatacommons.org/swg.wikia.com/resource/Mullud_Bombo	=	1.0000
http://dbkwik.webdatacommons.org/starwars.wikia.com/resource/Han_Solo	http://dbkwik.webdatacommons.org/swg.wikia.com/resource/Han_Solo	=	1.0000
http://dbkwik.webdatacommons.org/starwars.wikia.com/resource/Horn	http://dbkwik.webdatacommons.org/swg.wikia.com/resource/Horn	=	1.0000
http://dbkwik.webdatacommons.org/starwars.wikia.com/resource/Basilisk_war_droid	http://dbkwik.webdatacommons.org/swg.wikia.com/resource/Basilisk_War_Droid	=	1.0000
http://starwars.wikia.com/wiki/Special:FilePath/Aurilian_fruit.jpg?width=300	http://swg.wikia.com/wiki/Special:FilePath/Aurilian_Fruit.jpg?width=300	=	1.0000
http://starwars.wikia.com/wiki/Special:FilePath/SWG_Memory_Book.jpg	http://swg.wikia.com/wiki/Special:FilePath/SWG_Memory_Book.jpg	=	1.0000
http://starwars.wikia.com/wiki/Special:FilePath/Power_5_Pistol.jpg?width=300	http://swg.wikia.com/wiki/Special:FilePath/Power5Pistol.jpg?width=300	=	0.9538
http://starwars.wikia.com/wiki/Special:FilePath/Gorax.jpg	http://swg.wikia.com/wiki/Special:FilePath/Gorax.jpg	=	1.0000
http://starwars.wikia.com/wiki/Special:FilePath/MemoriesPast.jpg	http://swg.wikia.com/wiki/Special:FilePath/Memories_Past.jpg	=	1.0000
http://dbkwik.webdatacommons.org/starwars.wikia.com/resource/Grek	http://dbkwik.webdatacommons.org/swg.wikia.com/resource/Grek	=	1.0000
http://dbkwik.webdatacommons.org/starwars.wikia.com/resource/The_War_Phoenix	http://dbkwik.webdatacommons.org/swg.wikia.com/resource/The_War_Phoenix	=	1.0000
http://dbkwik.webdatacommons.org/starwars.wikia.com/resource/Novatrooper	http://dbkwik.webdatacommons.org/swg.wikia.com/resource/Novatrooper	=	1.0000
http://dbkwik.webdatacommons.org/starwars.wikia.com/resource/Sy_Snootles	http://dbkwik.webdatacommons.org/swg.wikia.com/resource/Sy_Snootles	=	1.0000
http://starwars.wikia.com/wiki/Special:FilePath/Dooku.jpg?width=300	http://swg.wikia.com/wiki/Special:FilePath/Dooku.jpg?width=300	=	1.0000
http://dbkwik.webdatacommons.org/starwars.wikia.com/resource/Wayfar	http://dbkwik.webdatacommons.org/swg.wikia.com/resource/Wayfar	=	1.0000
http://dbkwik.webdatacommons.org/starwars.wikia.com/resource/Worrt_casserole	http://dbkwik.webdatacommons.org/swg.wikia.com/resource/Worrt_Casserole	=	1.0000
http://starwars.wikia.com/wiki/Special:FilePath/HeavyAcidRifle.jpg?width=300	http://swg.wikia.com/wiki/Special:FilePath/Heavy_acid_rifle.jpg?width=300	=	1.0000
http://starwars.wikia.com/wiki/Special:FilePath/Dathomir.jpg	http://swg.wikia.com/wiki/Special:FilePath/Dathomir.jpg	=	1.0000
http://starwars.wikia.com/wiki/Special:FilePath///wizards.com/swtcg/images/esb/gallofree_medium_transport.jpg?width=300	http://swg.wikia.com/wiki/Special:FilePath/Gallofree_medium_transport.jpg?width=300	=	1.0000
http://starwars.wikia.com/wiki/Special:FilePath/Karthakk_spine.jpg	http://swg.wikia.com/wiki/Special:FilePath/Karthakk_spine.jpg	=	1.0000
http://dbkwik.webdatacommons.org/starwars.wikia.com/resource/The_Void	http://dbkwik.webdatacommons.org/swg.wikia.com/resource/The_Void	=	1.0000
http://dbkwik.webdatacommons.org/starwars.wikia.com/resource/A-wing	http://dbkwik.webdatacommons.org/swg.wikia.com/resource/A-wing	=	1.0000
http://dbkwik.webdatacommons.org/starwars.wikia.com/resource/Imperial_Oasis_Incident	http://dbkwik.webdatacommons.org/swg.wikia.com/resource/Imperial_Oasis_Incident	=	1.0000
http://dbkwik.webdatacommons.org/starwars.wikia.com/resource/Mol_Ni%27mai	http://dbkwik.webdatacommons.org/swg.wikia.com/resource/Mol_Ni%27mai	=	1.0000
http://starwars.wikia.com/wiki/Special:FilePath/Paralope.jpg?width=300	http://swg.wikia.com/wiki/Special:FilePath/Paralope.jpg?width=300	=	1.0000
http://dbkwik.webdatacommons.org/starwars.wikia.com/resource/Fighter_Study	http://dbkwik.webdatacommons.org/swg.wikia.com/resource/Fighter_Study	=	1.0000
http://dbkwik.webdatacommons.org/starwars.wikia.com/resource/Kash_Nunes	http://dbkwik.webdatacommons.org/swg.wikia.com/resource/Kash_Nunes	=	1.0000
http://starwars.wikia.com/wiki/Special:FilePath/Ephant_Mon.jpg	http://swg.wikia.com/wiki/Special:FilePath/%0AEphantMon.jpg	=	1.0000
http://starwars.wikia.com/wiki/Special:FilePath/Painted_Spat.jpg	http://swg.wikia.com/wiki/Special:FilePath/Painted_Spat.jpg	=	1.0000
http://dbkwik.webdatacommons.org/starwars.wikia.com/resource/Alliance_disruptor	http://dbkwik.webdatacommons.org/swg.wikia.com/resource/Alliance_Disruptor	=	1.0000
http://starwars.wikia.com/wiki/Special:FilePath/Bageraset.png	http://swg.wikia.com/wiki/Special:FilePath/Bageraset.png	=	1.0000
http://dbkwik.webdatacommons.org/starwars.wikia.com/resource/Ollobo	http://dbkwik.webdatacommons.org/swg.wikia.com/resource/Ollobo	=	1.0000
http://dbkwik.webdatacommons.org/starwars.wikia.com/resource/Fishing	http://dbkwik.webdatacommons.org/swg.wikia.com/resource/Fishing	=	1.0000
http://dbkwik.webdatacommons.org/starwars.wikia.com/resource/Mouf	http://dbkwik.webdatacommons.org/swg.wikia.com/resource/Mouf	=	1.0000
http://dbkwik.webdatacommons.org/starwars.wikia.com/resource/Pfilbee_Jhorn	http://dbkwik.webdatacommons.org/swg.wikia.com/resource/Pfilbee_Jhorn	=	1.0000
http://dbkwik.webdatacommons.org/starwars.wikia.com/resource/Category:Naboo_system	http://dbkwik.webdatacommons.org/swg.wikia.com/resource/Category:Naboo_system	=	1.0000
http://starwars.wikia.com/wiki/Special:FilePath/Karthakk_spine.jpg?width=300	http://swg.wikia.com/wiki/Special:FilePath/Karthakk_spine.jpg?width=300	=	1.0000
http://starwars.wikia.com/wiki/Special:FilePath/Protective_Liquid_Coating.jpg?width=300	http://swg.wikia.com/wiki/Special:FilePath/Protective_Liquid_Coating.jpg?width=300	=	1.0000
http://dbkwik.webdatacommons.org/starwars.wikia.com/resource/Garrmorl	http://dbkwik.webdatacommons.org/swg.wikia.com/resource/Garrmorl	=	1.0000
http://dbkwik.webdatacommons.org/starwars.wikia.com/resource/Heating_element	http://dbkwik.webdatacommons.org/swg.wikia.com/resource/Heating_Element	=	1.0000
http://starwars.wikia.com/wiki/Special:FilePath/ChokuMale.jpg?width=300	http://swg.wikia.com/wiki/Special:FilePath/ChokuMale.jpg?width=300	=	1.0000
http://starwars.wikia.com/wiki/Special:FilePath/Cornburr.jpg	http://swg.wikia.com/wiki/Special:FilePath/Cornburr.jpg	=	1.0000
http://dbkwik.webdatacommons.org/starwars.wikia.com/resource/Corellian_system	http://dbkwik.webdatacommons.org/swg.wikia.com/resource/Corellian_system	=	1.0000
http://starwars.wikia.com/wiki/Special:FilePath/Dakar.jpg	http://swg.wikia.com/wiki/Special:FilePath/Dakar.jpg	=	1.0000
http://dbkwik.webdatacommons.org/starwars.wikia.com/resource/Mother_Queen	http://dbkwik.webdatacommons.org/swg.wikia.com/resource/Mother_Queen	=	1.0000
http://dbkwik.webdatacommons.org/starwars.wikia.com/resource/Deep_Sea	http://dbkwik.webdatacommons.org/swg.wikia.com/resource/Deep_Sea	=	1.0000
http://dbkwik.webdatacommons.org/starwars.wikia.com/resource/Dathomir	http://dbkwik.webdatacommons.org/swg.wikia.com/resource/Dathomir	=	1.0000
http://starwars.wikia.com/wiki/Special:FilePath/Krahbu.jpg	http://swg.wikia.com/wiki/Special:FilePath/Krahbu.jpg	=	1.0000
http://starwars.wikia.com/wiki/Special:FilePath/Proton_rifle.jpg	http://swg.wikia.com/wiki/Special:FilePath/ProtonRifle.jpg	=	1.0000
http://starwars.wikia.com/wiki/Special:FilePath/NewinSeedel.jpg?width=300	http://swg.wikia.com/wiki/Special:FilePath/Newin-seedel.jpg?width=300	=	1.0000
http://dbkwik.webdatacommons.org/starwars.wikia.com/resource/Kashyyyk_stalker_pistol	http://dbkwik.webdatacommons.org/swg.wikia.com/resource/Kashyyyk_Stalker_Pistol	=	1.0000
http://dbkwik.webdatacommons.org/starwars.wikia.com/resource/Remote_detonator	http://dbkwik.webdatacommons.org/swg.wikia.com/resource/Remote_Detonator	=	1.0000
http://dbkwik.webdatacommons.org/starwars.wikia.com/resource/Citros_snow_cake	http://dbkwik.webdatacommons.org/swg.wikia.com/resource/Citros_Snow_Cake	=	1.0000
http://starwars.wikia.com/wiki/Special:FilePath/BorvoBunker.jpg?width=300	http://swg.wikia.com/wiki/Special:FilePath/Borvo-bunker.jpg?width=300	=	1.0000
http://dbkwik.webdatacommons.org/starwars.wikia.com/resource/Luthik_Uwyr	http://dbkwik.webdatacommons.org/swg.wikia.com/resource/Luthik_Uwyr	=	1.0000
http://starwars.wikia.com/wiki/Special:FilePath/Snotharr.jpg	http://swg.wikia.com/wiki/Special:FilePath/Snotharr.jpg	=	1.0000
http://starwars.wikia.com/wiki/Special:FilePath/Tala%27oree.jpg	http://swg.wikia.com/wiki/Special:FilePath/Tala%27oree.jpg	=	1.0000
http://starwars.wikia.com/wiki/Special:FilePath/ValanceSerth.jpg	http://swg.wikia.com/wiki/Special:FilePath/Valance_Serth.jpg	=	1.0000
http://dbkwik.webdatacommons.org/starwars.wikia.com/resource/Mystic_Corellia	http://dbkwik.webdatacommons.org/swg.wikia.com/resource/Mystic_Corellia	=	1.0000
http://dbkwik.webdatacommons.org/starwars.wikia.com/resource/Tao-Ni_Security_Compound	http://dbkwik.webdatacommons.org/swg.wikia.com/resource/Tao-Ni_Security_Compound	=	1.0000
http://dbkwik.webdatacommons.org/starwars.wikia.com/resource/Isk	http://dbkwik.webdatacommons.org/swg.wikia.com/resource/Isk	=	1.0000
http://dbkwik.webdatacommons.org/starwars.wikia.com/resource/Pyollian_cake	http://dbkwik.webdatacommons.org/swg.wikia.com/resource/Pyollian_Cake	=	1.0000
http://dbkwik.webdatacommons.org/starwars.wikia.com/resource/Vani_Korr	http://dbkwik.webdatacommons.org/swg.wikia.com/resource/Vani_Korr	=	1.0000
http://dbkwik.webdatacommons.org/starwars.wikia.com/resource/Klatooinian	http://dbkwik.webdatacommons.org/swg.wikia.com/resource/Klatooinian	=	1.0000
http://starwars.wikia.com/wiki/Special:FilePath/Dawnsorrow_rifle.jpg?width=300	http://swg.wikia.com/wiki/Special:FilePath/DawnsorrowRifle.jpg?width=300	=	1.0000
http://starwars.wikia.com/wiki/Special:FilePath/Lurval.jpg?width=300	http://swg.wikia.com/wiki/Special:FilePath/Lurval.jpg?width=300	=	1.0000
http://dbkwik.webdatacommons.org/starwars.wikia.com/resource/Squadron	http://dbkwik.webdatacommons.org/swg.wikia.com/resource/Squadron	=	1.0000
http://dbkwik.webdatacommons.org/starwars.wikia.com/resource/Alliance_Cold_Weather_Boots	http://dbkwik.webdatacommons.org/swg.wikia.com/resource/Alliance_Cold_Weather_Boots	=	1.0000
http://starwars.wikia.com/wiki/Special:FilePath/Lars%27_Homestead.jpg	http://swg.wikia.com/wiki/Special:FilePath/LarsHomestead.jpg	=	1.0000
http://dbkwik.webdatacommons.org/starwars.wikia.com/resource/Lava_flea	http://dbkwik.webdatacommons.org/swg.wikia.com/resource/Lava_Flea	=	1.0000
http://dbkwik.webdatacommons.org/starwars.wikia.com/resource/Rori	http://dbkwik.webdatacommons.org/swg.wikia.com/resource/Rori	=	1.0000
http://starwars.wikia.com/wiki/Special:FilePath/AEG-77.jpg?width=300	http://swg.wikia.com/wiki/Special:FilePath/Aeg-77.jpg?width=300	=	1.0000
http://starwars.wikia.com/wiki/Special:FilePath/M22-T_Krayt_Gunship.jpg?width=300	http://swg.wikia.com/wiki/Special:FilePath/M22-T_Krayt_Gunship.jpg?width=300	=	1.0000
http://starwars.wikia.com/wiki/Special:FilePath/Tusken_Bunker.jpg	http://swg.wikia.com/wiki/Special:FilePath/Tusken-bunker.jpg	=	1.0000
http://starwars.wikia.com/wiki/Special:FilePath/ValarianPodRacersBunker.jpg?width=300	http://swg.wikia.com/wiki/Special:FilePath/Valarian-pod-racers-bunker.jpg?width=300	=	1.0000
http://dbkwik.webdatacommons.org/starwars.wikia.com/resource/Curved_sword	http://dbkwik.webdatacommons.org/swg.wikia.com/resource/Curved_Sword	=	1.0000
http://dbkwik.webdatacommons.org/starwars.wikia.com/resource/Rogue_CorSec_Base	http://dbkwik.webdatacommons.org/swg.wikia.com/resource/Rogue_CorSec_Base	=	1.0000
http://dbkwik.webdatacommons.org/starwars.wikia.com/resource/Force_healing	http://dbkwik.webdatacommons.org/swg.wikia.com/resource/Force_Healing	=	1.0000
http://starwars.wikia.com/wiki/Special:FilePath/Dannik_malaan.jpg	http://swg.wikia.com/wiki/Special:FilePath/Dannik_malaan.jpg	=	1.0000
http://starwars.wikia.com/wiki/Special:FilePath/Tusken_Bunker.jpg?width=300	http://swg.wikia.com/wiki/Special:FilePath/Tusken-bunker.jpg?width=300	=	1.0000
http://dbkwik.webdatacommons.org/starwars.wikia.com/resource/Cloak	http://dbkwik.webdatacommons.org/swg.wikia.com/resource/Cloak	=	1.0000
http://dbkwik.webdatacommons.org/starwars.wikia.com/resource/Bofa_treat	http://dbkwik.webdatacommons.org/swg.wikia.com/resource/Bofa_Treat	=	1.0000
http://dbkwik.webdatacommons.org/starwars.wikia.com/resource/Green	http://dbkwik.webdatacommons.org/swg.wikia.com/resource/Green	=	1.0000
http://dbkwik.webdatacommons.org/starwars.wikia.com/resource/Shaupaut	http://dbkwik.webdatacommons.org/swg.wikia.com/resource/Shaupaut	=	1.0000
http://starwars.wikia.com/wiki/Special:FilePath/Kashyyykian_fireplace.jpg?width=300	http://swg.wikia.com/wiki/Special:FilePath/Kashyyykian_Fireplace.jpg?width=300	=	1.0000
