SrcEntity	TgtEntity	Relation	Score
http://dbkwik.webdatacommons.org/starwars.wikia.com/resource/Timeline_9:_The_Mandalorian_Wars	http://dbkwik.webdatacommons.org/swtor.wikia.com/resource/Timeline_9:_The_Mandalorian_Wars	=	1.0000
http://dbkwik.webdatacommons.org/starwars.wikia.com/property/width	http://dbkwik.webdatacommons.org/swtor.wikia.com/property/width	=	1.0000
http://dbkwik.webdatacommons.org/starwars.wikia.com/resource/Thon%27s_Jedi_Master	http://dbkwik.webdatacommons.org/swtor.wikia.com/resource/Thon%27s_Jedi_Master	=	1.0000
http://dbkwik.webdatacommons.org/starwars.wikia.com/resource/Paran_Am-Ris	http://dbkwik.webdatacommons.org/swtor.wikia.com/resource/Paran_Am-Ris	=	1.0000
http://dbkwik.webdatacommons.org/starwars.wikia.com/resource/Force_speed	http://dbkwik.webdatacommons.org/swtor.wikia.com/resource/Force_Speed	=	1.0000
http://dbkwik.webdatacommons.org/starwars.wikia.com/property/title	http://dbkwik.webdatacommons.org/swtor.wikia.com/property/title	=	1.0000
http://dbkwik.webdatacommons.org/starwars.wikia.com/property/moon	http://dbkwik.webdatacommons.org/swtor.wikia.com/resource/Moon	=	1.0000
http://dbkwik.webdatacommons.org/starwars.wikia.com/resource/Georgia_Van_Cuylenburg	http://dbkwik.webdatacommons.org/swtor.wikia.com/resource/Georgia_Van_Cuylenburg	=	1.0000
http://dbkwik.webdatacommons.org/starwars.wikia.com/resource/Brian_Bloom	http://dbkwik.webdatacommons.org/swtor.wikia.com/resource/Brian_Bloom	=	1.0000
http://dbkwik.webdatacommons.org/starwars.wikia.com/resource/Skyslasher	http://dbkwik.webdatacommons.org/swtor.wikia.com/resource/Skyslasher	=	1.0000
http://dbkwik.webdatacommons.org/starwars.wikia.com/resource/Lahzar	http://dbkwik.webdatacommons.org/swtor.wikia.com/resource/Lahzar	=	1.0000
http://dbkwik.webdatacommons.org/starwars.wikia.com/resource/Mako	http://dbkwik.webdatacommons.org/swtor.wikia.com/resource/Mako	=	1.0000
http://dbkwik.webdatacommons.org/starwars.wikia.com/resource/Gil	http://dbkwik.webdatacommons.org/swtor.wikia.com/resource/Gil	=	1.0000
http://starwars.wikia.com/wiki/Special:FilePath/Zhar.jpg?width=300	http://swtor.wikia.com/wiki/Special:FilePath/Zhar.jpg?width=300	=	1.0000
http://dbkwik.webdatacommons.org/starwars.wikia.com/resource/Category:Character_infobox_templates	http://dbkwik.webdatacommons.org/swtor.wikia.com/resource/Category:Character_Infobox_Templates	=	1.0000
http://dbkwik.webdatacommons.org/starwars.wikia.com/resource/Teroch-type_gunship	http://dbkwik.webdatacommons.org/swtor.wikia.com/resource/Teroch-type_gunship	=	1.0000
http://dbkwik.webdatacommons.org/starwars.wikia.com/resource/Hylo_Visz	http://dbkwik.webdatacommons.org/swtor.wikia.com/resource/Hylo_Visz	=	1.0000
http://dbkwik.webdatacommons.org/starwars.wikia.com/resource/Gav_Daragon	http://dbkwik.webdatacommons.org/swtor.wikia.com/resource/Gav_Daragon	=	1.0000
http://starwars.wikia.com/wiki/Special:FilePath/Orlean_Rebel.png?width=300	http://swtor.wikia.com/wiki/Special:FilePath/Orlean_Rebel.png?width=300	=	1.0000
http://starwars.wikia.com/wiki/Special:FilePath/Revanchist_Sith.svg	http://swtor.wikia.com/wiki/Special:FilePath/Revanchist_Sith.svg	=	1.0000
http://dbkwik.webdatacommons.org/starwars.wikia.com/resource/Category:Ceremonies	http://dbkwik.webdatacommons.org/swtor.wikia.com/resource/Category:Ceremonies	=	1.0000
http://dbkwik.webdatacommons.org/starwars.wikia.com/resource/Drall	http://dbkwik.webdatacommons.org/swtor.wikia.com/resource/Drall	=	1.0000
http://starwars.wikia.com/wiki/Special:FilePath/Marl_Dakwin.png?width=300	http://swtor.wikia.com/wiki/Special:FilePath/Marl_Dakwin.png?width=300	=	1.0000
http://dbkwik.webdatacommons.org/starwars.wikia.com/resource/Category:Media	http://dbkwik.webdatacommons.org/swtor.wikia.com/resource/Category:Media	=	1.0000
http://dbkwik.webdatacommons.org/starwars.wikia.com/resource/Rust_Yards	http://dbkwik.webdatacommons.org/swtor.wikia.com/resource/Rust_Yards	=	1.0000
http://dbkwik.webdatacommons.org/starwars.wikia.com/resource/Galaxy	http://dbkwik.webdatacommons.org/swtor.wikia.com/resource/Galaxy	=	1.0000
http://dbkwik.webdatacommons.org/starwars.wikia.com/resource/Kell_dragon	http://dbkwik.webdatacommons.org/swtor.wikia.com/resource/Kell_Dragon	=	1.0000
http://starwars.wikia.com/wiki/Special:FilePath/Sith_Inquisitor_TOR.jpg?width=300	http://swtor.wikia.com/wiki/Special:FilePath/Sith_Inquisitor_TOR.jpg?width=300	=	1.0000
http://dbkwik.webdatacommons.org/starwars.wikia.com/resource/Aldren_Dayos	http://dbkwik.webdatacommons.org/swtor.wikia.com/resource/Aldren_Dayos	=	1.0000
http://dbkwik.webdatacommons.org/starwars.wikia.com/resource/Drev_Hassin	http://dbkwik.webdatacommons.org/swtor.wikia.com/resource/Drev_Hassin	=	1.0000
http://dbkwik.webdatacommons.org/starwars.wikia.com/resource/Talaos_City	http://dbkwik.webdatacommons.org/swtor.wikia.com/resource/Talaos_City	=	1.0000
http://dbkwik.webdatacommons.org/starwars.wikia.com/resource/Guild_Bank	http://dbkwik.webdatacommons.org/swtor.wikia.com/resource/Guild_Bank	=	1.0000
http://dbkwik.webdatacommons.org/starwars.wikia.com/resource/Nebulon_Ranger	http://dbkwik.webdatacommons.org/swtor.wikia.com/resource/Nebulon_Ranger	=	1.0000
http://starwars.wikia.com/wiki/Special:FilePath/Mandalorian_Neo-Crusader_armor.png?width=300	http://swtor.wikia.com/wiki/Special:FilePath/Mandalorian_Neo-Crusader_armor.png?width=300	=	1.0000
http://dbkwik.webdatacommons.org/starwars.wikia.com/resource/Barel_Ovair%27s_father	http://dbkwik.webdatacommons.org/swtor.wikia.com/resource/Barel_Ovair%27s_father	=	1.0000
http://starwars.wikia.com/wiki/Special:FilePath/IL-5_Ocula.png	http://swtor.wikia.com/wiki/Special:FilePath/IL-5_Ocula.png	=	1.0000
http://dbkwik.webdatacommons.org/starwars.wikia.com/resource/Category:Selonians	http://dbkwik.webdatacommons.org/swtor.wikia.com/resource/Category:Selonians	=	1.0000
http://dbkwik.webdatacommons.org/starwars.wikia.com/resource/Beast_of_Marka_Ragnos	http://dbkwik.webdatacommons.org/swtor.wikia.com/resource/Beast_of_Marka_Ragnos	=	1.0000
http://starwars.wikia.com/wiki/Special:FilePath/Talos_Drellik.png?width=300	http://swtor.wikia.com/wiki/Special:FilePath/Talos_Drellik.png?width=300	=	1.0000
http://dbkwik.webdatacommons.org/starwars.wikia.com/resource/Benevolence	http://dbkwik.webdatacommons.org/swtor.wikia.com/resource/Benevolence	=	1.0000
http://dbkwik.webdatacommons.org/starwars.wikia.com/resource/Mira_(Mirialan)	http://dbkwik.webdatacommons.org/swtor.wikia.com/resource/Mira_(Mirialan)	=	1.0000
http://dbkwik.webdatacommons.org/starwars.wikia.com/resource/Gundark	http://dbkwik.webdatacommons.org/swtor.wikia.com/resource/Gundark	=	1.0000
http://dbkwik.webdatacommons.org/starwars.wikia.com/resource/Delta-class_carrier	http://dbkwik.webdatacommons.org/swtor.wikia.com/resource/Delta-class_carrier	=	1.0000
http://dbkwik.webdatacommons.org/starwars.wikia.com/resource/GXR-5_Sabotage_Droid	http://dbkwik.webdatacommons.org/swtor.wikia.com/resource/GXR-5_Sabotage_Droid	=	1.0000
http://dbkwik.webdatacommons.org/starwars.wikia.com/resource/Katarr	http://dbkwik.webdatacommons.org/swtor.wikia.com/resource/Katarr	=	1.0000
http://dbkwik.webdatacommons.org/starwars.wikia.com/resource/Category:Utility_templates	http://dbkwik.webdatacommons.org/swtor.wikia.com/resource/Category:Utility_templates	=	1.0000
http://dbkwik.webdatacommons.org/starwars.wikia.com/resource/Bounty_hunter	http://dbkwik.webdatacommons.org/swtor.wikia.com/resource/Bounty_Hunter	=	1.0000
http://dbkwik.webdatacommons.org/starwars.wikia.com/resource/Eternal_Alliance	http://dbkwik.webdatacommons.org/swtor.wikia.com/resource/Eternal_Alliance	=	1.0000
http://dbkwik.webdatacommons.org/starwars.wikia.com/resource/Ifan_Meredith	http://dbkwik.webdatacommons.org/swtor.wikia.com/resource/Ifan_Meredith	=	1.0000
http://dbkwik.webdatacommons.org/starwars.wikia.com/resource/Sniper	http://dbkwik.webdatacommons.org/swtor.wikia.com/resource/Sniper	=	1.0000
http://dbkwik.webdatacommons.org/starwars.wikia.com/resource/Koros_Spaceworks_interceptor	http://dbkwik.webdatacommons.org/swtor.wikia.com/resource/Koros_Spaceworks_interceptor	=	1.0000
http://dbkwik.webdatacommons.org/starwars.wikia.com/resource/Novin_Kelke	http://dbkwik.webdatacommons.org/swtor.wikia.com/resource/Novin_Kelke	=	1.0000
http://dbkwik.webdatacommons.org/starwars.wikia.com/resource/Revaak	http://dbkwik.webdatacommons.org/swtor.wikia.com/resource/Revaak	=	1.0000
http://dbkwik.webdatacommons.org/starwars.wikia.com/resource/Zayne_Carrick	http://dbkwik.webdatacommons.org/swtor.wikia.com/resource/Zayne_Carrick	=	1.0000
http://dbkwik.webdatacommons.org/starwars.wikia.com/resource/Category:Dashade	http://dbkwik.webdatacommons.org/swtor.wikia.com/resource/Category:Dashade	=	1.0000
http://starwars.wikia.com/wiki/Special:FilePath/Ood_Bnar.jpg?width=300	http://swtor.wikia.com/wiki/Special:FilePath/Ood_Bnar.jpg?width=300	=	1.0000
http://dbkwik.webdatacommons.org/starwars.wikia.com/resource/Jamie_Glover	http://dbkwik.webdatacommons.org/swtor.wikia.com/resource/Jamie_Glover	=	1.0000
http://dbkwik.webdatacommons.org/starwars.wikia.com/resource/Jedi_Temple_(Tython)	http://dbkwik.webdatacommons.org/swtor.wikia.com/resource/Jedi_Temple_(Tython)	=	1.0000
http://dbkwik.webdatacommons.org/starwars.wikia.com/resource/SD-0	http://dbkwik.webdatacommons.org/swtor.wikia.com/resource/SD-0	=	1.0000
http://dbkwik.webdatacommons.org/starwars.wikia.com/property/hyperdrive	http://dbkwik.webdatacommons.org/swtor.wikia.com/property/hyperdrive	=	1.0000
http://starwars.wikia.com/wiki/Special:FilePath/RSISdirector.png?width=300	http://swtor.wikia.com/wiki/Special:FilePath/RSISdirector.png?width=300	=	1.0000
http://starwars.wikia.com/wiki/Special:FilePath/SithFighter.jpg?width=300	http://swtor.wikia.com/wiki/Special:FilePath/Sith_Fighter.jpg?width=300	=	1.0000
http://starwars.wikia.com/wiki/Special:FilePath/Rachael_Leigh_Cook.jpg	http://swtor.wikia.com/wiki/Special:FilePath/Rachael_Leigh_Cook.jpg	=	1.0000
http://dbkwik.webdatacommons.org/starwars.wikia.com/resource/Ters_Sendon	http://dbkwik.webdatacommons.org/swtor.wikia.com/resource/Ters_Sendon	=	1.0000
http://dbkwik.webdatacommons.org/starwars.wikia.com/resource/Nikto_Sector	http://dbkwik.webdatacommons.org/swtor.wikia.com/resource/Nikto_Sector	=	1.0000
http://starwars.wikia.com/wiki/Special:FilePath/Iridonia.jpg?width=300	http://swtor.wikia.com/wiki/Special:FilePath/Iridonia.jpg?width=300	=	1.0000
http://dbkwik.webdatacommons.org/starwars.wikia.com/resource/Telos_Security_Force	http://dbkwik.webdatacommons.org/swtor.wikia.com/resource/Telos_Security_Force	=	1.0000
http://dbkwik.webdatacommons.org/starwars.wikia.com/resource/Dantooine	http://dbkwik.webdatacommons.org/swtor.wikia.com/resource/Dantooine	=	1.0000
http://starwars.wikia.com/wiki/Special:FilePath/Rachael_Leigh_Cook.jpg?width=300	http://swtor.wikia.com/wiki/Special:FilePath/Rachael_Leigh_Cook.jpg?width=300	=	1.0000
http://dbkwik.webdatacommons.org/starwars.wikia.com/resource/Chadra-Fan	http://dbkwik.webdatacommons.org/swtor.wikia.com/resource/Chadra-Fan	=	1.0000
http://dbkwik.webdatacommons.org/starwars.wikia.com/resource/Saylew	http://dbkwik.webdatacommons.org/swtor.wikia.com/resource/Saylew	=	1.0000
http://starwars.wikia.com/wiki/Special:FilePath/Writhing_Horror.png	http://swtor.wikia.com/wiki/Special:FilePath/Writhing_Horror.png	=	1.0000
http://starwars.wikia.com/wiki/Special:FilePath/Demagol_unmasked.jpg?width=300	http://swtor.wikia.com/wiki/Special:FilePath/Demagol_unmasked.jpg?width=300	=	1.0000
http://dbkwik.webdatacommons.org/starwars.wikia.com/resource/Suvam_Tan	http://dbkwik.webdatacommons.org/swtor.wikia.com/resource/Suvam_Tan	=	1.0000
http://starwars.wikia.com/wiki/Special:FilePath/Clan_Farr.png	http://swtor.wikia.com/wiki/Special:FilePath/Clan_Farr.png	=	1.0000
http://starwars.wikia.com/wiki/Special:FilePath/Kreiahoodlessconcept.jpg	http://swtor.wikia.com/wiki/Special:FilePath/Kreiahoodlessconcept.jpg	=	1.0000
http://dbkwik.webdatacommons.org/starwars.wikia.com/resource/Dark_Council	http://dbkwik.webdatacommons.org/swtor.wikia.com/resource/Dark_Council	=	1.0000
http://starwars.wikia.com/wiki/Special:FilePath/Vilia_Calimondra.jpg?width=300	http://swtor.wikia.com/wiki/Special:FilePath/Vilia_Calimondra.jpg?width=300	=	1.0000
http://starwars.wikia.com/wiki/Special:FilePath/Revanchist_Sith.svg?width=300	http://swtor.wikia.com/wiki/Special:FilePath/Revanchist_Sith.svg?width=300	=	1.0000
http://dbkwik.webdatacommons.org/starwars.wikia.com/resource/Shiden	http://dbkwik.webdatacommons.org/swtor.wikia.com/resource/Shiden	=	1.0000
http://dbkwik.webdatacommons.org/starwars.wikia.com/resource/Trask_Ulgo	http://dbkwik.webdatacommons.org/swtor.wikia.com/resource/Trask_Ulgo	=	1.0000
http://dbkwik.webdatacommons.org/starwars.wikia.com/resource/Vandar_Tokare	http://dbkwik.webdatacommons.org/swtor.wikia.com/resource/Vandar_Tokare	=	1.0000
http://dbkwik.webdatacommons.org/starwars.wikia.com/resource/Timeline_10:_The_Exar_Kun_War	http://dbkwik.webdatacommons.org/swtor.wikia.com/resource/Timeline_10:_The_Exar_Kun_War	=	1.0000
http://starwars.wikia.com/wiki/Special:FilePath/Qanilia_head2.jpg	http://swtor.wikia.com/wiki/Special:FilePath/Qanilia_head2.jpg	=	1.0000
http://starwars.wikia.com/wiki/Special:FilePath/K-52_Strongarm.jpg?width=300	http://swtor.wikia.com/wiki/Special:FilePath/K-52_Strongarm.jpg?width=300	=	1.0000
http://dbkwik.webdatacommons.org/starwars.wikia.com/resource/M-7_Razorwire	http://dbkwik.webdatacommons.org/swtor.wikia.com/resource/M-7_Razorwire	=	1.0000
http://dbkwik.webdatacommons.org/starwars.wikia.com/resource/Vistis_Garn	http://dbkwik.webdatacommons.org/swtor.wikia.com/resource/Vistis_Garn	=	1.0000
http://dbkwik.webdatacommons.org/starwars.wikia.com/resource/Category:Images_of_Aric_Jorgan	http://dbkwik.webdatacommons.org/swtor.wikia.com/resource/Category:Images_of_Aric_Jorgan	=	1.0000
http://starwars.wikia.com/wiki/Special:FilePath/Join_the_Fight.png	http://swtor.wikia.com/wiki/Special:FilePath/Join_The_Fight.png	=	1.0000
http://dbkwik.webdatacommons.org/starwars.wikia.com/resource/Darth_Charnus	http://dbkwik.webdatacommons.org/swtor.wikia.com/resource/Darth_Charnus	=	1.0000
http://dbkwik.webdatacommons.org/starwars.wikia.com/resource/Yallenkeljo	http://dbkwik.webdatacommons.org/swtor.wikia.com/resource/Yallenkeljo	=	1.0000
http://dbkwik.webdatacommons.org/starwars.wikia.com/resource/Mandalorian_cruiser	http://dbkwik.webdatacommons.org/swtor.wikia.com/resource/Mandalorian_Cruiser	=	1.0000
http://dbkwik.webdatacommons.org/starwars.wikia.com/resource/Jos_Beroya	http://dbkwik.webdatacommons.org/swtor.wikia.com/resource/Jos_Beroya	=	1.0000
http://dbkwik.webdatacommons.org/starwars.wikia.com/resource/Icetromper	http://dbkwik.webdatacommons.org/swtor.wikia.com/resource/Icetromper	=	1.0000
http://starwars.wikia.com/wiki/Special:FilePath/T7-O1.png	http://swtor.wikia.com/wiki/Special:FilePath/T7-O1.png	=	1.0000
http://dbkwik.webdatacommons.org/starwars.wikia.com/resource/Sith_starfighter	http://dbkwik.webdatacommons.org/swtor.wikia.com/resource/Sith_Starfighter	=	1.0000
http://dbkwik.webdatacommons.org/starwars.wikia.com/resource/Mantellian_Savrip	http://dbkwik.webdatacommons.org/swtor.wikia.com/resource/Mantellian_Savrip	=	1.0000
http://starwars.wikia.com/wiki/Special:FilePath/Ulic_qel_droma.jpg?width=300	http://swtor.wikia.com/wiki/Special:FilePath/Ulic_Qel-Droma.jpg?width=300	=	1.0000
http://starwars.wikia.com/wiki/Special:FilePath/Tythonian_War_Droid.png?width=300	http://swtor.wikia.com/wiki/Special:FilePath/Tythonian_War_Droid.png?width=300	=	1.0000
http://dbkwik.webdatacommons.org/starwars.wikia.com/resource/Leviathan	http://dbkwik.webdatacommons.org/swtor.wikia.com/resource/Leviathan	=	1.0000
http://dbkwik.webdatacommons.org/starwars.wikia.com/resource/Axial_Park	http://dbkwik.webdatacommons.org/swtor.wikia.com/resource/Axial_Park	=	1.0000
http://dbkwik.webdatacommons.org/starwars.wikia.com/resource/Language	http://dbkwik.webdatacommons.org/swtor.wikia.com/resource/Language	=	1.0000
http://dbkwik.webdatacommons.org/starwars.wikia.com/resource/Vajar	http://dbkwik.webdatacommons.org/swtor.wikia.com/resource/Vajar	=	1.0000
http://dbkwik.webdatacommons.org/starwars.wikia.com/resource/Three_Families_war_camp	http://dbkwik.webdatacommons.org/swtor.wikia.com/resource/Three_Families_War_Camp	=	1.0000
http://starwars.wikia.com/wiki/Special:FilePath/Nihilus_Dreads.jpg?width=300	http://swtor.wikia.com/wiki/Special:FilePath/Nihilus_Dreads.jpg?width=300	=	1.0000
http://dbkwik.webdatacommons.org/starwars.wikia.com/resource/Unidentified_bounty_hunter	http://dbkwik.webdatacommons.org/swtor.wikia.com/resource/Unidentified_Bounty_Hunter	=	1.0000
http://starwars.wikia.com/wiki/Special:FilePath/Selven.jpg	http://swtor.wikia.com/wiki/Special:FilePath/Selven.jpg	=	1.0000
http://dbkwik.webdatacommons.org/starwars.wikia.com/resource/Zooki	http://dbkwik.webdatacommons.org/swtor.wikia.com/resource/Zooki	=	1.0000
http://dbkwik.webdatacommons.org/starwars.wikia.com/resource/Benna_Lodd	http://dbkwik.webdatacommons.org/swtor.wikia.com/resource/Benna_Lodd	=	1.0000
http://starwars.wikia.com/wiki/Special:FilePath/TrayusCore.jpg	http://swtor.wikia.com/wiki/Special:FilePath/TrayusCore.jpg	=	1.0000
http://dbkwik.webdatacommons.org/starwars.wikia.com/resource/Category:Sith_Masters	http://dbkwik.webdatacommons.org/swtor.wikia.com/resource/Category:Sith_Masters	=	1.0000
http://dbkwik.webdatacommons.org/starwars.wikia.com/resource/Voren_Renstaal%27s_Jedi_Master	http://dbkwik.webdatacommons.org/swtor.wikia.com/resource/Voren_Renstaal%27s_Jedi_Master	=	1.0000
http://dbkwik.webdatacommons.org/starwars.wikia.com/resource/Category:Czerka	http://dbkwik.webdatacommons.org/swtor.wikia.com/resource/Category:Czerka	=	1.0000
http://dbkwik.webdatacommons.org/starwars.wikia.com/resource/Hedrow	http://dbkwik.webdatacommons.org/swtor.wikia.com/resource/Hedrow	=	1.0000
http://dbkwik.webdatacommons.org/starwars.wikia.com/resource/Shoaneb_Culu%27s_starship	http://dbkwik.webdatacommons.org/swtor.wikia.com/resource/Shoaneb_Culu%27s_Starship	=	1.0000
http://dbkwik.webdatacommons.org/starwars.wikia.com/resource/Moryo_Bean	http://dbkwik.webdatacommons.org/swtor.wikia.com/resource/Moryo_Bean	=	1.0000
http://dbkwik.webdatacommons.org/starwars.wikia.com/resource/Pickled_Space_Worm	http://dbkwik.webdatacommons.org/swtor.wikia.com/resource/Pickled_Space_Worm	=	1.0000
http://dbkwik.webdatacommons.org/starwars.wikia.com/resource/Mavrix_Varad	http://dbkwik.webdatacommons.org/swtor.wikia.com/resource/Mavrix_Varad	=	1.0000
http://starwars.wikia.com/wiki/Special:FilePath/Aratech_Eclipse.png?width=300	http://swtor.wikia.com/wiki/Special:FilePath/Aratech_Eclipse.png?width=300	=	1.0000
http://dbkwik.webdatacommons.org/starwars.wikia.com/resource/C2-D4	http://dbkwik.webdatacommons.org/swtor.wikia.com/resource/C2-D4	=	1.0000
http://dbkwik.webdatacommons.org/starwars.wikia.com/resource/Community	http://dbkwik.webdatacommons.org/swtor.wikia.com/resource/Community	=	1.0000
http://starwars.wikia.com/wiki/Special:FilePath/Malakart_crop.jpg?width=300	http://swtor.wikia.com/wiki/Special:FilePath/Malakart_crop.jpg?width=300	=	1.0000
http://starwars.wikia.com/wiki/Special:FilePath/Veeboo_Lunx.png?width=300	http://swtor.wikia.com/wiki/Special:FilePath/Veeboo_Lunx.png?width=300	=	1.0000
http://dbkwik.webdatacommons.org/starwars.wikia.com/resource/Rane_Kovach	http://dbkwik.webdatacommons.org/swtor.wikia.com/resource/Rane_Kovach	=	1.0000
http://dbkwik.webdatacommons.org/starwars.wikia.com/resource/Unidentified_Dark_Jedi_(Endar_Spire)	http://dbkwik.webdatacommons.org/swtor.wikia.com/resource/Unidentified_Dark_Jedi_(Endar_Spire)	=	1.0000
http://dbkwik.webdatacommons.org/starwars.wikia.com/resource/G-2A_gunship	http://dbkwik.webdatacommons.org/swtor.wikia.com/resource/G-2A_gunship	=	1.0000
http://dbkwik.webdatacommons.org/starwars.wikia.com/resource/Timeline_1:_Treaty_of_Coruscant	http://dbkwik.webdatacommons.org/swtor.wikia.com/resource/Timeline_1:_Treaty_of_Coruscant	=	1.0000
http://starwars.wikia.com/wiki/Special:FilePath/Revanconfronted.jpg?width=300	http://swtor.wikia.com/wiki/Special:FilePath/Revanconfronted.jpg?width=300	=	1.0000
http://dbkwik.webdatacommons.org/starwars.wikia.com/property/alignment	http://dbkwik.webdatacommons.org/swtor.wikia.com/property/alignment	=	1.0000
http://dbkwik.webdatacommons.org/starwars.wikia.com/resource/Samara_Mindak	http://dbkwik.webdatacommons.org/swtor.wikia.com/resource/Samara_Mindak	=	1.0000
http://starwars.wikia.com/wiki/Special:FilePath/Imperial_Agent.jpg?width=300	http://swtor.wikia.com/wiki/Special:FilePath/Imperial_Agent.jpg?width=300	=	1.0000
http://dbkwik.webdatacommons.org/starwars.wikia.com/resource/Imperial_shuttle	http://dbkwik.webdatacommons.org/swtor.wikia.com/resource/Imperial_Shuttle	=	1.0000
http://dbkwik.webdatacommons.org/starwars.wikia.com/resource/Museum_Republica	http://dbkwik.webdatacommons.org/swtor.wikia.com/resource/Museum_Republica	=	1.0000
http://dbkwik.webdatacommons.org/starwars.wikia.com/resource/Lorjan_Sakku%27s_Jedi_Master	http://dbkwik.webdatacommons.org/swtor.wikia.com/resource/Lorjan_Sakku%27s_Jedi_Master	=	1.0000
http://dbkwik.webdatacommons.org/starwars.wikia.com/resource/Isotope-5	http://dbkwik.webdatacommons.org/swtor.wikia.com/resource/Isotope-5	=	1.0000
http://dbkwik.webdatacommons.org/starwars.wikia.com/resource/Eternal_Fleet	http://dbkwik.webdatacommons.org/swtor.wikia.com/resource/Eternal_Fleet	=	1.0000
http://dbkwik.webdatacommons.org/starwars.wikia.com/resource/Randor_Mohl	http://dbkwik.webdatacommons.org/swtor.wikia.com/resource/Randor_Mohl	=	1.0000
http://dbkwik.webdatacommons.org/starwars.wikia.com/resource/GSS-3_Mangler	http://dbkwik.webdatacommons.org/swtor.wikia.com/resource/GSS-3_Mangler	=	1.0000
http://dbkwik.webdatacommons.org/starwars.wikia.com/resource/Krynda_Draay%27s_sister	http://dbkwik.webdatacommons.org/swtor.wikia.com/resource/Krynda_Draay%27s_sister	=	1.0000
http://dbkwik.webdatacommons.org/starwars.wikia.com/resource/S-13_Sting	http://dbkwik.webdatacommons.org/swtor.wikia.com/resource/S-13_Sting	=	1.0000
http://dbkwik.webdatacommons.org/starwars.wikia.com/resource/%22Mother%22	http://dbkwik.webdatacommons.org/swtor.wikia.com/property/mother	=	1.0000
http://dbkwik.webdatacommons.org/starwars.wikia.com/resource/Jedi_hunter	http://dbkwik.webdatacommons.org/swtor.wikia.com/resource/Jedi_hunter	=	1.0000
http://dbkwik.webdatacommons.org/starwars.wikia.com/class/delete	http://dbkwik.webdatacommons.org/swtor.wikia.com/class/delete	=	1.0000
http://dbkwik.webdatacommons.org/starwars.wikia.com/resource/Glarus_Valley	http://dbkwik.webdatacommons.org/swtor.wikia.com/resource/Glarus_Valley	=	1.0000
http://dbkwik.webdatacommons.org/starwars.wikia.com/property/eyes	http://dbkwik.webdatacommons.org/swtor.wikia.com/property/eyes	=	1.0000
http://dbkwik.webdatacommons.org/starwars.wikia.com/resource/Grand_Imperial_Quartet	http://dbkwik.webdatacommons.org/swtor.wikia.com/resource/Grand_Imperial_Quartet	=	1.0000
http://dbkwik.webdatacommons.org/starwars.wikia.com/resource/Hutt	http://dbkwik.webdatacommons.org/swtor.wikia.com/resource/Hutt	=	1.0000
http://starwars.wikia.com/wiki/Special:FilePath/Brianna.png	http://swtor.wikia.com/wiki/Special:FilePath/Brianna.png	=	1.0000
http://dbkwik.webdatacommons.org/starwars.wikia.com/resource/Dathka_Graush	http://dbkwik.webdatacommons.org/swtor.wikia.com/resource/Dathka_Graush	=	1.0000
http://dbkwik.webdatacommons.org/starwars.wikia.com/resource/Kilo_Detton	http://dbkwik.webdatacommons.org/swtor.wikia.com/resource/Kilo_Detton	=	1.0000
http://dbkwik.webdatacommons.org/starwars.wikia.com/resource/Iktotch_system	http://dbkwik.webdatacommons.org/swtor.wikia.com/resource/Iktotch_system	=	1.0000
http://dbkwik.webdatacommons.org/starwars.wikia.com/resource/Oleg_Klerren	http://dbkwik.webdatacommons.org/swtor.wikia.com/resource/Oleg_Klerren	=	1.0000
http://dbkwik.webdatacommons.org/starwars.wikia.com/resource/Helid	http://dbkwik.webdatacommons.org/swtor.wikia.com/resource/Helid	=	1.0000
http://starwars.wikia.com/wiki/Special:FilePath/Blackstarcommando.png?width=300	http://swtor.wikia.com/wiki/Special:FilePath/Blackstarcommando.png?width=300	=	1.0000
http://starwars.wikia.com/wiki/Special:FilePath/Odessen.png	http://swtor.wikia.com/wiki/Special:FilePath/Odessen.png	=	1.0000
http://starwars.wikia.com/wiki/Special:FilePath/Dantooine2.jpg	http://swtor.wikia.com/wiki/Special:FilePath/Dantooine2.jpg	=	1.0000
http://dbkwik.webdatacommons.org/starwars.wikia.com/resource/Rakghoul_plague	http://dbkwik.webdatacommons.org/swtor.wikia.com/resource/Rakghoul_Plague	=	1.0000
http://dbkwik.webdatacommons.org/starwars.wikia.com/resource/Darth_Tormen	http://dbkwik.webdatacommons.org/swtor.wikia.com/resource/Darth_Tormen	=	1.0000
http://dbkwik.webdatacommons.org/starwars.wikia.com/property/holiday	http://dbkwik.webdatacommons.org/swtor.wikia.com/resource/Holiday	=	1.0000
http://dbkwik.webdatacommons.org/starwars.wikia.com/resource/Unidentified_Mandalorian_captain	http://dbkwik.webdatacommons.org/swtor.wikia.com/resource/Unidentified_Mandalorian_Captain	=	1.0000
http://dbkwik.webdatacommons.org/starwars.wikia.com/resource/Darth_Chratis	http://dbkwik.webdatacommons.org/swtor.wikia.com/resource/Darth_Chratis	=	1.0000
http://starwars.wikia.com/wiki/Special:FilePath/Sith_Pureblood.jpg	http://swtor.wikia.com/wiki/Special:FilePath/Sith_Pureblood.jpg	=	1.0000
http://dbkwik.webdatacommons.org/starwars.wikia.com/resource/Natasha_Little	http://dbkwik.webdatacommons.org/swtor.wikia.com/resource/Natasha_Little	=	1.0000
http://dbkwik.webdatacommons.org/starwars.wikia.com/resource/Dagger_Wing	http://dbkwik.webdatacommons.org/swtor.wikia.com/resource/Dagger_Wing	=	1.0000
http://dbkwik.webdatacommons.org/starwars.wikia.com/resource/Tenbrai	http://dbkwik.webdatacommons.org/swtor.wikia.com/resource/Tenbrai	=	1.0000
http://dbkwik.webdatacommons.org/starwars.wikia.com/resource/Valis	http://dbkwik.webdatacommons.org/swtor.wikia.com/resource/Valis	=	1.0000
http://starwars.wikia.com/wiki/Special:FilePath/JaraelWhipsNChains-KOTOR14.jpg?width=300	http://swtor.wikia.com/wiki/Special:FilePath/JaraelWhipsNChains-KOTOR14.jpg?width=300	=	1.0000
http://dbkwik.webdatacommons.org/starwars.wikia.com/resource/Jev_Sunrider	http://dbkwik.webdatacommons.org/swtor.wikia.com/resource/Jev_Sunrider	=	1.0000
http://dbkwik.webdatacommons.org/starwars.wikia.com/resource/Tala-Reh	http://dbkwik.webdatacommons.org/swtor.wikia.com/resource/Tala-Reh	=	1.0000
http://dbkwik.webdatacommons.org/starwars.wikia.com/resource/Halidrell_Setsyn	http://dbkwik.webdatacommons.org/swtor.wikia.com/resource/Halidrell_Setsyn	=	1.0000
http://dbkwik.webdatacommons.org/starwars.wikia.com/resource/Redshifter	http://dbkwik.webdatacommons.org/swtor.wikia.com/resource/Redshifter	=	1.0000
http://dbkwik.webdatacommons.org/starwars.wikia.com/resource/Blue_Sphere_Transport_Enclosure_Vehicle	http://dbkwik.webdatacommons.org/swtor.wikia.com/resource/Blue_Sphere_Transport_Enclosure_Vehicle	=	1.0000
http://dbkwik.webdatacommons.org/starwars.wikia.com/resource/Galen_Besk	http://dbkwik.webdatacommons.org/swtor.wikia.com/resource/Galen_Besk	=	1.0000
http://dbkwik.webdatacommons.org/starwars.wikia.com/resource/Iktotchi	http://dbkwik.webdatacommons.org/swtor.wikia.com/resource/Iktotchi	=	1.0000
http://dbkwik.webdatacommons.org/starwars.wikia.com/resource/Indignation	http://dbkwik.webdatacommons.org/swtor.wikia.com/resource/Indignation	=	1.0000
http://dbkwik.webdatacommons.org/starwars.wikia.com/resource/Republic_superweapon_initiative	http://dbkwik.webdatacommons.org/swtor.wikia.com/resource/Republic_Superweapon_Initiative	=	1.0000
http://dbkwik.webdatacommons.org/starwars.wikia.com/resource/Supreme_Chancellor	http://dbkwik.webdatacommons.org/swtor.wikia.com/resource/Supreme_Chancellor	=	1.0000
http://dbkwik.webdatacommons.org/starwars.wikia.com/resource/Jonkan	http://dbkwik.webdatacommons.org/swtor.wikia.com/resource/Jonkan	=	1.0000
http://dbkwik.webdatacommons.org/starwars.wikia.com/resource/Raana_Tey	http://dbkwik.webdatacommons.org/swtor.wikia.com/resource/Raana_Tey	=	1.0000
http://dbkwik.webdatacommons.org/starwars.wikia.com/resource/The_Scourge	http://dbkwik.webdatacommons.org/swtor.wikia.com/resource/The_Scourge	=	1.0000
http://dbkwik.webdatacommons.org/starwars.wikia.com/resource/Ulgo_Fortress	http://dbkwik.webdatacommons.org/swtor.wikia.com/resource/Ulgo_Fortress	=	1.0000
http://dbkwik.webdatacommons.org/starwars.wikia.com/resource/Category:Images_of_Galactic_Republic_spacecraft	http://dbkwik.webdatacommons.org/swtor.wikia.com/resource/Category:Images_of_Galactic_Republic_Spacecraft	=	1.0000
http://starwars.wikia.com/wiki/Special:FilePath/Black_Talon.png?width=300	http://swtor.wikia.com/wiki/Special:FilePath/Black_Talon.png?width=300	=	1.0000
http://dbkwik.webdatacommons.org/starwars.wikia.com/resource/Unidentified_Humanoid_Jedi_(Great_Hyperspace_War)	http://dbkwik.webdatacommons.org/swtor.wikia.com/resource/Unidentified_Humanoid_Jedi_(Great_Hyperspace_War)	=	1.0000
http://dbkwik.webdatacommons.org/starwars.wikia.com/resource/Chiss	http://dbkwik.webdatacommons.org/swtor.wikia.com/resource/Chiss	=	1.0000
http://dbkwik.webdatacommons.org/starwars.wikia.com/resource/Category:Webcomics	http://dbkwik.webdatacommons.org/swtor.wikia.com/resource/Category:Webcomics	=	1.0000
http://starwars.wikia.com/wiki/Special:FilePath/Aryn_Leneer.jpg	http://swtor.wikia.com/wiki/Special:FilePath/Aryn_Leneer.jpg	=	1.0000
http://starwars.wikia.com/wiki/Special:FilePath/Sith_ass.jpg?width=300	http://swtor.wikia.com/wiki/Special:FilePath/Sith_ass.jpg?width=300	=	1.0000
http://dbkwik.webdatacommons.org/starwars.wikia.com/resource/Sith_Sanctum	http://dbkwik.webdatacommons.org/swtor.wikia.com/resource/Sith_Sanctum	=	1.0000
http://starwars.wikia.com/wiki/Special:FilePath/Doc.png	http://swtor.wikia.com/wiki/Special:FilePath/Doc.png	=	1.0000
http://starwars.wikia.com/wiki/Special:FilePath/Vannar_Treece.jpg?width=300	http://swtor.wikia.com/wiki/Special:FilePath/Vannar_Treece.jpg?width=300	=	1.0000
http://dbkwik.webdatacommons.org/starwars.wikia.com/resource/Unidentified_messenger_Jedi	http://dbkwik.webdatacommons.org/swtor.wikia.com/resource/Unidentified_messenger_Jedi	=	1.0000
http://dbkwik.webdatacommons.org/starwars.wikia.com/resource/Ilyan_Regus	http://dbkwik.webdatacommons.org/swtor.wikia.com/resource/Ilyan_Regus	=	1.0000
http://starwars.wikia.com/wiki/Special:FilePath/Darth_Vengean.jpg	http://swtor.wikia.com/wiki/Special:FilePath/Darth_vengean.jpg	=	1.0000
http://dbkwik.webdatacommons.org/starwars.wikia.com/resource/Sphere_of_Military_Offense	http://dbkwik.webdatacommons.org/swtor.wikia.com/resource/Sphere_of_Military_Offense	=	1.0000
http://dbkwik.webdatacommons.org/starwars.wikia.com/resource/Jedi_Initiate_Trials	http://dbkwik.webdatacommons.org/swtor.wikia.com/resource/Jedi_Initiate_Trials	=	1.0000
http://starwars.wikia.com/wiki/Special:FilePath/Zabrak.jpg?width=300	http://swtor.wikia.com/wiki/Special:FilePath/Zabrak.jpg?width=300	=	1.0000
http://dbkwik.webdatacommons.org/starwars.wikia.com/resource/Samara_Organa	http://dbkwik.webdatacommons.org/swtor.wikia.com/resource/Samara_Organa	=	1.0000
http://starwars.wikia.com/wiki/Special:FilePath/Keeper.png?width=300	http://swtor.wikia.com/wiki/Special:FilePath/Keeper.png?width=300	=	1.0000
http://dbkwik.webdatacommons.org/starwars.wikia.com/resource/Guunta	http://dbkwik.webdatacommons.org/swtor.wikia.com/resource/Guunta	=	1.0000
http://starwars.wikia.com/wiki/Special:FilePath/Brentaal.jpg?width=300	http://swtor.wikia.com/wiki/Special:FilePath/Brentaal.jpg?width=300	=	1.0000
http://starwars.wikia.com/wiki/Special:FilePath/Soa.png?width=300	http://swtor.wikia.com/wiki/Special:FilePath/Soa.png?width=300	=	1.0000
http://dbkwik.webdatacommons.org/starwars.wikia.com/resource/Tionese_king%27s_burial_ship	http://dbkwik.webdatacommons.org/swtor.wikia.com/resource/Tionese_King%27s_burial_ship	=	1.0000
http://dbkwik.webdatacommons.org/starwars.wikia.com/resource/Category:Cathar	http://dbkwik.webdatacommons.org/swtor.wikia.com/resource/Category:Cathar	=	1.0000
http://dbkwik.webdatacommons.org/starwars.wikia.com/resource/Raina_Temple	http://dbkwik.webdatacommons.org/swtor.wikia.com/resource/Raina_Temple	=	1.0000
http://dbkwik.webdatacommons.org/starwars.wikia.com/resource/Oteg	http://dbkwik.webdatacommons.org/swtor.wikia.com/resource/Oteg	=	1.0000
http://starwars.wikia.com/wiki/Special:FilePath///www.wizards.com/swtcg/images/esb/imperial_fleet.jpg?width=300	http://swtor.wikia.com/wiki/Special:FilePath/Imperial_Fleet.jpg?width=300	=	1.0000
http://starwars.wikia.com/wiki/Special:FilePath/TOR_Timeline010.jpg	http://swtor.wikia.com/wiki/Special:FilePath/TOR_Timeline010.jpg	=	1.0000
http://dbkwik.webdatacommons.org/starwars.wikia.com/resource/Protosaber	http://dbkwik.webdatacommons.org/swtor.wikia.com/resource/Protosaber	=	1.0000
http://dbkwik.webdatacommons.org/starwars.wikia.com/class/space_station	http://dbkwik.webdatacommons.org/swtor.wikia.com/class/space_station	=	1.0000
http://starwars.wikia.com/wiki/Special:FilePath/T7-O1.png?width=300	http://swtor.wikia.com/wiki/Special:FilePath/T7-O1.png?width=300	=	1.0000
http://dbkwik.webdatacommons.org/starwars.wikia.com/resource/Sneaky	http://dbkwik.webdatacommons.org/swtor.wikia.com/resource/Sneaky	=	1.0000
http://starwars.wikia.com/wiki/Special:FilePath/Rocket-jumper_troopship.jpg?width=300	http://swtor.wikia.com/wiki/Special:FilePath/Rocket-Jumper_Troopship.jpg?width=300	=	1.0000
http://dbkwik.webdatacommons.org/starwars.wikia.com/resource/BT-7_Thunderclap	http://dbkwik.webdatacommons.org/swtor.wikia.com/resource/BT-7_Thunderclap	=	1.0000
http://dbkwik.webdatacommons.org/starwars.wikia.com/resource/Category:Mid_Rim_planets	http://dbkwik.webdatacommons.org/swtor.wikia.com/resource/Category:Mid_Rim_Planets	=	1.0000
http://dbkwik.webdatacommons.org/starwars.wikia.com/resource/Bantha	http://dbkwik.webdatacommons.org/swtor.wikia.com/resource/Bantha	=	1.0000
http://starwars.wikia.com/wiki/Special:FilePath/Praxon_Xeno.png	http://swtor.wikia.com/wiki/Special:FilePath/Praxon_xeno.png	=	1.0000
http://dbkwik.webdatacommons.org/starwars.wikia.com/resource/S-12_Blackbolt	http://dbkwik.webdatacommons.org/swtor.wikia.com/resource/S-12_Blackbolt	=	1.0000
http://dbkwik.webdatacommons.org/starwars.wikia.com/resource/Ragate	http://dbkwik.webdatacommons.org/swtor.wikia.com/resource/Ragate	=	1.0000
http://dbkwik.webdatacommons.org/starwars.wikia.com/property/planet	http://dbkwik.webdatacommons.org/swtor.wikia.com/property/planet	=	1.0000
http://dbkwik.webdatacommons.org/starwars.wikia.com/resource/Havoc_Squad	http://dbkwik.webdatacommons.org/swtor.wikia.com/resource/Havoc_Squad	=	1.0000
http://starwars.wikia.com/wiki/Special:FilePath/K-52_Strongarm.jpg	http://swtor.wikia.com/wiki/Special:FilePath/K-52_Strongarm.jpg	=	1.0000
http://dbkwik.webdatacommons.org/starwars.wikia.com/resource/Darth_Ekkage	http://dbkwik.webdatacommons.org/swtor.wikia.com/resource/Darth_Ekkage	=	1.0000
http://dbkwik.webdatacommons.org/starwars.wikia.com/resource/Deesra_Luur_Jada	http://dbkwik.webdatacommons.org/swtor.wikia.com/resource/Deesra_Luur_Jada	=	1.0000
http://starwars.wikia.com/wiki/Special:FilePath/Orlean_Flurry.png	http://swtor.wikia.com/wiki/Special:FilePath/Orlean_Flurry.png	=	1.0000
http://dbkwik.webdatacommons.org/starwars.wikia.com/resource/Worror_Dowmat	http://dbkwik.webdatacommons.org/swtor.wikia.com/resource/Worror_Dowmat	=	1.0000
http://dbkwik.webdatacommons.org/starwars.wikia.com/resource/Sith_Council_(Brotherhood_of_Darkness)	http://dbkwik.webdatacommons.org/swtor.wikia.com/resource/Sith_Council_(Brotherhood_of_Darkness)	=	1.0000
http://dbkwik.webdatacommons.org/starwars.wikia.com/property/speed	http://dbkwik.webdatacommons.org/swtor.wikia.com/property/speed	=	1.0000
http://starwars.wikia.com/wiki/Special:FilePath/TheOldRepublic4cover.jpg	http://swtor.wikia.com/wiki/Special:FilePath/TheOldRepublic4cover.jpg	=	1.0000
http://dbkwik.webdatacommons.org/starwars.wikia.com/resource/Thexan	http://dbkwik.webdatacommons.org/swtor.wikia.com/resource/Thexan	=	1.0000
http://starwars.wikia.com/wiki/Special:FilePath/Kaliyo_Djannis.png?width=300	http://swtor.wikia.com/wiki/Special:FilePath/Kaliyo-Djannis.png?width=300	=	1.0000
http://dbkwik.webdatacommons.org/starwars.wikia.com/class/title	http://dbkwik.webdatacommons.org/swtor.wikia.com/class/title	=	1.0000
http://dbkwik.webdatacommons.org/starwars.wikia.com/resource/Quilljayk	http://dbkwik.webdatacommons.org/swtor.wikia.com/resource/Quilljayk	=	1.0000
http://dbkwik.webdatacommons.org/starwars.wikia.com/resource/Revan	http://dbkwik.webdatacommons.org/swtor.wikia.com/resource/Revan	=	1.0000
http://dbkwik.webdatacommons.org/starwars.wikia.com/resource/Blaster_rifle	http://dbkwik.webdatacommons.org/swtor.wikia.com/resource/Blaster_Rifle	=	1.0000
http://starwars.wikia.com/wiki/Special:FilePath/Hammer_Station3.jpg?width=300	http://swtor.wikia.com/wiki/Special:FilePath/Hammer_Station.jpg?width=300	=	0.9621
http://dbkwik.webdatacommons.org/starwars.wikia.com/resource/Gree	http://dbkwik.webdatacommons.org/swtor.wikia.com/resource/Gree	=	1.0000
http://starwars.wikia.com/wiki/Special:FilePath/FreedonNaddTempleInterior.jpg?width=300	http://swtor.wikia.com/wiki/Special:FilePath/FreedonNaddTempleInterior.jpg?width=300	=	1.0000
http://dbkwik.webdatacommons.org/starwars.wikia.com/resource/Syo_Bakarn	http://dbkwik.webdatacommons.org/swtor.wikia.com/resource/Syo_Bakarn	=	1.0000
http://dbkwik.webdatacommons.org/starwars.wikia.com/resource/Ostar-Gal	http://dbkwik.webdatacommons.org/swtor.wikia.com/resource/Ostar-Gal	=	1.0000
http://dbkwik.webdatacommons.org/starwars.wikia.com/class/stub	http://dbkwik.webdatacommons.org/swtor.wikia.com/class/stub	=	1.0000
http://dbkwik.webdatacommons.org/starwars.wikia.com/resource/Deron_Cadoruso	http://dbkwik.webdatacommons.org/swtor.wikia.com/resource/Deron_Cadoruso	=	1.0000
http://dbkwik.webdatacommons.org/starwars.wikia.com/resource/Glort	http://dbkwik.webdatacommons.org/swtor.wikia.com/resource/Glort	=	1.0000
http://starwars.wikia.com/wiki/Special:FilePath/ShadowRunner1.jpg?width=300	http://swtor.wikia.com/wiki/Special:FilePath/Shadow_Runner.jpg?width=300	=	0.9615
http://dbkwik.webdatacommons.org/starwars.wikia.com/resource/Energy_cell	http://dbkwik.webdatacommons.org/swtor.wikia.com/resource/Energy_Cells	=	0.9574
http://dbkwik.webdatacommons.org/starwars.wikia.com/resource/Hesker	http://dbkwik.webdatacommons.org/swtor.wikia.com/resource/Hesker	=	1.0000
http://dbkwik.webdatacommons.org/starwars.wikia.com/resource/Mennaus	http://dbkwik.webdatacommons.org/swtor.wikia.com/resource/Mennaus	=	1.0000
http://starwars.wikia.com/wiki/Special:FilePath/Gambo.png?width=300	http://swtor.wikia.com/wiki/Special:FilePath/Gambo.png?width=300	=	1.0000
http://starwars.wikia.com/wiki/Special:FilePath/Impsniper.jpg?width=300	http://swtor.wikia.com/wiki/Special:FilePath/Impsniper.jpg?width=300	=	1.0000
http://starwars.wikia.com/wiki/Special:FilePath/Cytharat.png?width=300	http://swtor.wikia.com/wiki/Special:FilePath/Cytharat.png?width=300	=	1.0000
http://dbkwik.webdatacommons.org/starwars.wikia.com/resource/Sith_assassin	http://dbkwik.webdatacommons.org/swtor.wikia.com/resource/Sith_Assassin	=	1.0000
http://dbkwik.webdatacommons.org/starwars.wikia.com/resource/Anchorhead	http://dbkwik.webdatacommons.org/swtor.wikia.com/resource/Anchorhead	=	1.0000
http://dbkwik.webdatacommons.org/starwars.wikia.com/resource/Tarnis	http://dbkwik.webdatacommons.org/swtor.wikia.com/resource/Tarnis	=	1.0000
http://dbkwik.webdatacommons.org/starwars.wikia.com/resource/Humanoid	http://dbkwik.webdatacommons.org/swtor.wikia.com/resource/Humanoid	=	1.0000
http://dbkwik.webdatacommons.org/starwars.wikia.com/resource/Devourer	http://dbkwik.webdatacommons.org/swtor.wikia.com/resource/Devourer	=	1.0000
http://dbkwik.webdatacommons.org/starwars.wikia.com/resource/Category:Sullustans	http://dbkwik.webdatacommons.org/swtor.wikia.com/resource/Category:Sullustans	=	1.0000
http://dbkwik.webdatacommons.org/starwars.wikia.com/resource/AR-34_enforcer_droid	http://dbkwik.webdatacommons.org/swtor.wikia.com/resource/AR-34_Enforcer_Droid	=	1.0000
http://dbkwik.webdatacommons.org/starwars.wikia.com/resource/Galactic_Republic	http://dbkwik.webdatacommons.org/swtor.wikia.com/resource/Galactic_Republic	=	1.0000
http://dbkwik.webdatacommons.org/starwars.wikia.com/resource/Enlisted	http://dbkwik.webdatacommons.org/swtor.wikia.com/resource/Enlisted	=	1.0000
http://starwars.wikia.com/wiki/Special:FilePath/Benna_Lodd.png	http://swtor.wikia.com/wiki/Special:FilePath/Benna_Lodd.png	=	1.0000
http://starwars.wikia.com/wiki/Special:FilePath/JediExileHanddrawn.jpg	http://swtor.wikia.com/wiki/Special:FilePath/JediExileHanddrawn.jpg	=	1.0000
http://dbkwik.webdatacommons.org/starwars.wikia.com/resource/Slavery	http://dbkwik.webdatacommons.org/swtor.wikia.com/resource/Slavery	=	1.0000
http://dbkwik.webdatacommons.org/starwars.wikia.com/resource/Robber_Baron	http://dbkwik.webdatacommons.org/swtor.wikia.com/resource/Robber_Baron	=	1.0000
http://dbkwik.webdatacommons.org/starwars.wikia.com/resource/Shining_Pathway	http://dbkwik.webdatacommons.org/swtor.wikia.com/resource/Shining_Pathway	=	1.0000
http://starwars.wikia.com/wiki/Special:FilePath/Kaerobe.jpg?width=300	http://swtor.wikia.com/wiki/Special:FilePath/Kaerobe.jpg?width=300	=	1.0000
http://dbkwik.webdatacommons.org/starwars.wikia.com/resource/Sith_Warrior	http://dbkwik.webdatacommons.org/swtor.wikia.com/resource/Sith_Warrior	=	1.0000
http://dbkwik.webdatacommons.org/starwars.wikia.com/resource/Orto	http://dbkwik.webdatacommons.org/swtor.wikia.com/resource/Orto	=	1.0000
http://dbkwik.webdatacommons.org/starwars.wikia.com/resource/Corellian_Engineering_Corporation	http://dbkwik.webdatacommons.org/swtor.wikia.com/resource/Corellian_Engineering_Corporation	=	1.0000
http://dbkwik.webdatacommons.org/starwars.wikia.com/resource/Dorjander_Kace	http://dbkwik.webdatacommons.org/swtor.wikia.com/resource/Dorjander_Kace	=	1.0000
http://dbkwik.webdatacommons.org/starwars.wikia.com/resource/Lem-Ofars	http://dbkwik.webdatacommons.org/swtor.wikia.com/resource/Lem-Ofars	=	1.0000
http://dbkwik.webdatacommons.org/starwars.wikia.com/resource/Tython	http://dbkwik.webdatacommons.org/swtor.wikia.com/resource/Tython	=	1.0000
http://dbkwik.webdatacommons.org/starwars.wikia.com/resource/Numen_Brock	http://dbkwik.webdatacommons.org/swtor.wikia.com/resource/Numen_Brock	=	1.0000
http://dbkwik.webdatacommons.org/starwars.wikia.com/resource/Mandalorian_Neo-Crusaders	http://dbkwik.webdatacommons.org/swtor.wikia.com/resource/Mandalorian_Neo-Crusaders	=	1.0000
http://dbkwik.webdatacommons.org/starwars.wikia.com/resource/Aloysius_Kallig	http://dbkwik.webdatacommons.org/swtor.wikia.com/resource/Aloysius_Kallig	=	1.0000
http://dbkwik.webdatacommons.org/starwars.wikia.com/resource/Alderaan	http://dbkwik.webdatacommons.org/swtor.wikia.com/resource/Alderaan	=	1.0000
http://dbkwik.webdatacommons.org/starwars.wikia.com/resource/Moracen	http://dbkwik.webdatacommons.org/swtor.wikia.com/resource/Moracen	=	1.0000
http://dbkwik.webdatacommons.org/starwars.wikia.com/resource/Category:Creatures	http://dbkwik.webdatacommons.org/swtor.wikia.com/resource/Category:Creatures	=	1.0000
http://starwars.wikia.com/wiki/Special:FilePath/Jarael_New_Headshot.jpg	http://swtor.wikia.com/wiki/Special:FilePath/Jarael_New_Headshot.jpg	=	1.0000
http://dbkwik.webdatacommons.org/starwars.wikia.com/resource/Rand_Lokta	http://dbkwik.webdatacommons.org/swtor.wikia.com/resource/Rand_Lokta	=	1.0000
http://dbkwik.webdatacommons.org/starwars.wikia.com/resource/PT-7_starfighter	http://dbkwik.webdatacommons.org/swtor.wikia.com/resource/PT-7_starfighter	=	1.0000
http://dbkwik.webdatacommons.org/starwars.wikia.com/resource/Beast_Riders	http://dbkwik.webdatacommons.org/swtor.wikia.com/resource/Beast_Riders	=	1.0000
http://starwars.wikia.com/wiki/Special:FilePath/StarForgeSucksGas-KOTOR1.jpg	http://swtor.wikia.com/wiki/Special:FilePath/StarForgeSucksGas-KOTOR1.jpg	=	1.0000
http://dbkwik.webdatacommons.org/starwars.wikia.com/resource/Tomb_of_Ajunta_Pall	http://dbkwik.webdatacommons.org/swtor.wikia.com/resource/Tomb_of_Ajunta_Pall	=	1.0000
http://dbkwik.webdatacommons.org/starwars.wikia.com/resource/Vadus	http://dbkwik.webdatacommons.org/swtor.wikia.com/resource/Vadus	=	1.0000
http://dbkwik.webdatacommons.org/starwars.wikia.com/resource/Sakan_Do%27nair	http://dbkwik.webdatacommons.org/swtor.wikia.com/resource/Sakan_Do%27nair	=	1.0000
http://dbkwik.webdatacommons.org/starwars.wikia.com/resource/Rule_of_Two	http://dbkwik.webdatacommons.org/swtor.wikia.com/resource/Rule_of_Two	=	1.0000
http://dbkwik.webdatacommons.org/starwars.wikia.com/resource/Saul_Karath	http://dbkwik.webdatacommons.org/swtor.wikia.com/resource/Saul_Karath	=	1.0000
http://dbkwik.webdatacommons.org/starwars.wikia.com/resource/Reneget_Vause	http://dbkwik.webdatacommons.org/swtor.wikia.com/resource/Reneget_Vause	=	1.0000
http://starwars.wikia.com/wiki/Special:FilePath/Baragwin_Heavy_Repeating_Blaster.jpg	http://swtor.wikia.com/wiki/Special:FilePath/Baragwin_Heavy_Repeating_Blaster.jpg	=	1.0000
http://dbkwik.webdatacommons.org/starwars.wikia.com/resource/Xuvva	http://dbkwik.webdatacommons.org/swtor.wikia.com/resource/Xuvva	=	1.0000
http://starwars.wikia.com/wiki/Special:FilePath/Saresh.jpg?width=300	http://swtor.wikia.com/wiki/Special:FilePath/Saresh.jpg?width=300	=	1.0000
http://dbkwik.webdatacommons.org/starwars.wikia.com/resource/Pradoc	http://dbkwik.webdatacommons.org/swtor.wikia.com/resource/Pradoc	=	1.0000
http://dbkwik.webdatacommons.org/starwars.wikia.com/resource/Destris_Veran	http://dbkwik.webdatacommons.org/swtor.wikia.com/resource/Destris_Veran	=	1.0000
http://starwars.wikia.com/wiki/Special:FilePath/JediConsular.jpg?width=300	http://swtor.wikia.com/wiki/Special:FilePath/Jedi_Consular.jpg?width=300	=	1.0000
http://starwars.wikia.com/wiki/Special:FilePath/Nihilus_Falls.jpg	http://swtor.wikia.com/wiki/Special:FilePath/Nihilus_Falls.jpg	=	1.0000
http://starwars.wikia.com/wiki/Special:FilePath/Baragwin_Heavy_Repeating_Blaster.jpg?width=300	http://swtor.wikia.com/wiki/Special:FilePath/Baragwin_Heavy_Repeating_Blaster.jpg?width=300	=	1.0000
http://starwars.wikia.com/wiki/Special:FilePath/Skadge.png?width=300	http://swtor.wikia.com/wiki/Special:FilePath/Skadge.png?width=300	=	1.0000
http://starwars.wikia.com/wiki/Special:FilePath/Anitol_Rosspar.png?width=300	http://swtor.wikia.com/wiki/Special:FilePath/Anitol_Rosspar.png?width=300	=	1.0000
http://dbkwik.webdatacommons.org/starwars.wikia.com/resource/Corruptor_Zero	http://dbkwik.webdatacommons.org/swtor.wikia.com/resource/Corruptor_Zero	=	1.0000
http://dbkwik.webdatacommons.org/starwars.wikia.com/resource/Darth_Sion	http://dbkwik.webdatacommons.org/swtor.wikia.com/resource/Darth_Sion	=	1.0000
http://starwars.wikia.com/wiki/Special:FilePath/TheOldRepublic4cover.jpg?width=300	http://swtor.wikia.com/wiki/Special:FilePath/TheOldRepublic4cover.jpg?width=300	=	1.0000
http://starwars.wikia.com/wiki/Special:FilePath/Ortosin.png	http://swtor.wikia.com/wiki/Special:FilePath/Ortosin.png	=	1.0000
http://dbkwik.webdatacommons.org/starwars.wikia.com/resource/42-Y_Civilian_Speeder_Bike	http://dbkwik.webdatacommons.org/swtor.wikia.com/resource/42-Y_Civilian_Speeder_Bike	=	1.0000
http://dbkwik.webdatacommons.org/starwars.wikia.com/resource/Icefall_Plains	http://dbkwik.webdatacommons.org/swtor.wikia.com/resource/Icefall_Plains	=	1.0000
http://starwars.wikia.com/wiki/Special:FilePath/Bey%27wan_Aygo.png	http://swtor.wikia.com/wiki/Special:FilePath/Bey%27wan_Aygo.png	=	1.0000
http://dbkwik.webdatacommons.org/starwars.wikia.com/resource/Ffon_Althe	http://dbkwik.webdatacommons.org/swtor.wikia.com/resource/Ffon_Althe	=	1.0000
http://dbkwik.webdatacommons.org/starwars.wikia.com/resource/Unidentified_Zabrak_Jedi_(Battle_of_Alderaan)	http://dbkwik.webdatacommons.org/swtor.wikia.com/resource/Unidentified_Zabrak_Jedi_(Battle_of_Alderaan)	=	1.0000
http://starwars.wikia.com/wiki/Special:FilePath/Sith_Pureblood.jpg?width=300	http://swtor.wikia.com/wiki/Special:FilePath/Sith_Pureblood.jpg?width=300	=	1.0000
http://dbkwik.webdatacommons.org/starwars.wikia.com/property/publisher	http://dbkwik.webdatacommons.org/swtor.wikia.com/property/publisher	=	1.0000
http://dbkwik.webdatacommons.org/starwars.wikia.com/resource/Outpost_Ghrent	http://dbkwik.webdatacommons.org/swtor.wikia.com/resource/Outpost_Ghrent	=	1.0000
http://starwars.wikia.com/wiki/Special:FilePath/Longspur_Scout.png?width=300	http://swtor.wikia.com/wiki/Special:FilePath/Longspur_Scout.png?width=300	=	1.0000
http://dbkwik.webdatacommons.org/starwars.wikia.com/resource/Category:Weapons	http://dbkwik.webdatacommons.org/swtor.wikia.com/resource/Category:Weapons	=	1.0000
http://dbkwik.webdatacommons.org/starwars.wikia.com/resource/Mira	http://dbkwik.webdatacommons.org/swtor.wikia.com/resource/Mira	=	1.0000
http://dbkwik.webdatacommons.org/starwars.wikia.com/resource/Category:Sith_sorcerers	http://dbkwik.webdatacommons.org/swtor.wikia.com/resource/Category:Sith_Sorcerers	=	1.0000
http://starwars.wikia.com/wiki/Special:FilePath/Brianna_KotORCG.jpg?width=300	http://swtor.wikia.com/wiki/Special:FilePath/Brianna_KotORCG.jpg?width=300	=	1.0000
http://dbkwik.webdatacommons.org/starwars.wikia.com/resource/Force_nexus	http://dbkwik.webdatacommons.org/swtor.wikia.com/resource/Force_nexus	=	1.0000
http://dbkwik.webdatacommons.org/starwars.wikia.com/property/passengers	http://dbkwik.webdatacommons.org/swtor.wikia.com/property/passengers	=	1.0000
http://dbkwik.webdatacommons.org/starwars.wikia.com/resource/Iktotch	http://dbkwik.webdatacommons.org/swtor.wikia.com/resource/Iktotch	=	1.0000
http://dbkwik.webdatacommons.org/starwars.wikia.com/resource/Telekinesis	http://dbkwik.webdatacommons.org/swtor.wikia.com/resource/Telekinesis	=	1.0000
http://dbkwik.webdatacommons.org/starwars.wikia.com/resource/Leontyne_Saresh	http://dbkwik.webdatacommons.org/swtor.wikia.com/resource/Leontyne_Saresh	=	1.0000
http://dbkwik.webdatacommons.org/starwars.wikia.com/resource/Sacking_of_Coruscant	http://dbkwik.webdatacommons.org/swtor.wikia.com/resource/Sacking_of_Coruscant	=	1.0000
http://starwars.wikia.com/wiki/Special:FilePath/Yuun.png?width=300	http://swtor.wikia.com/wiki/Special:FilePath/Yuun.png?width=300	=	1.0000
http://dbkwik.webdatacommons.org/starwars.wikia.com/resource/Jedi_Cruiser	http://dbkwik.webdatacommons.org/swtor.wikia.com/resource/Jedi_Cruiser	=	1.0000
http://dbkwik.webdatacommons.org/starwars.wikia.com/resource/Category:Great_Sith_War	http://dbkwik.webdatacommons.org/swtor.wikia.com/resource/Category:Great_Sith_War	=	1.0000
http://dbkwik.webdatacommons.org/starwars.wikia.com/resource/D-1Z_prototype_bomber	http://dbkwik.webdatacommons.org/swtor.wikia.com/resource/D-1Z_Prototype_Bomber	=	1.0000
http://starwars.wikia.com/wiki/Special:FilePath/Dokath-Ra.png	http://swtor.wikia.com/wiki/Special:FilePath/Dokath-Ra.png	=	1.0000
http://dbkwik.webdatacommons.org/starwars.wikia.com/resource/Pernicar	http://dbkwik.webdatacommons.org/swtor.wikia.com/resource/Pernicar	=	1.0000
http://dbkwik.webdatacommons.org/starwars.wikia.com/resource/Skere_Kaan	http://dbkwik.webdatacommons.org/swtor.wikia.com/resource/Skere_Kaan	=	1.0000
http://dbkwik.webdatacommons.org/starwars.wikia.com/property/modes	http://dbkwik.webdatacommons.org/swtor.wikia.com/property/modes	=	1.0000
http://starwars.wikia.com/wiki/Special:FilePath/Kaerobe.jpg	http://swtor.wikia.com/wiki/Special:FilePath/Kaerobe.jpg	=	1.0000
http://dbkwik.webdatacommons.org/starwars.wikia.com/resource/Gauntlet	http://dbkwik.webdatacommons.org/swtor.wikia.com/resource/Gauntlet	=	1.0000
http://dbkwik.webdatacommons.org/starwars.wikia.com/resource/Varactyl	http://dbkwik.webdatacommons.org/swtor.wikia.com/resource/Varactyl	=	1.0000
http://dbkwik.webdatacommons.org/starwars.wikia.com/resource/Dace_Diath	http://dbkwik.webdatacommons.org/swtor.wikia.com/resource/Dace_Diath	=	1.0000
http://dbkwik.webdatacommons.org/starwars.wikia.com/resource/Rynalla	http://dbkwik.webdatacommons.org/swtor.wikia.com/resource/Rynalla	=	1.0000
http://starwars.wikia.com/wiki/Special:FilePath/Jedi_sec_ship.jpg?width=300	http://swtor.wikia.com/wiki/Special:FilePath/Jedi_sec_ship.jpg?width=300	=	1.0000
http://dbkwik.webdatacommons.org/starwars.wikia.com/resource/Ortolan	http://dbkwik.webdatacommons.org/swtor.wikia.com/resource/Ortolan	=	1.0000
http://dbkwik.webdatacommons.org/starwars.wikia.com/resource/Evocii	http://dbkwik.webdatacommons.org/swtor.wikia.com/resource/Evocii	=	1.0000
http://dbkwik.webdatacommons.org/starwars.wikia.com/resource/Colla_IV	http://dbkwik.webdatacommons.org/swtor.wikia.com/resource/Colla_IV	=	1.0000
http://dbkwik.webdatacommons.org/starwars.wikia.com/resource/Gand_(planet)	http://dbkwik.webdatacommons.org/swtor.wikia.com/resource/Gand_(planet)	=	1.0000
http://dbkwik.webdatacommons.org/starwars.wikia.com/resource/Clan_Beroya	http://dbkwik.webdatacommons.org/swtor.wikia.com/resource/Clan_Beroya	=	1.0000
http://dbkwik.webdatacommons.org/starwars.wikia.com/resource/Revanchist	http://dbkwik.webdatacommons.org/swtor.wikia.com/resource/Revanchist	=	1.0000
http://dbkwik.webdatacommons.org/starwars.wikia.com/resource/Annihilation_Droid_XRR-3	http://dbkwik.webdatacommons.org/swtor.wikia.com/resource/Annihilation_Droid_XRR-3	=	1.0000
http://dbkwik.webdatacommons.org/starwars.wikia.com/resource/Zym	http://dbkwik.webdatacommons.org/swtor.wikia.com/resource/Zym	=	1.0000
http://dbkwik.webdatacommons.org/starwars.wikia.com/resource/Gunslinger	http://dbkwik.webdatacommons.org/swtor.wikia.com/resource/Gunslinger	=	1.0000
http://dbkwik.webdatacommons.org/starwars.wikia.com/resource/King	http://dbkwik.webdatacommons.org/swtor.wikia.com/resource/King	=	1.0000
http://dbkwik.webdatacommons.org/starwars.wikia.com/resource/Darth_Viktus	http://dbkwik.webdatacommons.org/swtor.wikia.com/resource/Darth_Viktus	=	1.0000
http://dbkwik.webdatacommons.org/starwars.wikia.com/resource/Tremel	http://dbkwik.webdatacommons.org/swtor.wikia.com/resource/Tremel	=	1.0000
http://dbkwik.webdatacommons.org/starwars.wikia.com/class/battle	http://dbkwik.webdatacommons.org/swtor.wikia.com/class/battle	=	1.0000
http://starwars.wikia.com/wiki/Special:FilePath/Zooki.png	http://swtor.wikia.com/wiki/Special:FilePath/Zooki.png	=	1.0000
http://dbkwik.webdatacommons.org/starwars.wikia.com/resource/Ieldis	http://dbkwik.webdatacommons.org/swtor.wikia.com/resource/Ieldis	=	1.0000
http://starwars.wikia.com/wiki/Special:FilePath/Jarg.png?width=300	http://swtor.wikia.com/wiki/Special:FilePath/Jarg.png?width=300	=	1.0000
http://dbkwik.webdatacommons.org/starwars.wikia.com/property/class	http://dbkwik.webdatacommons.org/swtor.wikia.com/property/class	=	1.0000
http://dbkwik.webdatacommons.org/starwars.wikia.com/resource/Dark_Lord_of_the_Sith	http://dbkwik.webdatacommons.org/swtor.wikia.com/resource/Dark_Lord_of_the_Sith	=	1.0000
http://dbkwik.webdatacommons.org/starwars.wikia.com/resource/Gaul_Panteer	http://dbkwik.webdatacommons.org/swtor.wikia.com/resource/Gaul_Panteer	=	1.0000
http://dbkwik.webdatacommons.org/starwars.wikia.com/resource/Trea_Kobbeth	http://dbkwik.webdatacommons.org/swtor.wikia.com/resource/Trea_Kobbeth	=	1.0000
http://dbkwik.webdatacommons.org/starwars.wikia.com/resource/Hydian_Way	http://dbkwik.webdatacommons.org/swtor.wikia.com/resource/Hydian_Way	=	1.0000
http://dbkwik.webdatacommons.org/starwars.wikia.com/resource/Valenthyne_Farfalla	http://dbkwik.webdatacommons.org/swtor.wikia.com/resource/Valenthyne_Farfalla	=	1.0000
http://dbkwik.webdatacommons.org/starwars.wikia.com/resource/Category:Sith_Lords	http://dbkwik.webdatacommons.org/swtor.wikia.com/resource/Category:Sith_Lords	=	1.0000
http://dbkwik.webdatacommons.org/starwars.wikia.com/resource/Dorin%27s_Sky	http://dbkwik.webdatacommons.org/swtor.wikia.com/resource/Dorin%27s_Sky	=	1.0000
http://dbkwik.webdatacommons.org/starwars.wikia.com/resource/Outrider	http://dbkwik.webdatacommons.org/swtor.wikia.com/resource/Outrider	=	1.0000
http://starwars.wikia.com/wiki/Special:FilePath/Vette.png	http://swtor.wikia.com/wiki/Special:FilePath/vette.png	=	1.0000
http://starwars.wikia.com/wiki/Special:FilePath/Dorak.jpg	http://swtor.wikia.com/wiki/Special:FilePath/Dorak.jpg	=	1.0000
http://dbkwik.webdatacommons.org/starwars.wikia.com/resource/Rhon_Jun%27yon	http://dbkwik.webdatacommons.org/swtor.wikia.com/resource/Rhon_Jun%27yon	=	1.0000
http://dbkwik.webdatacommons.org/starwars.wikia.com/resource/Duqua_Dar	http://dbkwik.webdatacommons.org/swtor.wikia.com/resource/Duqua_Dar	=	1.0000
http://dbkwik.webdatacommons.org/starwars.wikia.com/resource/Star_map	http://dbkwik.webdatacommons.org/swtor.wikia.com/resource/Star_Map	=	1.0000
http://starwars.wikia.com/wiki/Special:FilePath/Kelborn1.jpg?width=300	http://swtor.wikia.com/wiki/Special:FilePath/Kelborn1.jpg?width=300	=	1.0000
http://starwars.wikia.com/wiki/Special:FilePath/Mercenary.png	http://swtor.wikia.com/wiki/Special:FilePath/Mercenary.png	=	1.0000
http://starwars.wikia.com/wiki/Special:FilePath/Gurian_Shadow.png	http://swtor.wikia.com/wiki/Special:FilePath/Gurian_Shadow.png	=	1.0000
http://dbkwik.webdatacommons.org/starwars.wikia.com/resource/Star_Map	http://dbkwik.webdatacommons.org/swtor.wikia.com/resource/Star_Maps	=	0.9456
http://dbkwik.webdatacommons.org/starwars.wikia.com/resource/Toxic_Lake_Garrison	http://dbkwik.webdatacommons.org/swtor.wikia.com/resource/Toxic_Lake_Garrison	=	1.0000
http://starwars.wikia.com/wiki/Special:FilePath/Ubrikkian_Raider.png	http://swtor.wikia.com/wiki/Special:FilePath/Ubrikkian_Raider.png	=	1.0000
http://dbkwik.webdatacommons.org/starwars.wikia.com/resource/Shara_Jenn	http://dbkwik.webdatacommons.org/swtor.wikia.com/resource/Shara_Jenn	=	1.0000
http://dbkwik.webdatacommons.org/starwars.wikia.com/resource/Ooroo	http://dbkwik.webdatacommons.org/swtor.wikia.com/resource/Ooroo	=	1.0000
http://dbkwik.webdatacommons.org/starwars.wikia.com/resource/Sith_trooper	http://dbkwik.webdatacommons.org/swtor.wikia.com/resource/Sith_Trooper	=	1.0000
http://dbkwik.webdatacommons.org/starwars.wikia.com/resource/Reedendu	http://dbkwik.webdatacommons.org/swtor.wikia.com/resource/Reedendu	=	1.0000
http://starwars.wikia.com/wiki/Special:FilePath/Volryder.png	http://swtor.wikia.com/wiki/Special:FilePath/Volryder.png	=	1.0000
http://dbkwik.webdatacommons.org/starwars.wikia.com/property/planets	http://dbkwik.webdatacommons.org/swtor.wikia.com/resource/Planets	=	1.0000
http://dbkwik.webdatacommons.org/starwars.wikia.com/resource/Horranth	http://dbkwik.webdatacommons.org/swtor.wikia.com/resource/Horranth	=	1.0000
http://dbkwik.webdatacommons.org/starwars.wikia.com/resource/Force_suppression	http://dbkwik.webdatacommons.org/swtor.wikia.com/resource/Force_Suppression	=	1.0000
http://dbkwik.webdatacommons.org/starwars.wikia.com/resource/Dar%27Nala	http://dbkwik.webdatacommons.org/swtor.wikia.com/resource/Dar%27Nala	=	1.0000
http://dbkwik.webdatacommons.org/starwars.wikia.com/resource/Category:Candidates_for_speedy_deletion	http://dbkwik.webdatacommons.org/swtor.wikia.com/resource/Category:Candidates_for_speedy_deletion	=	1.0000
http://dbkwik.webdatacommons.org/starwars.wikia.com/resource/Yuka_Laka	http://dbkwik.webdatacommons.org/swtor.wikia.com/resource/Yuka_Laka	=	1.0000
http://dbkwik.webdatacommons.org/starwars.wikia.com/class/cleanup	http://dbkwik.webdatacommons.org/swtor.wikia.com/class/cleanup	=	1.0000
http://dbkwik.webdatacommons.org/starwars.wikia.com/resource/Coruscant	http://dbkwik.webdatacommons.org/swtor.wikia.com/resource/Coruscant	=	1.0000
http://starwars.wikia.com/wiki/Special:FilePath/Lightsabers.jpg?width=300	http://swtor.wikia.com/wiki/Special:FilePath/Lightsabers.jpg?width=300	=	1.0000
http://starwars.wikia.com/wiki/Special:FilePath/NihilusDissolvesOnTheRavager.jpg?width=300	http://swtor.wikia.com/wiki/Special:FilePath/NihilusDissolvesOnTheRavager.jpg?width=300	=	1.0000
http://dbkwik.webdatacommons.org/starwars.wikia.com/resource/Memit_Nadill	http://dbkwik.webdatacommons.org/swtor.wikia.com/resource/Memit_Nadill	=	1.0000
http://dbkwik.webdatacommons.org/starwars.wikia.com/resource/Dantooine_Jedi_Enclave_Council	http://dbkwik.webdatacommons.org/swtor.wikia.com/resource/Dantooine_Jedi_Enclave_Council	=	1.0000
http://starwars.wikia.com/wiki/Special:FilePath/Darth_Marr.png?width=300	http://swtor.wikia.com/wiki/Special:FilePath/Darth_Marr.png?width=300	=	1.0000
http://dbkwik.webdatacommons.org/starwars.wikia.com/resource/Category:Kubaz	http://dbkwik.webdatacommons.org/swtor.wikia.com/resource/Category:Kubaz	=	1.0000
http://dbkwik.webdatacommons.org/starwars.wikia.com/resource/Station_chief	http://dbkwik.webdatacommons.org/swtor.wikia.com/resource/Station_Chief	=	1.0000
http://starwars.wikia.com/wiki/Special:FilePath/Belaya.jpg?width=300	http://swtor.wikia.com/wiki/Special:FilePath/Belaya.jpg?width=300	=	1.0000
http://dbkwik.webdatacommons.org/starwars.wikia.com/resource/Ministry-class_orbital_shuttle	http://dbkwik.webdatacommons.org/swtor.wikia.com/resource/Ministry-class_orbital_shuttle	=	1.0000
http://dbkwik.webdatacommons.org/starwars.wikia.com/resource/Ajunta_Pall%27s_Jedi_Master	http://dbkwik.webdatacommons.org/swtor.wikia.com/resource/Ajunta_Pall%27s_Jedi_Master	=	1.0000
http://starwars.wikia.com/wiki/Special:FilePath/Powertech.png?width=300	http://swtor.wikia.com/wiki/Special:FilePath/Powertech.png?width=300	=	1.0000
http://dbkwik.webdatacommons.org/starwars.wikia.com/resource/Medd_Tandar	http://dbkwik.webdatacommons.org/swtor.wikia.com/resource/Medd_Tandar	=	1.0000
http://dbkwik.webdatacommons.org/starwars.wikia.com/resource/Kom_Orda	http://dbkwik.webdatacommons.org/swtor.wikia.com/resource/Kom_Orda	=	1.0000
http://dbkwik.webdatacommons.org/starwars.wikia.com/resource/Jiguuna	http://dbkwik.webdatacommons.org/swtor.wikia.com/resource/Jiguuna	=	1.0000
http://starwars.wikia.com/wiki/Special:FilePath/Kreiadarknohood.jpg?width=300	http://swtor.wikia.com/wiki/Special:FilePath/Kreiadarknohood.jpg?width=300	=	1.0000
http://dbkwik.webdatacommons.org/starwars.wikia.com/resource/Cadomai_Prime	http://dbkwik.webdatacommons.org/swtor.wikia.com/resource/Cadomai_Prime	=	1.0000
http://dbkwik.webdatacommons.org/starwars.wikia.com/resource/Hedarr_Soongh	http://dbkwik.webdatacommons.org/swtor.wikia.com/resource/Hedarr_Soongh	=	1.0000
http://dbkwik.webdatacommons.org/starwars.wikia.com/resource/Lucien_Draay	http://dbkwik.webdatacommons.org/swtor.wikia.com/resource/Lucien_Draay	=	1.0000
http://starwars.wikia.com/wiki/Special:FilePath/Qyzen_Fess.png	http://swtor.wikia.com/wiki/Special:FilePath/Qyzen_fess.png	=	1.0000
http://dbkwik.webdatacommons.org/starwars.wikia.com/resource/Haazen	http://dbkwik.webdatacommons.org/swtor.wikia.com/resource/Haazen	=	1.0000
http://dbkwik.webdatacommons.org/starwars.wikia.com/resource/Darth_Hadra	http://dbkwik.webdatacommons.org/swtor.wikia.com/resource/Darth_Hadra	=	1.0000
http://dbkwik.webdatacommons.org/starwars.wikia.com/resource/Category:Characters	http://dbkwik.webdatacommons.org/swtor.wikia.com/resource/Category:Characters	=	1.0000
http://dbkwik.webdatacommons.org/starwars.wikia.com/resource/Dommu	http://dbkwik.webdatacommons.org/swtor.wikia.com/resource/Dommu	=	1.0000
http://dbkwik.webdatacommons.org/starwars.wikia.com/resource/Asylum	http://dbkwik.webdatacommons.org/swtor.wikia.com/resource/Asylum	=	1.0000
http://dbkwik.webdatacommons.org/starwars.wikia.com/resource/Bi-wing_snub_fighter	http://dbkwik.webdatacommons.org/swtor.wikia.com/resource/Bi-wing_snub_fighter	=	1.0000
http://dbkwik.webdatacommons.org/starwars.wikia.com/resource/Gran	http://dbkwik.webdatacommons.org/swtor.wikia.com/resource/Gran	=	1.0000
http://starwars.wikia.com/wiki/Special:FilePath/Battle.jpg	http://swtor.wikia.com/wiki/Special:FilePath/Battle.jpg	=	1.0000
http://dbkwik.webdatacommons.org/starwars.wikia.com/resource/Category:Geonosians	http://dbkwik.webdatacommons.org/swtor.wikia.com/resource/Category:Geonosians	=	1.0000
http://starwars.wikia.com/wiki/Special:FilePath/Lhosan_Thunderbolt.png	http://swtor.wikia.com/wiki/Special:FilePath/Lhosan_thunderbolt.png	=	1.0000
http://dbkwik.webdatacommons.org/starwars.wikia.com/resource/Timeline_4:_The_Empire_Changes_Strategy	http://dbkwik.webdatacommons.org/swtor.wikia.com/resource/Timeline_4:_The_Empire_Changes_Strategy	=	1.0000
http://dbkwik.webdatacommons.org/starwars.wikia.com/resource/Hemdil_Tre	http://dbkwik.webdatacommons.org/swtor.wikia.com/resource/Hemdil_Tre	=	1.0000
http://starwars.wikia.com/wiki/Special:FilePath/Briannafightpose.jpg?width=300	http://swtor.wikia.com/wiki/Special:FilePath/Briannafightpose.jpg?width=300	=	1.0000
http://dbkwik.webdatacommons.org/starwars.wikia.com/resource/Category:Unknown_Regions_planets	http://dbkwik.webdatacommons.org/swtor.wikia.com/resource/Category:Unknown_Regions_Planets	=	1.0000
http://dbkwik.webdatacommons.org/starwars.wikia.com/resource/Category:Shan_family	http://dbkwik.webdatacommons.org/swtor.wikia.com/resource/Category:Shan_family	=	1.0000
http://dbkwik.webdatacommons.org/starwars.wikia.com/resource/Geonosian	http://dbkwik.webdatacommons.org/swtor.wikia.com/resource/Geonosian	=	1.0000
http://dbkwik.webdatacommons.org/starwars.wikia.com/property/otherCharacters	http://dbkwik.webdatacommons.org/swtor.wikia.com/property/otherCharacters	=	1.0000
http://dbkwik.webdatacommons.org/starwars.wikia.com/resource/Darth_Vowrawn	http://dbkwik.webdatacommons.org/swtor.wikia.com/resource/Darth_Vowrawn	=	1.0000
http://dbkwik.webdatacommons.org/starwars.wikia.com/resource/Category:Droids	http://dbkwik.webdatacommons.org/swtor.wikia.com/resource/Category:Droids	=	1.0000
http://dbkwik.webdatacommons.org/starwars.wikia.com/resource/Outpost_Zaroshe	http://dbkwik.webdatacommons.org/swtor.wikia.com/resource/Outpost_Zaroshe	=	1.0000
http://dbkwik.webdatacommons.org/starwars.wikia.com/resource/Dak_Vesser	http://dbkwik.webdatacommons.org/swtor.wikia.com/resource/Dak_Vesser	=	1.0000
http://dbkwik.webdatacommons.org/starwars.wikia.com/resource/Nandrobarr_Korzod	http://dbkwik.webdatacommons.org/swtor.wikia.com/resource/Nandrobarr_Korzod	=	1.0000
http://dbkwik.webdatacommons.org/starwars.wikia.com/resource/HK-51	http://dbkwik.webdatacommons.org/swtor.wikia.com/resource/HK-51	=	1.0000
http://starwars.wikia.com/wiki/Special:FilePath/Forcestorm.png?width=300	http://swtor.wikia.com/wiki/Special:FilePath/Forcestorm.png?width=300	=	1.0000
http://dbkwik.webdatacommons.org/starwars.wikia.com/resource/Wayman	http://dbkwik.webdatacommons.org/swtor.wikia.com/resource/Wayman	=	1.0000
http://dbkwik.webdatacommons.org/starwars.wikia.com/resource/Outpost_Rennar	http://dbkwik.webdatacommons.org/swtor.wikia.com/resource/Outpost_Rennar	=	1.0000
http://dbkwik.webdatacommons.org/starwars.wikia.com/resource/Pazaak	http://dbkwik.webdatacommons.org/swtor.wikia.com/resource/Pazaak	=	1.0000
http://dbkwik.webdatacommons.org/starwars.wikia.com/resource/Battle_droid	http://dbkwik.webdatacommons.org/swtor.wikia.com/resource/Battle_droid	=	1.0000
http://starwars.wikia.com/wiki/Special:FilePath/Ergeron.jpg?width=300	http://swtor.wikia.com/wiki/Special:FilePath/Ergeron.jpg?width=300	=	1.0000
http://dbkwik.webdatacommons.org/starwars.wikia.com/resource/Vodo-Siosk_Baas%27s_heavy_courier	http://dbkwik.webdatacommons.org/swtor.wikia.com/resource/Vodo-Siosk_Baas%27s_Heavy_courier	=	1.0000
http://dbkwik.webdatacommons.org/starwars.wikia.com/resource/Kalisa_Gehnso	http://dbkwik.webdatacommons.org/swtor.wikia.com/resource/Kalisa_Gehnso	=	1.0000
http://starwars.wikia.com/wiki/Special:FilePath/Mercenary.png?width=300	http://swtor.wikia.com/wiki/Special:FilePath/Mercenary.png?width=300	=	1.0000
http://dbkwik.webdatacommons.org/starwars.wikia.com/resource/Mirialan	http://dbkwik.webdatacommons.org/swtor.wikia.com/resource/Mirialan	=	1.0000
http://dbkwik.webdatacommons.org/starwars.wikia.com/resource/Berethon	http://dbkwik.webdatacommons.org/swtor.wikia.com/resource/Berethon	=	1.0000
http://dbkwik.webdatacommons.org/starwars.wikia.com/resource/Rehkta	http://dbkwik.webdatacommons.org/swtor.wikia.com/resource/Rehkta	=	1.0000
http://dbkwik.webdatacommons.org/starwars.wikia.com/resource/Andronikos_Revel	http://dbkwik.webdatacommons.org/swtor.wikia.com/resource/Andronikos_Revel	=	1.0000
http://dbkwik.webdatacommons.org/starwars.wikia.com/resource/Jaynes	http://dbkwik.webdatacommons.org/swtor.wikia.com/resource/Jaynes	=	1.0000
http://starwars.wikia.com/wiki/Special:FilePath/Rendili_Protector.png?width=300	http://swtor.wikia.com/wiki/Special:FilePath/Rendili_protector.png?width=300	=	1.0000
http://starwars.wikia.com/wiki/Special:FilePath/Saresh.jpg	http://swtor.wikia.com/wiki/Special:FilePath/Saresh.jpg	=	1.0000
http://dbkwik.webdatacommons.org/starwars.wikia.com/resource/Category:Colonies_planets	http://dbkwik.webdatacommons.org/swtor.wikia.com/resource/Category:Colonies_Planets	=	1.0000
http://starwars.wikia.com/wiki/Special:FilePath/Khomo_Fett.png?width=300	http://swtor.wikia.com/wiki/Special:FilePath/Khomo_Fett2.png?width=300	=	0.9596
http://dbkwik.webdatacommons.org/starwars.wikia.com/resource/Mandragall	http://dbkwik.webdatacommons.org/swtor.wikia.com/resource/Mandragall	=	1.0000
http://dbkwik.webdatacommons.org/starwars.wikia.com/resource/Zeer	http://dbkwik.webdatacommons.org/swtor.wikia.com/resource/Zeer	=	1.0000
http://dbkwik.webdatacommons.org/starwars.wikia.com/resource/Outpost_Varath	http://dbkwik.webdatacommons.org/swtor.wikia.com/resource/Outpost_Varath	=	1.0000
http://dbkwik.webdatacommons.org/starwars.wikia.com/resource/Commando	http://dbkwik.webdatacommons.org/swtor.wikia.com/resource/Commando	=	1.0000
http://dbkwik.webdatacommons.org/starwars.wikia.com/property/titles	http://dbkwik.webdatacommons.org/swtor.wikia.com/resource/Titles	=	1.0000
http://dbkwik.webdatacommons.org/starwars.wikia.com/resource/Tarsis%27Krall	http://dbkwik.webdatacommons.org/swtor.wikia.com/resource/Tarsis%27Krall	=	1.0000
http://dbkwik.webdatacommons.org/starwars.wikia.com/resource/Urinth	http://dbkwik.webdatacommons.org/swtor.wikia.com/resource/Urinth	=	1.0000
http://starwars.wikia.com/wiki/Special:FilePath/Canderous.jpg	http://swtor.wikia.com/wiki/Special:FilePath/Canderous.jpg	=	1.0000
http://dbkwik.webdatacommons.org/starwars.wikia.com/property/crew	http://dbkwik.webdatacommons.org/swtor.wikia.com/property/crew	=	1.0000
http://dbkwik.webdatacommons.org/starwars.wikia.com/resource/Ryen	http://dbkwik.webdatacommons.org/swtor.wikia.com/resource/Ryen	=	1.0000
http://dbkwik.webdatacommons.org/starwars.wikia.com/resource/Ahto_City	http://dbkwik.webdatacommons.org/swtor.wikia.com/resource/Ahto_City	=	1.0000
http://starwars.wikia.com/wiki/Special:FilePath/Rendili_Watchman.png	http://swtor.wikia.com/wiki/Special:FilePath/Rendili_watchman.png	=	1.0000
http://dbkwik.webdatacommons.org/starwars.wikia.com/resource/Kintan_crusher	http://dbkwik.webdatacommons.org/swtor.wikia.com/resource/Kintan_Crusher	=	1.0000
http://dbkwik.webdatacommons.org/starwars.wikia.com/resource/Zhar_Lestin	http://dbkwik.webdatacommons.org/swtor.wikia.com/resource/Zhar_Lestin	=	1.0000
http://dbkwik.webdatacommons.org/starwars.wikia.com/resource/Kith_Kark	http://dbkwik.webdatacommons.org/swtor.wikia.com/resource/Kith_Kark	=	1.0000
http://dbkwik.webdatacommons.org/starwars.wikia.com/resource/Scream_of_Ragnos	http://dbkwik.webdatacommons.org/swtor.wikia.com/resource/Scream_of_Ragnos	=	1.0000
http://starwars.wikia.com/wiki/Special:FilePath/Jedi_Council_Great_Galactic_War.jpg	http://swtor.wikia.com/wiki/Special:FilePath/Jedi_Council_Great_Galactic_War.jpg	=	1.0000
http://dbkwik.webdatacommons.org/starwars.wikia.com/resource/Ridgeside_Sentry_Post	http://dbkwik.webdatacommons.org/swtor.wikia.com/resource/Ridgeside_Sentry_Post	=	1.0000
http://starwars.wikia.com/wiki/Special:FilePath/Darvannis.png	http://swtor.wikia.com/wiki/Special:FilePath/Darvannis.png	=	1.0000
http://starwars.wikia.com/wiki/Special:FilePath/Naga_Sadow_Headshot.jpg?width=300	http://swtor.wikia.com/wiki/Special:FilePath/Naga_Sadow_Headshot.jpg?width=300	=	1.0000
http://dbkwik.webdatacommons.org/starwars.wikia.com/resource/Imogh	http://dbkwik.webdatacommons.org/swtor.wikia.com/resource/Imogh	=	1.0000
http://starwars.wikia.com/wiki/Special:FilePath/Ergeron.jpg	http://swtor.wikia.com/wiki/Special:FilePath/Ergeron.jpg	=	1.0000
http://dbkwik.webdatacommons.org/starwars.wikia.com/resource/Valley_of_the_Dark_Lords	http://dbkwik.webdatacommons.org/swtor.wikia.com/resource/Valley_of_the_Dark_Lords	=	1.0000
http://starwars.wikia.com/wiki/Special:FilePath/DK-27_Guardian_Droid.png?width=300	http://swtor.wikia.com/wiki/Special:FilePath/DK-27GuardianDroid.png?width=300	=	1.0000
http://dbkwik.webdatacommons.org/starwars.wikia.com/class/credits	http://dbkwik.webdatacommons.org/swtor.wikia.com/class/credits	=	1.0000
http://dbkwik.webdatacommons.org/starwars.wikia.com/resource/Devon_Race	http://dbkwik.webdatacommons.org/swtor.wikia.com/resource/Devon_Race	=	1.0000
http://dbkwik.webdatacommons.org/starwars.wikia.com/resource/Keizar-Volvec_bulk_cruiser	http://dbkwik.webdatacommons.org/swtor.wikia.com/resource/Keizar-Volvec_Bulk_cruiser	=	1.0000
http://starwars.wikia.com/wiki/Special:FilePath/Dark_Council.png	http://swtor.wikia.com/wiki/Special:FilePath/Dark_Council.png	=	1.0000
http://dbkwik.webdatacommons.org/starwars.wikia.com/resource/Wookieepedia	http://dbkwik.webdatacommons.org/swtor.wikia.com/resource/Wookieepedia	=	1.0000
http://dbkwik.webdatacommons.org/starwars.wikia.com/resource/Force_vision	http://dbkwik.webdatacommons.org/swtor.wikia.com/resource/Force_vision	=	1.0000
http://dbkwik.webdatacommons.org/starwars.wikia.com/resource/House_Panteer	http://dbkwik.webdatacommons.org/swtor.wikia.com/resource/House_Panteer	=	1.0000
http://dbkwik.webdatacommons.org/starwars.wikia.com/resource/Imperial_military_transport	http://dbkwik.webdatacommons.org/swtor.wikia.com/resource/Imperial_Military_transport	=	1.0000
http://dbkwik.webdatacommons.org/starwars.wikia.com/resource/TZ-24_Enforcer	http://dbkwik.webdatacommons.org/swtor.wikia.com/resource/TZ-24_Enforcer	=	1.0000
http://dbkwik.webdatacommons.org/starwars.wikia.com/resource/Remulus_Dreypa	http://dbkwik.webdatacommons.org/swtor.wikia.com/resource/Remulus_Dreypa	=	1.0000
http://dbkwik.webdatacommons.org/starwars.wikia.com/resource/Bogstalker	http://dbkwik.webdatacommons.org/swtor.wikia.com/resource/Bogstalker	=	1.0000
http://dbkwik.webdatacommons.org/starwars.wikia.com/resource/Category:Articles_with_conjectural_titles	http://dbkwik.webdatacommons.org/swtor.wikia.com/resource/Category:Articles_with_conjectural_titles	=	1.0000
http://starwars.wikia.com/wiki/Special:FilePath/Tsforce.jpg	http://swtor.wikia.com/wiki/Special:FilePath/Tsforce.jpg	=	1.0000
http://dbkwik.webdatacommons.org/starwars.wikia.com/resource/Assault	http://dbkwik.webdatacommons.org/swtor.wikia.com/resource/Assault	=	1.0000
http://dbkwik.webdatacommons.org/starwars.wikia.com/resource/Mari-Elan_Nora	http://dbkwik.webdatacommons.org/swtor.wikia.com/resource/Mari-Elan_Nora	=	1.0000
http://starwars.wikia.com/wiki/Special:FilePath/Grand_Moff_Kilran.png?width=300	http://swtor.wikia.com/wiki/Special:FilePath/grand-moff-kilran.png?width=300	=	1.0000
http://starwars.wikia.com/wiki/Special:FilePath/Hunstmaster.png	http://swtor.wikia.com/wiki/Special:FilePath/Hunstmaster.png	=	1.0000
http://dbkwik.webdatacommons.org/starwars.wikia.com/resource/Battle_of_Corbos	http://dbkwik.webdatacommons.org/swtor.wikia.com/resource/Battle_of_Corbos	=	1.0000
http://starwars.wikia.com/wiki/Special:FilePath/Tanno_Vik.png	http://swtor.wikia.com/wiki/Special:FilePath/Tanno_vik.png	=	1.0000
http://dbkwik.webdatacommons.org/starwars.wikia.com/resource/Category:Technology	http://dbkwik.webdatacommons.org/swtor.wikia.com/resource/Category:Technology	=	1.0000
http://dbkwik.webdatacommons.org/starwars.wikia.com/resource/Star_Wars:_Knights_of_the_Old_Republic_II:_The_Sith_Lords	http://dbkwik.webdatacommons.org/swtor.wikia.com/resource/Star_Wars_Knights_of_the_Old_Republic_II:_The_Sith_Lords	=	1.0000
http://dbkwik.webdatacommons.org/starwars.wikia.com/resource/Unidentified_Cathar_Jedi_(Great_Hunt)	http://dbkwik.webdatacommons.org/swtor.wikia.com/resource/Unidentified_Cathar_Jedi_(Great_Hunt)	=	1.0000
http://dbkwik.webdatacommons.org/starwars.wikia.com/resource/Bormu	http://dbkwik.webdatacommons.org/swtor.wikia.com/resource/Bormu	=	1.0000
http://dbkwik.webdatacommons.org/starwars.wikia.com/resource/Mical	http://dbkwik.webdatacommons.org/swtor.wikia.com/resource/Mical	=	1.0000
http://starwars.wikia.com/wiki/Special:FilePath/Dark_Temple.png?width=300	http://swtor.wikia.com/wiki/Special:FilePath/Dark_Temple.png?width=300	=	1.0000
http://dbkwik.webdatacommons.org/starwars.wikia.com/resource/Nolan_North	http://dbkwik.webdatacommons.org/swtor.wikia.com/resource/Nolan_North	=	1.0000
http://dbkwik.webdatacommons.org/starwars.wikia.com/resource/TC-93	http://dbkwik.webdatacommons.org/swtor.wikia.com/resource/TC-93	=	1.0000
http://dbkwik.webdatacommons.org/starwars.wikia.com/resource/Pit_Rauhut	http://dbkwik.webdatacommons.org/swtor.wikia.com/resource/Pit_Rauhut	=	1.0000
http://starwars.wikia.com/wiki/Special:FilePath/KreiaPortrait.jpg	http://swtor.wikia.com/wiki/Special:FilePath/KreiaPortrait.jpg	=	1.0000
http://dbkwik.webdatacommons.org/starwars.wikia.com/resource/Daiman	http://dbkwik.webdatacommons.org/swtor.wikia.com/resource/Daiman	=	1.0000
http://dbkwik.webdatacommons.org/starwars.wikia.com/resource/Guun_Han_Saresh	http://dbkwik.webdatacommons.org/swtor.wikia.com/resource/Guun_Han_Saresh	=	1.0000
http://starwars.wikia.com/wiki/Special:FilePath/Cormun.png	http://swtor.wikia.com/wiki/Special:FilePath/Cormun.png	=	1.0000
http://dbkwik.webdatacommons.org/starwars.wikia.com/resource/Champion	http://dbkwik.webdatacommons.org/swtor.wikia.com/resource/Champion	=	1.0000
http://dbkwik.webdatacommons.org/starwars.wikia.com/resource/Oh%27dvek	http://dbkwik.webdatacommons.org/swtor.wikia.com/resource/Oh%27dvek	=	1.0000
http://dbkwik.webdatacommons.org/starwars.wikia.com/resource/Jedi_Sentinel	http://dbkwik.webdatacommons.org/swtor.wikia.com/resource/Jedi_Sentinel	=	1.0000
http://dbkwik.webdatacommons.org/starwars.wikia.com/resource/Category:Grand_Moffs	http://dbkwik.webdatacommons.org/swtor.wikia.com/resource/Category:Grand_Moffs	=	1.0000
http://dbkwik.webdatacommons.org/starwars.wikia.com/resource/Ottau	http://dbkwik.webdatacommons.org/swtor.wikia.com/resource/Ottau	=	1.0000
http://dbkwik.webdatacommons.org/starwars.wikia.com/resource/Ecumenopolis	http://dbkwik.webdatacommons.org/swtor.wikia.com/resource/Ecumenopolis	=	1.0000
http://starwars.wikia.com/wiki/Special:FilePath/Dark_Council.png?width=300	http://swtor.wikia.com/wiki/Special:FilePath/Dark_Council.png?width=300	=	1.0000
http://dbkwik.webdatacommons.org/starwars.wikia.com/resource/Savrip	http://dbkwik.webdatacommons.org/swtor.wikia.com/resource/Savrip	=	1.0000
http://starwars.wikia.com/wiki/Special:FilePath/DarthKallous02.jpg	http://swtor.wikia.com/wiki/Special:FilePath/DarthKallous02.jpg	=	1.0000
http://dbkwik.webdatacommons.org/starwars.wikia.com/resource/Benn	http://dbkwik.webdatacommons.org/swtor.wikia.com/resource/Benn	=	1.0000
http://starwars.wikia.com/wiki/Special:FilePath/Torian.png?width=300	http://swtor.wikia.com/wiki/Special:FilePath/Torian.png?width=300	=	1.0000
http://dbkwik.webdatacommons.org/starwars.wikia.com/resource/Mon_Calamari	http://dbkwik.webdatacommons.org/swtor.wikia.com/resource/Mon_Calamari	=	1.0000
http://starwars.wikia.com/wiki/Special:FilePath/Ironfist.png?width=300	http://swtor.wikia.com/wiki/Special:FilePath/Ironfist1.png?width=300	=	0.9548
http://starwars.wikia.com/wiki/Special:FilePath/Rendili_Watchman.png?width=300	http://swtor.wikia.com/wiki/Special:FilePath/Rendili_watchman.png?width=300	=	1.0000
http://starwars.wikia.com/wiki/Special:FilePath/Alderaan.jpg?width=300	http://swtor.wikia.com/wiki/Special:FilePath/Alderaan.jpg?width=300	=	1.0000
http://starwars.wikia.com/wiki/Special:FilePath/Force_sense.png	http://swtor.wikia.com/wiki/Special:FilePath/Force_sense.png	=	1.0000
http://dbkwik.webdatacommons.org/starwars.wikia.com/resource/Derriphan-class_battleship	http://dbkwik.webdatacommons.org/swtor.wikia.com/resource/Derriphan-class_battleship	=	1.0000
http://starwars.wikia.com/wiki/Special:FilePath/Nomi%27s_robe.jpg	http://swtor.wikia.com/wiki/Special:FilePath/Nomi%27s_robe.jpg	=	1.0000
http://dbkwik.webdatacommons.org/starwars.wikia.com/resource/Derrica_Praji	http://dbkwik.webdatacommons.org/swtor.wikia.com/resource/Derrica_Praji	=	1.0000
http://dbkwik.webdatacommons.org/starwars.wikia.com/resource/Category:Internal_link_templates	http://dbkwik.webdatacommons.org/swtor.wikia.com/resource/Category:Internal_link_templates	=	1.0000
http://dbkwik.webdatacommons.org/starwars.wikia.com/resource/Force_energy	http://dbkwik.webdatacommons.org/swtor.wikia.com/resource/Force_energy	=	1.0000
http://dbkwik.webdatacommons.org/starwars.wikia.com/resource/BioWare	http://dbkwik.webdatacommons.org/swtor.wikia.com/resource/BioWare	=	1.0000
http://dbkwik.webdatacommons.org/starwars.wikia.com/resource/Vrake	http://dbkwik.webdatacommons.org/swtor.wikia.com/resource/Vrake	=	1.0000
http://dbkwik.webdatacommons.org/starwars.wikia.com/resource/Ranath	http://dbkwik.webdatacommons.org/swtor.wikia.com/resource/Ranath	=	1.0000
http://dbkwik.webdatacommons.org/starwars.wikia.com/resource/Jundland	http://dbkwik.webdatacommons.org/swtor.wikia.com/resource/Jundland	=	1.0000
http://dbkwik.webdatacommons.org/starwars.wikia.com/resource/Timeline_6:_Onslaught_of_the_Sith_Empire	http://dbkwik.webdatacommons.org/swtor.wikia.com/resource/Timeline_6:_Onslaught_of_the_Sith_Empire	=	1.0000
http://starwars.wikia.com/wiki/Special:FilePath/DK-27_Guardian_Droid.png	http://swtor.wikia.com/wiki/Special:FilePath/DK-27GuardianDroid.png	=	1.0000
http://starwars.wikia.com/wiki/Special:FilePath/Ephran_Zell.png	http://swtor.wikia.com/wiki/Special:FilePath/Ephran_Zell.png	=	1.0000
http://dbkwik.webdatacommons.org/starwars.wikia.com/resource/Category:Titles	http://dbkwik.webdatacommons.org/swtor.wikia.com/resource/Category:Titles	=	1.0000
http://dbkwik.webdatacommons.org/starwars.wikia.com/resource/Unidentified_Ithorian_Revanchist_Jedi	http://dbkwik.webdatacommons.org/swtor.wikia.com/resource/Unidentified_Ithorian_Revanchist_Jedi	=	1.0000
http://dbkwik.webdatacommons.org/starwars.wikia.com/resource/Category:Chagrians	http://dbkwik.webdatacommons.org/swtor.wikia.com/resource/Category:Chagrians	=	1.0000
http://dbkwik.webdatacommons.org/starwars.wikia.com/resource/Vorin	http://dbkwik.webdatacommons.org/swtor.wikia.com/resource/Vorin	=	1.0000
http://dbkwik.webdatacommons.org/starwars.wikia.com/resource/TITAN_6	http://dbkwik.webdatacommons.org/swtor.wikia.com/resource/TITAN_6	=	1.0000
http://dbkwik.webdatacommons.org/starwars.wikia.com/resource/Estopatrin	http://dbkwik.webdatacommons.org/swtor.wikia.com/resource/Estopatrin	=	1.0000
http://starwars.wikia.com/wiki/Special:FilePath/Praxon_Aero.png	http://swtor.wikia.com/wiki/Special:FilePath/Praxon_aero.png	=	1.0000
http://dbkwik.webdatacommons.org/starwars.wikia.com/resource/Peacemaker-class_cruiser	http://dbkwik.webdatacommons.org/swtor.wikia.com/resource/Peacemaker-class_cruiser	=	1.0000
http://starwars.wikia.com/wiki/Special:FilePath/Aryn_Leneer.jpg?width=300	http://swtor.wikia.com/wiki/Special:FilePath/Aryn_Leneer.jpg?width=300	=	1.0000
http://starwars.wikia.com/wiki/Special:FilePath/Kaal.png?width=300	http://swtor.wikia.com/wiki/Special:FilePath/Kaal.png?width=300	=	1.0000
http://starwars.wikia.com/wiki/Special:FilePath/Cora.png	http://swtor.wikia.com/wiki/Special:FilePath/Cora.png	=	1.0000
http://dbkwik.webdatacommons.org/starwars.wikia.com/resource/Laura_Bailey	http://dbkwik.webdatacommons.org/swtor.wikia.com/resource/Laura_Bailey	=	1.0000
http://starwars.wikia.com/wiki/Special:FilePath/Devaron_NEGAS.jpg?width=300	http://swtor.wikia.com/wiki/Special:FilePath/Devaron_NEGAS.jpg?width=300	=	1.0000
http://dbkwik.webdatacommons.org/starwars.wikia.com/resource/FT-7B_Clarion	http://dbkwik.webdatacommons.org/swtor.wikia.com/resource/FT-7B_Clarion	=	1.0000
http://starwars.wikia.com/wiki/Special:FilePath/Shadow.png?width=300	http://swtor.wikia.com/wiki/Special:FilePath/Shadow.png?width=300	=	1.0000
http://dbkwik.webdatacommons.org/starwars.wikia.com/resource/Avitla	http://dbkwik.webdatacommons.org/swtor.wikia.com/resource/Avitla	=	1.0000
http://dbkwik.webdatacommons.org/starwars.wikia.com/resource/Category:Families	http://dbkwik.webdatacommons.org/swtor.wikia.com/resource/Category:Families	=	1.0000
http://dbkwik.webdatacommons.org/starwars.wikia.com/resource/Yuna_Bore_venom_mine	http://dbkwik.webdatacommons.org/swtor.wikia.com/resource/Yuna_Bore_Venom_Mine	=	1.0000
http://dbkwik.webdatacommons.org/starwars.wikia.com/resource/Imperial_Listening_Post	http://dbkwik.webdatacommons.org/swtor.wikia.com/resource/Imperial_Listening_Post	=	1.0000
http://dbkwik.webdatacommons.org/starwars.wikia.com/resource/Yollo	http://dbkwik.webdatacommons.org/swtor.wikia.com/resource/Yollo	=	1.0000
http://dbkwik.webdatacommons.org/starwars.wikia.com/resource/Malakite	http://dbkwik.webdatacommons.org/swtor.wikia.com/resource/Malakite	=	1.0000
http://starwars.wikia.com/wiki/Special:FilePath/Barrison_Draay_portrait.jpg?width=300	http://swtor.wikia.com/wiki/Special:FilePath/Barrison_Draay_portrait.jpg?width=300	=	1.0000
http://starwars.wikia.com/wiki/Special:FilePath/Satal_Keto.jpg?width=300	http://swtor.wikia.com/wiki/Special:FilePath/Satal_Keto.jpg?width=300	=	1.0000
http://dbkwik.webdatacommons.org/starwars.wikia.com/resource/DK-27_Guardian_Droid	http://dbkwik.webdatacommons.org/swtor.wikia.com/resource/DK-27_Guardian_Droid	=	1.0000
http://starwars.wikia.com/wiki/Special:FilePath/Argog.png?width=300	http://swtor.wikia.com/wiki/Special:FilePath/Argog.png?width=300	=	1.0000
http://dbkwik.webdatacommons.org/starwars.wikia.com/property/gender	http://dbkwik.webdatacommons.org/swtor.wikia.com/property/gender	=	1.0000
http://dbkwik.webdatacommons.org/starwars.wikia.com/resource/Human	http://dbkwik.webdatacommons.org/swtor.wikia.com/resource/Human	=	1.0000
http://dbkwik.webdatacommons.org/starwars.wikia.com/resource/Unidentified_Rodian_Jedi_(Sacking_of_Coruscant)	http://dbkwik.webdatacommons.org/swtor.wikia.com/resource/Unidentified_Rodian_Jedi_(Sacking_of_Coruscant)	=	1.0000
http://dbkwik.webdatacommons.org/starwars.wikia.com/resource/Darth_Zash	http://dbkwik.webdatacommons.org/swtor.wikia.com/resource/Darth_Zash	=	1.0000
http://dbkwik.webdatacommons.org/starwars.wikia.com/resource/Category:Slaves	http://dbkwik.webdatacommons.org/swtor.wikia.com/resource/Category:Slaves	=	1.0000
http://dbkwik.webdatacommons.org/starwars.wikia.com/resource/Shad_Jelavan	http://dbkwik.webdatacommons.org/swtor.wikia.com/resource/Shad_Jelavan	=	1.0000
http://starwars.wikia.com/wiki/Special:FilePath/Anitol_Rosspar.png	http://swtor.wikia.com/wiki/Special:FilePath/Anitol_Rosspar.png	=	1.0000
http://dbkwik.webdatacommons.org/starwars.wikia.com/resource/Category:Galactic_Timeline	http://dbkwik.webdatacommons.org/swtor.wikia.com/resource/Category:Galactic_Timeline	=	1.0000
http://starwars.wikia.com/wiki/Special:FilePath/Black_Talon.png	http://swtor.wikia.com/wiki/Special:FilePath/Black_Talon.png	=	1.0000
http://dbkwik.webdatacommons.org/starwars.wikia.com/resource/Sarro_Xaj	http://dbkwik.webdatacommons.org/swtor.wikia.com/resource/Sarro_Xaj	=	1.0000
http://starwars.wikia.com/wiki/Special:FilePath/AnnihilationCover.jpg	http://swtor.wikia.com/wiki/Special:FilePath/AnnihilationCover.jpg	=	1.0000
http://dbkwik.webdatacommons.org/starwars.wikia.com/resource/Nayama	http://dbkwik.webdatacommons.org/swtor.wikia.com/resource/Nayama	=	1.0000
http://starwars.wikia.com/wiki/Special:FilePath/Dark_Temple_map.jpg	http://swtor.wikia.com/wiki/Special:FilePath/Dark_Temple_map.jpg	=	1.0000
http://dbkwik.webdatacommons.org/starwars.wikia.com/resource/Zhin	http://dbkwik.webdatacommons.org/swtor.wikia.com/resource/Zhin	=	1.0000
http://dbkwik.webdatacommons.org/starwars.wikia.com/resource/Clan_Varad	http://dbkwik.webdatacommons.org/swtor.wikia.com/resource/Clan_Varad	=	1.0000
http://starwars.wikia.com/wiki/Special:FilePath/Draahg.png	http://swtor.wikia.com/wiki/Special:FilePath/Draahg.png	=	1.0000
http://dbkwik.webdatacommons.org/starwars.wikia.com/resource/Order_of_the_Sith_Lords	http://dbkwik.webdatacommons.org/swtor.wikia.com/resource/Order_of_the_Sith_Lords	=	1.0000
http://dbkwik.webdatacommons.org/starwars.wikia.com/resource/Xelian	http://dbkwik.webdatacommons.org/swtor.wikia.com/resource/Xelian	=	1.0000
http://dbkwik.webdatacommons.org/starwars.wikia.com/resource/Avesta_family	http://dbkwik.webdatacommons.org/swtor.wikia.com/resource/Avesta_Family	=	1.0000
http://dbkwik.webdatacommons.org/starwars.wikia.com/resource/Rance	http://dbkwik.webdatacommons.org/swtor.wikia.com/resource/Rance	=	1.0000
http://starwars.wikia.com/wiki/Special:FilePath/CZ-198.jpg	http://swtor.wikia.com/wiki/Special:FilePath/Cz-198.jpg	=	1.0000
http://dbkwik.webdatacommons.org/starwars.wikia.com/resource/Endurance	http://dbkwik.webdatacommons.org/swtor.wikia.com/resource/Endurance	=	1.0000
http://dbkwik.webdatacommons.org/starwars.wikia.com/resource/Category:Kel_Dor	http://dbkwik.webdatacommons.org/swtor.wikia.com/resource/Category:Kel_Dor	=	1.0000
http://dbkwik.webdatacommons.org/starwars.wikia.com/resource/Jannik	http://dbkwik.webdatacommons.org/swtor.wikia.com/resource/Jannik	=	1.0000
http://dbkwik.webdatacommons.org/starwars.wikia.com/resource/Astromechalla	http://dbkwik.webdatacommons.org/swtor.wikia.com/resource/Astromechalla	=	1.0000
http://dbkwik.webdatacommons.org/starwars.wikia.com/resource/Servant_One	http://dbkwik.webdatacommons.org/swtor.wikia.com/resource/Servant_One	=	1.0000
http://dbkwik.webdatacommons.org/starwars.wikia.com/resource/Gambo	http://dbkwik.webdatacommons.org/swtor.wikia.com/resource/Gambo	=	1.0000
http://dbkwik.webdatacommons.org/starwars.wikia.com/resource/Vehement_Sword	http://dbkwik.webdatacommons.org/swtor.wikia.com/resource/Vehement_Sword	=	1.0000
http://dbkwik.webdatacommons.org/starwars.wikia.com/class/succession_box	http://dbkwik.webdatacommons.org/swtor.wikia.com/class/succession_box	=	1.0000
http://dbkwik.webdatacommons.org/starwars.wikia.com/property/species	http://dbkwik.webdatacommons.org/swtor.wikia.com/property/species	=	1.0000
http://starwars.wikia.com/wiki/Special:FilePath/Bastilaphotoshoot2.jpg	http://swtor.wikia.com/wiki/Special:FilePath/Bastilaphotoshoot2.jpg	=	1.0000
http://dbkwik.webdatacommons.org/starwars.wikia.com/resource/Category:Star_Wars:_The_Old_Republic	http://dbkwik.webdatacommons.org/swtor.wikia.com/resource/Category:Star_Wars:_The_Old_Republic	=	1.0000
http://dbkwik.webdatacommons.org/starwars.wikia.com/resource/Vinsoth	http://dbkwik.webdatacommons.org/swtor.wikia.com/resource/Vinsoth	=	1.0000
http://starwars.wikia.com/wiki/Special:FilePath/David_Hayter.jpg?width=300	http://swtor.wikia.com/wiki/Special:FilePath/David-hayter.jpg?width=300	=	1.0000
http://dbkwik.webdatacommons.org/starwars.wikia.com/resource/Scourge	http://dbkwik.webdatacommons.org/swtor.wikia.com/resource/Scourge	=	1.0000
http://dbkwik.webdatacommons.org/starwars.wikia.com/resource/Category:Mon_Calamari	http://dbkwik.webdatacommons.org/swtor.wikia.com/resource/Category:Mon_Calamari	=	1.0000
http://dbkwik.webdatacommons.org/starwars.wikia.com/resource/Doombringer	http://dbkwik.webdatacommons.org/swtor.wikia.com/resource/Doombringer	=	1.0000
http://dbkwik.webdatacommons.org/starwars.wikia.com/resource/Sand_demon	http://dbkwik.webdatacommons.org/swtor.wikia.com/resource/Sand_Demon	=	1.0000
http://dbkwik.webdatacommons.org/starwars.wikia.com/resource/Republic_transport_ship	http://dbkwik.webdatacommons.org/swtor.wikia.com/resource/Republic_Transport_ship	=	1.0000
http://dbkwik.webdatacommons.org/starwars.wikia.com/resource/Corvani	http://dbkwik.webdatacommons.org/swtor.wikia.com/resource/Corvani	=	1.0000
http://dbkwik.webdatacommons.org/starwars.wikia.com/resource/The_Ancient_One	http://dbkwik.webdatacommons.org/swtor.wikia.com/resource/The_Ancient_One	=	1.0000
http://starwars.wikia.com/wiki/Special:FilePath/Torian.png	http://swtor.wikia.com/wiki/Special:FilePath/Torian.png	=	1.0000
http://dbkwik.webdatacommons.org/starwars.wikia.com/resource/Lurker	http://dbkwik.webdatacommons.org/swtor.wikia.com/resource/Lurker	=	1.0000
http://starwars.wikia.com/wiki/Special:FilePath/Ortosin.png?width=300	http://swtor.wikia.com/wiki/Special:FilePath/Ortosin.png?width=300	=	1.0000
http://dbkwik.webdatacommons.org/starwars.wikia.com/resource/Solence	http://dbkwik.webdatacommons.org/swtor.wikia.com/resource/Solence	=	1.0000
http://dbkwik.webdatacommons.org/starwars.wikia.com/property/start	http://dbkwik.webdatacommons.org/swtor.wikia.com/property/start	=	1.0000
http://starwars.wikia.com/wiki/Special:FilePath/Femi.jpg?width=300	http://swtor.wikia.com/wiki/Special:FilePath/Femi.jpg?width=300	=	1.0000
http://dbkwik.webdatacommons.org/starwars.wikia.com/resource/Naga_Sadow	http://dbkwik.webdatacommons.org/swtor.wikia.com/resource/Naga_Sadow	=	1.0000
http://dbkwik.webdatacommons.org/starwars.wikia.com/resource/Nomi_Sunrider	http://dbkwik.webdatacommons.org/swtor.wikia.com/resource/Nomi_Sunrider	=	1.0000
http://dbkwik.webdatacommons.org/starwars.wikia.com/resource/Auriga_Fire	http://dbkwik.webdatacommons.org/swtor.wikia.com/resource/Auriga_Fire	=	1.0000
http://starwars.wikia.com/wiki/Special:FilePath/YavinStation.jpg	http://swtor.wikia.com/wiki/Special:FilePath/Yavin_station.jpg	=	1.0000
http://dbkwik.webdatacommons.org/starwars.wikia.com/resource/Rhigoth	http://dbkwik.webdatacommons.org/swtor.wikia.com/resource/Rhigoth	=	1.0000
http://starwars.wikia.com/wiki/Special:FilePath/Star_Saber_XC-01_starfighter.jpg	http://swtor.wikia.com/wiki/Special:FilePath/Star_Saber_XC-01_Starfighter.jpg	=	1.0000
http://starwars.wikia.com/wiki/Special:FilePath/Ashara_Zavros.png?width=300	http://swtor.wikia.com/wiki/Special:FilePath/Ashara_Zavros.png?width=300	=	1.0000
http://starwars.wikia.com/wiki/Special:FilePath/Manaan.jpg?width=300	http://swtor.wikia.com/wiki/Special:FilePath/Manaan.jpg?width=300	=	1.0000
http://dbkwik.webdatacommons.org/starwars.wikia.com/resource/Category:Images_with_unknown_copyright_status	http://dbkwik.webdatacommons.org/swtor.wikia.com/resource/Category:Images_with_unknown_copyright_status	=	1.0000
http://dbkwik.webdatacommons.org/starwars.wikia.com/resource/Timeline_3:_The_Return_of_the_Mandalorians	http://dbkwik.webdatacommons.org/swtor.wikia.com/resource/Timeline_3:_The_Return_of_the_Mandalorians	=	1.0000
http://dbkwik.webdatacommons.org/starwars.wikia.com/resource/Rakata	http://dbkwik.webdatacommons.org/swtor.wikia.com/resource/Rakata	=	1.0000
http://dbkwik.webdatacommons.org/starwars.wikia.com/resource/Nomi%27s_robe	http://dbkwik.webdatacommons.org/swtor.wikia.com/resource/Nomi%27s_Robe	=	1.0000
http://dbkwik.webdatacommons.org/starwars.wikia.com/resource/Wraid	http://dbkwik.webdatacommons.org/swtor.wikia.com/resource/Wraid	=	1.0000
http://dbkwik.webdatacommons.org/starwars.wikia.com/resource/Jurgoran	http://dbkwik.webdatacommons.org/swtor.wikia.com/resource/Jurgoran	=	1.0000
http://starwars.wikia.com/wiki/Special:FilePath/Dorvin_Eltrom.jpg?width=300	http://swtor.wikia.com/wiki/Special:FilePath/Dorvin_Eltrom.jpg?width=300	=	1.0000
http://starwars.wikia.com/wiki/Special:FilePath/%5B%5BIokath.png?width=300	http://swtor.wikia.com/wiki/Special:FilePath/Iokath.png?width=300	=	1.0000
http://dbkwik.webdatacommons.org/starwars.wikia.com/resource/Footlocker	http://dbkwik.webdatacommons.org/swtor.wikia.com/resource/Footlocker	=	1.0000
http://dbkwik.webdatacommons.org/starwars.wikia.com/resource/Aleco_Stusea	http://dbkwik.webdatacommons.org/swtor.wikia.com/resource/Aleco_Stusea	=	1.0000
http://dbkwik.webdatacommons.org/starwars.wikia.com/resource/Category:Zabrak	http://dbkwik.webdatacommons.org/swtor.wikia.com/resource/Category:Zabrak	=	1.0000
http://dbkwik.webdatacommons.org/starwars.wikia.com/resource/Outlaw%27s_Den	http://dbkwik.webdatacommons.org/swtor.wikia.com/resource/Outlaw%27s_Den	=	1.0000
http://starwars.wikia.com/wiki/Special:FilePath/Mako1.png	http://swtor.wikia.com/wiki/Special:FilePath/Mako1.png	=	1.0000
http://starwars.wikia.com/wiki/Special:FilePath/Odancourier.jpg	http://swtor.wikia.com/wiki/Special:FilePath/Odancourier.jpg	=	1.0000
http://dbkwik.webdatacommons.org/starwars.wikia.com/resource/Kennet_Parn	http://dbkwik.webdatacommons.org/swtor.wikia.com/resource/Kennet_Parn	=	1.0000
http://dbkwik.webdatacommons.org/starwars.wikia.com/resource/Praetorian-class_frigate	http://dbkwik.webdatacommons.org/swtor.wikia.com/resource/Praetorian-class_frigate	=	1.0000
http://dbkwik.webdatacommons.org/starwars.wikia.com/resource/Njanner-Pok	http://dbkwik.webdatacommons.org/swtor.wikia.com/resource/Njanner-Pok	=	1.0000
http://starwars.wikia.com/wiki/Special:FilePath/Bouris_Ulgo.png	http://swtor.wikia.com/wiki/Special:FilePath/Bouris-ulgo.png	=	1.0000
http://dbkwik.webdatacommons.org/starwars.wikia.com/resource/Odan-Urr	http://dbkwik.webdatacommons.org/swtor.wikia.com/resource/Odan-Urr	=	1.0000
http://starwars.wikia.com/wiki/Special:FilePath/Gharj.png?width=300	http://swtor.wikia.com/wiki/Special:FilePath/Gharj.png?width=300	=	1.0000
http://dbkwik.webdatacommons.org/starwars.wikia.com/resource/Fulminiss	http://dbkwik.webdatacommons.org/swtor.wikia.com/resource/Fulminiss	=	1.0000
http://dbkwik.webdatacommons.org/starwars.wikia.com/resource/Methias_Yoran	http://dbkwik.webdatacommons.org/swtor.wikia.com/resource/Methias_Yoran	=	1.0000
http://starwars.wikia.com/wiki/Special:FilePath/Blizz.png?width=300	http://swtor.wikia.com/wiki/Special:FilePath/Blizz.png?width=300	=	1.0000
http://dbkwik.webdatacommons.org/starwars.wikia.com/resource/Minister_of_War	http://dbkwik.webdatacommons.org/swtor.wikia.com/resource/Minister_of_War	=	1.0000
http://dbkwik.webdatacommons.org/starwars.wikia.com/resource/Kolovish	http://dbkwik.webdatacommons.org/swtor.wikia.com/resource/Kolovish	=	1.0000
http://dbkwik.webdatacommons.org/starwars.wikia.com/resource/Category:Planets	http://dbkwik.webdatacommons.org/swtor.wikia.com/resource/Category:Planets	=	1.0000
http://dbkwik.webdatacommons.org/starwars.wikia.com/resource/Fatality	http://dbkwik.webdatacommons.org/swtor.wikia.com/resource/Fatality	=	1.0000
http://starwars.wikia.com/wiki/Special:FilePath/Sluis_ggw.jpg?width=300	http://swtor.wikia.com/wiki/Special:FilePath/Sluis_ggw.jpg?width=300	=	1.0000
http://dbkwik.webdatacommons.org/starwars.wikia.com/resource/Category:Interwiki_link_templates	http://dbkwik.webdatacommons.org/swtor.wikia.com/resource/Category:Interwiki_link_templates	=	1.0000
http://dbkwik.webdatacommons.org/starwars.wikia.com/resource/Kolvin	http://dbkwik.webdatacommons.org/swtor.wikia.com/resource/Kolvin	=	1.0000
http://dbkwik.webdatacommons.org/starwars.wikia.com/resource/Ardun_Kothe	http://dbkwik.webdatacommons.org/swtor.wikia.com/resource/Ardun_Kothe	=	1.0000
http://starwars.wikia.com/wiki/Special:FilePath/Fatality.png	http://swtor.wikia.com/wiki/Special:FilePath/Fatality.png	=	1.0000
http://starwars.wikia.com/wiki/Special:FilePath/Servant_One.png	http://swtor.wikia.com/wiki/Special:FilePath/Servant_One.png	=	1.0000
http://dbkwik.webdatacommons.org/starwars.wikia.com/resource/Category:Expansion_Region_planets	http://dbkwik.webdatacommons.org/swtor.wikia.com/resource/Category:Expansion_Region_Planets	=	1.0000
http://dbkwik.webdatacommons.org/starwars.wikia.com/resource/Nikto	http://dbkwik.webdatacommons.org/swtor.wikia.com/resource/Nikto	=	1.0000
http://starwars.wikia.com/wiki/Special:FilePath/Infernal_Council.png	http://swtor.wikia.com/wiki/Special:FilePath/Infernal-council.png	=	1.0000
http://dbkwik.webdatacommons.org/starwars.wikia.com/resource/Eth	http://dbkwik.webdatacommons.org/swtor.wikia.com/resource/Eth	=	1.0000
http://dbkwik.webdatacommons.org/starwars.wikia.com/property/length	http://dbkwik.webdatacommons.org/swtor.wikia.com/property/length	=	1.0000
http://dbkwik.webdatacommons.org/starwars.wikia.com/resource/Set_Harth	http://dbkwik.webdatacommons.org/swtor.wikia.com/resource/Set_Harth	=	1.0000
http://dbkwik.webdatacommons.org/starwars.wikia.com/resource/Kersin	http://dbkwik.webdatacommons.org/swtor.wikia.com/resource/Kersin	=	1.0000
http://dbkwik.webdatacommons.org/starwars.wikia.com/resource/Gizmel_Gam	http://dbkwik.webdatacommons.org/swtor.wikia.com/resource/Gizmel_Gam	=	1.0000
http://starwars.wikia.com/wiki/Special:FilePath/Makeb.png	http://swtor.wikia.com/wiki/Special:FilePath/Makeb.png	=	1.0000
http://dbkwik.webdatacommons.org/starwars.wikia.com/resource/Force_power	http://dbkwik.webdatacommons.org/swtor.wikia.com/resource/Force_power	=	1.0000
http://starwars.wikia.com/wiki/Special:FilePath/Lord_Calypho.jpg	http://swtor.wikia.com/wiki/Special:FilePath/Lord_Calypho.jpg	=	1.0000
http://dbkwik.webdatacommons.org/starwars.wikia.com/resource/Unidentified_male_Human_Jedi_2_(Capture_of_Darth_Revan)	http://dbkwik.webdatacommons.org/swtor.wikia.com/resource/Unidentified_male_Human_Jedi_2_(Capture_of_Darth_Revan)	=	1.0000
http://starwars.wikia.com/wiki/Special:FilePath/Jarg.png	http://swtor.wikia.com/wiki/Special:FilePath/Jarg.png	=	1.0000
http://dbkwik.webdatacommons.org/starwars.wikia.com/resource/Stronghold_One	http://dbkwik.webdatacommons.org/swtor.wikia.com/resource/Stronghold_One	=	1.0000
http://dbkwik.webdatacommons.org/starwars.wikia.com/resource/T3-M4	http://dbkwik.webdatacommons.org/swtor.wikia.com/resource/T3-M4	=	1.0000
http://dbkwik.webdatacommons.org/starwars.wikia.com/resource/Bahlea	http://dbkwik.webdatacommons.org/swtor.wikia.com/resource/Bahlea	=	1.0000
http://starwars.wikia.com/wiki/Special:FilePath/Karagga.png	http://swtor.wikia.com/wiki/Special:FilePath/Karagga.png	=	1.0000
http://dbkwik.webdatacommons.org/starwars.wikia.com/resource/Force_valor	http://dbkwik.webdatacommons.org/swtor.wikia.com/resource/Force_Valor	=	1.0000
http://dbkwik.webdatacommons.org/starwars.wikia.com/resource/Fleet_shuttle	http://dbkwik.webdatacommons.org/swtor.wikia.com/resource/Fleet_Shuttles	=	0.9534
http://dbkwik.webdatacommons.org/starwars.wikia.com/resource/Nikil_Nobil	http://dbkwik.webdatacommons.org/swtor.wikia.com/resource/Nikil_Nobil	=	1.0000
http://starwars.wikia.com/wiki/Special:FilePath/Dar%27nala.jpg?width=300	http://swtor.wikia.com/wiki/Special:FilePath/Dar%27Nala.jpg?width=300	=	1.0000
http://dbkwik.webdatacommons.org/starwars.wikia.com/resource/Unidentified_Mandalorian_commander	http://dbkwik.webdatacommons.org/swtor.wikia.com/resource/Unidentified_Mandalorian_Commander	=	1.0000
http://dbkwik.webdatacommons.org/starwars.wikia.com/resource/Category:Redeemed_Jedi	http://dbkwik.webdatacommons.org/swtor.wikia.com/resource/Category:Redeemed_Jedi	=	1.0000
http://starwars.wikia.com/wiki/Special:FilePath/Keeper.png	http://swtor.wikia.com/wiki/Special:FilePath/Keeper.png	=	1.0000
http://dbkwik.webdatacommons.org/starwars.wikia.com/resource/Darth_Silthar	http://dbkwik.webdatacommons.org/swtor.wikia.com/resource/Darth_Silthar	=	1.0000
http://dbkwik.webdatacommons.org/starwars.wikia.com/property/end	http://dbkwik.webdatacommons.org/swtor.wikia.com/property/end	=	1.0000
http://starwars.wikia.com/wiki/Special:FilePath/Praxon_Aero.png?width=300	http://swtor.wikia.com/wiki/Special:FilePath/Praxon_aero.png?width=300	=	1.0000
http://dbkwik.webdatacommons.org/starwars.wikia.com/resource/Company	http://dbkwik.webdatacommons.org/swtor.wikia.com/resource/Company	=	1.0000
http://dbkwik.webdatacommons.org/starwars.wikia.com/resource/Deedoh	http://dbkwik.webdatacommons.org/swtor.wikia.com/resource/Deedoh	=	1.0000
http://starwars.wikia.com/wiki/Special:FilePath/Zakuul.png	http://swtor.wikia.com/wiki/Special:FilePath/Zakuul.png	=	1.0000
http://dbkwik.webdatacommons.org/starwars.wikia.com/resource/Iziz	http://dbkwik.webdatacommons.org/swtor.wikia.com/resource/Iziz	=	1.0000
http://dbkwik.webdatacommons.org/starwars.wikia.com/resource/Adrenaline_amplifier	http://dbkwik.webdatacommons.org/swtor.wikia.com/resource/Adrenaline_Amplifier	=	1.0000
http://dbkwik.webdatacommons.org/starwars.wikia.com/resource/Lokani_Dawn	http://dbkwik.webdatacommons.org/swtor.wikia.com/resource/Lokani_Dawn	=	1.0000
http://dbkwik.webdatacommons.org/starwars.wikia.com/resource/Deadweight	http://dbkwik.webdatacommons.org/swtor.wikia.com/resource/Deadweight	=	1.0000
http://starwars.wikia.com/wiki/Special:FilePath/KothVortena.png?width=300	http://swtor.wikia.com/wiki/Special:FilePath/Koth_Vortena.png?width=300	=	1.0000
http://dbkwik.webdatacommons.org/starwars.wikia.com/resource/Captain	http://dbkwik.webdatacommons.org/swtor.wikia.com/resource/Captain	=	1.0000
http://starwars.wikia.com/wiki/Special:FilePath/Aratech_Dagger.png?width=300	http://swtor.wikia.com/wiki/Special:FilePath/Aratech_dagger.png?width=300	=	1.0000
http://starwars.wikia.com/wiki/Special:FilePath/FreedonNaddTempleInterior.jpg	http://swtor.wikia.com/wiki/Special:FilePath/FreedonNaddTempleInterior.jpg	=	1.0000
http://starwars.wikia.com/wiki/Special:FilePath/Anavus.jpg	http://swtor.wikia.com/wiki/Special:FilePath/Anavus.jpg	=	1.0000
http://dbkwik.webdatacommons.org/starwars.wikia.com/resource/Jonas_Balkar	http://dbkwik.webdatacommons.org/swtor.wikia.com/resource/Jonas_Balkar	=	1.0000
http://starwars.wikia.com/wiki/Special:FilePath/Cora.png?width=300	http://swtor.wikia.com/wiki/Special:FilePath/Cora.png?width=300	=	1.0000
http://starwars.wikia.com/wiki/Special:FilePath/Lhosan_Torch.png	http://swtor.wikia.com/wiki/Special:FilePath/Lhosan_Torch.png	=	1.0000
http://starwars.wikia.com/wiki/Special:FilePath/Cormun.png?width=300	http://swtor.wikia.com/wiki/Special:FilePath/Cormun.png?width=300	=	1.0000
http://starwars.wikia.com/wiki/Special:FilePath/Sentinel.png?width=300	http://swtor.wikia.com/wiki/Special:FilePath/Sentinel.png?width=300	=	1.0000
http://dbkwik.webdatacommons.org/starwars.wikia.com/resource/Sirak	http://dbkwik.webdatacommons.org/swtor.wikia.com/resource/Sirak	=	1.0000
http://dbkwik.webdatacommons.org/starwars.wikia.com/resource/Sith_training	http://dbkwik.webdatacommons.org/swtor.wikia.com/resource/Sith_training	=	1.0000
http://dbkwik.webdatacommons.org/starwars.wikia.com/resource/Teff%27ith	http://dbkwik.webdatacommons.org/swtor.wikia.com/resource/Teff%27ith	=	1.0000
http://dbkwik.webdatacommons.org/starwars.wikia.com/resource/Virne	http://dbkwik.webdatacommons.org/swtor.wikia.com/resource/Virne	=	1.0000
http://dbkwik.webdatacommons.org/starwars.wikia.com/resource/Strayen	http://dbkwik.webdatacommons.org/swtor.wikia.com/resource/Strayen	=	1.0000
http://dbkwik.webdatacommons.org/starwars.wikia.com/resource/Cross_of_Glory	http://dbkwik.webdatacommons.org/swtor.wikia.com/resource/Cross_of_Glory	=	1.0000
http://dbkwik.webdatacommons.org/starwars.wikia.com/resource/Category:Inactive_users	http://dbkwik.webdatacommons.org/swtor.wikia.com/resource/Category:Inactive_users	=	1.0000
http://dbkwik.webdatacommons.org/starwars.wikia.com/resource/Category:Structures	http://dbkwik.webdatacommons.org/swtor.wikia.com/resource/Category:Structures	=	1.0000
http://dbkwik.webdatacommons.org/starwars.wikia.com/resource/Cathar_(species)	http://dbkwik.webdatacommons.org/swtor.wikia.com/resource/Cathar_(species)	=	1.0000
http://dbkwik.webdatacommons.org/starwars.wikia.com/resource/Pantran_whitefang	http://dbkwik.webdatacommons.org/swtor.wikia.com/resource/Pantran_Whitefang	=	1.0000
http://dbkwik.webdatacommons.org/starwars.wikia.com/resource/Quesh_war	http://dbkwik.webdatacommons.org/swtor.wikia.com/resource/Quesh_war	=	1.0000
http://dbkwik.webdatacommons.org/starwars.wikia.com/property/armament	http://dbkwik.webdatacommons.org/swtor.wikia.com/property/armament	=	1.0000
http://dbkwik.webdatacommons.org/starwars.wikia.com/resource/Rwookrrorro	http://dbkwik.webdatacommons.org/swtor.wikia.com/resource/Rwookrrorro	=	1.0000
http://dbkwik.webdatacommons.org/starwars.wikia.com/resource/Zythmnr	http://dbkwik.webdatacommons.org/swtor.wikia.com/resource/Zythmnr	=	1.0000
http://dbkwik.webdatacommons.org/starwars.wikia.com/resource/Plug-6_heavy_fighter	http://dbkwik.webdatacommons.org/swtor.wikia.com/resource/Plug-6_heavy_fighter	=	1.0000
http://starwars.wikia.com/wiki/Special:FilePath/SithPersonnelCarrier.jpg	http://swtor.wikia.com/wiki/Special:FilePath/Sith_Personnel_Carrier.jpg	=	1.0000
http://dbkwik.webdatacommons.org/starwars.wikia.com/resource/Category:Infobox_templates	http://dbkwik.webdatacommons.org/swtor.wikia.com/resource/Category:Infobox_templates	=	1.0000
http://dbkwik.webdatacommons.org/starwars.wikia.com/resource/Darth_Andru	http://dbkwik.webdatacommons.org/swtor.wikia.com/resource/Darth_Andru	=	1.0000
http://starwars.wikia.com/wiki/Special:FilePath/Vander.png?width=300	http://swtor.wikia.com/wiki/Special:FilePath/Vander.png?width=300	=	1.0000
http://dbkwik.webdatacommons.org/starwars.wikia.com/resource/Dromika	http://dbkwik.webdatacommons.org/swtor.wikia.com/resource/Dromika	=	1.0000
http://dbkwik.webdatacommons.org/starwars.wikia.com/resource/Dune_Sea	http://dbkwik.webdatacommons.org/swtor.wikia.com/resource/Dune_Sea	=	1.0000
http://dbkwik.webdatacommons.org/starwars.wikia.com/resource/Wingmaw	http://dbkwik.webdatacommons.org/swtor.wikia.com/resource/Wingmaw	=	1.0000
http://starwars.wikia.com/wiki/Special:FilePath/Peragus.jpg	http://swtor.wikia.com/wiki/Special:FilePath/Peragus.jpg	=	1.0000
http://dbkwik.webdatacommons.org/starwars.wikia.com/resource/Rattatak	http://dbkwik.webdatacommons.org/swtor.wikia.com/resource/Rattatak	=	1.0000
http://dbkwik.webdatacommons.org/starwars.wikia.com/resource/Sulan	http://dbkwik.webdatacommons.org/swtor.wikia.com/resource/Sulan	=	1.0000
http://starwars.wikia.com/wiki/Special:FilePath/Carth.jpg	http://swtor.wikia.com/wiki/Special:FilePath/Carth.jpg	=	1.0000
http://dbkwik.webdatacommons.org/starwars.wikia.com/resource/Category:Dark_Jedi	http://dbkwik.webdatacommons.org/swtor.wikia.com/resource/Category:Dark_Jedi	=	1.0000
http://dbkwik.webdatacommons.org/starwars.wikia.com/resource/Appearance_Designer	http://dbkwik.webdatacommons.org/swtor.wikia.com/resource/Appearance_Designer	=	1.0000
http://dbkwik.webdatacommons.org/starwars.wikia.com/resource/Tegan	http://dbkwik.webdatacommons.org/swtor.wikia.com/resource/Tegan	=	1.0000
http://starwars.wikia.com/wiki/Special:FilePath/ArcaJeth.jpg?width=300	http://swtor.wikia.com/wiki/Special:FilePath/ArcaJeth.jpg?width=300	=	1.0000
http://dbkwik.webdatacommons.org/starwars.wikia.com/resource/Jedi_Battlemaster	http://dbkwik.webdatacommons.org/swtor.wikia.com/resource/Jedi_battlemaster	=	1.0000
http://starwars.wikia.com/wiki/Special:FilePath/Snivvian.jpg	http://swtor.wikia.com/wiki/Special:FilePath/Snivvian.jpg	=	1.0000
http://starwars.wikia.com/wiki/Special:FilePath/RevanDLotS.jpg	http://swtor.wikia.com/wiki/Special:FilePath/RevanDLotS.jpg	=	1.0000
http://starwars.wikia.com/wiki/Special:FilePath/Korrealis_Sovereign.png?width=300	http://swtor.wikia.com/wiki/Special:FilePath/Korrealis_sovereign.png?width=300	=	1.0000
http://starwars.wikia.com/wiki/Special:FilePath/Bonethrasher.png	http://swtor.wikia.com/wiki/Special:FilePath/Bonethrasher.png	=	1.0000
http://dbkwik.webdatacommons.org/starwars.wikia.com/resource/Korvan	http://dbkwik.webdatacommons.org/swtor.wikia.com/resource/Korvan	=	1.0000
http://dbkwik.webdatacommons.org/starwars.wikia.com/resource/Undercity	http://dbkwik.webdatacommons.org/swtor.wikia.com/resource/Undercity	=	1.0000
http://dbkwik.webdatacommons.org/starwars.wikia.com/resource/Jedi_Consular	http://dbkwik.webdatacommons.org/swtor.wikia.com/resource/Jedi_Consular	=	1.0000
http://starwars.wikia.com/wiki/Special:FilePath/Lord_Calypho.jpg?width=300	http://swtor.wikia.com/wiki/Special:FilePath/Lord_Calypho.jpg?width=300	=	1.0000
http://dbkwik.webdatacommons.org/starwars.wikia.com/resource/Clan_Vizla	http://dbkwik.webdatacommons.org/swtor.wikia.com/resource/Clan_Vizla	=	1.0000
http://dbkwik.webdatacommons.org/starwars.wikia.com/resource/Category:Bounty_hunters	http://dbkwik.webdatacommons.org/swtor.wikia.com/resource/Category:Bounty_Hunters	=	1.0000
http://dbkwik.webdatacommons.org/starwars.wikia.com/resource/Asation	http://dbkwik.webdatacommons.org/swtor.wikia.com/resource/Asation	=	1.0000
http://dbkwik.webdatacommons.org/starwars.wikia.com/resource/Guid	http://dbkwik.webdatacommons.org/swtor.wikia.com/resource/Guid	=	1.0000
http://dbkwik.webdatacommons.org/starwars.wikia.com/resource/Denova	http://dbkwik.webdatacommons.org/swtor.wikia.com/resource/Denova	=	1.0000
http://dbkwik.webdatacommons.org/starwars.wikia.com/resource/Seat_of_The_Empire	http://dbkwik.webdatacommons.org/swtor.wikia.com/resource/Seat_of_the_Empire	=	1.0000
http://dbkwik.webdatacommons.org/starwars.wikia.com/resource/Trapjaw	http://dbkwik.webdatacommons.org/swtor.wikia.com/resource/Trapjaw	=	1.0000
http://dbkwik.webdatacommons.org/starwars.wikia.com/resource/Category:Gree	http://dbkwik.webdatacommons.org/swtor.wikia.com/resource/Category:Gree	=	1.0000
http://starwars.wikia.com/wiki/Special:FilePath/Bastila.jpg?width=300	http://swtor.wikia.com/wiki/Special:FilePath///images.wikia.com/starwars/images/9/90/Bastila.jpg?width=300	=	1.0000
http://dbkwik.webdatacommons.org/starwars.wikia.com/resource/Jerikko	http://dbkwik.webdatacommons.org/swtor.wikia.com/resource/Jerikko	=	1.0000
http://dbkwik.webdatacommons.org/starwars.wikia.com/resource/Ommin	http://dbkwik.webdatacommons.org/swtor.wikia.com/resource/Ommin	=	1.0000
http://dbkwik.webdatacommons.org/starwars.wikia.com/resource/Humanocentrism	http://dbkwik.webdatacommons.org/swtor.wikia.com/resource/Humanocentrism	=	1.0000
http://dbkwik.webdatacommons.org/starwars.wikia.com/resource/Darth_Thanaton	http://dbkwik.webdatacommons.org/swtor.wikia.com/resource/Darth_Thanaton	=	1.0000
http://dbkwik.webdatacommons.org/starwars.wikia.com/resource/Cale_Berkona	http://dbkwik.webdatacommons.org/swtor.wikia.com/resource/Cale_Berkona	=	1.0000
http://dbkwik.webdatacommons.org/starwars.wikia.com/resource/X-70B_Phantom-class_prototype	http://dbkwik.webdatacommons.org/swtor.wikia.com/resource/X-70B_Phantom-class_prototype	=	1.0000
http://dbkwik.webdatacommons.org/starwars.wikia.com/resource/Gale	http://dbkwik.webdatacommons.org/swtor.wikia.com/resource/Gale	=	1.0000
http://dbkwik.webdatacommons.org/starwars.wikia.com/resource/Takan	http://dbkwik.webdatacommons.org/swtor.wikia.com/resource/Takan	=	1.0000
http://starwars.wikia.com/wiki/Special:FilePath/Naga_Sadow_Headshot.jpg	http://swtor.wikia.com/wiki/Special:FilePath/Naga_Sadow_Headshot.jpg	=	1.0000
http://dbkwik.webdatacommons.org/starwars.wikia.com/resource/Thendys_Noori	http://dbkwik.webdatacommons.org/swtor.wikia.com/resource/Thendys_Noori	=	1.0000
http://dbkwik.webdatacommons.org/starwars.wikia.com/resource/Dathomir	http://dbkwik.webdatacommons.org/swtor.wikia.com/resource/Dathomir	=	1.0000
http://dbkwik.webdatacommons.org/starwars.wikia.com/resource/Sandcrawler	http://dbkwik.webdatacommons.org/swtor.wikia.com/resource/Sandcrawler	=	1.0000
http://dbkwik.webdatacommons.org/starwars.wikia.com/resource/Ranna_Tao%27Ven	http://dbkwik.webdatacommons.org/swtor.wikia.com/resource/Ranna_Tao%27Ven	=	1.0000
http://dbkwik.webdatacommons.org/starwars.wikia.com/resource/Vodo-Siosk_Baas	http://dbkwik.webdatacommons.org/swtor.wikia.com/resource/Vodo-Siosk_Baas	=	1.0000
http://dbkwik.webdatacommons.org/starwars.wikia.com/resource/Eradicus	http://dbkwik.webdatacommons.org/swtor.wikia.com/resource/Eradicus	=	1.0000
http://dbkwik.webdatacommons.org/starwars.wikia.com/resource/Hologram	http://dbkwik.webdatacommons.org/swtor.wikia.com/resource/Hologram	=	1.0000
http://dbkwik.webdatacommons.org/starwars.wikia.com/resource/Sith_escort_gunship	http://dbkwik.webdatacommons.org/swtor.wikia.com/resource/Sith_Escort_gunship	=	1.0000
http://dbkwik.webdatacommons.org/starwars.wikia.com/resource/Varnus_Orlec	http://dbkwik.webdatacommons.org/swtor.wikia.com/resource/Varnus_Orlec	=	1.0000
http://dbkwik.webdatacommons.org/starwars.wikia.com/resource/Category:Jedi_Masters	http://dbkwik.webdatacommons.org/swtor.wikia.com/resource/Category:Jedi_Masters	=	1.0000
http://dbkwik.webdatacommons.org/starwars.wikia.com/resource/Tatooine	http://dbkwik.webdatacommons.org/swtor.wikia.com/resource/Tatooine	=	1.0000
http://starwars.wikia.com/wiki/Special:FilePath/Aharo_leading.png	http://swtor.wikia.com/wiki/Special:FilePath/Aharo_leading.png	=	1.0000
http://dbkwik.webdatacommons.org/starwars.wikia.com/resource/Assault_droid	http://dbkwik.webdatacommons.org/swtor.wikia.com/resource/Assault_droid	=	1.0000
http://dbkwik.webdatacommons.org/starwars.wikia.com/resource/Lycus_Mattle	http://dbkwik.webdatacommons.org/swtor.wikia.com/resource/Lycus_Mattle	=	1.0000
http://dbkwik.webdatacommons.org/starwars.wikia.com/resource/Exoboar	http://dbkwik.webdatacommons.org/swtor.wikia.com/resource/Exoboar	=	1.0000
http://dbkwik.webdatacommons.org/starwars.wikia.com/resource/Zaerdra	http://dbkwik.webdatacommons.org/swtor.wikia.com/resource/Zaerdra	=	1.0000
http://dbkwik.webdatacommons.org/starwars.wikia.com/resource/Holdan	http://dbkwik.webdatacommons.org/swtor.wikia.com/resource/Holdan	=	1.0000
http://starwars.wikia.com/wiki/Special:FilePath/Aparo_assault.jpg	http://swtor.wikia.com/wiki/Special:FilePath/Aparo_assault.jpg	=	1.0000
http://starwars.wikia.com/wiki/Special:FilePath/Unkwld_space.jpg?width=300	http://swtor.wikia.com/wiki/Special:FilePath/Unkwld_space.jpg?width=300	=	1.0000
http://dbkwik.webdatacommons.org/starwars.wikia.com/resource/Dagg	http://dbkwik.webdatacommons.org/swtor.wikia.com/resource/Dagg	=	1.0000
http://dbkwik.webdatacommons.org/starwars.wikia.com/resource/Jedi_Council	http://dbkwik.webdatacommons.org/swtor.wikia.com/resource/Jedi_Council	=	1.0000
http://dbkwik.webdatacommons.org/starwars.wikia.com/resource/Crado	http://dbkwik.webdatacommons.org/swtor.wikia.com/resource/Crado	=	1.0000
http://dbkwik.webdatacommons.org/starwars.wikia.com/resource/Mandalorian_armor	http://dbkwik.webdatacommons.org/swtor.wikia.com/resource/Mandalorian_armor	=	1.0000
http://dbkwik.webdatacommons.org/starwars.wikia.com/resource/Jedi_Civil_War	http://dbkwik.webdatacommons.org/swtor.wikia.com/resource/Jedi_Civil_War	=	1.0000
http://dbkwik.webdatacommons.org/starwars.wikia.com/resource/Category:Images_of_the_Doombringer	http://dbkwik.webdatacommons.org/swtor.wikia.com/resource/Category:Images_of_the_Doombringer	=	1.0000
http://starwars.wikia.com/wiki/Special:FilePath/Cayqeldroma.jpg	http://swtor.wikia.com/wiki/Special:FilePath/Cayqeldroma.jpg	=	1.0000
http://starwars.wikia.com/wiki/Special:FilePath/HandwrittenAurebesh-GBCC.jpg?width=300	http://swtor.wikia.com/wiki/Special:FilePath/HandwrittenAurebesh-GBCC.jpg?width=300	=	1.0000
http://dbkwik.webdatacommons.org/starwars.wikia.com/resource/Vorgan	http://dbkwik.webdatacommons.org/swtor.wikia.com/resource/Vorgan	=	1.0000
http://dbkwik.webdatacommons.org/starwars.wikia.com/resource/Fort_Garnik	http://dbkwik.webdatacommons.org/swtor.wikia.com/resource/Fort_Garnik	=	1.0000
http://dbkwik.webdatacommons.org/starwars.wikia.com/resource/High_Security_Lockdown	http://dbkwik.webdatacommons.org/swtor.wikia.com/resource/High_Security_Lockdown	=	1.0000
http://dbkwik.webdatacommons.org/starwars.wikia.com/resource/Darth_Voren	http://dbkwik.webdatacommons.org/swtor.wikia.com/resource/Darth_Voren	=	1.0000
http://starwars.wikia.com/wiki/Special:FilePath/Jedi_Knight.jpg?width=300	http://swtor.wikia.com/wiki/Special:FilePath/Jedi_Knight.jpg?width=300	=	1.0000
http://starwars.wikia.com/wiki/Special:FilePath/Ni_cron.jpg?width=300	http://swtor.wikia.com/wiki/Special:FilePath/Ni_cron.jpg?width=300	=	1.0000
http://starwars.wikia.com/wiki/Special:FilePath/Eli_Tarnis.png	http://swtor.wikia.com/wiki/Special:FilePath/Eli_Tarnis.png	=	1.0000
http://dbkwik.webdatacommons.org/starwars.wikia.com/resource/Coronet_City	http://dbkwik.webdatacommons.org/swtor.wikia.com/resource/Coronet_City	=	1.0000
http://dbkwik.webdatacommons.org/starwars.wikia.com/resource/Alvena	http://dbkwik.webdatacommons.org/swtor.wikia.com/resource/Alvena	=	1.0000
http://dbkwik.webdatacommons.org/starwars.wikia.com/resource/Ludo_Kressh%27s_flagship	http://dbkwik.webdatacommons.org/swtor.wikia.com/resource/Ludo_Kressh%27s_flagship	=	1.0000
http://dbkwik.webdatacommons.org/starwars.wikia.com/resource/The_Entity	http://dbkwik.webdatacommons.org/swtor.wikia.com/resource/The_Entity	=	1.0000
http://dbkwik.webdatacommons.org/starwars.wikia.com/resource/Sand_worm	http://dbkwik.webdatacommons.org/swtor.wikia.com/resource/Sand_Worm	=	1.0000
http://starwars.wikia.com/wiki/Special:FilePath/Kaal.png	http://swtor.wikia.com/wiki/Special:FilePath/Kaal.png	=	1.0000
http://starwars.wikia.com/wiki/Special:FilePath/SeverForce-TNR.jpg?width=300	http://swtor.wikia.com/wiki/Special:FilePath/SeverForce-TNR.jpg?width=300	=	1.0000
http://dbkwik.webdatacommons.org/starwars.wikia.com/resource/Basilisk_war_droid	http://dbkwik.webdatacommons.org/swtor.wikia.com/resource/Basilisk_war_droid	=	1.0000
http://starwars.wikia.com/wiki/Special:FilePath/CZ-198.jpg?width=300	http://swtor.wikia.com/wiki/Special:FilePath/Cz-198.jpg?width=300	=	1.0000
http://dbkwik.webdatacommons.org/starwars.wikia.com/resource/Jedi_apparel	http://dbkwik.webdatacommons.org/swtor.wikia.com/resource/Jedi_apparel	=	1.0000
http://dbkwik.webdatacommons.org/starwars.wikia.com/resource/Lightsaber	http://dbkwik.webdatacommons.org/swtor.wikia.com/resource/Lightsaber	=	1.0000
http://dbkwik.webdatacommons.org/starwars.wikia.com/resource/Lassicar	http://dbkwik.webdatacommons.org/swtor.wikia.com/resource/Lassicar	=	1.0000
http://dbkwik.webdatacommons.org/starwars.wikia.com/resource/Tauntaun	http://dbkwik.webdatacommons.org/swtor.wikia.com/resource/Tauntaun	=	1.0000
http://dbkwik.webdatacommons.org/starwars.wikia.com/resource/Sam_Saddek	http://dbkwik.webdatacommons.org/swtor.wikia.com/resource/Sam_Saddek	=	1.0000
http://dbkwik.webdatacommons.org/starwars.wikia.com/resource/Mid_Rim	http://dbkwik.webdatacommons.org/swtor.wikia.com/resource/Mid_Rim	=	1.0000
http://dbkwik.webdatacommons.org/starwars.wikia.com/property/notable	http://dbkwik.webdatacommons.org/swtor.wikia.com/property/notable	=	1.0000
http://dbkwik.webdatacommons.org/starwars.wikia.com/resource/Gilded_Meteor	http://dbkwik.webdatacommons.org/swtor.wikia.com/resource/Gilded_Meteor	=	1.0000
http://dbkwik.webdatacommons.org/starwars.wikia.com/resource/Vrblther	http://dbkwik.webdatacommons.org/swtor.wikia.com/resource/Vrblther	=	1.0000
http://dbkwik.webdatacommons.org/starwars.wikia.com/resource/Mannett_Point	http://dbkwik.webdatacommons.org/swtor.wikia.com/resource/Mannett_Point	=	1.0000
http://dbkwik.webdatacommons.org/starwars.wikia.com/resource/Gamorr	http://dbkwik.webdatacommons.org/swtor.wikia.com/resource/Gamorr	=	1.0000
http://dbkwik.webdatacommons.org/starwars.wikia.com/resource/Ewok	http://dbkwik.webdatacommons.org/swtor.wikia.com/resource/Ewok	=	1.0000
http://dbkwik.webdatacommons.org/starwars.wikia.com/resource/Battle_of_Bothawui	http://dbkwik.webdatacommons.org/swtor.wikia.com/resource/Battle_of_Bothawui	=	1.0000
http://dbkwik.webdatacommons.org/starwars.wikia.com/resource/Jedi_Sage	http://dbkwik.webdatacommons.org/swtor.wikia.com/resource/Jedi_Sage	=	1.0000
http://dbkwik.webdatacommons.org/starwars.wikia.com/resource/Sli%27Lon_Tahar	http://dbkwik.webdatacommons.org/swtor.wikia.com/resource/Sli%27Lon_Tahar	=	1.0000
http://starwars.wikia.com/wiki/Special:FilePath/M1-4X.png?width=300	http://swtor.wikia.com/wiki/Special:FilePath/M1-4X.png?width=300	=	1.0000
http://dbkwik.webdatacommons.org/starwars.wikia.com/resource/Whirlwind	http://dbkwik.webdatacommons.org/swtor.wikia.com/resource/Whirlwind	=	1.0000
http://dbkwik.webdatacommons.org/starwars.wikia.com/resource/Nemo	http://dbkwik.webdatacommons.org/swtor.wikia.com/resource/Nemo	=	1.0000
http://starwars.wikia.com/wiki/Special:FilePath/Deagan.png?width=300	http://swtor.wikia.com/wiki/Special:FilePath/Deagan.png?width=300	=	1.0000
http://dbkwik.webdatacommons.org/starwars.wikia.com/resource/Citadel_Station	http://dbkwik.webdatacommons.org/swtor.wikia.com/resource/Citadel_Station	=	1.0000
http://starwars.wikia.com/wiki/Special:FilePath/Esok.jpg	http://swtor.wikia.com/wiki/Special:FilePath/Esok.jpg	=	1.0000
http://dbkwik.webdatacommons.org/starwars.wikia.com/resource/Kalee	http://dbkwik.webdatacommons.org/swtor.wikia.com/resource/Kalee	=	1.0000
http://dbkwik.webdatacommons.org/starwars.wikia.com/resource/Warship	http://dbkwik.webdatacommons.org/swtor.wikia.com/resource/Warship	=	1.0000
http://dbkwik.webdatacommons.org/starwars.wikia.com/resource/Andur_Sunrider	http://dbkwik.webdatacommons.org/swtor.wikia.com/resource/Andur_Sunrider	=	1.0000
http://starwars.wikia.com/wiki/Special:FilePath/Mical.jpg	http://swtor.wikia.com/wiki/Special:FilePath/Mical.jpg	=	1.0000
http://starwars.wikia.com/wiki/Special:FilePath/XS_schematics.jpg?width=300	http://swtor.wikia.com/wiki/Special:FilePath/XS_schematics.jpg?width=300	=	1.0000
http://dbkwik.webdatacommons.org/starwars.wikia.com/resource/Sphere_of_Ancient_Knowledge	http://dbkwik.webdatacommons.org/swtor.wikia.com/resource/Sphere_of_Ancient_Knowledge	=	1.0000
http://dbkwik.webdatacommons.org/starwars.wikia.com/resource/Star_of_Coruscant	http://dbkwik.webdatacommons.org/swtor.wikia.com/resource/Star_of_Coruscant	=	1.0000
http://starwars.wikia.com/wiki/Special:FilePath/Jaraelsears.jpg?width=300	http://swtor.wikia.com/wiki/Special:FilePath/Jaraelsears.jpg?width=300	=	1.0000
http://dbkwik.webdatacommons.org/starwars.wikia.com/resource/Casus_Sandral	http://dbkwik.webdatacommons.org/swtor.wikia.com/resource/Casus_Sandral	=	1.0000
http://dbkwik.webdatacommons.org/starwars.wikia.com/resource/Politics	http://dbkwik.webdatacommons.org/swtor.wikia.com/resource/Politics	=	1.0000
http://dbkwik.webdatacommons.org/starwars.wikia.com/resource/Nisotsa	http://dbkwik.webdatacommons.org/swtor.wikia.com/resource/Nisotsa	=	1.0000
http://dbkwik.webdatacommons.org/starwars.wikia.com/property/events	http://dbkwik.webdatacommons.org/swtor.wikia.com/property/events	=	1.0000
http://dbkwik.webdatacommons.org/starwars.wikia.com/resource/Arkania	http://dbkwik.webdatacommons.org/swtor.wikia.com/resource/Arkania	=	1.0000
http://starwars.wikia.com/wiki/Special:FilePath/KothVortena.png	http://swtor.wikia.com/wiki/Special:FilePath/Koth_Vortena.png	=	1.0000
http://dbkwik.webdatacommons.org/starwars.wikia.com/resource/Capital_ship	http://dbkwik.webdatacommons.org/swtor.wikia.com/resource/Capital_ship	=	1.0000
http://starwars.wikia.com/wiki/Special:FilePath/Senate_buildings.png?width=300	http://swtor.wikia.com/wiki/Special:FilePath/Senate_Building.png?width=300	=	0.9458
http://dbkwik.webdatacommons.org/starwars.wikia.com/resource/Darth_Vich	http://dbkwik.webdatacommons.org/swtor.wikia.com/resource/Darth_Vich	=	1.0000
http://starwars.wikia.com/wiki/Special:FilePath/Jarael_New_Headshot.jpg?width=300	http://swtor.wikia.com/wiki/Special:FilePath/Jarael_New_Headshot.jpg?width=300	=	1.0000
http://dbkwik.webdatacommons.org/starwars.wikia.com/resource/Roggar_Den	http://dbkwik.webdatacommons.org/swtor.wikia.com/resource/Roggar_Den	=	1.0000
http://starwars.wikia.com/wiki/Special:FilePath/Vannar_Treece.jpg	http://swtor.wikia.com/wiki/Special:FilePath/Vannar_Treece.jpg	=	1.0000
http://dbkwik.webdatacommons.org/starwars.wikia.com/resource/Camp_Jacent	http://dbkwik.webdatacommons.org/swtor.wikia.com/resource/Camp_Jacent	=	1.0000
http://dbkwik.webdatacommons.org/starwars.wikia.com/resource/Varath_cantina	http://dbkwik.webdatacommons.org/swtor.wikia.com/resource/Varath_Cantina	=	1.0000
http://dbkwik.webdatacommons.org/starwars.wikia.com/resource/Salky_hound	http://dbkwik.webdatacommons.org/swtor.wikia.com/resource/Salky_Hound	=	1.0000
http://dbkwik.webdatacommons.org/starwars.wikia.com/resource/Fa%27athra%27s_Palace	http://dbkwik.webdatacommons.org/swtor.wikia.com/resource/Fa%27athra%27s_Palace	=	1.0000
http://dbkwik.webdatacommons.org/starwars.wikia.com/property/engine	http://dbkwik.webdatacommons.org/swtor.wikia.com/property/engine	=	1.0000
http://dbkwik.webdatacommons.org/starwars.wikia.com/property/homeworld	http://dbkwik.webdatacommons.org/swtor.wikia.com/resource/Homeworld	=	1.0000
http://dbkwik.webdatacommons.org/starwars.wikia.com/resource/Sharack_Breev	http://dbkwik.webdatacommons.org/swtor.wikia.com/resource/Sharack_Breev	=	1.0000
http://dbkwik.webdatacommons.org/starwars.wikia.com/resource/Category:Images_from_Star_Wars:_Knights_of_the_Old_Republic	http://dbkwik.webdatacommons.org/swtor.wikia.com/resource/Category:Images_from_Star_Wars:_Knights_of_the_Old_Republic	=	1.0000
http://starwars.wikia.com/wiki/Special:FilePath/XoXaan-headshot.jpg?width=300	http://swtor.wikia.com/wiki/Special:FilePath/XoXaan-headshot.jpg?width=300	=	1.0000
http://dbkwik.webdatacommons.org/starwars.wikia.com/resource/Cytharat	http://dbkwik.webdatacommons.org/swtor.wikia.com/resource/Cytharat	=	1.0000
http://dbkwik.webdatacommons.org/starwars.wikia.com/resource/Darth_Minax	http://dbkwik.webdatacommons.org/swtor.wikia.com/resource/Darth_Minax	=	1.0000
http://dbkwik.webdatacommons.org/starwars.wikia.com/resource/Benjamin_Carré	http://dbkwik.webdatacommons.org/swtor.wikia.com/resource/Benjamin_Carré	=	1.0000
http://dbkwik.webdatacommons.org/starwars.wikia.com/resource/Chemilizard	http://dbkwik.webdatacommons.org/swtor.wikia.com/resource/Chemilizard	=	1.0000
http://starwars.wikia.com/wiki/Special:FilePath/Markan.png	http://swtor.wikia.com/wiki/Special:FilePath/Markan.png	=	1.0000
http://starwars.wikia.com/wiki/Special:FilePath/Cassus_Handbook.jpg?width=300	http://swtor.wikia.com/wiki/Special:FilePath/Cassus_Handbook.jpg?width=300	=	1.0000
http://starwars.wikia.com/wiki/Special:FilePath/Kaliyo_Djannis.png	http://swtor.wikia.com/wiki/Special:FilePath/Kaliyo-Djannis.png	=	1.0000
http://dbkwik.webdatacommons.org/starwars.wikia.com/resource/Genter_Fosse	http://dbkwik.webdatacommons.org/swtor.wikia.com/resource/Genter_Fosse	=	1.0000
http://dbkwik.webdatacommons.org/starwars.wikia.com/resource/Sphere_of_Technology	http://dbkwik.webdatacommons.org/swtor.wikia.com/resource/Sphere_of_Technology	=	1.0000
http://dbkwik.webdatacommons.org/starwars.wikia.com/resource/Glory_of_Kamgeddon	http://dbkwik.webdatacommons.org/swtor.wikia.com/resource/Glory_of_Kamgeddon	=	1.0000
http://dbkwik.webdatacommons.org/starwars.wikia.com/resource/Ak%27ghal_Usar	http://dbkwik.webdatacommons.org/swtor.wikia.com/resource/Ak%27ghal_Usar	=	1.0000
http://dbkwik.webdatacommons.org/starwars.wikia.com/resource/Malavai_Quinn	http://dbkwik.webdatacommons.org/swtor.wikia.com/resource/Malavai_Quinn	=	1.0000
http://dbkwik.webdatacommons.org/starwars.wikia.com/resource/Dorian_Janarus	http://dbkwik.webdatacommons.org/swtor.wikia.com/resource/Dorian_Janarus	=	1.0000
http://starwars.wikia.com/wiki/Special:FilePath/Darth_Arkous.png	http://swtor.wikia.com/wiki/Special:FilePath/DarthArkous.png	=	1.0000
http://dbkwik.webdatacommons.org/starwars.wikia.com/resource/Fortitude-class_assault_shuttle	http://dbkwik.webdatacommons.org/swtor.wikia.com/resource/Fortitude-class_assault_shuttle	=	1.0000
http://dbkwik.webdatacommons.org/starwars.wikia.com/resource/Makrin_creeper	http://dbkwik.webdatacommons.org/swtor.wikia.com/resource/Makrin_Creeper	=	1.0000
http://dbkwik.webdatacommons.org/starwars.wikia.com/resource/Duneclaw	http://dbkwik.webdatacommons.org/swtor.wikia.com/resource/Duneclaw	=	1.0000
http://starwars.wikia.com/wiki/Special:FilePath/Lana_beniko.jpeg?width=300	http://swtor.wikia.com/wiki/Special:FilePath/LanaBeniko.jpg?width=300	=	0.9509
http://dbkwik.webdatacommons.org/starwars.wikia.com/resource/Fort_Salvo	http://dbkwik.webdatacommons.org/swtor.wikia.com/resource/Fort_Salvo	=	1.0000
http://starwars.wikia.com/wiki/Special:FilePath/Solus_Secant.png	http://swtor.wikia.com/wiki/Special:FilePath/Solus_Secant.png	=	1.0000
http://starwars.wikia.com/wiki/Special:FilePath/DarthKallous02.jpg?width=300	http://swtor.wikia.com/wiki/Special:FilePath/DarthKallous02.jpg?width=300	=	1.0000
http://dbkwik.webdatacommons.org/starwars.wikia.com/resource/LucasArts	http://dbkwik.webdatacommons.org/swtor.wikia.com/resource/LucasArts	=	1.0000
http://dbkwik.webdatacommons.org/starwars.wikia.com/resource/Kamlin	http://dbkwik.webdatacommons.org/swtor.wikia.com/resource/Kamlin	=	1.0000
http://dbkwik.webdatacommons.org/starwars.wikia.com/resource/FT-5A_Honor_Guard	http://dbkwik.webdatacommons.org/swtor.wikia.com/resource/FT-5A_Honor_Guard	=	1.0000
http://dbkwik.webdatacommons.org/starwars.wikia.com/resource/Farn	http://dbkwik.webdatacommons.org/swtor.wikia.com/resource/Farn	=	1.0000
http://starwars.wikia.com/wiki/Special:FilePath/Onderonriots.jpg?width=300	http://swtor.wikia.com/wiki/Special:FilePath/Onderonriots.jpg?width=300	=	1.0000
http://dbkwik.webdatacommons.org/starwars.wikia.com/resource/Dominus	http://dbkwik.webdatacommons.org/swtor.wikia.com/resource/Dominus	=	1.0000
http://dbkwik.webdatacommons.org/starwars.wikia.com/resource/Hyperspace	http://dbkwik.webdatacommons.org/swtor.wikia.com/resource/Hyperspace	=	1.0000
http://dbkwik.webdatacommons.org/starwars.wikia.com/resource/Bulga	http://dbkwik.webdatacommons.org/swtor.wikia.com/resource/Bulga	=	1.0000
http://dbkwik.webdatacommons.org/starwars.wikia.com/resource/Kira	http://dbkwik.webdatacommons.org/swtor.wikia.com/resource/Kira	=	1.0000
http://dbkwik.webdatacommons.org/starwars.wikia.com/resource/Category:Appearance_templates	http://dbkwik.webdatacommons.org/swtor.wikia.com/resource/Category:Appearance_templates	=	1.0000
http://dbkwik.webdatacommons.org/starwars.wikia.com/resource/Vemrin	http://dbkwik.webdatacommons.org/swtor.wikia.com/resource/Vemrin	=	1.0000
http://dbkwik.webdatacommons.org/starwars.wikia.com/resource/Darth_Acharon	http://dbkwik.webdatacommons.org/swtor.wikia.com/resource/Darth_Acharon	=	1.0000
http://starwars.wikia.com/wiki/Special:FilePath/King_Ommin.jpg	http://swtor.wikia.com/wiki/Special:FilePath/King_Ommin.jpg	=	1.0000
http://dbkwik.webdatacommons.org/starwars.wikia.com/property/channel	http://dbkwik.webdatacommons.org/swtor.wikia.com/property/channel	=	1.0000
http://dbkwik.webdatacommons.org/starwars.wikia.com/resource/Category:Battle_droids	http://dbkwik.webdatacommons.org/swtor.wikia.com/resource/Category:Battle_Droids	=	1.0000
http://dbkwik.webdatacommons.org/starwars.wikia.com/resource/Yevra	http://dbkwik.webdatacommons.org/swtor.wikia.com/resource/Yevra	=	1.0000
http://dbkwik.webdatacommons.org/starwars.wikia.com/resource/Aurebesh	http://dbkwik.webdatacommons.org/swtor.wikia.com/resource/Aurebesh	=	1.0000
http://starwars.wikia.com/wiki/Special:FilePath/Aric_Jorgan.png	http://swtor.wikia.com/wiki/Special:FilePath/Aric_Jorgan.png	=	1.0000
http://starwars.wikia.com/wiki/Special:FilePath/Gree.png?width=300	http://swtor.wikia.com/wiki/Special:FilePath/Gree.png?width=300	=	1.0000
http://starwars.wikia.com/wiki/Special:FilePath/Teroch-type_gunship.jpg	http://swtor.wikia.com/wiki/Special:FilePath/Teroch-type_gunship.jpg	=	1.0000
http://dbkwik.webdatacommons.org/starwars.wikia.com/resource/Muheeda	http://dbkwik.webdatacommons.org/swtor.wikia.com/resource/Muheeda	=	1.0000
http://starwars.wikia.com/wiki/Special:FilePath/Karagga.png?width=300	http://swtor.wikia.com/wiki/Special:FilePath/Karagga.png?width=300	=	1.0000
http://dbkwik.webdatacommons.org/starwars.wikia.com/property/id	http://dbkwik.webdatacommons.org/swtor.wikia.com/property/id	=	1.0000
http://dbkwik.webdatacommons.org/starwars.wikia.com/resource/Jaric_Kaedan	http://dbkwik.webdatacommons.org/swtor.wikia.com/resource/Jaric_Kaedan	=	1.0000
http://starwars.wikia.com/wiki/Special:FilePath/M-7_Razorwire.png	http://swtor.wikia.com/wiki/Special:FilePath/M-7_Razorwire.png	=	1.0000
http://dbkwik.webdatacommons.org/starwars.wikia.com/resource/Andon_Organa	http://dbkwik.webdatacommons.org/swtor.wikia.com/resource/Andon_Organa	=	1.0000
http://starwars.wikia.com/wiki/Special:FilePath/2ndBattleofKorribanHW.jpg?width=300	http://swtor.wikia.com/wiki/Special:FilePath/2ndBattleofKorribanHW.jpg?width=300	=	1.0000
http://dbkwik.webdatacommons.org/starwars.wikia.com/resource/Star_Wars:_Knights_of_the_Old_Republic	http://dbkwik.webdatacommons.org/swtor.wikia.com/resource/Star_Wars:_Knights_of_the_Old_Republic	=	1.0000
http://starwars.wikia.com/wiki/Special:FilePath/Marka_ragnos_guantlets.jpg?width=300	http://swtor.wikia.com/wiki/Special:FilePath/Marka_ragnos_guantlets.jpg?width=300	=	1.0000
http://starwars.wikia.com/wiki/Special:FilePath/Revan_chokes_officer.jpg?width=300	http://swtor.wikia.com/wiki/Special:FilePath/Revan_chokes_officer.jpg?width=300	=	1.0000
http://starwars.wikia.com/wiki/Special:FilePath/Sorno.png	http://swtor.wikia.com/wiki/Special:FilePath/Sorno.png	=	1.0000
http://dbkwik.webdatacommons.org/starwars.wikia.com/resource/Torian_Cadera	http://dbkwik.webdatacommons.org/swtor.wikia.com/resource/Torian_Cadera	=	1.0000
http://dbkwik.webdatacommons.org/starwars.wikia.com/property/model	http://dbkwik.webdatacommons.org/swtor.wikia.com/property/model	=	1.0000
http://dbkwik.webdatacommons.org/starwars.wikia.com/resource/Tromper_Crags_Geothermal_Plant	http://dbkwik.webdatacommons.org/swtor.wikia.com/resource/Tromper_Crags_Geothermal_Plant	=	1.0000
http://dbkwik.webdatacommons.org/starwars.wikia.com/property/commanders	http://dbkwik.webdatacommons.org/swtor.wikia.com/property/commanders	=	1.0000
http://dbkwik.webdatacommons.org/starwars.wikia.com/resource/Tarro_Blood	http://dbkwik.webdatacommons.org/swtor.wikia.com/resource/Tarro_Blood	=	1.0000
http://starwars.wikia.com/wiki/Special:FilePath/Eldo.png	http://swtor.wikia.com/wiki/Special:FilePath/Eldo.png	=	1.0000
http://starwars.wikia.com/wiki/Special:FilePath/Yuun.png	http://swtor.wikia.com/wiki/Special:FilePath/Yuun.png	=	1.0000
http://dbkwik.webdatacommons.org/starwars.wikia.com/resource/Kai_Saddek	http://dbkwik.webdatacommons.org/swtor.wikia.com/resource/Kai_Saddek	=	1.0000
http://dbkwik.webdatacommons.org/starwars.wikia.com/resource/Grandfather	http://dbkwik.webdatacommons.org/swtor.wikia.com/resource/Grandfather	=	1.0000
http://dbkwik.webdatacommons.org/starwars.wikia.com/resource/Artificial_intelligence	http://dbkwik.webdatacommons.org/swtor.wikia.com/resource/Artificial_Intelligence	=	1.0000
http://dbkwik.webdatacommons.org/starwars.wikia.com/property/miscellanea	http://dbkwik.webdatacommons.org/swtor.wikia.com/property/miscellanea	=	1.0000
http://starwars.wikia.com/wiki/Special:FilePath/Zeerid_Korr.jpg	http://swtor.wikia.com/wiki/Special:FilePath/Zeerid_Korr.jpg	=	1.0000
http://dbkwik.webdatacommons.org/starwars.wikia.com/resource/Dominator	http://dbkwik.webdatacommons.org/swtor.wikia.com/resource/Dominator	=	1.0000
http://dbkwik.webdatacommons.org/starwars.wikia.com/resource/Tazonthe_Ghon	http://dbkwik.webdatacommons.org/swtor.wikia.com/resource/Tazonthe_Ghon	=	1.0000
http://dbkwik.webdatacommons.org/starwars.wikia.com/resource/Broonmark	http://dbkwik.webdatacommons.org/swtor.wikia.com/resource/Broonmark	=	1.0000
http://dbkwik.webdatacommons.org/starwars.wikia.com/resource/Obip	http://dbkwik.webdatacommons.org/swtor.wikia.com/resource/Obip	=	1.0000
http://dbkwik.webdatacommons.org/starwars.wikia.com/resource/Category:Imperial_Intelligence	http://dbkwik.webdatacommons.org/swtor.wikia.com/resource/Category:Imperial_Intelligence	=	1.0000
http://dbkwik.webdatacommons.org/starwars.wikia.com/resource/Police_officer	http://dbkwik.webdatacommons.org/swtor.wikia.com/resource/Police_officer	=	1.0000
http://starwars.wikia.com/wiki/Special:FilePath/Ambria%27s_Fury.png	http://swtor.wikia.com/wiki/Special:FilePath/Ambria%27s_Fury.png	=	1.0000
http://dbkwik.webdatacommons.org/starwars.wikia.com/resource/Kaas_City	http://dbkwik.webdatacommons.org/swtor.wikia.com/resource/Kaas_City	=	1.0000
http://dbkwik.webdatacommons.org/starwars.wikia.com/resource/Galia	http://dbkwik.webdatacommons.org/swtor.wikia.com/resource/Galia	=	1.0000
http://dbkwik.webdatacommons.org/starwars.wikia.com/resource/Kashyyyk	http://dbkwik.webdatacommons.org/swtor.wikia.com/resource/Kashyyyk	=	1.0000
http://starwars.wikia.com/wiki/Special:FilePath/Coruscant.jpg	http://swtor.wikia.com/wiki/Special:FilePath/Coruscant.jpg	=	1.0000
http://dbkwik.webdatacommons.org/starwars.wikia.com/resource/C86	http://dbkwik.webdatacommons.org/swtor.wikia.com/resource/C86	=	1.0000
http://dbkwik.webdatacommons.org/starwars.wikia.com/resource/Pterathki	http://dbkwik.webdatacommons.org/swtor.wikia.com/resource/Pterathki	=	1.0000
http://dbkwik.webdatacommons.org/starwars.wikia.com/resource/Scions_of_Zakuul	http://dbkwik.webdatacommons.org/swtor.wikia.com/resource/Scions_of_Zakuul	=	1.0000
http://starwars.wikia.com/wiki/Special:FilePath/KreiaPortrait.jpg?width=300	http://swtor.wikia.com/wiki/Special:FilePath/KreiaPortrait.jpg?width=300	=	1.0000
http://starwars.wikia.com/wiki/Special:FilePath/Footlocker.jpg?width=300	http://swtor.wikia.com/wiki/Special:FilePath/Footlocker.jpg?width=300	=	1.0000
http://dbkwik.webdatacommons.org/starwars.wikia.com/resource/Jerrod	http://dbkwik.webdatacommons.org/swtor.wikia.com/resource/Jerrod	=	1.0000
http://starwars.wikia.com/wiki/Special:FilePath/Treaty_of_Coruscant_borders.jpg?width=300	http://swtor.wikia.com/wiki/Special:FilePath/Treaty_of_Coruscant_borders.jpg?width=300	=	1.0000
http://dbkwik.webdatacommons.org/starwars.wikia.com/property/place	http://dbkwik.webdatacommons.org/swtor.wikia.com/property/place	=	1.0000
http://dbkwik.webdatacommons.org/starwars.wikia.com/resource/B28_Extinction-class_bomber	http://dbkwik.webdatacommons.org/swtor.wikia.com/resource/B-28_Extinction-class_bomber	=	0.9567
http://dbkwik.webdatacommons.org/starwars.wikia.com/resource/Shen_Matale	http://dbkwik.webdatacommons.org/swtor.wikia.com/resource/Shen_Matale	=	1.0000
http://starwars.wikia.com/wiki/Special:FilePath/Imperial_bomber.png	http://swtor.wikia.com/wiki/Special:FilePath/Imperial_bomber.png	=	1.0000
http://dbkwik.webdatacommons.org/starwars.wikia.com/resource/Pulse_cannon	http://dbkwik.webdatacommons.org/swtor.wikia.com/resource/Pulse_Cannon	=	1.0000
http://dbkwik.webdatacommons.org/starwars.wikia.com/resource/Author	http://dbkwik.webdatacommons.org/swtor.wikia.com/property/author	=	1.0000
http://dbkwik.webdatacommons.org/starwars.wikia.com/resource/Jedi_instructor	http://dbkwik.webdatacommons.org/swtor.wikia.com/resource/Jedi_instructor	=	1.0000
http://starwars.wikia.com/wiki/Special:FilePath/Terror_Brigade.png?width=300	http://swtor.wikia.com/wiki/Special:FilePath/Terror_Brigade.png?width=300	=	1.0000
http://dbkwik.webdatacommons.org/starwars.wikia.com/resource/Medal_of_Imperial_Glory	http://dbkwik.webdatacommons.org/swtor.wikia.com/resource/Medal_of_Imperial_Glory	=	1.0000
http://starwars.wikia.com/wiki/Special:FilePath/Sorno.png?width=300	http://swtor.wikia.com/wiki/Special:FilePath/Sorno.png?width=300	=	1.0000
http://dbkwik.webdatacommons.org/starwars.wikia.com/resource/Balic_Cormac	http://dbkwik.webdatacommons.org/swtor.wikia.com/resource/Balic_Cormac	=	1.0000
http://dbkwik.webdatacommons.org/starwars.wikia.com/resource/Sith_Empire_(Jedi_Civil_War)	http://dbkwik.webdatacommons.org/swtor.wikia.com/resource/Sith_Empire_(Jedi_Civil_War)	=	1.0000
http://dbkwik.webdatacommons.org/starwars.wikia.com/resource/Shar_Dakhan	http://dbkwik.webdatacommons.org/swtor.wikia.com/resource/Shar_Dakhan	=	1.0000
http://dbkwik.webdatacommons.org/starwars.wikia.com/resource/Great_Schism	http://dbkwik.webdatacommons.org/swtor.wikia.com/resource/Great_Schism	=	1.0000
http://starwars.wikia.com/wiki/Special:FilePath/Odile_Vaikan.jpg?width=300	http://swtor.wikia.com/wiki/Special:FilePath/Odile_Vaikan.jpg?width=300	=	1.0000
http://dbkwik.webdatacommons.org/starwars.wikia.com/resource/Imperial_Military	http://dbkwik.webdatacommons.org/swtor.wikia.com/resource/Imperial_Military	=	1.0000
http://dbkwik.webdatacommons.org/starwars.wikia.com/resource/Jai%27galaar	http://dbkwik.webdatacommons.org/swtor.wikia.com/resource/Jai%27galaar	=	1.0000
http://dbkwik.webdatacommons.org/starwars.wikia.com/resource/Laotah	http://dbkwik.webdatacommons.org/swtor.wikia.com/resource/Laotah	=	1.0000
http://dbkwik.webdatacommons.org/starwars.wikia.com/resource/Kolto	http://dbkwik.webdatacommons.org/swtor.wikia.com/resource/Kolto	=	1.0000
http://dbkwik.webdatacommons.org/starwars.wikia.com/resource/Hazard_Vault_305	http://dbkwik.webdatacommons.org/swtor.wikia.com/resource/Hazard_Vault_305	=	1.0000
http://dbkwik.webdatacommons.org/starwars.wikia.com/resource/Karin_Dochek	http://dbkwik.webdatacommons.org/swtor.wikia.com/resource/Karin_Dochek	=	1.0000
http://dbkwik.webdatacommons.org/starwars.wikia.com/resource/Timeline_15:_The_Jedi_Join_the_Republic	http://dbkwik.webdatacommons.org/swtor.wikia.com/resource/Timeline_15:_The_Jedi_join_the_Republic	=	1.0000
http://dbkwik.webdatacommons.org/starwars.wikia.com/resource/Sith_Governor	http://dbkwik.webdatacommons.org/swtor.wikia.com/resource/Sith_governor	=	1.0000
http://dbkwik.webdatacommons.org/starwars.wikia.com/resource/Unidentified_Fian_apprentice	http://dbkwik.webdatacommons.org/swtor.wikia.com/resource/Unidentified_Fian_apprentice	=	1.0000
http://dbkwik.webdatacommons.org/starwars.wikia.com/resource/Envoy	http://dbkwik.webdatacommons.org/swtor.wikia.com/resource/Envoy	=	1.0000
http://dbkwik.webdatacommons.org/starwars.wikia.com/resource/Bao-Dur	http://dbkwik.webdatacommons.org/swtor.wikia.com/resource/Bao-Dur	=	1.0000
http://starwars.wikia.com/wiki/Special:FilePath/Clan_Farr.png?width=300	http://swtor.wikia.com/wiki/Special:FilePath/Clan_Farr.png?width=300	=	1.0000
http://dbkwik.webdatacommons.org/starwars.wikia.com/resource/Category:Females	http://dbkwik.webdatacommons.org/swtor.wikia.com/resource/Category:Females	=	1.0000
http://starwars.wikia.com/wiki/Special:FilePath/Shadow.png	http://swtor.wikia.com/wiki/Special:FilePath/Shadow.png	=	1.0000
http://starwars.wikia.com/wiki/Special:FilePath/Tythonian_War_Droid.png	http://swtor.wikia.com/wiki/Special:FilePath/Tythonian_War_Droid.png	=	1.0000
http://dbkwik.webdatacommons.org/starwars.wikia.com/resource/Scoundrel	http://dbkwik.webdatacommons.org/swtor.wikia.com/resource/Scoundrel	=	1.0000
http://starwars.wikia.com/wiki/Special:FilePath/Sedni_Maruk.png?width=300	http://swtor.wikia.com/wiki/Special:FilePath/Sedni_Maruk.png?width=300	=	1.0000
http://starwars.wikia.com/wiki/Special:FilePath/Powertech.png	http://swtor.wikia.com/wiki/Special:FilePath/Powertech.png	=	1.0000
http://dbkwik.webdatacommons.org/starwars.wikia.com/resource/Darth_Millennial	http://dbkwik.webdatacommons.org/swtor.wikia.com/resource/Darth_Millennial	=	1.0000
http://dbkwik.webdatacommons.org/starwars.wikia.com/resource/Vanqor	http://dbkwik.webdatacommons.org/swtor.wikia.com/resource/Vanqor	=	1.0000
http://dbkwik.webdatacommons.org/starwars.wikia.com/resource/Minimum_Security_Section	http://dbkwik.webdatacommons.org/swtor.wikia.com/resource/Minimum_Security_Section	=	1.0000
http://dbkwik.webdatacommons.org/starwars.wikia.com/resource/Reliance_I	http://dbkwik.webdatacommons.org/swtor.wikia.com/resource/Reliance_I	=	1.0000
http://dbkwik.webdatacommons.org/starwars.wikia.com/resource/Shafu%27s_ship	http://dbkwik.webdatacommons.org/swtor.wikia.com/resource/Shafu%27s_ship	=	1.0000
http://dbkwik.webdatacommons.org/starwars.wikia.com/resource/Jokull	http://dbkwik.webdatacommons.org/swtor.wikia.com/resource/Jokull	=	1.0000
http://dbkwik.webdatacommons.org/starwars.wikia.com/resource/Rakatan_ship	http://dbkwik.webdatacommons.org/swtor.wikia.com/resource/Rakatan_Ship	=	1.0000
http://dbkwik.webdatacommons.org/starwars.wikia.com/resource/Geonosis	http://dbkwik.webdatacommons.org/swtor.wikia.com/resource/Geonosis	=	1.0000
http://dbkwik.webdatacommons.org/starwars.wikia.com/resource/Darth_Serevin	http://dbkwik.webdatacommons.org/swtor.wikia.com/resource/Darth_Serevin	=	1.0000
http://starwars.wikia.com/wiki/Special:FilePath/Interrogation_droid.jpg	http://swtor.wikia.com/wiki/Special:FilePath/Interrogation_Droid.jpg	=	1.0000
http://dbkwik.webdatacommons.org/starwars.wikia.com/resource/Shadow_Town	http://dbkwik.webdatacommons.org/swtor.wikia.com/resource/Shadow_Town	=	1.0000
http://dbkwik.webdatacommons.org/starwars.wikia.com/resource/Haken	http://dbkwik.webdatacommons.org/swtor.wikia.com/resource/Haken	=	1.0000
http://dbkwik.webdatacommons.org/starwars.wikia.com/resource/Hortath	http://dbkwik.webdatacommons.org/swtor.wikia.com/resource/Hortath	=	1.0000
http://dbkwik.webdatacommons.org/starwars.wikia.com/resource/Darth_Howl	http://dbkwik.webdatacommons.org/swtor.wikia.com/resource/Darth_Howl	=	1.0000
http://starwars.wikia.com/wiki/Special:FilePath/Swtor_deceived_cover.jpg	http://swtor.wikia.com/wiki/Special:FilePath/Swtor_deceived_cover.jpg	=	1.0000
http://dbkwik.webdatacommons.org/starwars.wikia.com/resource/XS_stock_light_freighter	http://dbkwik.webdatacommons.org/swtor.wikia.com/resource/XS_Stock_light_freighter	=	1.0000
http://dbkwik.webdatacommons.org/starwars.wikia.com/resource/Aurek-class_tactical_strikefighter	http://dbkwik.webdatacommons.org/swtor.wikia.com/resource/Aurek-class_tactical_strikefighter	=	1.0000
http://dbkwik.webdatacommons.org/starwars.wikia.com/resource/Children_of_the_Emperor	http://dbkwik.webdatacommons.org/swtor.wikia.com/resource/Children_of_the_Emperor	=	1.0000
http://starwars.wikia.com/wiki/Special:FilePath/DorjanderKace.jpg	http://swtor.wikia.com/wiki/Special:FilePath/DorjanderKace.jpg	=	1.0000
http://starwars.wikia.com/wiki/Special:FilePath/Elora1.jpg	http://swtor.wikia.com/wiki/Special:FilePath/Elora1.jpg	=	1.0000
http://starwars.wikia.com/wiki/Special:FilePath/Hallen.png?width=300	http://swtor.wikia.com/wiki/Special:FilePath/Hallen.png?width=300	=	1.0000
http://dbkwik.webdatacommons.org/starwars.wikia.com/property/owners	http://dbkwik.webdatacommons.org/swtor.wikia.com/property/owners	=	1.0000
http://starwars.wikia.com/wiki/Special:FilePath/Darth_Karrid.jpg?width=300	http://swtor.wikia.com/wiki/Special:FilePath/Darth_Karrid.jpg?width=300	=	1.0000
http://dbkwik.webdatacommons.org/starwars.wikia.com/resource/House_Baliss	http://dbkwik.webdatacommons.org/swtor.wikia.com/resource/House_Baliss	=	1.0000
http://dbkwik.webdatacommons.org/starwars.wikia.com/resource/Battle_of_Rakata_Prime	http://dbkwik.webdatacommons.org/swtor.wikia.com/resource/Battle_of_Rakata_Prime	=	1.0000
http://dbkwik.webdatacommons.org/starwars.wikia.com/resource/Conraddas_Vindicator	http://dbkwik.webdatacommons.org/swtor.wikia.com/resource/Conraddas_Vindicator	=	1.0000
http://dbkwik.webdatacommons.org/starwars.wikia.com/resource/F-T6_Rycer	http://dbkwik.webdatacommons.org/swtor.wikia.com/resource/F-T6_Rycer	=	1.0000
http://dbkwik.webdatacommons.org/starwars.wikia.com/resource/Supreme_Commander	http://dbkwik.webdatacommons.org/swtor.wikia.com/resource/Supreme_Commander	=	1.0000
http://dbkwik.webdatacommons.org/starwars.wikia.com/resource/Bertie_Carvel	http://dbkwik.webdatacommons.org/swtor.wikia.com/resource/Bertie_Carvel	=	1.0000
http://dbkwik.webdatacommons.org/starwars.wikia.com/resource/Scattergun	http://dbkwik.webdatacommons.org/swtor.wikia.com/resource/Scattergun	=	1.0000
http://dbkwik.webdatacommons.org/starwars.wikia.com/resource/Quanera	http://dbkwik.webdatacommons.org/swtor.wikia.com/resource/Quanera	=	1.0000
http://starwars.wikia.com/wiki/Special:FilePath/Bastilasstriketeamfacesrevan.jpg?width=300	http://swtor.wikia.com/wiki/Special:FilePath/Bastilasstriketeamfacesrevan.jpg?width=300	=	1.0000
http://dbkwik.webdatacommons.org/starwars.wikia.com/resource/GXR-7_command_droid	http://dbkwik.webdatacommons.org/swtor.wikia.com/resource/GXR-7_Command_Droid	=	1.0000
http://dbkwik.webdatacommons.org/starwars.wikia.com/resource/Unidentified_refugee_transport	http://dbkwik.webdatacommons.org/swtor.wikia.com/resource/Unidentified_Refugee_transport	=	1.0000
http://dbkwik.webdatacommons.org/starwars.wikia.com/resource/Tanno_Vik	http://dbkwik.webdatacommons.org/swtor.wikia.com/resource/Tanno_Vik	=	1.0000
http://dbkwik.webdatacommons.org/starwars.wikia.com/resource/Homeworld	http://dbkwik.webdatacommons.org/swtor.wikia.com/property/homeworld	=	1.0000
http://dbkwik.webdatacommons.org/starwars.wikia.com/resource/Unidentified_Hutt_crime_lord	http://dbkwik.webdatacommons.org/swtor.wikia.com/resource/Unidentified_Hutt_crime_lord	=	1.0000
http://starwars.wikia.com/wiki/Special:FilePath/RavagerExplodes.jpg	http://swtor.wikia.com/wiki/Special:FilePath/Ravager_Explodes.jpg	=	1.0000
http://dbkwik.webdatacommons.org/starwars.wikia.com/resource/Markan	http://dbkwik.webdatacommons.org/swtor.wikia.com/resource/Markan	=	1.0000
http://dbkwik.webdatacommons.org/starwars.wikia.com/resource/Nar_Shaddaa	http://dbkwik.webdatacommons.org/swtor.wikia.com/resource/Nar_Shaddaa	=	1.0000
http://dbkwik.webdatacommons.org/starwars.wikia.com/resource/Eleena_Daru	http://dbkwik.webdatacommons.org/swtor.wikia.com/resource/Eleena_Daru	=	1.0000
http://starwars.wikia.com/wiki/Special:FilePath/Valenthyne_Farfalla.jpg?width=300	http://swtor.wikia.com/wiki/Special:FilePath/Valenthyne_Farfalla.jpg?width=300	=	1.0000
http://dbkwik.webdatacommons.org/starwars.wikia.com/resource/Characters	http://dbkwik.webdatacommons.org/swtor.wikia.com/property/characters	=	1.0000
http://dbkwik.webdatacommons.org/starwars.wikia.com/resource/Dreaded_Shyrack	http://dbkwik.webdatacommons.org/swtor.wikia.com/resource/Dreaded_Shyrack	=	1.0000
http://dbkwik.webdatacommons.org/starwars.wikia.com/resource/Firewing	http://dbkwik.webdatacommons.org/swtor.wikia.com/resource/Firewing	=	1.0000
http://dbkwik.webdatacommons.org/starwars.wikia.com/resource/Bowdaar	http://dbkwik.webdatacommons.org/swtor.wikia.com/resource/Bowdaar	=	1.0000
http://dbkwik.webdatacommons.org/starwars.wikia.com/resource/Riserre	http://dbkwik.webdatacommons.org/swtor.wikia.com/resource/Riserre	=	1.0000
http://starwars.wikia.com/wiki/Special:FilePath/Rane_Kovach.png?width=300	http://swtor.wikia.com/wiki/Special:FilePath/Rane_Kovach.png?width=300	=	1.0000
http://dbkwik.webdatacommons.org/starwars.wikia.com/resource/Unidentified_Emperor%27s_Voice_(Sith_Pureblood)	http://dbkwik.webdatacommons.org/swtor.wikia.com/resource/Unidentified_Emperor%27s_Voice_(Sith_Pureblood)	=	1.0000
http://dbkwik.webdatacommons.org/starwars.wikia.com/resource/Great_Sith_War	http://dbkwik.webdatacommons.org/swtor.wikia.com/resource/Great_Sith_War	=	1.0000
http://dbkwik.webdatacommons.org/starwars.wikia.com/resource/Mercy	http://dbkwik.webdatacommons.org/swtor.wikia.com/resource/Mercy	=	1.0000
http://dbkwik.webdatacommons.org/starwars.wikia.com/resource/Ngani_Zho	http://dbkwik.webdatacommons.org/swtor.wikia.com/resource/Ngani_Zho	=	1.0000
http://dbkwik.webdatacommons.org/starwars.wikia.com/resource/Category:Kiffar	http://dbkwik.webdatacommons.org/swtor.wikia.com/resource/Category:Kiffar	=	1.0000
http://dbkwik.webdatacommons.org/starwars.wikia.com/resource/Hakagram_Graush	http://dbkwik.webdatacommons.org/swtor.wikia.com/resource/Hakagram_Graush	=	1.0000
http://dbkwik.webdatacommons.org/starwars.wikia.com/resource/Category:Humans	http://dbkwik.webdatacommons.org/swtor.wikia.com/resource/Category:Humans	=	1.0000
http://dbkwik.webdatacommons.org/starwars.wikia.com/resource/Darth_Jadus	http://dbkwik.webdatacommons.org/swtor.wikia.com/resource/Darth_Jadus	=	1.0000
http://starwars.wikia.com/wiki/Special:FilePath/Rendili_Outrider.png	http://swtor.wikia.com/wiki/Special:FilePath/Rendili_Outrider.png	=	1.0000
http://starwars.wikia.com/wiki/Special:FilePath/Syo_Bakarn.jpg	http://swtor.wikia.com/wiki/Special:FilePath/Syo_Bakarn.jpg	=	1.0000
http://dbkwik.webdatacommons.org/starwars.wikia.com/resource/Juran_Mountains	http://dbkwik.webdatacommons.org/swtor.wikia.com/resource/Juran_Mountains	=	1.0000
http://dbkwik.webdatacommons.org/starwars.wikia.com/resource/Force_kick	http://dbkwik.webdatacommons.org/swtor.wikia.com/resource/Force_Kick	=	1.0000
http://starwars.wikia.com/wiki/Special:FilePath/Tatooine.jpg?width=300	http://swtor.wikia.com/wiki/Special:FilePath/Tatooine.jpg?width=300	=	1.0000
http://dbkwik.webdatacommons.org/starwars.wikia.com/resource/Flamethrower	http://dbkwik.webdatacommons.org/swtor.wikia.com/resource/Flamethrower	=	1.0000
http://dbkwik.webdatacommons.org/starwars.wikia.com/resource/Galactic_Standard_Calendar	http://dbkwik.webdatacommons.org/swtor.wikia.com/resource/Galactic_Standard_Calendar	=	1.0000
http://dbkwik.webdatacommons.org/starwars.wikia.com/resource/Arcanum	http://dbkwik.webdatacommons.org/swtor.wikia.com/resource/Arcanum	=	1.0000
http://dbkwik.webdatacommons.org/starwars.wikia.com/resource/Marcus_Trant	http://dbkwik.webdatacommons.org/swtor.wikia.com/resource/Marcus_Trant	=	1.0000
http://dbkwik.webdatacommons.org/starwars.wikia.com/resource/Barel_Ovair%27s_grandfather	http://dbkwik.webdatacommons.org/swtor.wikia.com/resource/Barel_Ovair%27s_grandfather	=	1.0000
http://dbkwik.webdatacommons.org/starwars.wikia.com/property/special	http://dbkwik.webdatacommons.org/swtor.wikia.com/property/special	=	1.0000
http://dbkwik.webdatacommons.org/starwars.wikia.com/resource/Tremendous	http://dbkwik.webdatacommons.org/swtor.wikia.com/resource/Tremendous	=	1.0000
http://dbkwik.webdatacommons.org/starwars.wikia.com/resource/Yuun	http://dbkwik.webdatacommons.org/swtor.wikia.com/resource/Yuun	=	1.0000
http://dbkwik.webdatacommons.org/starwars.wikia.com/resource/Great_Hunt	http://dbkwik.webdatacommons.org/swtor.wikia.com/resource/Great_Hunt	=	1.0000
http://starwars.wikia.com/wiki/Special:FilePath/Esseles.png?width=300	http://swtor.wikia.com/wiki/Special:FilePath/Esseles.png?width=300	=	1.0000
http://starwars.wikia.com/wiki/Special:FilePath/RevanForceDrain.jpg?width=300	http://swtor.wikia.com/wiki/Special:FilePath/RevanForceDrain.jpg?width=300	=	1.0000
http://dbkwik.webdatacommons.org/starwars.wikia.com/resource/Grud	http://dbkwik.webdatacommons.org/swtor.wikia.com/resource/Grud	=	1.0000
http://dbkwik.webdatacommons.org/starwars.wikia.com/class/character	http://dbkwik.webdatacommons.org/swtor.wikia.com/class/character	=	1.0000
http://starwars.wikia.com/wiki/Special:FilePath/Yoda.jpg?width=300	http://swtor.wikia.com/wiki/Special:FilePath/Yoda.jpg?width=300	=	1.0000
http://dbkwik.webdatacommons.org/starwars.wikia.com/resource/Solania	http://dbkwik.webdatacommons.org/swtor.wikia.com/resource/Solania	=	1.0000
http://dbkwik.webdatacommons.org/starwars.wikia.com/resource/Category:Gormak	http://dbkwik.webdatacommons.org/swtor.wikia.com/resource/Category:Gormak	=	1.0000
http://dbkwik.webdatacommons.org/starwars.wikia.com/resource/Sarapin_Wanderer	http://dbkwik.webdatacommons.org/swtor.wikia.com/resource/Sarapin_Wanderer	=	1.0000
http://dbkwik.webdatacommons.org/starwars.wikia.com/resource/Ascendant_Spear	http://dbkwik.webdatacommons.org/swtor.wikia.com/resource/Ascendant_Spear	=	1.0000
http://dbkwik.webdatacommons.org/starwars.wikia.com/resource/Eskella_Gryton	http://dbkwik.webdatacommons.org/swtor.wikia.com/resource/Eskella_Gryton	=	1.0000
http://dbkwik.webdatacommons.org/starwars.wikia.com/resource/Death_from_Above	http://dbkwik.webdatacommons.org/swtor.wikia.com/resource/Death_from_Above	=	1.0000
http://dbkwik.webdatacommons.org/starwars.wikia.com/resource/Var_Suthra	http://dbkwik.webdatacommons.org/swtor.wikia.com/resource/Var_Suthra	=	1.0000
http://dbkwik.webdatacommons.org/starwars.wikia.com/resource/Jomar_Chul%27s_ship	http://dbkwik.webdatacommons.org/swtor.wikia.com/resource/Jomar_Chul%27s_ship	=	1.0000
http://dbkwik.webdatacommons.org/starwars.wikia.com/resource/Abyssin	http://dbkwik.webdatacommons.org/swtor.wikia.com/resource/Abyssin	=	1.0000
http://starwars.wikia.com/wiki/Special:FilePath/Abyssin.jpg	http://swtor.wikia.com/wiki/Special:FilePath/Abyssin.jpg	=	1.0000
http://dbkwik.webdatacommons.org/starwars.wikia.com/resource/Unidentified_Dark_Jedi_(Korriban)	http://dbkwik.webdatacommons.org/swtor.wikia.com/resource/Unidentified_Dark_Jedi_(Korriban)	=	1.0000
http://starwars.wikia.com/wiki/Special:FilePath/Starstormone.jpg?width=300	http://swtor.wikia.com/wiki/Special:FilePath/Starstorm_One.jpg?width=300	=	0.9441
http://dbkwik.webdatacommons.org/starwars.wikia.com/resource/Aurora	http://dbkwik.webdatacommons.org/swtor.wikia.com/resource/Aurora	=	1.0000
http://dbkwik.webdatacommons.org/starwars.wikia.com/resource/Zylixx	http://dbkwik.webdatacommons.org/swtor.wikia.com/resource/Zylixx	=	1.0000
http://dbkwik.webdatacommons.org/starwars.wikia.com/resource/Silencer_(superweapon)	http://dbkwik.webdatacommons.org/swtor.wikia.com/resource/Silencer_(superweapon)	=	1.0000
http://starwars.wikia.com/wiki/Special:FilePath/Battle_of_the_Gauntlet.png	http://swtor.wikia.com/wiki/Special:FilePath/Battle_of_the_Gauntlet.png	=	1.0000
http://dbkwik.webdatacommons.org/starwars.wikia.com/resource/Force_Storm	http://dbkwik.webdatacommons.org/swtor.wikia.com/resource/Force_storm	=	1.0000
http://dbkwik.webdatacommons.org/starwars.wikia.com/resource/Mandalorian	http://dbkwik.webdatacommons.org/swtor.wikia.com/resource/Mandalorian	=	1.0000
http://dbkwik.webdatacommons.org/starwars.wikia.com/resource/The_First	http://dbkwik.webdatacommons.org/swtor.wikia.com/resource/The_First	=	1.0000
http://dbkwik.webdatacommons.org/starwars.wikia.com/resource/Xaset_Terep	http://dbkwik.webdatacommons.org/swtor.wikia.com/resource/Xaset_Terep	=	1.0000
http://starwars.wikia.com/wiki/Special:FilePath/Doc.png?width=300	http://swtor.wikia.com/wiki/Special:FilePath/Doc.png?width=300	=	1.0000
http://dbkwik.webdatacommons.org/starwars.wikia.com/resource/Force_Stasis	http://dbkwik.webdatacommons.org/swtor.wikia.com/resource/Force_Stasis	=	1.0000
http://dbkwik.webdatacommons.org/starwars.wikia.com/resource/Nost	http://dbkwik.webdatacommons.org/swtor.wikia.com/resource/Nost	=	1.0000
http://starwars.wikia.com/wiki/Special:FilePath/Vilia_Calimondra.jpg	http://swtor.wikia.com/wiki/Special:FilePath/Vilia_Calimondra.jpg	=	1.0000
http://dbkwik.webdatacommons.org/starwars.wikia.com/resource/Smuggler	http://dbkwik.webdatacommons.org/swtor.wikia.com/resource/Smuggler	=	1.0000
http://dbkwik.webdatacommons.org/starwars.wikia.com/class/main	http://dbkwik.webdatacommons.org/swtor.wikia.com/class/main	=	1.0000
http://starwars.wikia.com/wiki/Special:FilePath/FT-8_Star_Guard.jpg	http://swtor.wikia.com/wiki/Special:FilePath/FT-8_StarGuard.jpg	=	1.0000
http://dbkwik.webdatacommons.org/starwars.wikia.com/resource/Skavak	http://dbkwik.webdatacommons.org/swtor.wikia.com/resource/Skavak	=	1.0000
http://dbkwik.webdatacommons.org/starwars.wikia.com/resource/Swiftsure	http://dbkwik.webdatacommons.org/swtor.wikia.com/resource/Swiftsure	=	1.0000
http://starwars.wikia.com/wiki/Special:FilePath/Hoth.jpg	http://swtor.wikia.com/wiki/Special:FilePath/Hoth.jpg	=	1.0000
http://dbkwik.webdatacommons.org/starwars.wikia.com/resource/Chiiv	http://dbkwik.webdatacommons.org/swtor.wikia.com/resource/Chiiv	=	1.0000
http://starwars.wikia.com/wiki/Special:FilePath/Dokath-Ra.png?width=300	http://swtor.wikia.com/wiki/Special:FilePath/Dokath-Ra.png?width=300	=	1.0000
http://dbkwik.webdatacommons.org/starwars.wikia.com/resource/Callef	http://dbkwik.webdatacommons.org/swtor.wikia.com/resource/Callef	=	1.0000
http://starwars.wikia.com/wiki/Special:FilePath/Darth_Acina.png	http://swtor.wikia.com/wiki/Special:FilePath/Darth_acina.png	=	1.0000
http://dbkwik.webdatacommons.org/starwars.wikia.com/resource/Jawa	http://dbkwik.webdatacommons.org/swtor.wikia.com/resource/Jawa	=	1.0000
http://dbkwik.webdatacommons.org/starwars.wikia.com/resource/Serroco	http://dbkwik.webdatacommons.org/swtor.wikia.com/resource/Serroco	=	1.0000
http://dbkwik.webdatacommons.org/starwars.wikia.com/resource/Kaltemmic	http://dbkwik.webdatacommons.org/swtor.wikia.com/resource/Kaltemmic	=	1.0000
http://dbkwik.webdatacommons.org/starwars.wikia.com/resource/Darkness_(battlecruiser)	http://dbkwik.webdatacommons.org/swtor.wikia.com/resource/Darkness_(battlecruiser)	=	1.0000
http://starwars.wikia.com/wiki/Special:FilePath/Kreiareturnstomalacho.jpg?width=300	http://swtor.wikia.com/wiki/Special:FilePath/Kreiareturnstomalacho.jpg?width=300	=	1.0000
http://dbkwik.webdatacommons.org/starwars.wikia.com/resource/Till%27in	http://dbkwik.webdatacommons.org/swtor.wikia.com/resource/Till%27in	=	1.0000
http://dbkwik.webdatacommons.org/starwars.wikia.com/resource/Rhu_Caenus_Spaceport	http://dbkwik.webdatacommons.org/swtor.wikia.com/resource/Rhu_Caenus_Spaceport	=	1.0000
http://starwars.wikia.com/wiki/Special:FilePath/Blyes.png	http://swtor.wikia.com/wiki/Special:FilePath/Blyes.png	=	1.0000
http://dbkwik.webdatacommons.org/starwars.wikia.com/resource/Snivvian	http://dbkwik.webdatacommons.org/swtor.wikia.com/resource/Snivvian	=	1.0000
http://dbkwik.webdatacommons.org/starwars.wikia.com/resource/Altawar	http://dbkwik.webdatacommons.org/swtor.wikia.com/resource/Altawar	=	1.0000
http://dbkwik.webdatacommons.org/starwars.wikia.com/resource/Mystic	http://dbkwik.webdatacommons.org/swtor.wikia.com/resource/Mystic	=	1.0000
http://starwars.wikia.com/wiki/Special:FilePath/Darvannis.png?width=300	http://swtor.wikia.com/wiki/Special:FilePath/Darvannis.png?width=300	=	1.0000
http://dbkwik.webdatacommons.org/starwars.wikia.com/resource/Kreegan_Ramar	http://dbkwik.webdatacommons.org/swtor.wikia.com/resource/Kreegan_Ramar	=	1.0000
http://starwars.wikia.com/wiki/Special:FilePath/Khem_Val.png	http://swtor.wikia.com/wiki/Special:FilePath/khem-val.png	=	1.0000
http://starwars.wikia.com/wiki/Special:FilePath/Seferiss.png	http://swtor.wikia.com/wiki/Special:FilePath/Seferiss.png	=	1.0000
http://dbkwik.webdatacommons.org/starwars.wikia.com/resource/Missile_launcher	http://dbkwik.webdatacommons.org/swtor.wikia.com/resource/Missile_launcher	=	1.0000
http://dbkwik.webdatacommons.org/starwars.wikia.com/resource/Category:Imperial_Navy	http://dbkwik.webdatacommons.org/swtor.wikia.com/resource/Category:Imperial_Navy	=	1.0000
http://dbkwik.webdatacommons.org/starwars.wikia.com/resource/Liv%27trai	http://dbkwik.webdatacommons.org/swtor.wikia.com/resource/Liv%27trai	=	1.0000
http://dbkwik.webdatacommons.org/starwars.wikia.com/resource/Davaab-type_starfighter	http://dbkwik.webdatacommons.org/swtor.wikia.com/resource/Davaab-type_starfighter	=	1.0000
http://dbkwik.webdatacommons.org/starwars.wikia.com/resource/Ula_Vii	http://dbkwik.webdatacommons.org/swtor.wikia.com/resource/Ula_Vii	=	1.0000
http://dbkwik.webdatacommons.org/starwars.wikia.com/property/genre	http://dbkwik.webdatacommons.org/swtor.wikia.com/property/genre	=	1.0000
http://dbkwik.webdatacommons.org/starwars.wikia.com/resource/Speeder_bike	http://dbkwik.webdatacommons.org/swtor.wikia.com/resource/Speeder_bike	=	1.0000
http://dbkwik.webdatacommons.org/starwars.wikia.com/resource/Ahlan_Matale	http://dbkwik.webdatacommons.org/swtor.wikia.com/resource/Ahlan_Matale	=	1.0000
http://dbkwik.webdatacommons.org/starwars.wikia.com/resource/Capture_of_Darth_Revan	http://dbkwik.webdatacommons.org/swtor.wikia.com/resource/Capture_of_Darth_Revan	=	1.0000
http://dbkwik.webdatacommons.org/starwars.wikia.com/resource/Harron_Tavus	http://dbkwik.webdatacommons.org/swtor.wikia.com/resource/Harron_Tavus	=	1.0000
http://starwars.wikia.com/wiki/Special:FilePath/ArcaJeth.jpg	http://swtor.wikia.com/wiki/Special:FilePath/ArcaJeth.jpg	=	1.0000
http://dbkwik.webdatacommons.org/starwars.wikia.com/resource/Whiterock_Wastes	http://dbkwik.webdatacommons.org/swtor.wikia.com/resource/Whiterock_Wastes	=	1.0000
http://dbkwik.webdatacommons.org/starwars.wikia.com/resource/Ravager	http://dbkwik.webdatacommons.org/swtor.wikia.com/resource/Ravager	=	1.0000
http://dbkwik.webdatacommons.org/starwars.wikia.com/resource/Lenico_IV	http://dbkwik.webdatacommons.org/swtor.wikia.com/resource/Lenico_IV	=	1.0000
http://dbkwik.webdatacommons.org/starwars.wikia.com/resource/Ithor	http://dbkwik.webdatacommons.org/swtor.wikia.com/resource/Ithor	=	1.0000
http://dbkwik.webdatacommons.org/starwars.wikia.com/resource/Krynda_Draay	http://dbkwik.webdatacommons.org/swtor.wikia.com/resource/Krynda_Draay	=	1.0000
http://dbkwik.webdatacommons.org/starwars.wikia.com/resource/Meetra_Surik%27s_Jedi_Master	http://dbkwik.webdatacommons.org/swtor.wikia.com/resource/Meetra_Surik%27s_Jedi_Master	=	1.0000
http://dbkwik.webdatacommons.org/starwars.wikia.com/property/cost	http://dbkwik.webdatacommons.org/swtor.wikia.com/property/cost	=	1.0000
http://starwars.wikia.com/wiki/Special:FilePath/Iokath.png	http://swtor.wikia.com/wiki/Special:FilePath/Iokath.png	=	1.0000
http://dbkwik.webdatacommons.org/starwars.wikia.com/resource/Bothan	http://dbkwik.webdatacommons.org/swtor.wikia.com/resource/Bothan	=	1.0000
http://dbkwik.webdatacommons.org/starwars.wikia.com/resource/Khem_Val	http://dbkwik.webdatacommons.org/swtor.wikia.com/resource/Khem_Val	=	1.0000
http://dbkwik.webdatacommons.org/starwars.wikia.com/resource/Marcovic	http://dbkwik.webdatacommons.org/swtor.wikia.com/resource/Marcovic	=	1.0000
http://dbkwik.webdatacommons.org/starwars.wikia.com/resource/Star_Forge	http://dbkwik.webdatacommons.org/swtor.wikia.com/resource/Star_Forge	=	1.0000
http://dbkwik.webdatacommons.org/starwars.wikia.com/resource/Beharen_Droid_Factory	http://dbkwik.webdatacommons.org/swtor.wikia.com/resource/Beharen_Droid_Factory	=	1.0000
http://dbkwik.webdatacommons.org/starwars.wikia.com/resource/Heedley	http://dbkwik.webdatacommons.org/swtor.wikia.com/resource/Heedley	=	1.0000
http://dbkwik.webdatacommons.org/starwars.wikia.com/resource/Galactic_Timeline	http://dbkwik.webdatacommons.org/swtor.wikia.com/resource/Galactic_Timeline	=	1.0000
http://dbkwik.webdatacommons.org/starwars.wikia.com/resource/Keenor	http://dbkwik.webdatacommons.org/swtor.wikia.com/resource/Keenor	=	1.0000
http://dbkwik.webdatacommons.org/starwars.wikia.com/resource/Atton_Rand	http://dbkwik.webdatacommons.org/swtor.wikia.com/resource/Atton_Rand	=	1.0000
http://dbkwik.webdatacommons.org/starwars.wikia.com/resource/Escape	http://dbkwik.webdatacommons.org/swtor.wikia.com/property/escape	=	1.0000
http://dbkwik.webdatacommons.org/starwars.wikia.com/resource/Nomar_Organa	http://dbkwik.webdatacommons.org/swtor.wikia.com/resource/Nomar_Organa	=	1.0000
http://dbkwik.webdatacommons.org/starwars.wikia.com/resource/Balmorran_resistance	http://dbkwik.webdatacommons.org/swtor.wikia.com/resource/Balmorran_Resistance	=	1.0000
http://dbkwik.webdatacommons.org/starwars.wikia.com/resource/Sith_Acolyte	http://dbkwik.webdatacommons.org/swtor.wikia.com/resource/Sith_Acolyte	=	1.0000
http://dbkwik.webdatacommons.org/starwars.wikia.com/property/faction	http://dbkwik.webdatacommons.org/swtor.wikia.com/property/faction	=	1.0000
http://dbkwik.webdatacommons.org/starwars.wikia.com/property/url	http://dbkwik.webdatacommons.org/swtor.wikia.com/property/url	=	1.0000
http://starwars.wikia.com/wiki/Special:FilePath/Emperor_lightning.png?width=300	http://swtor.wikia.com/wiki/Special:FilePath/Emperor_lightning.png?width=300	=	1.0000
http://dbkwik.webdatacommons.org/starwars.wikia.com/resource/Darth_Arkous	http://dbkwik.webdatacommons.org/swtor.wikia.com/resource/Darth_Arkous	=	1.0000
http://dbkwik.webdatacommons.org/starwars.wikia.com/resource/Ryleah	http://dbkwik.webdatacommons.org/swtor.wikia.com/resource/Ryleah	=	1.0000
http://starwars.wikia.com/wiki/Special:FilePath/AscendantSpear.jpg?width=300	http://swtor.wikia.com/wiki/Special:FilePath/Ascendant_Spear.jpg?width=300	=	1.0000
http://starwars.wikia.com/wiki/Special:FilePath/Republic_transport_ship.jpg?width=300	http://swtor.wikia.com/wiki/Special:FilePath/Republic_Transport_ship.jpg?width=300	=	1.0000
http://dbkwik.webdatacommons.org/starwars.wikia.com/resource/Star_Wars:_The_Old_Republic:_Galactic_Strongholds	http://dbkwik.webdatacommons.org/swtor.wikia.com/resource/Star_Wars:_The_Old_Republic:_Galactic_Strongholds	=	1.0000
http://starwars.wikia.com/wiki/Special:FilePath/Darth_Marr.png	http://swtor.wikia.com/wiki/Special:FilePath/Darth_Marr.png	=	1.0000
http://starwars.wikia.com/wiki/Special:FilePath/Satal_Keto.jpg	http://swtor.wikia.com/wiki/Special:FilePath/Satal_Keto.jpg	=	1.0000
http://dbkwik.webdatacommons.org/starwars.wikia.com/resource/Llokay	http://dbkwik.webdatacommons.org/swtor.wikia.com/resource/Llokay	=	1.0000
http://dbkwik.webdatacommons.org/starwars.wikia.com/resource/Spheres_of_Influence	http://dbkwik.webdatacommons.org/swtor.wikia.com/resource/Spheres_of_Influence	=	1.0000
http://dbkwik.webdatacommons.org/starwars.wikia.com/resource/Vette	http://dbkwik.webdatacommons.org/swtor.wikia.com/resource/Vette	=	1.0000
http://dbkwik.webdatacommons.org/starwars.wikia.com/resource/Category:Hybrids	http://dbkwik.webdatacommons.org/swtor.wikia.com/resource/Category:Hybrids	=	1.0000
http://dbkwik.webdatacommons.org/starwars.wikia.com/resource/Thelonia_Redrish	http://dbkwik.webdatacommons.org/swtor.wikia.com/resource/Thelonia_Redrish	=	1.0000
http://dbkwik.webdatacommons.org/starwars.wikia.com/resource/Veshta	http://dbkwik.webdatacommons.org/swtor.wikia.com/resource/Veshta	=	1.0000
http://dbkwik.webdatacommons.org/starwars.wikia.com/resource/Shockwave	http://dbkwik.webdatacommons.org/swtor.wikia.com/resource/Shockwave	=	1.0000
http://starwars.wikia.com/wiki/Special:FilePath/Grand_Moff_Zellos.jpg	http://swtor.wikia.com/wiki/Special:FilePath/Grand_Moff_Zellos.jpg	=	1.0000
http://dbkwik.webdatacommons.org/starwars.wikia.com/resource/Zyn	http://dbkwik.webdatacommons.org/swtor.wikia.com/resource/Zyn	=	1.0000
http://dbkwik.webdatacommons.org/starwars.wikia.com/resource/Sith_Navy	http://dbkwik.webdatacommons.org/swtor.wikia.com/resource/Sith_Navy	=	1.0000
http://starwars.wikia.com/wiki/Special:FilePath/Grand_Moff_Kilran.png	http://swtor.wikia.com/wiki/Special:FilePath/grand-moff-kilran.png	=	1.0000
http://dbkwik.webdatacommons.org/starwars.wikia.com/resource/Shadow_Runner	http://dbkwik.webdatacommons.org/swtor.wikia.com/resource/Shadow_Runner	=	1.0000
http://starwars.wikia.com/wiki/Special:FilePath/Nomi_Sunrider.jpg?width=300	http://swtor.wikia.com/wiki/Special:FilePath/NomiSunrider.jpg?width=300	=	1.0000
http://starwars.wikia.com/wiki/Special:FilePath/Battle_of_Coruscant_Great_Hyperspace_War.jpg?width=300	http://swtor.wikia.com/wiki/Special:FilePath/Battle_Of_Coruscant_(Great_Hyperspace_War).jpg?width=300	=	1.0000
http://starwars.wikia.com/wiki/Special:FilePath/Bey%27wan_Aygo.png?width=300	http://swtor.wikia.com/wiki/Special:FilePath/Bey%27wan_Aygo.png?width=300	=	1.0000
http://starwars.wikia.com/wiki/Special:FilePath/Brian_Bloom.jpg	http://swtor.wikia.com/wiki/Special:FilePath/BrianBloom.jpg	=	1.0000
http://dbkwik.webdatacommons.org/starwars.wikia.com/resource/Herald-class_shuttle	http://dbkwik.webdatacommons.org/swtor.wikia.com/resource/Herald-class_shuttle	=	1.0000
http://starwars.wikia.com/wiki/Special:FilePath/David_Hayter.jpg	http://swtor.wikia.com/wiki/Special:FilePath/David-hayter.jpg	=	1.0000
http://starwars.wikia.com/wiki/Special:FilePath/Lhosan_Duster.png?width=300	http://swtor.wikia.com/wiki/Special:FilePath/Lhosan_Duster.png?width=300	=	1.0000
http://starwars.wikia.com/wiki/Special:FilePath/Flare-Hope.jpg	http://swtor.wikia.com/wiki/Special:FilePath/Flare-Hope.jpg	=	1.0000
http://dbkwik.webdatacommons.org/starwars.wikia.com/resource/Doc	http://dbkwik.webdatacommons.org/swtor.wikia.com/resource/Doc	=	1.0000
http://dbkwik.webdatacommons.org/starwars.wikia.com/resource/Hero_of_Tython	http://dbkwik.webdatacommons.org/swtor.wikia.com/resource/Hero_of_Tython	=	1.0000
http://dbkwik.webdatacommons.org/starwars.wikia.com/resource/Casandra_Mateil	http://dbkwik.webdatacommons.org/swtor.wikia.com/resource/Casandra_Mateil	=	1.0000
http://dbkwik.webdatacommons.org/starwars.wikia.com/resource/Sith_fighter	http://dbkwik.webdatacommons.org/swtor.wikia.com/resource/Sith_Fighter	=	1.0000
http://dbkwik.webdatacommons.org/starwars.wikia.com/resource/Hyperdrive	http://dbkwik.webdatacommons.org/swtor.wikia.com/resource/Hyperdrive	=	1.0000
http://starwars.wikia.com/wiki/Special:FilePath/EbonHawk.jpg	http://swtor.wikia.com/wiki/Special:FilePath/Ebon_Hawk.jpg	=	1.0000
http://dbkwik.webdatacommons.org/starwars.wikia.com/resource/Silvarte	http://dbkwik.webdatacommons.org/swtor.wikia.com/resource/Silvarte	=	1.0000
http://dbkwik.webdatacommons.org/starwars.wikia.com/property/skin	http://dbkwik.webdatacommons.org/swtor.wikia.com/property/skin	=	1.0000
http://dbkwik.webdatacommons.org/starwars.wikia.com/resource/Mandalore	http://dbkwik.webdatacommons.org/swtor.wikia.com/resource/Mandalore	=	1.0000
http://dbkwik.webdatacommons.org/starwars.wikia.com/resource/Star_Cluster_Casino	http://dbkwik.webdatacommons.org/swtor.wikia.com/resource/Star_Cluster_Casino	=	1.0000
http://starwars.wikia.com/wiki/Special:FilePath/Bowdaar.png?width=300	http://swtor.wikia.com/wiki/Special:FilePath/bowdaar.png?width=300	=	1.0000
http://dbkwik.webdatacommons.org/starwars.wikia.com/resource/Kedriss_One	http://dbkwik.webdatacommons.org/swtor.wikia.com/resource/Kedriss_One	=	1.0000
http://dbkwik.webdatacommons.org/starwars.wikia.com/resource/Directive_7	http://dbkwik.webdatacommons.org/swtor.wikia.com/resource/Directive_7	=	1.0000
http://dbkwik.webdatacommons.org/starwars.wikia.com/resource/High_Jedi_General	http://dbkwik.webdatacommons.org/swtor.wikia.com/resource/High_Jedi_General	=	1.0000
http://starwars.wikia.com/wiki/Special:FilePath/Jedi_Covenant_NEGTF.jpg?width=300	http://swtor.wikia.com/wiki/Special:FilePath/Jedi_Covenant_NEGTF.jpg?width=300	=	1.0000
http://starwars.wikia.com/wiki/Special:FilePath/Operator_IX.png?width=300	http://swtor.wikia.com/wiki/Special:FilePath/Operator_IX.png?width=300	=	1.0000
http://starwars.wikia.com/wiki/Special:FilePath/Ood_Bnar.jpg	http://swtor.wikia.com/wiki/Special:FilePath/Ood_Bnar.jpg	=	1.0000
http://dbkwik.webdatacommons.org/starwars.wikia.com/resource/Unidentified_Sith_emissary	http://dbkwik.webdatacommons.org/swtor.wikia.com/resource/Unidentified_Sith_emissary	=	1.0000
http://dbkwik.webdatacommons.org/starwars.wikia.com/resource/Category:Administrative_templates	http://dbkwik.webdatacommons.org/swtor.wikia.com/resource/Category:Administrative_templates	=	1.0000
http://dbkwik.webdatacommons.org/starwars.wikia.com/resource/Red_Reaper	http://dbkwik.webdatacommons.org/swtor.wikia.com/resource/Red_Reaper	=	1.0000
http://dbkwik.webdatacommons.org/starwars.wikia.com/resource/Satele_Shan	http://dbkwik.webdatacommons.org/swtor.wikia.com/resource/Satele_Shan	=	1.0000
http://dbkwik.webdatacommons.org/starwars.wikia.com/resource/Category:Inner_Rim_planets	http://dbkwik.webdatacommons.org/swtor.wikia.com/resource/Category:Inner_Rim_Planets	=	1.0000
http://dbkwik.webdatacommons.org/starwars.wikia.com/resource/Jedi_academy	http://dbkwik.webdatacommons.org/swtor.wikia.com/resource/Jedi_academy	=	1.0000
http://starwars.wikia.com/wiki/Special:FilePath/Czerka_Patroller.png?width=300	http://swtor.wikia.com/wiki/Special:FilePath/Czerka_patroller.png?width=300	=	1.0000
http://starwars.wikia.com/wiki/Special:FilePath/IthorianDelegation-Timeline6.jpg?width=300	http://swtor.wikia.com/wiki/Special:FilePath/IthorianDelegation-Timeline6.jpg?width=300	=	1.0000
http://dbkwik.webdatacommons.org/starwars.wikia.com/resource/Mentor	http://dbkwik.webdatacommons.org/swtor.wikia.com/resource/Mentor	=	1.0000
http://dbkwik.webdatacommons.org/starwars.wikia.com/resource/Shadow_Hand	http://dbkwik.webdatacommons.org/swtor.wikia.com/resource/Shadow_Hand	=	1.0000
http://starwars.wikia.com/wiki/Special:FilePath/Vette.jpg?width=300	http://swtor.wikia.com/wiki/Special:FilePath/Vette.jpg?width=300	=	1.0000
http://starwars.wikia.com/wiki/Special:FilePath/Mandalorian_Neo-Crusader_armor.png	http://swtor.wikia.com/wiki/Special:FilePath/Mandalorian_Neo-Crusader_armor.png	=	1.0000
http://dbkwik.webdatacommons.org/starwars.wikia.com/resource/Greeva	http://dbkwik.webdatacommons.org/swtor.wikia.com/resource/Greeva	=	1.0000
http://dbkwik.webdatacommons.org/starwars.wikia.com/resource/Sith_Knight	http://dbkwik.webdatacommons.org/swtor.wikia.com/resource/Sith_Knight	=	1.0000
http://dbkwik.webdatacommons.org/starwars.wikia.com/resource/Gormegan-1	http://dbkwik.webdatacommons.org/swtor.wikia.com/resource/Gormegan-1	=	1.0000
http://dbkwik.webdatacommons.org/starwars.wikia.com/resource/Red-robed_Dark_Jedi	http://dbkwik.webdatacommons.org/swtor.wikia.com/resource/Red-robed_Dark_Jedi	=	1.0000
http://starwars.wikia.com/wiki/Special:FilePath/Zenith.png?width=300	http://swtor.wikia.com/wiki/Special:FilePath/Zenith.png?width=300	=	1.0000
http://dbkwik.webdatacommons.org/starwars.wikia.com/resource/Minister_of_Defense	http://dbkwik.webdatacommons.org/swtor.wikia.com/resource/Minister_of_Defense	=	1.0000
http://dbkwik.webdatacommons.org/starwars.wikia.com/resource/Presence	http://dbkwik.webdatacommons.org/swtor.wikia.com/resource/Presence	=	1.0000
http://starwars.wikia.com/wiki/Special:FilePath/Qual.jpg	http://swtor.wikia.com/wiki/Special:FilePath/Qual.jpg	=	1.0000
http://dbkwik.webdatacommons.org/starwars.wikia.com/resource/Berardesco	http://dbkwik.webdatacommons.org/swtor.wikia.com/resource/Berardesco	=	1.0000
http://dbkwik.webdatacommons.org/starwars.wikia.com/resource/Force_jump	http://dbkwik.webdatacommons.org/swtor.wikia.com/resource/Force_Jump	=	1.0000
http://starwars.wikia.com/wiki/Special:FilePath/Sf-battle.jpg?width=300	http://swtor.wikia.com/wiki/Special:FilePath/Sf-battle.jpg?width=300	=	1.0000
http://dbkwik.webdatacommons.org/starwars.wikia.com/resource/King%27s_Pass	http://dbkwik.webdatacommons.org/swtor.wikia.com/resource/King%27s_Pass	=	1.0000
http://dbkwik.webdatacommons.org/starwars.wikia.com/property/defa	http://dbkwik.webdatacommons.org/swtor.wikia.com/property/defa	=	1.0000
http://dbkwik.webdatacommons.org/starwars.wikia.com/resource/Unidentified_Sith_guard	http://dbkwik.webdatacommons.org/swtor.wikia.com/resource/Unidentified_Sith_guard	=	1.0000
http://dbkwik.webdatacommons.org/starwars.wikia.com/resource/Sith_Order	http://dbkwik.webdatacommons.org/swtor.wikia.com/resource/Sith_Order	=	1.0000
http://starwars.wikia.com/wiki/Special:FilePath/DorjanderKace.jpg?width=300	http://swtor.wikia.com/wiki/Special:FilePath/DorjanderKace.jpg?width=300	=	1.0000
http://dbkwik.webdatacommons.org/starwars.wikia.com/resource/Darth_Ravage	http://dbkwik.webdatacommons.org/swtor.wikia.com/resource/Darth_Ravage	=	1.0000
http://dbkwik.webdatacommons.org/starwars.wikia.com/resource/Darth_Decimus	http://dbkwik.webdatacommons.org/swtor.wikia.com/resource/Darth_Decimus	=	1.0000
http://dbkwik.webdatacommons.org/starwars.wikia.com/resource/Doyan	http://dbkwik.webdatacommons.org/swtor.wikia.com/resource/Doyan	=	1.0000
http://starwars.wikia.com/wiki/Special:FilePath/HK-51.png	http://swtor.wikia.com/wiki/Special:FilePath/HK-51.png	=	1.0000
http://dbkwik.webdatacommons.org/starwars.wikia.com/resource/Darth_Ruin	http://dbkwik.webdatacommons.org/swtor.wikia.com/resource/Darth_Ruin	=	1.0000
http://dbkwik.webdatacommons.org/starwars.wikia.com/resource/Sith_war_droid_Mark_I	http://dbkwik.webdatacommons.org/swtor.wikia.com/resource/Sith_war_droid_Mark_I	=	1.0000
http://dbkwik.webdatacommons.org/starwars.wikia.com/resource/Exal_Kressh	http://dbkwik.webdatacommons.org/swtor.wikia.com/resource/Exal_Kressh	=	1.0000
http://dbkwik.webdatacommons.org/starwars.wikia.com/resource/S-250_Chela-class_starfighter	http://dbkwik.webdatacommons.org/swtor.wikia.com/resource/S-250_Chela-class_starfighter	=	1.0000
http://starwars.wikia.com/wiki/Special:FilePath/Sith_Assassin.jpg?width=300	http://swtor.wikia.com/wiki/Special:FilePath/Sith_Assassin.jpg?width=300	=	1.0000
http://dbkwik.webdatacommons.org/starwars.wikia.com/resource/Bouris_Ulgo	http://dbkwik.webdatacommons.org/swtor.wikia.com/resource/Bouris_Ulgo	=	1.0000
http://dbkwik.webdatacommons.org/starwars.wikia.com/resource/Hunter	http://dbkwik.webdatacommons.org/swtor.wikia.com/resource/Hunter	=	1.0000
http://dbkwik.webdatacommons.org/starwars.wikia.com/resource/Sandtusker	http://dbkwik.webdatacommons.org/swtor.wikia.com/resource/Sandtusker	=	1.0000
http://dbkwik.webdatacommons.org/starwars.wikia.com/property/hair	http://dbkwik.webdatacommons.org/swtor.wikia.com/property/hair	=	1.0000
http://dbkwik.webdatacommons.org/starwars.wikia.com/property/population	http://dbkwik.webdatacommons.org/swtor.wikia.com/property/population	=	1.0000
http://dbkwik.webdatacommons.org/starwars.wikia.com/resource/Kintan	http://dbkwik.webdatacommons.org/swtor.wikia.com/resource/Kintan	=	1.0000
http://dbkwik.webdatacommons.org/starwars.wikia.com/resource/Revinal_Orzik	http://dbkwik.webdatacommons.org/swtor.wikia.com/resource/Revinal_Orzik	=	1.0000
http://dbkwik.webdatacommons.org/starwars.wikia.com/resource/Lonna_Vash	http://dbkwik.webdatacommons.org/swtor.wikia.com/resource/Lonna_Vash	=	1.0000
http://dbkwik.webdatacommons.org/starwars.wikia.com/resource/Eliss_Pim	http://dbkwik.webdatacommons.org/swtor.wikia.com/resource/Eliss_Pim	=	1.0000
http://starwars.wikia.com/wiki/Special:FilePath/Old_Zash.png?width=300	http://swtor.wikia.com/wiki/Special:FilePath/Old_Zash.png?width=300	=	1.0000
http://dbkwik.webdatacommons.org/starwars.wikia.com/resource/Hurd	http://dbkwik.webdatacommons.org/swtor.wikia.com/resource/Hurd	=	1.0000
http://starwars.wikia.com/wiki/Special:FilePath/Suvam_tan.jpg	http://swtor.wikia.com/wiki/Special:FilePath/Suvam_tan.jpg	=	1.0000
http://starwars.wikia.com/wiki/Special:FilePath/Darth_Karrid.jpg	http://swtor.wikia.com/wiki/Special:FilePath/Darth_Karrid.jpg	=	1.0000
http://dbkwik.webdatacommons.org/starwars.wikia.com/resource/Bala_Nisi	http://dbkwik.webdatacommons.org/swtor.wikia.com/resource/Bala_Nisi	=	1.0000
http://dbkwik.webdatacommons.org/starwars.wikia.com/resource/Category:Templates	http://dbkwik.webdatacommons.org/swtor.wikia.com/resource/Category:Templates	=	1.0000
http://starwars.wikia.com/wiki/Special:FilePath/Ithorian_Revanchist.jpg	http://swtor.wikia.com/wiki/Special:FilePath/Ithorian_Revanchist.jpg	=	1.0000
http://starwars.wikia.com/wiki/Special:FilePath/Dorvin_Eltrom.jpg	http://swtor.wikia.com/wiki/Special:FilePath/Dorvin_Eltrom.jpg	=	1.0000
http://dbkwik.webdatacommons.org/starwars.wikia.com/resource/Argog	http://dbkwik.webdatacommons.org/swtor.wikia.com/resource/Argog	=	1.0000
http://starwars.wikia.com/wiki/Special:FilePath/Lana_Beniko.png	http://swtor.wikia.com/wiki/Special:FilePath/Lana-Beniko.png	=	1.0000
http://dbkwik.webdatacommons.org/starwars.wikia.com/resource/Category:Jedi_Sentinels	http://dbkwik.webdatacommons.org/swtor.wikia.com/resource/Category:Jedi_Sentinels	=	1.0000
http://dbkwik.webdatacommons.org/starwars.wikia.com/resource/Unidentified_male_Human_Jedi_3_(Capture_of_Darth_Revan)	http://dbkwik.webdatacommons.org/swtor.wikia.com/resource/Unidentified_male_Human_Jedi_3_(Capture_of_Darth_Revan)	=	1.0000
http://dbkwik.webdatacommons.org/starwars.wikia.com/resource/Darth_Mortis	http://dbkwik.webdatacommons.org/swtor.wikia.com/resource/Darth_Mortis	=	1.0000
http://starwars.wikia.com/wiki/Special:FilePath/Maze.jpg?width=300	http://swtor.wikia.com/wiki/Special:FilePath/Maze.jpg?width=300	=	1.0000
http://starwars.wikia.com/wiki/Special:FilePath/Czerka_Cruiser.png	http://swtor.wikia.com/wiki/Special:FilePath/Czerka_Cruiser.png	=	1.0000
http://starwars.wikia.com/wiki/Special:FilePath/Dorak.jpg?width=300	http://swtor.wikia.com/wiki/Special:FilePath/Dorak.jpg?width=300	=	1.0000
http://starwars.wikia.com/wiki/Special:FilePath/Kreia_art.jpg	http://swtor.wikia.com/wiki/Special:FilePath/Kreia_art.jpg	=	1.0000
http://dbkwik.webdatacommons.org/starwars.wikia.com/resource/Category:Missions	http://dbkwik.webdatacommons.org/swtor.wikia.com/resource/Category:Missions	=	1.0000
http://starwars.wikia.com/wiki/Special:FilePath/Footlocker.jpg	http://swtor.wikia.com/wiki/Special:FilePath/Footlocker.jpg	=	1.0000
http://dbkwik.webdatacommons.org/starwars.wikia.com/resource/Arren_Kae	http://dbkwik.webdatacommons.org/swtor.wikia.com/resource/Arren_Kae	=	1.0000
http://dbkwik.webdatacommons.org/starwars.wikia.com/resource/Upper_Industrial_Sector	http://dbkwik.webdatacommons.org/swtor.wikia.com/resource/Upper_Industrial_Sector	=	1.0000
http://dbkwik.webdatacommons.org/starwars.wikia.com/class/holonet	http://dbkwik.webdatacommons.org/swtor.wikia.com/class/holonet	=	1.0000
http://starwars.wikia.com/wiki/Special:FilePath/Great_Hyperspace_War.jpg	http://swtor.wikia.com/wiki/Special:FilePath/Great_Hyperspace_War.jpg	=	1.0000
http://dbkwik.webdatacommons.org/starwars.wikia.com/resource/Cedral_Gend	http://dbkwik.webdatacommons.org/swtor.wikia.com/resource/Cedral_Gend	=	1.0000
http://starwars.wikia.com/wiki/Special:FilePath/Sleigh_I.png	http://swtor.wikia.com/wiki/Special:FilePath/Sleigh_I.png	=	1.0000
http://dbkwik.webdatacommons.org/starwars.wikia.com/resource/The_Pit	http://dbkwik.webdatacommons.org/swtor.wikia.com/resource/The_Pit	=	1.0000
http://dbkwik.webdatacommons.org/starwars.wikia.com/resource/Visas_Marr	http://dbkwik.webdatacommons.org/swtor.wikia.com/resource/Visas_Marr	=	1.0000
http://dbkwik.webdatacommons.org/starwars.wikia.com/resource/Dracen	http://dbkwik.webdatacommons.org/swtor.wikia.com/resource/Dracen	=	1.0000
http://dbkwik.webdatacommons.org/starwars.wikia.com/resource/Vrook_Lamar%27s_Padawan	http://dbkwik.webdatacommons.org/swtor.wikia.com/resource/Vrook_Lamar%27s_Padawan	=	1.0000
http://dbkwik.webdatacommons.org/starwars.wikia.com/resource/Balosar_Outpost	http://dbkwik.webdatacommons.org/swtor.wikia.com/resource/Balosar_Outpost	=	1.0000
http://dbkwik.webdatacommons.org/starwars.wikia.com/resource/Darth_Atroxa	http://dbkwik.webdatacommons.org/swtor.wikia.com/resource/Darth_Atroxa	=	1.0000
http://dbkwik.webdatacommons.org/starwars.wikia.com/resource/Republic_Navy	http://dbkwik.webdatacommons.org/swtor.wikia.com/resource/Republic_Navy	=	1.0000
http://starwars.wikia.com/wiki/Special:FilePath/Rogun.jpg?width=300	http://swtor.wikia.com/wiki/Special:FilePath/Rogun.jpg?width=300	=	1.0000
http://dbkwik.webdatacommons.org/starwars.wikia.com/resource/Vessex_Ulgo	http://dbkwik.webdatacommons.org/swtor.wikia.com/resource/Vessex_Ulgo	=	1.0000
http://starwars.wikia.com/wiki/Special:FilePath/Haken.png	http://swtor.wikia.com/wiki/Special:FilePath/Haken.png	=	1.0000
http://starwars.wikia.com/wiki/Special:FilePath/Corellia.jpg	http://swtor.wikia.com/wiki/Special:FilePath/Corellia.jpg	=	1.0000
http://dbkwik.webdatacommons.org/starwars.wikia.com/resource/Lower_City	http://dbkwik.webdatacommons.org/swtor.wikia.com/resource/Lower_City	=	1.0000
http://dbkwik.webdatacommons.org/starwars.wikia.com/resource/Dorvin_Eltrom	http://dbkwik.webdatacommons.org/swtor.wikia.com/resource/Dorvin_Eltrom	=	1.0000
http://dbkwik.webdatacommons.org/starwars.wikia.com/resource/Category:Mandalorians	http://dbkwik.webdatacommons.org/swtor.wikia.com/resource/Category:Mandalorians	=	1.0000
http://dbkwik.webdatacommons.org/starwars.wikia.com/resource/Ferroh	http://dbkwik.webdatacommons.org/swtor.wikia.com/resource/Ferroh	=	1.0000
http://dbkwik.webdatacommons.org/starwars.wikia.com/resource/Massassi	http://dbkwik.webdatacommons.org/swtor.wikia.com/resource/Massassi	=	1.0000
http://dbkwik.webdatacommons.org/starwars.wikia.com/class/wp	http://dbkwik.webdatacommons.org/swtor.wikia.com/class/wp	=	1.0000
http://dbkwik.webdatacommons.org/starwars.wikia.com/resource/Sector	http://dbkwik.webdatacommons.org/swtor.wikia.com/property/sector	=	1.0000
http://dbkwik.webdatacommons.org/starwars.wikia.com/resource/Vodo-Siosk_Baas%27s_courier	http://dbkwik.webdatacommons.org/swtor.wikia.com/resource/Vodo-Siosk_Baas%27s_Courier	=	1.0000
http://dbkwik.webdatacommons.org/starwars.wikia.com/resource/Tularan_Marsh	http://dbkwik.webdatacommons.org/swtor.wikia.com/resource/Tularan_Marsh	=	1.0000
http://starwars.wikia.com/wiki/Special:FilePath/Progenitor.jpg	http://swtor.wikia.com/wiki/Special:FilePath/Progenitor.jpg	=	1.0000
http://dbkwik.webdatacommons.org/starwars.wikia.com/resource/Salus_Bralor	http://dbkwik.webdatacommons.org/swtor.wikia.com/resource/Salus_Bralor	=	1.0000
http://starwars.wikia.com/wiki/Special:FilePath/Flare-Hope.jpg?width=300	http://swtor.wikia.com/wiki/Special:FilePath/Flare-Hope.jpg?width=300	=	1.0000
http://starwars.wikia.com/wiki/Special:FilePath/Brukarra.png	http://swtor.wikia.com/wiki/Special:FilePath/Brukarra.png	=	1.0000
http://dbkwik.webdatacommons.org/starwars.wikia.com/resource/Force_sense	http://dbkwik.webdatacommons.org/swtor.wikia.com/resource/Force_sense	=	1.0000
http://dbkwik.webdatacommons.org/starwars.wikia.com/resource/Darth_Bandon	http://dbkwik.webdatacommons.org/swtor.wikia.com/resource/Darth_Bandon	=	1.0000
http://dbkwik.webdatacommons.org/starwars.wikia.com/resource/Darth_Arho	http://dbkwik.webdatacommons.org/swtor.wikia.com/resource/Darth_Arho	=	1.0000
http://starwars.wikia.com/wiki/Special:FilePath/Gambo.png	http://swtor.wikia.com/wiki/Special:FilePath/Gambo.png	=	1.0000
http://dbkwik.webdatacommons.org/starwars.wikia.com/resource/Mk._VII_advanced_interceptor	http://dbkwik.webdatacommons.org/swtor.wikia.com/resource/Mk._VII_Advanced_interceptor	=	1.0000
http://dbkwik.webdatacommons.org/starwars.wikia.com/resource/Sobrik	http://dbkwik.webdatacommons.org/swtor.wikia.com/resource/Sobrik	=	1.0000
http://dbkwik.webdatacommons.org/starwars.wikia.com/property/text	http://dbkwik.webdatacommons.org/swtor.wikia.com/property/text	=	1.0000
http://starwars.wikia.com/wiki/Special:FilePath/Belaya.jpg	http://swtor.wikia.com/wiki/Special:FilePath/Belaya.jpg	=	1.0000
http://dbkwik.webdatacommons.org/starwars.wikia.com/resource/Category:Sith_Empire	http://dbkwik.webdatacommons.org/swtor.wikia.com/resource/Category:Sith_Empire	=	1.0000
http://dbkwik.webdatacommons.org/starwars.wikia.com/property/civilian	http://dbkwik.webdatacommons.org/swtor.wikia.com/property/civilian	=	1.0000
http://dbkwik.webdatacommons.org/starwars.wikia.com/resource/Defender-class_light_corvette	http://dbkwik.webdatacommons.org/swtor.wikia.com/resource/Defender-class_light_corvette	=	1.0000
http://dbkwik.webdatacommons.org/starwars.wikia.com/resource/Engo_Whitt	http://dbkwik.webdatacommons.org/swtor.wikia.com/resource/Engo_Whitt	=	1.0000
http://dbkwik.webdatacommons.org/starwars.wikia.com/resource/Tyria_(Jedi)	http://dbkwik.webdatacommons.org/swtor.wikia.com/resource/Tyria_(Jedi)	=	1.0000
http://dbkwik.webdatacommons.org/starwars.wikia.com/resource/T7-O1	http://dbkwik.webdatacommons.org/swtor.wikia.com/resource/T7-O1	=	1.0000
http://dbkwik.webdatacommons.org/starwars.wikia.com/resource/Kalgrath	http://dbkwik.webdatacommons.org/swtor.wikia.com/resource/Kalgrath	=	1.0000
http://dbkwik.webdatacommons.org/starwars.wikia.com/resource/Vilia_Calimondra	http://dbkwik.webdatacommons.org/swtor.wikia.com/resource/Vilia_Calimondra	=	1.0000
http://dbkwik.webdatacommons.org/starwars.wikia.com/resource/Harok	http://dbkwik.webdatacommons.org/swtor.wikia.com/resource/Harok	=	1.0000
http://starwars.wikia.com/wiki/Special:FilePath/Bralor1.jpg?width=300	http://swtor.wikia.com/wiki/Special:FilePath/Bralor1.jpg?width=300	=	1.0000
http://dbkwik.webdatacommons.org/starwars.wikia.com/resource/High_Security_Section	http://dbkwik.webdatacommons.org/swtor.wikia.com/resource/High_Security_Section	=	1.0000
http://dbkwik.webdatacommons.org/starwars.wikia.com/resource/Gray-robed_Dark_Jedi	http://dbkwik.webdatacommons.org/swtor.wikia.com/resource/Gray-robed_Dark_Jedi	=	1.0000
http://dbkwik.webdatacommons.org/starwars.wikia.com/resource/Pilgrims	http://dbkwik.webdatacommons.org/swtor.wikia.com/resource/Pilgrims	=	1.0000
http://dbkwik.webdatacommons.org/starwars.wikia.com/resource/Black_Sun	http://dbkwik.webdatacommons.org/swtor.wikia.com/resource/Black_Sun	=	1.0000
http://dbkwik.webdatacommons.org/starwars.wikia.com/resource/Darth_Vengean	http://dbkwik.webdatacommons.org/swtor.wikia.com/resource/Darth_Vengean	=	1.0000
http://starwars.wikia.com/wiki/Special:FilePath/Massassi.jpg?width=300	http://swtor.wikia.com/wiki/Special:FilePath/Massassi.jpg?width=300	=	1.0000
http://dbkwik.webdatacommons.org/starwars.wikia.com/property/droids	http://dbkwik.webdatacommons.org/swtor.wikia.com/property/droids	=	1.0000
http://dbkwik.webdatacommons.org/starwars.wikia.com/resource/Tythos_Ridge	http://dbkwik.webdatacommons.org/swtor.wikia.com/resource/Tythos_Ridge	=	1.0000
http://dbkwik.webdatacommons.org/starwars.wikia.com/resource/Rehanna_Rist	http://dbkwik.webdatacommons.org/swtor.wikia.com/resource/Rehanna_Rist	=	1.0000
http://dbkwik.webdatacommons.org/starwars.wikia.com/resource/Category:Disambiguation_and_redirection_templates	http://dbkwik.webdatacommons.org/swtor.wikia.com/resource/Category:Disambiguation_and_redirection_templates	=	1.0000
http://dbkwik.webdatacommons.org/starwars.wikia.com/resource/Barrison_Draay	http://dbkwik.webdatacommons.org/swtor.wikia.com/resource/Barrison_Draay	=	1.0000
http://dbkwik.webdatacommons.org/starwars.wikia.com/resource/Grenade	http://dbkwik.webdatacommons.org/swtor.wikia.com/resource/Grenade	=	1.0000
http://starwars.wikia.com/wiki/Special:FilePath/DNs.jpg	http://swtor.wikia.com/wiki/Special:FilePath/DNs.jpg	=	1.0000
http://dbkwik.webdatacommons.org/starwars.wikia.com/resource/Foray-class_blockade_runner	http://dbkwik.webdatacommons.org/swtor.wikia.com/resource/Foray-class_blockade_runner	=	1.0000
http://dbkwik.webdatacommons.org/starwars.wikia.com/resource/Category:Jedi_Generals	http://dbkwik.webdatacommons.org/swtor.wikia.com/resource/Category:Jedi_Generals	=	1.0000
http://dbkwik.webdatacommons.org/starwars.wikia.com/resource/Category:Companies	http://dbkwik.webdatacommons.org/swtor.wikia.com/resource/Category:Companies	=	1.0000
http://dbkwik.webdatacommons.org/starwars.wikia.com/resource/Warb_Null	http://dbkwik.webdatacommons.org/swtor.wikia.com/resource/Warb_Null	=	1.0000
http://dbkwik.webdatacommons.org/starwars.wikia.com/resource/Centurion-class_battlecruiser	http://dbkwik.webdatacommons.org/swtor.wikia.com/resource/Centurion-class_battlecruiser	=	1.0000
http://starwars.wikia.com/wiki/Special:FilePath/Volryder.png?width=300	http://swtor.wikia.com/wiki/Special:FilePath/Volryder.png?width=300	=	1.0000
http://dbkwik.webdatacommons.org/starwars.wikia.com/resource/Juhani	http://dbkwik.webdatacommons.org/swtor.wikia.com/resource/Juhani	=	1.0000
http://dbkwik.webdatacommons.org/starwars.wikia.com/resource/Category:Blog_posts	http://dbkwik.webdatacommons.org/swtor.wikia.com/resource/Category:Blog_posts	=	1.0000
http://starwars.wikia.com/wiki/Special:FilePath/Barrison_Draay_portrait.jpg	http://swtor.wikia.com/wiki/Special:FilePath/Barrison_Draay_portrait.jpg	=	1.0000
http://dbkwik.webdatacommons.org/starwars.wikia.com/resource/House_Rist	http://dbkwik.webdatacommons.org/swtor.wikia.com/resource/House_Rist	=	1.0000
http://dbkwik.webdatacommons.org/starwars.wikia.com/resource/Archaeology	http://dbkwik.webdatacommons.org/swtor.wikia.com/resource/Archaeology	=	1.0000
http://dbkwik.webdatacommons.org/starwars.wikia.com/resource/Sorzus_Syn	http://dbkwik.webdatacommons.org/swtor.wikia.com/resource/Sorzus_Syn	=	1.0000
http://starwars.wikia.com/wiki/Special:FilePath/Aratech_Lancer.png?width=300	http://swtor.wikia.com/wiki/Special:FilePath/Aratech_Lancer.png?width=300	=	1.0000
http://dbkwik.webdatacommons.org/starwars.wikia.com/resource/Castle_Organa	http://dbkwik.webdatacommons.org/swtor.wikia.com/resource/Castle_Organa	=	1.0000
http://dbkwik.webdatacommons.org/starwars.wikia.com/resource/Ralebedth	http://dbkwik.webdatacommons.org/swtor.wikia.com/resource/Ralebedth	=	1.0000
http://dbkwik.webdatacommons.org/starwars.wikia.com/resource/Anavus_Svag	http://dbkwik.webdatacommons.org/swtor.wikia.com/resource/Anavus_Svag	=	1.0000
http://dbkwik.webdatacommons.org/starwars.wikia.com/resource/Sleeper_ship	http://dbkwik.webdatacommons.org/swtor.wikia.com/resource/Sleeper_Ship	=	1.0000
http://dbkwik.webdatacommons.org/starwars.wikia.com/resource/Gray_Secant	http://dbkwik.webdatacommons.org/swtor.wikia.com/resource/Gray_Secant	=	1.0000
http://dbkwik.webdatacommons.org/starwars.wikia.com/resource/Ferrazid_hound	http://dbkwik.webdatacommons.org/swtor.wikia.com/resource/Ferrazid_Hound	=	1.0000
http://dbkwik.webdatacommons.org/starwars.wikia.com/resource/Corellian_Corporate_Council	http://dbkwik.webdatacommons.org/swtor.wikia.com/resource/Corellian_Corporate_Council	=	1.0000
http://dbkwik.webdatacommons.org/starwars.wikia.com/resource/Planetary_assault_tactics	http://dbkwik.webdatacommons.org/swtor.wikia.com/resource/Planetary_assault_tactics	=	1.0000
http://dbkwik.webdatacommons.org/starwars.wikia.com/resource/Chiss_Expansionary_Defense_Force	http://dbkwik.webdatacommons.org/swtor.wikia.com/resource/Chiss_Expansionary_Defense_Force	=	1.0000
http://dbkwik.webdatacommons.org/starwars.wikia.com/resource/Imperial_Military_training_regimen	http://dbkwik.webdatacommons.org/swtor.wikia.com/resource/Imperial_Military_training_regimen	=	1.0000
http://dbkwik.webdatacommons.org/starwars.wikia.com/resource/Ascercia	http://dbkwik.webdatacommons.org/swtor.wikia.com/resource/Ascercia	=	1.0000
http://dbkwik.webdatacommons.org/starwars.wikia.com/resource/Kyramud-type_battleship	http://dbkwik.webdatacommons.org/swtor.wikia.com/resource/Kyramud-type_battleship	=	1.0000
http://dbkwik.webdatacommons.org/starwars.wikia.com/resource/Toki_Tollivar	http://dbkwik.webdatacommons.org/swtor.wikia.com/resource/Toki_Tollivar	=	1.0000
http://dbkwik.webdatacommons.org/starwars.wikia.com/resource/Unidentified_Sith_commander	http://dbkwik.webdatacommons.org/swtor.wikia.com/resource/Unidentified_Sith_commander	=	1.0000
http://dbkwik.webdatacommons.org/starwars.wikia.com/resource/Exiles	http://dbkwik.webdatacommons.org/swtor.wikia.com/resource/Exiles	=	1.0000
http://starwars.wikia.com/wiki/Special:FilePath/Flashfire.png	http://swtor.wikia.com/wiki/Special:FilePath/Flashfire.png	=	1.0000
http://dbkwik.webdatacommons.org/starwars.wikia.com/resource/Jolee_Bindo	http://dbkwik.webdatacommons.org/swtor.wikia.com/resource/Jolee_Bindo	=	1.0000
http://starwars.wikia.com/wiki/Special:FilePath/Zhar.jpg	http://swtor.wikia.com/wiki/Special:FilePath/Zhar.jpg	=	1.0000
http://starwars.wikia.com/wiki/Special:FilePath/Lucky_Lancer.png	http://swtor.wikia.com/wiki/Special:FilePath/Lucky_Lancer.png	=	1.0000
http://starwars.wikia.com/wiki/Special:FilePath/Imperial_bomber.png?width=300	http://swtor.wikia.com/wiki/Special:FilePath/Imperial_bomber.png?width=300	=	1.0000
http://starwars.wikia.com/wiki/Special:FilePath/Qual.jpg?width=300	http://swtor.wikia.com/wiki/Special:FilePath/Qual.jpg?width=300	=	1.0000
http://dbkwik.webdatacommons.org/starwars.wikia.com/resource/Hybrid	http://dbkwik.webdatacommons.org/swtor.wikia.com/resource/Hybrid	=	1.0000
http://dbkwik.webdatacommons.org/starwars.wikia.com/resource/Starship	http://dbkwik.webdatacommons.org/swtor.wikia.com/resource/Starship	=	1.0000
http://dbkwik.webdatacommons.org/starwars.wikia.com/resource/Constable	http://dbkwik.webdatacommons.org/swtor.wikia.com/resource/Constable	=	1.0000
http://starwars.wikia.com/wiki/Special:FilePath/Ithorian_Revanchist.jpg?width=300	http://swtor.wikia.com/wiki/Special:FilePath/Ithorian_Revanchist.jpg?width=300	=	1.0000
http://dbkwik.webdatacommons.org/starwars.wikia.com/resource/Sajar	http://dbkwik.webdatacommons.org/swtor.wikia.com/resource/Sajar	=	1.0000
http://starwars.wikia.com/wiki/Special:FilePath/Gil_Varad.png?width=300	http://swtor.wikia.com/wiki/Special:FilePath/Gil_Varad.png?width=300	=	1.0000
http://dbkwik.webdatacommons.org/starwars.wikia.com/resource/Category:Jawas	http://dbkwik.webdatacommons.org/swtor.wikia.com/resource/Category:Jawas	=	1.0000
http://starwars.wikia.com/wiki/Special:FilePath/Ithorian_TOR.jpg	http://swtor.wikia.com/wiki/Special:FilePath/Ithorian_TOR.jpg	=	1.0000
http://dbkwik.webdatacommons.org/starwars.wikia.com/resource/TZ-2_transport	http://dbkwik.webdatacommons.org/swtor.wikia.com/resource/TZ-2_Transport	=	1.0000
http://dbkwik.webdatacommons.org/starwars.wikia.com/resource/Watcher_X	http://dbkwik.webdatacommons.org/swtor.wikia.com/resource/Watcher_X	=	1.0000
http://dbkwik.webdatacommons.org/starwars.wikia.com/resource/Plan_Zero	http://dbkwik.webdatacommons.org/swtor.wikia.com/resource/Plan_Zero	=	1.0000
http://dbkwik.webdatacommons.org/starwars.wikia.com/resource/Esseles	http://dbkwik.webdatacommons.org/swtor.wikia.com/resource/Esseles	=	1.0000
http://dbkwik.webdatacommons.org/starwars.wikia.com/property/members	http://dbkwik.webdatacommons.org/swtor.wikia.com/property/members	=	1.0000
http://dbkwik.webdatacommons.org/starwars.wikia.com/resource/Duros_scouting_vessel	http://dbkwik.webdatacommons.org/swtor.wikia.com/resource/Duros_scouting_vessel	=	1.0000
http://starwars.wikia.com/wiki/Special:FilePath/Hoth.jpg?width=300	http://swtor.wikia.com/wiki/Special:FilePath/Hoth.jpg?width=300	=	1.0000
http://dbkwik.webdatacommons.org/starwars.wikia.com/resource/Category:Jedi_hunters	http://dbkwik.webdatacommons.org/swtor.wikia.com/resource/Category:Jedi_hunters	=	1.0000
http://dbkwik.webdatacommons.org/starwars.wikia.com/resource/Teepo	http://dbkwik.webdatacommons.org/swtor.wikia.com/resource/Teepo	=	1.0000
http://dbkwik.webdatacommons.org/starwars.wikia.com/resource/Mind_trick	http://dbkwik.webdatacommons.org/swtor.wikia.com/resource/Mind_trick	=	1.0000
http://starwars.wikia.com/wiki/Special:FilePath/Nadia_Grell.png?width=300	http://swtor.wikia.com/wiki/Special:FilePath/NadiaGrell.png?width=300	=	1.0000
http://dbkwik.webdatacommons.org/starwars.wikia.com/resource/Jomar_Chul	http://dbkwik.webdatacommons.org/swtor.wikia.com/resource/Jomar_Chul	=	1.0000
http://dbkwik.webdatacommons.org/starwars.wikia.com/resource/Aves	http://dbkwik.webdatacommons.org/swtor.wikia.com/resource/Aves	=	1.0000
http://dbkwik.webdatacommons.org/starwars.wikia.com/resource/Aleema_Keto	http://dbkwik.webdatacommons.org/swtor.wikia.com/resource/Aleema_Keto	=	1.0000
http://dbkwik.webdatacommons.org/starwars.wikia.com/resource/Justice	http://dbkwik.webdatacommons.org/swtor.wikia.com/resource/Justice	=	1.0000
http://dbkwik.webdatacommons.org/starwars.wikia.com/resource/Kas%27im	http://dbkwik.webdatacommons.org/swtor.wikia.com/resource/Kas%27im	=	1.0000
http://starwars.wikia.com/wiki/Special:FilePath/Valenthyne_Farfalla.jpg	http://swtor.wikia.com/wiki/Special:FilePath/Valenthyne_Farfalla.jpg	=	1.0000
http://dbkwik.webdatacommons.org/starwars.wikia.com/resource/Timeline_2:_The_Mandalorian_Blockade_is_Broken	http://dbkwik.webdatacommons.org/swtor.wikia.com/resource/Timeline_2:_The_Mandalorian_Blockade_is_Broken	=	1.0000
http://starwars.wikia.com/wiki/Special:FilePath/Cale_Berkona.jpg	http://swtor.wikia.com/wiki/Special:FilePath/Cale_Berkona.jpg	=	1.0000
http://starwars.wikia.com/wiki/Special:FilePath/Treaty_of_Coruscant_borders.jpg	http://swtor.wikia.com/wiki/Special:FilePath/Treaty_of_Coruscant_borders.jpg	=	1.0000
http://dbkwik.webdatacommons.org/starwars.wikia.com/resource/Blade-class_starfighter	http://dbkwik.webdatacommons.org/swtor.wikia.com/resource/Blade-class_starfighter	=	1.0000
http://starwars.wikia.com/wiki/Special:FilePath/AnnihilationCover.jpg?width=300	http://swtor.wikia.com/wiki/Special:FilePath/AnnihilationCover.jpg?width=300	=	1.0000
http://dbkwik.webdatacommons.org/starwars.wikia.com/resource/Hammer_Station	http://dbkwik.webdatacommons.org/swtor.wikia.com/resource/Hammer_Station	=	1.0000
http://dbkwik.webdatacommons.org/starwars.wikia.com/property/location	http://dbkwik.webdatacommons.org/swtor.wikia.com/property/location	=	1.0000
http://dbkwik.webdatacommons.org/starwars.wikia.com/resource/Fi	http://dbkwik.webdatacommons.org/swtor.wikia.com/property/fi	=	1.0000
http://dbkwik.webdatacommons.org/starwars.wikia.com/resource/Star_Wars:_The_Old_Republic:_Rise_of_the_Hutt_Cartel	http://dbkwik.webdatacommons.org/swtor.wikia.com/resource/Star_Wars:_The_Old_Republic:_Rise_of_the_Hutt_Cartel	=	1.0000
http://dbkwik.webdatacommons.org/starwars.wikia.com/resource/Freyyr	http://dbkwik.webdatacommons.org/swtor.wikia.com/resource/Freyyr	=	1.0000
http://dbkwik.webdatacommons.org/starwars.wikia.com/resource/Cala_Brin	http://dbkwik.webdatacommons.org/swtor.wikia.com/resource/Cala_Brin	=	1.0000
http://starwars.wikia.com/wiki/Special:FilePath/Veeboo_Lunx.png	http://swtor.wikia.com/wiki/Special:FilePath/Veeboo_Lunx.png	=	1.0000
http://dbkwik.webdatacommons.org/starwars.wikia.com/resource/Dree_Vandap	http://dbkwik.webdatacommons.org/swtor.wikia.com/resource/Dree_Vandap	=	1.0000
http://dbkwik.webdatacommons.org/starwars.wikia.com/resource/Category:Maintenance_templates	http://dbkwik.webdatacommons.org/swtor.wikia.com/resource/Category:Maintenance_templates	=	1.0000
http://dbkwik.webdatacommons.org/starwars.wikia.com/resource/Flashpoint	http://dbkwik.webdatacommons.org/swtor.wikia.com/resource/Flashpoint	=	1.0000
http://starwars.wikia.com/wiki/Special:FilePath/Cassus_Handbook.jpg	http://swtor.wikia.com/wiki/Special:FilePath/Cassus_Handbook.jpg	=	1.0000
http://starwars.wikia.com/wiki/Special:FilePath/Sith_Assassin.jpg	http://swtor.wikia.com/wiki/Special:FilePath/Sith_Assassin.jpg	=	1.0000
http://starwars.wikia.com/wiki/Special:FilePath/Nar_Shaddaa.jpg	http://swtor.wikia.com/wiki/Special:FilePath/Nar_Shaddaa.jpg	=	1.0000
http://dbkwik.webdatacommons.org/starwars.wikia.com/resource/Darth_Acina	http://dbkwik.webdatacommons.org/swtor.wikia.com/resource/Darth_Acina	=	1.0000
http://starwars.wikia.com/wiki/Special:FilePath/Peragus.jpg?width=300	http://swtor.wikia.com/wiki/Special:FilePath/Peragus.jpg?width=300	=	1.0000
http://dbkwik.webdatacommons.org/starwars.wikia.com/resource/Padawan	http://dbkwik.webdatacommons.org/swtor.wikia.com/resource/Padawan	=	1.0000
http://dbkwik.webdatacommons.org/starwars.wikia.com/resource/Snowblind	http://dbkwik.webdatacommons.org/swtor.wikia.com/resource/Snowblind	=	1.0000
http://dbkwik.webdatacommons.org/starwars.wikia.com/resource/Desolator_(superweapon)	http://dbkwik.webdatacommons.org/swtor.wikia.com/resource/Desolator_(superweapon)	=	1.0000
http://dbkwik.webdatacommons.org/starwars.wikia.com/property/creatures	http://dbkwik.webdatacommons.org/swtor.wikia.com/property/creatures	=	1.0000
http://dbkwik.webdatacommons.org/starwars.wikia.com/resource/Vaor_Khazlan	http://dbkwik.webdatacommons.org/swtor.wikia.com/resource/Vaor_Khazlan	=	1.0000
http://dbkwik.webdatacommons.org/starwars.wikia.com/resource/Category:Banned_users	http://dbkwik.webdatacommons.org/swtor.wikia.com/resource/Category:Banned_users	=	1.0000
http://dbkwik.webdatacommons.org/starwars.wikia.com/resource/Grumani_sector	http://dbkwik.webdatacommons.org/swtor.wikia.com/resource/Grumani_sector	=	1.0000
http://dbkwik.webdatacommons.org/starwars.wikia.com/resource/Jennifer_Hale	http://dbkwik.webdatacommons.org/swtor.wikia.com/resource/Jennifer_Hale	=	1.0000
http://dbkwik.webdatacommons.org/starwars.wikia.com/resource/Cole_Cantarus	http://dbkwik.webdatacommons.org/swtor.wikia.com/resource/Cole_Cantarus	=	1.0000
http://dbkwik.webdatacommons.org/starwars.wikia.com/resource/Category:Supreme_Moguls	http://dbkwik.webdatacommons.org/swtor.wikia.com/resource/Category:Supreme_Moguls	=	1.0000
http://dbkwik.webdatacommons.org/starwars.wikia.com/resource/General	http://dbkwik.webdatacommons.org/swtor.wikia.com/resource/General	=	1.0000
http://starwars.wikia.com/wiki/Special:FilePath/Sith_Battle_Suit.jpg	http://swtor.wikia.com/wiki/Special:FilePath/Sith_Battle_Suit.jpg	=	1.0000
http://dbkwik.webdatacommons.org/starwars.wikia.com/resource/Undercity_sewers	http://dbkwik.webdatacommons.org/swtor.wikia.com/resource/Undercity_Sewers	=	1.0000
http://dbkwik.webdatacommons.org/starwars.wikia.com/resource/Kaamos_Territory	http://dbkwik.webdatacommons.org/swtor.wikia.com/resource/Kaamos_Territory	=	1.0000
http://dbkwik.webdatacommons.org/starwars.wikia.com/resource/Tenebrous	http://dbkwik.webdatacommons.org/swtor.wikia.com/resource/Tenebrous	=	1.0000
http://dbkwik.webdatacommons.org/starwars.wikia.com/resource/Reek	http://dbkwik.webdatacommons.org/swtor.wikia.com/resource/Reek	=	1.0000
http://dbkwik.webdatacommons.org/starwars.wikia.com/property/it	http://dbkwik.webdatacommons.org/swtor.wikia.com/property/it	=	1.0000
http://dbkwik.webdatacommons.org/starwars.wikia.com/resource/Star_Wars:_The_Old_Republic:_Knights_of_the_Eternal_Throne	http://dbkwik.webdatacommons.org/swtor.wikia.com/resource/Star_Wars:_The_Old_Republic:_Knights_of_the_Eternal_Throne	=	1.0000
http://dbkwik.webdatacommons.org/starwars.wikia.com/resource/Outpost_Largona	http://dbkwik.webdatacommons.org/swtor.wikia.com/resource/Outpost_Largona	=	1.0000
http://dbkwik.webdatacommons.org/starwars.wikia.com/resource/Voss	http://dbkwik.webdatacommons.org/swtor.wikia.com/resource/Voss	=	1.0000
http://dbkwik.webdatacommons.org/starwars.wikia.com/resource/Garus	http://dbkwik.webdatacommons.org/swtor.wikia.com/resource/Garus	=	1.0000
http://dbkwik.webdatacommons.org/starwars.wikia.com/resource/Unidentified_Human_apprentice	http://dbkwik.webdatacommons.org/swtor.wikia.com/resource/Unidentified_Human_apprentice	=	1.0000
http://starwars.wikia.com/wiki/Special:FilePath/LudoVsSadow.jpg?width=300	http://swtor.wikia.com/wiki/Special:FilePath/LudoVsSadow.jpg?width=300	=	1.0000
http://dbkwik.webdatacommons.org/starwars.wikia.com/resource/Duros_Sector	http://dbkwik.webdatacommons.org/swtor.wikia.com/resource/Duros_Sector	=	1.0000
http://dbkwik.webdatacommons.org/starwars.wikia.com/property/era	http://dbkwik.webdatacommons.org/swtor.wikia.com/property/era	=	1.0000
http://dbkwik.webdatacommons.org/starwars.wikia.com/resource/Republic_Resettlement_Zone	http://dbkwik.webdatacommons.org/swtor.wikia.com/resource/Republic_Resettlement_Zone	=	1.0000
http://dbkwik.webdatacommons.org/starwars.wikia.com/resource/Timeline_7:_Peace_for_the_Republic%3F	http://dbkwik.webdatacommons.org/swtor.wikia.com/resource/Timeline_7:_Peace_for_the_Republic%3F	=	1.0000
http://dbkwik.webdatacommons.org/starwars.wikia.com/resource/Palla_Mazlin	http://dbkwik.webdatacommons.org/swtor.wikia.com/resource/Palla_Mazlin	=	1.0000
http://dbkwik.webdatacommons.org/starwars.wikia.com/resource/Broga_Masrii	http://dbkwik.webdatacommons.org/swtor.wikia.com/resource/Broga_Masrii	=	1.0000
http://dbkwik.webdatacommons.org/starwars.wikia.com/resource/Akaavi_Spar	http://dbkwik.webdatacommons.org/swtor.wikia.com/resource/Akaavi_Spar	=	1.0000
http://starwars.wikia.com/wiki/Special:FilePath/Jedi_sec_ship.jpg	http://swtor.wikia.com/wiki/Special:FilePath/Jedi_sec_ship.jpg	=	1.0000
http://dbkwik.webdatacommons.org/starwars.wikia.com/resource/Allusis	http://dbkwik.webdatacommons.org/swtor.wikia.com/resource/Allusis	=	1.0000
http://starwars.wikia.com/wiki/Special:FilePath/Operator_IX.png	http://swtor.wikia.com/wiki/Special:FilePath/Operator_IX.png	=	1.0000
http://dbkwik.webdatacommons.org/starwars.wikia.com/resource/Manaan	http://dbkwik.webdatacommons.org/swtor.wikia.com/resource/Manaan	=	1.0000
http://dbkwik.webdatacommons.org/starwars.wikia.com/resource/Fortress	http://dbkwik.webdatacommons.org/swtor.wikia.com/resource/Fortress	=	1.0000
http://dbkwik.webdatacommons.org/starwars.wikia.com/resource/Oss_Wilum	http://dbkwik.webdatacommons.org/swtor.wikia.com/resource/Oss_Wilum	=	1.0000
http://dbkwik.webdatacommons.org/starwars.wikia.com/resource/Galactic_War	http://dbkwik.webdatacommons.org/swtor.wikia.com/resource/Galactic_War	=	1.0000
http://dbkwik.webdatacommons.org/starwars.wikia.com/resource/FT-8_Star_Guard	http://dbkwik.webdatacommons.org/swtor.wikia.com/resource/FT-8_Star_Guard	=	1.0000
http://dbkwik.webdatacommons.org/starwars.wikia.com/resource/Police_rank	http://dbkwik.webdatacommons.org/swtor.wikia.com/resource/Police_rank	=	1.0000
http://starwars.wikia.com/wiki/Special:FilePath/Dropship.jpg?width=300	http://swtor.wikia.com/wiki/Special:FilePath/Dropship.jpg?width=300	=	1.0000
http://dbkwik.webdatacommons.org/starwars.wikia.com/resource/Asharl_panther	http://dbkwik.webdatacommons.org/swtor.wikia.com/resource/Asharl_Panther	=	1.0000
http://dbkwik.webdatacommons.org/starwars.wikia.com/resource/Voidstar	http://dbkwik.webdatacommons.org/swtor.wikia.com/resource/Voidstar	=	1.0000
http://starwars.wikia.com/wiki/Special:FilePath/Rogun.jpg	http://swtor.wikia.com/wiki/Special:FilePath/Rogun.jpg	=	1.0000
http://starwars.wikia.com/wiki/Special:FilePath/Sith_Battle_Suit.jpg?width=300	http://swtor.wikia.com/wiki/Special:FilePath/Sith_Battle_Suit.jpg?width=300	=	1.0000
http://dbkwik.webdatacommons.org/starwars.wikia.com/property/capacity	http://dbkwik.webdatacommons.org/swtor.wikia.com/property/capacity	=	1.0000
http://starwars.wikia.com/wiki/Special:FilePath/Draahg.png?width=300	http://swtor.wikia.com/wiki/Special:FilePath/Draahg.png?width=300	=	1.0000
http://dbkwik.webdatacommons.org/starwars.wikia.com/resource/DN-314_Tunneler	http://dbkwik.webdatacommons.org/swtor.wikia.com/resource/DN-314_Tunneler	=	1.0000
http://starwars.wikia.com/wiki/Special:FilePath/Kreiadarknohood.jpg	http://swtor.wikia.com/wiki/Special:FilePath/Kreiadarknohood.jpg	=	1.0000
http://dbkwik.webdatacommons.org/starwars.wikia.com/resource/Clan_Chorn	http://dbkwik.webdatacommons.org/swtor.wikia.com/resource/Clan_Chorn	=	1.0000
http://dbkwik.webdatacommons.org/starwars.wikia.com/resource/Bedoch	http://dbkwik.webdatacommons.org/swtor.wikia.com/resource/Bedoch	=	1.0000
http://dbkwik.webdatacommons.org/starwars.wikia.com/resource/Lower_Industrial_Sector	http://dbkwik.webdatacommons.org/swtor.wikia.com/resource/Lower_Industrial_Sector	=	1.0000
http://dbkwik.webdatacommons.org/starwars.wikia.com/resource/Mynock_Fodder_62009	http://dbkwik.webdatacommons.org/swtor.wikia.com/resource/Mynock_Fodder_62009	=	1.0000
http://starwars.wikia.com/wiki/Special:FilePath/Gharj.png	http://swtor.wikia.com/wiki/Special:FilePath/Gharj.png	=	1.0000
http://dbkwik.webdatacommons.org/starwars.wikia.com/resource/Sith_Marauder	http://dbkwik.webdatacommons.org/swtor.wikia.com/resource/Sith_Marauder	=	1.0000
http://dbkwik.webdatacommons.org/starwars.wikia.com/resource/Keikana_Herot	http://dbkwik.webdatacommons.org/swtor.wikia.com/resource/Keikana_Herot	=	1.0000
http://dbkwik.webdatacommons.org/starwars.wikia.com/resource/Bengel_Morr	http://dbkwik.webdatacommons.org/swtor.wikia.com/resource/Bengel_Morr	=	1.0000
http://dbkwik.webdatacommons.org/starwars.wikia.com/resource/Lema_Xandret	http://dbkwik.webdatacommons.org/swtor.wikia.com/resource/Lema_Xandret	=	1.0000
http://dbkwik.webdatacommons.org/starwars.wikia.com/resource/Tho_Yor	http://dbkwik.webdatacommons.org/swtor.wikia.com/resource/Tho_Yor	=	1.0000
http://dbkwik.webdatacommons.org/starwars.wikia.com/resource/Drelliad_village	http://dbkwik.webdatacommons.org/swtor.wikia.com/resource/Drelliad_Village	=	1.0000
http://dbkwik.webdatacommons.org/starwars.wikia.com/resource/Dark_Horse_Comics	http://dbkwik.webdatacommons.org/swtor.wikia.com/resource/Dark_Horse_Comics	=	1.0000
http://dbkwik.webdatacommons.org/starwars.wikia.com/resource/Anyara	http://dbkwik.webdatacommons.org/swtor.wikia.com/resource/Anyara	=	1.0000
http://dbkwik.webdatacommons.org/starwars.wikia.com/resource/Holocron	http://dbkwik.webdatacommons.org/swtor.wikia.com/resource/Holocron	=	1.0000
http://dbkwik.webdatacommons.org/starwars.wikia.com/resource/Eternal_Throne	http://dbkwik.webdatacommons.org/swtor.wikia.com/resource/Eternal_Throne	=	1.0000
http://starwars.wikia.com/wiki/Special:FilePath/VenZallow-TORDeceived.png	http://swtor.wikia.com/wiki/Special:FilePath/VenZallow-TORDeceived.png	=	1.0000
http://dbkwik.webdatacommons.org/starwars.wikia.com/property/next	http://dbkwik.webdatacommons.org/swtor.wikia.com/property/next	=	1.0000
http://dbkwik.webdatacommons.org/starwars.wikia.com/resource/Enkindle	http://dbkwik.webdatacommons.org/swtor.wikia.com/resource/Enkindle	=	1.0000
http://dbkwik.webdatacommons.org/starwars.wikia.com/resource/Nae_Nuuv	http://dbkwik.webdatacommons.org/swtor.wikia.com/resource/Nae_Nuuv	=	1.0000
http://starwars.wikia.com/wiki/Special:FilePath///wizards.com/swtcg/images/esb/imperial_fleet.jpg	http://swtor.wikia.com/wiki/Special:FilePath/Imperial_Fleet.jpg	=	1.0000
http://starwars.wikia.com/wiki/Special:FilePath/Akaavi_Spar.png?width=300	http://swtor.wikia.com/wiki/Special:FilePath/Akaavi_Spar.png?width=300	=	1.0000
http://dbkwik.webdatacommons.org/starwars.wikia.com/resource/Oojoh	http://dbkwik.webdatacommons.org/swtor.wikia.com/resource/Oojoh	=	1.0000
http://dbkwik.webdatacommons.org/starwars.wikia.com/resource/Underworld	http://dbkwik.webdatacommons.org/swtor.wikia.com/resource/Underworld	=	1.0000
http://dbkwik.webdatacommons.org/starwars.wikia.com/resource/Darth_Immern%27s_cruiser	http://dbkwik.webdatacommons.org/swtor.wikia.com/resource/Darth_Immern%27s_cruiser	=	1.0000
http://dbkwik.webdatacommons.org/starwars.wikia.com/resource/Darth_Mekhis	http://dbkwik.webdatacommons.org/swtor.wikia.com/resource/Darth_Mekhis	=	1.0000
http://dbkwik.webdatacommons.org/starwars.wikia.com/resource/Force_rage	http://dbkwik.webdatacommons.org/swtor.wikia.com/resource/Force_rage	=	1.0000
http://dbkwik.webdatacommons.org/starwars.wikia.com/resource/Lorjan_Sakku	http://dbkwik.webdatacommons.org/swtor.wikia.com/resource/Lorjan_Sakku	=	1.0000
http://dbkwik.webdatacommons.org/starwars.wikia.com/resource/Category:Republic_Special_Forces	http://dbkwik.webdatacommons.org/swtor.wikia.com/resource/Category:Republic_Special_Forces	=	1.0000
http://starwars.wikia.com/wiki/Special:FilePath/Kumus1.jpg?width=300	http://swtor.wikia.com/wiki/Special:FilePath/Kumus1.jpg?width=300	=	1.0000
http://dbkwik.webdatacommons.org/starwars.wikia.com/class/species	http://dbkwik.webdatacommons.org/swtor.wikia.com/class/species	=	1.0000
http://dbkwik.webdatacommons.org/starwars.wikia.com/resource/Imperial_Agent	http://dbkwik.webdatacommons.org/swtor.wikia.com/resource/Imperial_Agent	=	1.0000
http://dbkwik.webdatacommons.org/starwars.wikia.com/resource/Darth_Marr	http://dbkwik.webdatacommons.org/swtor.wikia.com/resource/Darth_Marr	=	1.0000
http://dbkwik.webdatacommons.org/starwars.wikia.com/resource/Unidentified_Jedi_(Endar_Spire)	http://dbkwik.webdatacommons.org/swtor.wikia.com/resource/Unidentified_Jedi_(Endar_Spire)	=	1.0000
http://starwars.wikia.com/wiki/Special:FilePath/Talos_Drellik.png	http://swtor.wikia.com/wiki/Special:FilePath/Talos_Drellik.png	=	1.0000
http://dbkwik.webdatacommons.org/starwars.wikia.com/property/timeline	http://dbkwik.webdatacommons.org/swtor.wikia.com/property/timeline	=	1.0000
http://dbkwik.webdatacommons.org/starwars.wikia.com/resource/Glacial_Fissure	http://dbkwik.webdatacommons.org/swtor.wikia.com/resource/Glacial_Fissure	=	1.0000
http://starwars.wikia.com/wiki/Special:FilePath/Czerka-LD1-Celebrator.png?width=300	http://swtor.wikia.com/wiki/Special:FilePath/Czerka_LD1_Celebrator.png?width=300	=	1.0000
http://dbkwik.webdatacommons.org/starwars.wikia.com/resource/Rake	http://dbkwik.webdatacommons.org/swtor.wikia.com/resource/Rake	=	1.0000
http://dbkwik.webdatacommons.org/starwars.wikia.com/resource/Star_Saber_XC-01_starfighter	http://dbkwik.webdatacommons.org/swtor.wikia.com/resource/Star_Saber_XC-01_starfighter	=	1.0000
http://dbkwik.webdatacommons.org/starwars.wikia.com/resource/Veeboo_Lunx	http://dbkwik.webdatacommons.org/swtor.wikia.com/resource/Veeboo_Lunx	=	1.0000
http://dbkwik.webdatacommons.org/starwars.wikia.com/resource/Category:Copyright	http://dbkwik.webdatacommons.org/swtor.wikia.com/resource/Category:Copyright	=	1.0000
http://dbkwik.webdatacommons.org/starwars.wikia.com/resource/Thraijon	http://dbkwik.webdatacommons.org/swtor.wikia.com/resource/Thraijon	=	1.0000
http://dbkwik.webdatacommons.org/starwars.wikia.com/resource/Mandalore_the_Indomitable%27s_shuttle	http://dbkwik.webdatacommons.org/swtor.wikia.com/resource/Mandalore_the_Indomitable%27s_Shuttle	=	1.0000
http://dbkwik.webdatacommons.org/starwars.wikia.com/resource/Sullustan	http://dbkwik.webdatacommons.org/swtor.wikia.com/resource/Sullustan	=	1.0000
http://starwars.wikia.com/wiki/Special:FilePath/Darth_Hadra.png?width=300	http://swtor.wikia.com/wiki/Special:FilePath/Darth_Hadra.png?width=300	=	1.0000
http://dbkwik.webdatacommons.org/starwars.wikia.com/resource/Spanios	http://dbkwik.webdatacommons.org/swtor.wikia.com/resource/Spanios	=	1.0000
http://starwars.wikia.com/wiki/Special:FilePath/AjuntaPall.jpg?width=300	http://swtor.wikia.com/wiki/Special:FilePath/AjuntaPall.jpg?width=300	=	1.0000
http://dbkwik.webdatacommons.org/starwars.wikia.com/resource/Sorno	http://dbkwik.webdatacommons.org/swtor.wikia.com/resource/Sorno	=	1.0000
http://starwars.wikia.com/wiki/Special:FilePath/FT-3C_Imperium.png	http://swtor.wikia.com/wiki/Special:FilePath/FT-3C_Imperium.png	=	1.0000
http://dbkwik.webdatacommons.org/starwars.wikia.com/resource/Rendaran-class_assault_shuttle	http://dbkwik.webdatacommons.org/swtor.wikia.com/resource/Rendaran-class_assault_shuttle	=	1.0000
http://dbkwik.webdatacommons.org/starwars.wikia.com/resource/Wentell_Pron	http://dbkwik.webdatacommons.org/swtor.wikia.com/resource/Wentell_Pron	=	1.0000
http://dbkwik.webdatacommons.org/starwars.wikia.com/resource/Thranta	http://dbkwik.webdatacommons.org/swtor.wikia.com/resource/Thranta	=	1.0000
http://starwars.wikia.com/wiki/Special:FilePath/Grand_Moff_Kilran.jpg?width=300	http://swtor.wikia.com/wiki/Special:FilePath/Grand_Moff_Kilran.jpg?width=300	=	1.0000
http://dbkwik.webdatacommons.org/starwars.wikia.com/resource/Makeb	http://dbkwik.webdatacommons.org/swtor.wikia.com/resource/Makeb	=	1.0000
http://dbkwik.webdatacommons.org/starwars.wikia.com/resource/Gummig	http://dbkwik.webdatacommons.org/swtor.wikia.com/resource/Gummig	=	1.0000
http://dbkwik.webdatacommons.org/starwars.wikia.com/resource/Ord_Mantell	http://dbkwik.webdatacommons.org/swtor.wikia.com/resource/Ord_Mantell	=	1.0000
http://dbkwik.webdatacommons.org/starwars.wikia.com/resource/Category:Colicoids	http://dbkwik.webdatacommons.org/swtor.wikia.com/resource/Category:Colicoids	=	1.0000
http://starwars.wikia.com/wiki/Special:FilePath/Lemda_Avesta.png	http://swtor.wikia.com/wiki/Special:FilePath/Lemda_Avesta.png	=	1.0000
http://dbkwik.webdatacommons.org/starwars.wikia.com/property/conc	http://dbkwik.webdatacommons.org/swtor.wikia.com/property/conc	=	1.0000
http://dbkwik.webdatacommons.org/starwars.wikia.com/resource/Lioko	http://dbkwik.webdatacommons.org/swtor.wikia.com/resource/Lioko	=	1.0000
http://dbkwik.webdatacommons.org/starwars.wikia.com/resource/Sith_Triumvirate	http://dbkwik.webdatacommons.org/swtor.wikia.com/resource/Sith_Triumvirate	=	1.0000
http://dbkwik.webdatacommons.org/starwars.wikia.com/resource/Akshae_Shanka	http://dbkwik.webdatacommons.org/swtor.wikia.com/resource/Akshae_Shanka	=	1.0000
http://dbkwik.webdatacommons.org/starwars.wikia.com/resource/Category:Header_templates	http://dbkwik.webdatacommons.org/swtor.wikia.com/resource/Category:Header_templates	=	1.0000
http://dbkwik.webdatacommons.org/starwars.wikia.com/resource/Synoda	http://dbkwik.webdatacommons.org/swtor.wikia.com/resource/Synoda	=	1.0000
http://starwars.wikia.com/wiki/Special:FilePath/Uburluh.jpg	http://swtor.wikia.com/wiki/Special:FilePath/Uburluh.jpg	=	1.0000
http://dbkwik.webdatacommons.org/starwars.wikia.com/resource/Yashia	http://dbkwik.webdatacommons.org/swtor.wikia.com/resource/Yashia	=	1.0000
http://dbkwik.webdatacommons.org/starwars.wikia.com/resource/Brotherhood_of_the_Sith	http://dbkwik.webdatacommons.org/swtor.wikia.com/resource/Brotherhood_of_the_Sith	=	1.0000
http://dbkwik.webdatacommons.org/starwars.wikia.com/resource/Hetton	http://dbkwik.webdatacommons.org/swtor.wikia.com/resource/Hetton	=	1.0000
http://dbkwik.webdatacommons.org/starwars.wikia.com/resource/Sendant_Pride	http://dbkwik.webdatacommons.org/swtor.wikia.com/resource/Sendant_Pride	=	1.0000
http://dbkwik.webdatacommons.org/starwars.wikia.com/resource/Mandalore_the_Lesser	http://dbkwik.webdatacommons.org/swtor.wikia.com/resource/Mandalore_the_Lesser	=	1.0000
http://dbkwik.webdatacommons.org/starwars.wikia.com/resource/GSS-5C_Dustmaker	http://dbkwik.webdatacommons.org/swtor.wikia.com/resource/GSS-5C_Dustmaker	=	1.0000
http://dbkwik.webdatacommons.org/starwars.wikia.com/resource/Elassa_Huros	http://dbkwik.webdatacommons.org/swtor.wikia.com/resource/Elassa_Huros	=	1.0000
http://dbkwik.webdatacommons.org/starwars.wikia.com/resource/Bashun	http://dbkwik.webdatacommons.org/swtor.wikia.com/resource/Bashun	=	1.0000
http://starwars.wikia.com/wiki/Special:FilePath/Makeb.png?width=300	http://swtor.wikia.com/wiki/Special:FilePath/Makeb.png?width=300	=	1.0000
http://dbkwik.webdatacommons.org/starwars.wikia.com/resource/Githany	http://dbkwik.webdatacommons.org/swtor.wikia.com/resource/Githany	=	1.0000
http://dbkwik.webdatacommons.org/starwars.wikia.com/resource/Republic_transport_shuttle	http://dbkwik.webdatacommons.org/swtor.wikia.com/resource/Republic_Transport_shuttle	=	1.0000
http://dbkwik.webdatacommons.org/starwars.wikia.com/resource/Triumph-class_fighter	http://dbkwik.webdatacommons.org/swtor.wikia.com/resource/Triumph-class_fighter	=	1.0000
http://dbkwik.webdatacommons.org/starwars.wikia.com/resource/Incorporation_Islands	http://dbkwik.webdatacommons.org/swtor.wikia.com/resource/Incorporation_Islands	=	1.0000
http://dbkwik.webdatacommons.org/starwars.wikia.com/resource/Terminus-class_destroyer	http://dbkwik.webdatacommons.org/swtor.wikia.com/resource/Terminus-class_destroyer	=	1.0000
http://starwars.wikia.com/wiki/Special:FilePath/Lhosan_Duster.png	http://swtor.wikia.com/wiki/Special:FilePath/Lhosan_duster.png	=	1.0000
http://dbkwik.webdatacommons.org/starwars.wikia.com/resource/Category:Togruta	http://dbkwik.webdatacommons.org/swtor.wikia.com/resource/Category:Togruta	=	1.0000
http://starwars.wikia.com/wiki/Special:FilePath/Holonet_icon_allegiances.png?width=300	http://swtor.wikia.com/wiki/Special:FilePath/Holonet_icon_allegiances.png?width=300	=	1.0000
http://dbkwik.webdatacommons.org/starwars.wikia.com/resource/Platoon	http://dbkwik.webdatacommons.org/swtor.wikia.com/resource/Platoon	=	1.0000
http://dbkwik.webdatacommons.org/starwars.wikia.com/resource/Apprentice	http://dbkwik.webdatacommons.org/swtor.wikia.com/property/apprentice	=	1.0000
http://starwars.wikia.com/wiki/Special:FilePath/Syo_Bakarn.jpg?width=300	http://swtor.wikia.com/wiki/Special:FilePath/Syo_Bakarn.jpg?width=300	=	1.0000
http://dbkwik.webdatacommons.org/starwars.wikia.com/resource/Jormin	http://dbkwik.webdatacommons.org/swtor.wikia.com/resource/Jormin	=	1.0000
http://starwars.wikia.com/wiki/Special:FilePath/Massassi.jpg	http://swtor.wikia.com/wiki/Special:FilePath/Massassi.jpg	=	1.0000
http://dbkwik.webdatacommons.org/starwars.wikia.com/resource/Devaron	http://dbkwik.webdatacommons.org/swtor.wikia.com/resource/Devaron	=	1.0000
http://dbkwik.webdatacommons.org/starwars.wikia.com/resource/Quatra	http://dbkwik.webdatacommons.org/swtor.wikia.com/resource/Quatra	=	1.0000
http://dbkwik.webdatacommons.org/starwars.wikia.com/resource/Sith	http://dbkwik.webdatacommons.org/swtor.wikia.com/property/sith	=	1.0000
http://starwars.wikia.com/wiki/Special:FilePath/Male_Sith_Warrior_and_Vette_kiss.jpg	http://swtor.wikia.com/wiki/Special:FilePath/Male_Sith_Warrior_and_Vette_kiss.jpg	=	1.0000
http://dbkwik.webdatacommons.org/starwars.wikia.com/resource/Csilla	http://dbkwik.webdatacommons.org/swtor.wikia.com/resource/Csilla	=	1.0000
http://dbkwik.webdatacommons.org/starwars.wikia.com/resource/Kiel_Charny	http://dbkwik.webdatacommons.org/swtor.wikia.com/resource/Kiel_Charny	=	1.0000
http://dbkwik.webdatacommons.org/starwars.wikia.com/resource/R-13_Rampage-X_blaster_pistol	http://dbkwik.webdatacommons.org/swtor.wikia.com/resource/R-13_Rampage-X_Blaster_Pistol	=	1.0000
http://dbkwik.webdatacommons.org/starwars.wikia.com/resource/Shanji-vru	http://dbkwik.webdatacommons.org/swtor.wikia.com/resource/Shanji-vru	=	1.0000
http://dbkwik.webdatacommons.org/starwars.wikia.com/resource/Zeerid_Korr	http://dbkwik.webdatacommons.org/swtor.wikia.com/resource/Zeerid_Korr	=	1.0000
http://dbkwik.webdatacommons.org/starwars.wikia.com/resource/Juvard_Illip_Oggurobb	http://dbkwik.webdatacommons.org/swtor.wikia.com/resource/Juvard_Illip_Oggurobb	=	1.0000
http://dbkwik.webdatacommons.org/starwars.wikia.com/resource/Elevator_basket	http://dbkwik.webdatacommons.org/swtor.wikia.com/resource/Elevator_basket	=	1.0000
http://dbkwik.webdatacommons.org/starwars.wikia.com/resource/Darth_Zhorrid	http://dbkwik.webdatacommons.org/swtor.wikia.com/resource/Darth_Zhorrid	=	1.0000
http://dbkwik.webdatacommons.org/starwars.wikia.com/resource/Outpost_Bolym	http://dbkwik.webdatacommons.org/swtor.wikia.com/resource/Outpost_Bolym	=	1.0000
http://starwars.wikia.com/wiki/Special:FilePath/Lhosan_Racer.png	http://swtor.wikia.com/wiki/Special:FilePath/Lhosan_Racer.png	=	1.0000
http://starwars.wikia.com/wiki/Special:FilePath/SithShuttle.jpg	http://swtor.wikia.com/wiki/Special:FilePath/Sith_shuttle.jpg	=	1.0000
http://dbkwik.webdatacommons.org/starwars.wikia.com/resource/Ruffian	http://dbkwik.webdatacommons.org/swtor.wikia.com/resource/Ruffian	=	1.0000
http://starwars.wikia.com/wiki/Special:FilePath/Malachor_V_Destroyed.jpg	http://swtor.wikia.com/wiki/Special:FilePath/Malachor_V_Destroyed-1-.jpg	=	0.9513
http://dbkwik.webdatacommons.org/starwars.wikia.com/resource/Orth_Quane	http://dbkwik.webdatacommons.org/swtor.wikia.com/resource/Orth_Quane	=	1.0000
http://dbkwik.webdatacommons.org/starwars.wikia.com/resource/Corragut	http://dbkwik.webdatacommons.org/swtor.wikia.com/resource/Corragut	=	1.0000
http://dbkwik.webdatacommons.org/starwars.wikia.com/resource/Tho%27natu	http://dbkwik.webdatacommons.org/swtor.wikia.com/resource/Tho%27natu	=	1.0000
http://dbkwik.webdatacommons.org/starwars.wikia.com/resource/Elysium	http://dbkwik.webdatacommons.org/swtor.wikia.com/resource/Elysium	=	1.0000
http://dbkwik.webdatacommons.org/starwars.wikia.com/resource/House_Alde	http://dbkwik.webdatacommons.org/swtor.wikia.com/resource/House_Alde	=	1.0000
http://dbkwik.webdatacommons.org/starwars.wikia.com/resource/Kaon	http://dbkwik.webdatacommons.org/swtor.wikia.com/resource/Kaon	=	1.0000
http://dbkwik.webdatacommons.org/starwars.wikia.com/resource/Gapillian_grazer	http://dbkwik.webdatacommons.org/swtor.wikia.com/resource/Gapillian_Grazer	=	1.0000
http://starwars.wikia.com/wiki/Special:FilePath/Trayusacademy.jpg?width=300	http://swtor.wikia.com/wiki/Special:FilePath/Trayusacademy.jpg?width=300	=	1.0000
http://dbkwik.webdatacommons.org/starwars.wikia.com/resource/Hammerhead_starship	http://dbkwik.webdatacommons.org/swtor.wikia.com/resource/Hammerhead_starship	=	1.0000
http://dbkwik.webdatacommons.org/starwars.wikia.com/resource/Old_Muckworks	http://dbkwik.webdatacommons.org/swtor.wikia.com/resource/Old_Muckworks	=	1.0000
http://dbkwik.webdatacommons.org/starwars.wikia.com/resource/Arca_Jeth	http://dbkwik.webdatacommons.org/swtor.wikia.com/resource/Arca_Jeth	=	1.0000
http://dbkwik.webdatacommons.org/starwars.wikia.com/resource/Darth_Igrol	http://dbkwik.webdatacommons.org/swtor.wikia.com/resource/Darth_Igrol	=	1.0000
http://starwars.wikia.com/wiki/Special:FilePath/Longspur_Scout.png	http://swtor.wikia.com/wiki/Special:FilePath/Longspur_Scout.png	=	1.0000
http://dbkwik.webdatacommons.org/starwars.wikia.com/resource/Kaal	http://dbkwik.webdatacommons.org/swtor.wikia.com/resource/Kaal	=	1.0000
http://starwars.wikia.com/wiki/Special:FilePath/Daksh.png?width=300	http://swtor.wikia.com/wiki/Special:FilePath/Daksh.png?width=300	=	1.0000
http://starwars.wikia.com/wiki/Special:FilePath/Ossus.jpg?width=300	http://swtor.wikia.com/wiki/Special:FilePath/Ossus.jpg?width=300	=	1.0000
http://starwars.wikia.com/wiki/Special:FilePath/SithShuttle.jpg?width=300	http://swtor.wikia.com/wiki/Special:FilePath/Sith_shuttle.jpg?width=300	=	1.0000
http://starwars.wikia.com/wiki/Special:FilePath/Nimi.png?width=300	http://swtor.wikia.com/wiki/Special:FilePath/Nimi.png?width=300	=	1.0000
http://dbkwik.webdatacommons.org/starwars.wikia.com/resource/Kelborn	http://dbkwik.webdatacommons.org/swtor.wikia.com/resource/Kelborn	=	1.0000
http://dbkwik.webdatacommons.org/starwars.wikia.com/resource/Calo_Nord	http://dbkwik.webdatacommons.org/swtor.wikia.com/resource/Calo_Nord	=	1.0000
http://dbkwik.webdatacommons.org/starwars.wikia.com/resource/Corellian_sector	http://dbkwik.webdatacommons.org/swtor.wikia.com/resource/Corellian_Sector	=	1.0000
http://starwars.wikia.com/wiki/Special:FilePath/Lord_Scourge.png?width=300	http://swtor.wikia.com/wiki/Special:FilePath/Lord_scourge.png?width=300	=	1.0000
http://dbkwik.webdatacommons.org/starwars.wikia.com/resource/Jerbhen_Hulis	http://dbkwik.webdatacommons.org/swtor.wikia.com/resource/Jerbhen_Hulis	=	1.0000
http://dbkwik.webdatacommons.org/starwars.wikia.com/resource/Sidonie_Garen	http://dbkwik.webdatacommons.org/swtor.wikia.com/resource/Sidonie_Garen	=	1.0000
http://dbkwik.webdatacommons.org/starwars.wikia.com/resource/Quesh_Venom_Refinery	http://dbkwik.webdatacommons.org/swtor.wikia.com/resource/Quesh_Venom_Refinery	=	1.0000
http://dbkwik.webdatacommons.org/starwars.wikia.com/resource/Kopecz	http://dbkwik.webdatacommons.org/swtor.wikia.com/resource/Kopecz	=	1.0000
http://dbkwik.webdatacommons.org/starwars.wikia.com/resource/Thana_Vesh	http://dbkwik.webdatacommons.org/swtor.wikia.com/resource/Thana_Vesh	=	1.0000
http://dbkwik.webdatacommons.org/starwars.wikia.com/resource/Narlock	http://dbkwik.webdatacommons.org/swtor.wikia.com/resource/Narlock	=	1.0000
http://dbkwik.webdatacommons.org/starwars.wikia.com/resource/Talz	http://dbkwik.webdatacommons.org/swtor.wikia.com/resource/Talz	=	1.0000
http://starwars.wikia.com/wiki/Special:FilePath/Bastila.jpg	http://swtor.wikia.com/wiki/Special:FilePath///images.wikia.com/starwars/images/9/90/Bastila.jpg	=	1.0000
http://dbkwik.webdatacommons.org/starwars.wikia.com/resource/Vol_Kolla	http://dbkwik.webdatacommons.org/swtor.wikia.com/resource/Vol_Kolla	=	1.0000
http://dbkwik.webdatacommons.org/starwars.wikia.com/resource/Deference	http://dbkwik.webdatacommons.org/swtor.wikia.com/resource/Deference	=	1.0000
http://dbkwik.webdatacommons.org/starwars.wikia.com/resource/Urdosh	http://dbkwik.webdatacommons.org/swtor.wikia.com/resource/Urdosh	=	1.0000
http://dbkwik.webdatacommons.org/starwars.wikia.com/resource/2V-R8	http://dbkwik.webdatacommons.org/swtor.wikia.com/resource/2V-R8	=	1.0000
http://dbkwik.webdatacommons.org/starwars.wikia.com/property/weapons	http://dbkwik.webdatacommons.org/swtor.wikia.com/property/weapons	=	1.0000
http://starwars.wikia.com/wiki/Special:FilePath/Imperial_IntelligenceHQ.jpg?width=300	http://swtor.wikia.com/wiki/Special:FilePath/Imperial_IntelligenceHQ.jpg?width=300	=	1.0000
http://dbkwik.webdatacommons.org/starwars.wikia.com/resource/Zale_Barrows	http://dbkwik.webdatacommons.org/swtor.wikia.com/resource/Zale_Barrows	=	1.0000
http://dbkwik.webdatacommons.org/starwars.wikia.com/resource/Deborah_Kara_Unger	http://dbkwik.webdatacommons.org/swtor.wikia.com/resource/Deborah_Kara_Unger	=	1.0000
http://dbkwik.webdatacommons.org/starwars.wikia.com/resource/Sons_of_Palawa	http://dbkwik.webdatacommons.org/swtor.wikia.com/resource/Sons_of_Palawa	=	1.0000
http://dbkwik.webdatacommons.org/starwars.wikia.com/resource/Nekghoul	http://dbkwik.webdatacommons.org/swtor.wikia.com/resource/Nekghoul	=	1.0000
http://dbkwik.webdatacommons.org/starwars.wikia.com/resource/Category:Copyright_templates	http://dbkwik.webdatacommons.org/swtor.wikia.com/resource/Category:Copyright_templates	=	1.0000
http://starwars.wikia.com/wiki/Special:FilePath/Brianna_Hawk.jpg?width=300	http://swtor.wikia.com/wiki/Special:FilePath/Brianna_Hawk.jpg?width=300	=	1.0000
http://starwars.wikia.com/wiki/Special:FilePath/Esseles.png	http://swtor.wikia.com/wiki/Special:FilePath/Esseles.png	=	1.0000
http://dbkwik.webdatacommons.org/starwars.wikia.com/resource/Gezda	http://dbkwik.webdatacommons.org/swtor.wikia.com/resource/Gezda	=	1.0000
http://dbkwik.webdatacommons.org/starwars.wikia.com/property/type	http://dbkwik.webdatacommons.org/swtor.wikia.com/property/type	=	1.0000
http://dbkwik.webdatacommons.org/starwars.wikia.com/resource/Unidentified_Cathar_Jedi_(Telekinesis)	http://dbkwik.webdatacommons.org/swtor.wikia.com/resource/Unidentified_Cathar_Jedi_(Telekinesis)	=	1.0000
http://dbkwik.webdatacommons.org/starwars.wikia.com/resource/House_Teral	http://dbkwik.webdatacommons.org/swtor.wikia.com/resource/House_Teral	=	1.0000
http://starwars.wikia.com/wiki/Special:FilePath/Gurian_Hammer.png	http://swtor.wikia.com/wiki/Special:FilePath/Gurian_hammer.png	=	1.0000
http://dbkwik.webdatacommons.org/starwars.wikia.com/resource/Telos	http://dbkwik.webdatacommons.org/swtor.wikia.com/resource/Telos	=	1.0000
http://dbkwik.webdatacommons.org/starwars.wikia.com/resource/Republic_Foundation_Museum	http://dbkwik.webdatacommons.org/swtor.wikia.com/resource/Republic_Foundation_Museum	=	1.0000
http://dbkwik.webdatacommons.org/starwars.wikia.com/resource/Bog_People	http://dbkwik.webdatacommons.org/swtor.wikia.com/resource/Bog_People	=	1.0000
http://dbkwik.webdatacommons.org/starwars.wikia.com/resource/Felix_Iresso	http://dbkwik.webdatacommons.org/swtor.wikia.com/resource/Felix_Iresso	=	1.0000
http://dbkwik.webdatacommons.org/starwars.wikia.com/resource/Club_Vertica_Casino	http://dbkwik.webdatacommons.org/swtor.wikia.com/resource/Club_Vertica_Casino	=	1.0000
http://dbkwik.webdatacommons.org/starwars.wikia.com/resource/Omen	http://dbkwik.webdatacommons.org/swtor.wikia.com/resource/Omen	=	1.0000
http://starwars.wikia.com/wiki/Special:FilePath/Clan_Sharatt.png	http://swtor.wikia.com/wiki/Special:FilePath/Clan_Sharatt.png	=	1.0000
http://dbkwik.webdatacommons.org/starwars.wikia.com/resource/Vannar_Treece	http://dbkwik.webdatacommons.org/swtor.wikia.com/resource/Vannar_Treece	=	1.0000
http://dbkwik.webdatacommons.org/starwars.wikia.com/resource/Valley_of_the_Jedi	http://dbkwik.webdatacommons.org/swtor.wikia.com/resource/Valley_of_the_Jedi	=	1.0000
http://starwars.wikia.com/wiki/Special:FilePath/Vector_Hyllus.png	http://swtor.wikia.com/wiki/Special:FilePath/Vector_Hyllus.png	=	1.0000
http://dbkwik.webdatacommons.org/starwars.wikia.com/resource/Unidentified_sentry	http://dbkwik.webdatacommons.org/swtor.wikia.com/resource/Unidentified_sentry	=	1.0000
http://dbkwik.webdatacommons.org/starwars.wikia.com/resource/Dorin	http://dbkwik.webdatacommons.org/swtor.wikia.com/resource/Dorin	=	1.0000
http://starwars.wikia.com/wiki/Special:FilePath/Farn.png	http://swtor.wikia.com/wiki/Special:FilePath/Farn.png	=	1.0000
http://dbkwik.webdatacommons.org/starwars.wikia.com/property/system	http://dbkwik.webdatacommons.org/swtor.wikia.com/property/system	=	1.0000
http://starwars.wikia.com/wiki/Special:FilePath/Sleigh_I.png?width=300	http://swtor.wikia.com/wiki/Special:FilePath/Sleigh_I.png?width=300	=	1.0000
http://dbkwik.webdatacommons.org/starwars.wikia.com/resource/Heron_Jorael	http://dbkwik.webdatacommons.org/swtor.wikia.com/resource/Heron_Jorael	=	1.0000
http://dbkwik.webdatacommons.org/starwars.wikia.com/resource/Shaela_Nuur	http://dbkwik.webdatacommons.org/swtor.wikia.com/resource/Shaela_Nuur	=	1.0000
http://dbkwik.webdatacommons.org/starwars.wikia.com/resource/Dalash_Ard	http://dbkwik.webdatacommons.org/swtor.wikia.com/resource/Dalash_Ard	=	1.0000
http://starwars.wikia.com/wiki/Special:FilePath/Sith_King_Adas.jpg	http://swtor.wikia.com/wiki/Special:FilePath/Sith_King_Adas.jpg	=	1.0000
http://dbkwik.webdatacommons.org/starwars.wikia.com/resource/The_Imprisoned_One	http://dbkwik.webdatacommons.org/swtor.wikia.com/resource/The_Imprisoned_One	=	1.0000
http://starwars.wikia.com/wiki/Special:FilePath/Czerka_Invader.png	http://swtor.wikia.com/wiki/Special:FilePath/Czerka_invader.png	=	1.0000
http://starwars.wikia.com/wiki/Special:FilePath/Tavus01.png?width=300	http://swtor.wikia.com/wiki/Special:FilePath/Tavus01.png?width=300	=	1.0000
http://dbkwik.webdatacommons.org/starwars.wikia.com/resource/Unidentified_Dark_Jedi_Master	http://dbkwik.webdatacommons.org/swtor.wikia.com/resource/Unidentified_Dark_Jedi_Master	=	1.0000
http://dbkwik.webdatacommons.org/starwars.wikia.com/resource/Cora_(Padawan)	http://dbkwik.webdatacommons.org/swtor.wikia.com/resource/Cora_(Padawan)	=	1.0000
http://dbkwik.webdatacommons.org/starwars.wikia.com/resource/Iodana	http://dbkwik.webdatacommons.org/swtor.wikia.com/resource/Iodana	=	1.0000
http://dbkwik.webdatacommons.org/starwars.wikia.com/resource/Champala	http://dbkwik.webdatacommons.org/swtor.wikia.com/resource/Champala	=	1.0000
http://dbkwik.webdatacommons.org/starwars.wikia.com/resource/Derrin_Weller	http://dbkwik.webdatacommons.org/swtor.wikia.com/resource/Derrin_Weller	=	1.0000
http://dbkwik.webdatacommons.org/starwars.wikia.com/resource/Clan_Ordo	http://dbkwik.webdatacommons.org/swtor.wikia.com/resource/Clan_Ordo	=	1.0000
http://dbkwik.webdatacommons.org/starwars.wikia.com/resource/SGS-S1_Condor	http://dbkwik.webdatacommons.org/swtor.wikia.com/resource/SGS-S1_Condor	=	1.0000
http://dbkwik.webdatacommons.org/starwars.wikia.com/resource/Xanthe_Elbrick	http://dbkwik.webdatacommons.org/swtor.wikia.com/resource/Xanthe_Elbrick	=	1.0000
http://dbkwik.webdatacommons.org/starwars.wikia.com/resource/Category:Eternal_Empire	http://dbkwik.webdatacommons.org/swtor.wikia.com/resource/Category:Eternal_Empire	=	1.0000
http://starwars.wikia.com/wiki/Special:FilePath/Elora1.jpg?width=300	http://swtor.wikia.com/wiki/Special:FilePath/Elora1.jpg?width=300	=	1.0000
http://starwars.wikia.com/wiki/Special:FilePath/FT-3C_Imperium.png?width=300	http://swtor.wikia.com/wiki/Special:FilePath/FT-3C_Imperium.png?width=300	=	1.0000
http://starwars.wikia.com/wiki/Special:FilePath/TrayusCore.jpg?width=300	http://swtor.wikia.com/wiki/Special:FilePath/TrayusCore.jpg?width=300	=	1.0000
http://dbkwik.webdatacommons.org/starwars.wikia.com/resource/Unidentified_Sith_(Eliad)	http://dbkwik.webdatacommons.org/swtor.wikia.com/resource/Unidentified_Sith_(Eliad)	=	1.0000
http://dbkwik.webdatacommons.org/starwars.wikia.com/resource/Unidentified_Dark_Jedi_(Capture_of_Revan)	http://dbkwik.webdatacommons.org/swtor.wikia.com/resource/Unidentified_Dark_Jedi_(Capture_of_Revan)	=	1.0000
http://dbkwik.webdatacommons.org/starwars.wikia.com/resource/Lokir-Ka	http://dbkwik.webdatacommons.org/swtor.wikia.com/resource/Lokir-Ka	=	1.0000
http://dbkwik.webdatacommons.org/starwars.wikia.com/resource/Eton_Vok	http://dbkwik.webdatacommons.org/swtor.wikia.com/resource/Eton_Vok	=	1.0000
http://dbkwik.webdatacommons.org/starwars.wikia.com/resource/Category:Smugglers	http://dbkwik.webdatacommons.org/swtor.wikia.com/resource/Category:Smugglers	=	1.0000
http://dbkwik.webdatacommons.org/starwars.wikia.com/resource/Shayoto%27s_master%27s_master	http://dbkwik.webdatacommons.org/swtor.wikia.com/resource/Shayoto%27s_master%27s_master	=	1.0000
http://dbkwik.webdatacommons.org/starwars.wikia.com/class/location	http://dbkwik.webdatacommons.org/swtor.wikia.com/class/location	=	1.0000
http://dbkwik.webdatacommons.org/starwars.wikia.com/resource/Davik_Kang	http://dbkwik.webdatacommons.org/swtor.wikia.com/resource/Davik_Kang	=	1.0000
http://dbkwik.webdatacommons.org/starwars.wikia.com/resource/Lehon	http://dbkwik.webdatacommons.org/swtor.wikia.com/resource/Lehon	=	1.0000
http://dbkwik.webdatacommons.org/starwars.wikia.com/property/forces	http://dbkwik.webdatacommons.org/swtor.wikia.com/property/forces	=	1.0000
http://dbkwik.webdatacommons.org/starwars.wikia.com/resource/Lucasfilm_Ltd.	http://dbkwik.webdatacommons.org/swtor.wikia.com/resource/Lucasfilm_Ltd.	=	1.0000
http://dbkwik.webdatacommons.org/starwars.wikia.com/resource/Dustil_Onasi	http://dbkwik.webdatacommons.org/swtor.wikia.com/resource/Dustil_Onasi	=	1.0000
http://dbkwik.webdatacommons.org/starwars.wikia.com/resource/Force_drain	http://dbkwik.webdatacommons.org/swtor.wikia.com/resource/Force_drain	=	1.0000
http://dbkwik.webdatacommons.org/starwars.wikia.com/resource/Sphere_of_Biotic_Science	http://dbkwik.webdatacommons.org/swtor.wikia.com/resource/Sphere_of_Biotic_Science	=	1.0000
http://starwars.wikia.com/wiki/Special:FilePath/Brukarra.png?width=300	http://swtor.wikia.com/wiki/Special:FilePath/Brukarra.png?width=300	=	1.0000
http://dbkwik.webdatacommons.org/starwars.wikia.com/resource/Shredder	http://dbkwik.webdatacommons.org/swtor.wikia.com/resource/Shredder	=	1.0000
http://dbkwik.webdatacommons.org/starwars.wikia.com/resource/Torr_Snapit	http://dbkwik.webdatacommons.org/swtor.wikia.com/resource/Torr_Snapit	=	1.0000
http://dbkwik.webdatacommons.org/starwars.wikia.com/resource/Larin_Moxla	http://dbkwik.webdatacommons.org/swtor.wikia.com/resource/Larin_Moxla	=	1.0000
http://dbkwik.webdatacommons.org/starwars.wikia.com/resource/Flimsiplast	http://dbkwik.webdatacommons.org/swtor.wikia.com/resource/Flimsiplast	=	1.0000
http://dbkwik.webdatacommons.org/starwars.wikia.com/resource/Cal-class_battleship	http://dbkwik.webdatacommons.org/swtor.wikia.com/resource/Cal-class_battleship	=	1.0000
http://dbkwik.webdatacommons.org/starwars.wikia.com/resource/Jedi_Enclave	http://dbkwik.webdatacommons.org/swtor.wikia.com/resource/Jedi_Enclave	=	1.0000
http://dbkwik.webdatacommons.org/starwars.wikia.com/resource/Farvin	http://dbkwik.webdatacommons.org/swtor.wikia.com/resource/Farvin	=	1.0000
http://dbkwik.webdatacommons.org/starwars.wikia.com/resource/Wanderer-class_transport	http://dbkwik.webdatacommons.org/swtor.wikia.com/resource/Wanderer-class_transport	=	1.0000
http://dbkwik.webdatacommons.org/starwars.wikia.com/resource/Gage-class_transport	http://dbkwik.webdatacommons.org/swtor.wikia.com/resource/Gage-class_transport	=	1.0000
http://dbkwik.webdatacommons.org/starwars.wikia.com/resource/Balmorran_Arms_Factory	http://dbkwik.webdatacommons.org/swtor.wikia.com/resource/Balmorran_Arms_Factory	=	1.0000
http://dbkwik.webdatacommons.org/starwars.wikia.com/resource/Infernal_Council	http://dbkwik.webdatacommons.org/swtor.wikia.com/resource/Infernal_Council	=	1.0000
http://starwars.wikia.com/wiki/Special:FilePath/Lhosan_Stinger.png?width=300	http://swtor.wikia.com/wiki/Special:FilePath/Lhosan_Stinger.png?width=300	=	1.0000
http://starwars.wikia.com/wiki/Special:FilePath/Grand_Moff_Kilran.jpg	http://swtor.wikia.com/wiki/Special:FilePath/Grand_Moff_Kilran.jpg	=	1.0000
http://starwars.wikia.com/wiki/Special:FilePath/Senya_Tirall.png	http://swtor.wikia.com/wiki/Special:FilePath/Senya_Tirall.png	=	1.0000
http://dbkwik.webdatacommons.org/starwars.wikia.com/resource/K%27lor%27slug	http://dbkwik.webdatacommons.org/swtor.wikia.com/resource/K%27lor%27slug	=	1.0000
http://dbkwik.webdatacommons.org/starwars.wikia.com/resource/Khun_Tazith	http://dbkwik.webdatacommons.org/swtor.wikia.com/resource/Khun_Tazith	=	1.0000
http://starwars.wikia.com/wiki/Special:FilePath/Zenith.png	http://swtor.wikia.com/wiki/Special:FilePath/Zenith.png	=	1.0000
http://dbkwik.webdatacommons.org/starwars.wikia.com/resource/Senya_Tirall	http://dbkwik.webdatacommons.org/swtor.wikia.com/resource/Senya_Tirall	=	1.0000
http://dbkwik.webdatacommons.org/starwars.wikia.com/resource/Malora	http://dbkwik.webdatacommons.org/swtor.wikia.com/resource/Malora	=	1.0000
http://starwars.wikia.com/wiki/Special:FilePath/Revan_saber.jpg?width=300	http://swtor.wikia.com/wiki/Special:FilePath/Revan_saber.jpg?width=300	=	1.0000
http://starwars.wikia.com/wiki/Special:FilePath/Swtor_deceived_cover.jpg?width=300	http://swtor.wikia.com/wiki/Special:FilePath/Swtor_deceived_cover.jpg?width=300	=	1.0000
http://dbkwik.webdatacommons.org/starwars.wikia.com/resource/Sedni_Maruk	http://dbkwik.webdatacommons.org/swtor.wikia.com/resource/Sedni_Maruk	=	1.0000
http://dbkwik.webdatacommons.org/starwars.wikia.com/resource/Force_Wars	http://dbkwik.webdatacommons.org/swtor.wikia.com/resource/Force_Wars	=	1.0000
http://starwars.wikia.com/wiki/Special:FilePath/Ambria%27s_Fury.png?width=300	http://swtor.wikia.com/wiki/Special:FilePath/Ambria%27s_Fury.png?width=300	=	1.0000
http://dbkwik.webdatacommons.org/starwars.wikia.com/resource/Halbret	http://dbkwik.webdatacommons.org/swtor.wikia.com/resource/Halbret	=	1.0000
http://dbkwik.webdatacommons.org/starwars.wikia.com/resource/Battle_meditation	http://dbkwik.webdatacommons.org/swtor.wikia.com/resource/Battle_meditation	=	1.0000
http://dbkwik.webdatacommons.org/starwars.wikia.com/resource/Mola_Haxtor	http://dbkwik.webdatacommons.org/swtor.wikia.com/resource/Mola_Haxtor	=	1.0000
http://dbkwik.webdatacommons.org/starwars.wikia.com/resource/Houk	http://dbkwik.webdatacommons.org/swtor.wikia.com/resource/Houk	=	1.0000
http://dbkwik.webdatacommons.org/starwars.wikia.com/resource/Jennings	http://dbkwik.webdatacommons.org/swtor.wikia.com/resource/Jennings	=	1.0000
http://dbkwik.webdatacommons.org/starwars.wikia.com/resource/Taunt	http://dbkwik.webdatacommons.org/swtor.wikia.com/resource/Taunt	=	1.0000
http://dbkwik.webdatacommons.org/starwars.wikia.com/resource/Jedi_Purge	http://dbkwik.webdatacommons.org/swtor.wikia.com/resource/Jedi_Purge	=	1.0000
http://dbkwik.webdatacommons.org/starwars.wikia.com/resource/Timeline_5:_The_Battle_of_Bothawui	http://dbkwik.webdatacommons.org/swtor.wikia.com/resource/Timeline_5:_The_Battle_of_Bothawui	=	1.0000
http://dbkwik.webdatacommons.org/starwars.wikia.com/resource/Xamar	http://dbkwik.webdatacommons.org/swtor.wikia.com/resource/Xamar	=	1.0000
http://dbkwik.webdatacommons.org/starwars.wikia.com/resource/Oren_Ward	http://dbkwik.webdatacommons.org/swtor.wikia.com/resource/Oren_Ward	=	1.0000
http://starwars.wikia.com/wiki/Special:FilePath/Bastilasstriketeamfacesrevan.jpg	http://swtor.wikia.com/wiki/Special:FilePath/Bastilasstriketeamfacesrevan.jpg	=	1.0000
http://starwars.wikia.com/wiki/Special:FilePath/Ferroh.jpg?width=300	http://swtor.wikia.com/wiki/Special:FilePath/Ferroh.jpg?width=300	=	1.0000
http://dbkwik.webdatacommons.org/starwars.wikia.com/resource/Treaty_of_Coruscant	http://dbkwik.webdatacommons.org/swtor.wikia.com/resource/Treaty_of_Coruscant	=	1.0000
http://dbkwik.webdatacommons.org/starwars.wikia.com/resource/Azura_Skye	http://dbkwik.webdatacommons.org/swtor.wikia.com/resource/Azura_Skye	=	1.0000
http://dbkwik.webdatacommons.org/starwars.wikia.com/resource/Chem-Basin_Mine	http://dbkwik.webdatacommons.org/swtor.wikia.com/resource/Chem-Basin_Mine	=	1.0000
http://dbkwik.webdatacommons.org/starwars.wikia.com/resource/D5-Mantis_Patrol_Craft	http://dbkwik.webdatacommons.org/swtor.wikia.com/resource/D5-Mantis_patrol_craft	=	1.0000
http://dbkwik.webdatacommons.org/starwars.wikia.com/resource/Acaadi	http://dbkwik.webdatacommons.org/swtor.wikia.com/resource/Acaadi	=	1.0000
http://dbkwik.webdatacommons.org/starwars.wikia.com/resource/Seviss_Vaa	http://dbkwik.webdatacommons.org/swtor.wikia.com/resource/Seviss_Vaa	=	1.0000
http://dbkwik.webdatacommons.org/starwars.wikia.com/resource/Sith_battle_suit	http://dbkwik.webdatacommons.org/swtor.wikia.com/resource/Sith_Battle_Suit	=	1.0000
http://dbkwik.webdatacommons.org/starwars.wikia.com/resource/Progenitor	http://dbkwik.webdatacommons.org/swtor.wikia.com/resource/Progenitor	=	1.0000
http://dbkwik.webdatacommons.org/starwars.wikia.com/resource/Alif	http://dbkwik.webdatacommons.org/swtor.wikia.com/resource/Alif	=	1.0000
http://dbkwik.webdatacommons.org/starwars.wikia.com/resource/Cholganna	http://dbkwik.webdatacommons.org/swtor.wikia.com/resource/Cholganna	=	1.0000
http://dbkwik.webdatacommons.org/starwars.wikia.com/resource/Cada_Bliss	http://dbkwik.webdatacommons.org/swtor.wikia.com/resource/Cada_Bliss	=	1.0000
http://dbkwik.webdatacommons.org/starwars.wikia.com/resource/Sonam-Ha%27ar	http://dbkwik.webdatacommons.org/swtor.wikia.com/resource/Sonam-Ha%27ar	=	1.0000
http://dbkwik.webdatacommons.org/starwars.wikia.com/resource/Imperial_soldier	http://dbkwik.webdatacommons.org/swtor.wikia.com/resource/Imperial_soldier	=	1.0000
http://starwars.wikia.com/wiki/Special:FilePath/Servant_One.png?width=300	http://swtor.wikia.com/wiki/Special:FilePath/Servant_One.png?width=300	=	1.0000
http://dbkwik.webdatacommons.org/starwars.wikia.com/resource/Imperial_assault_shuttle	http://dbkwik.webdatacommons.org/swtor.wikia.com/resource/Imperial_Assault_shuttle	=	1.0000
http://starwars.wikia.com/wiki/Special:FilePath/2ndBattleofKorribanHW.jpg	http://swtor.wikia.com/wiki/Special:FilePath/2ndBattleofKorribanHW.jpg	=	1.0000
http://starwars.wikia.com/wiki/Special:FilePath/TheEbonHawkDockingWithTheJediEnclave.jpg	http://swtor.wikia.com/wiki/Special:FilePath/TheEbonHawkDockingWithTheJediEnclave.jpg	=	1.0000
http://dbkwik.webdatacommons.org/starwars.wikia.com/resource/Blastfield_Shipyards	http://dbkwik.webdatacommons.org/swtor.wikia.com/resource/Blastfield_Shipyards	=	1.0000
http://dbkwik.webdatacommons.org/starwars.wikia.com/resource/Camp_Conquest	http://dbkwik.webdatacommons.org/swtor.wikia.com/resource/Camp_Conquest	=	1.0000
http://dbkwik.webdatacommons.org/starwars.wikia.com/resource/Tassaa_Bareesh	http://dbkwik.webdatacommons.org/swtor.wikia.com/resource/Tassaa_Bareesh	=	1.0000
http://starwars.wikia.com/wiki/Special:FilePath/Senya_Tirall.png?width=300	http://swtor.wikia.com/wiki/Special:FilePath/Senya_Tirall.png?width=300	=	1.0000
http://starwars.wikia.com/wiki/Special:FilePath/Dewback.png?width=300	http://swtor.wikia.com/wiki/Special:FilePath/Dewback.png?width=300	=	1.0000
http://dbkwik.webdatacommons.org/starwars.wikia.com/resource/Unidentified_Human_Jedi_(First_Jedi_Purge)	http://dbkwik.webdatacommons.org/swtor.wikia.com/resource/Unidentified_Human_Jedi_(First_Jedi_Purge)	=	1.0000
http://dbkwik.webdatacommons.org/starwars.wikia.com/resource/Deth_Kregg	http://dbkwik.webdatacommons.org/swtor.wikia.com/resource/Deth_Kregg	=	1.0000
http://dbkwik.webdatacommons.org/starwars.wikia.com/resource/Sky_Princess	http://dbkwik.webdatacommons.org/swtor.wikia.com/resource/Sky_Princess	=	1.0000
http://dbkwik.webdatacommons.org/starwars.wikia.com/resource/Ashy	http://dbkwik.webdatacommons.org/swtor.wikia.com/resource/Ashy	=	1.0000
http://dbkwik.webdatacommons.org/starwars.wikia.com/resource/Rodian	http://dbkwik.webdatacommons.org/swtor.wikia.com/resource/Rodian	=	1.0000
http://starwars.wikia.com/wiki/Special:FilePath/Baras.png	http://swtor.wikia.com/wiki/Special:FilePath/Baras.png	=	1.0000
http://dbkwik.webdatacommons.org/starwars.wikia.com/resource/Telos_IV	http://dbkwik.webdatacommons.org/swtor.wikia.com/resource/Telos_IV	=	1.0000
http://starwars.wikia.com/wiki/Special:FilePath/ThoughtBomb.jpg?width=300	http://swtor.wikia.com/wiki/Special:FilePath/Thought_Bomb.jpg?width=300	=	1.0000
http://starwars.wikia.com/wiki/Special:FilePath/Unkwld_space.jpg	http://swtor.wikia.com/wiki/Special:FilePath/Unkwld_space.jpg	=	1.0000
http://dbkwik.webdatacommons.org/starwars.wikia.com/resource/The_Force	http://dbkwik.webdatacommons.org/swtor.wikia.com/resource/The_Force	=	1.0000
http://dbkwik.webdatacommons.org/starwars.wikia.com/resource/Network_Access	http://dbkwik.webdatacommons.org/swtor.wikia.com/resource/Network_Access	=	1.0000
http://dbkwik.webdatacommons.org/starwars.wikia.com/resource/Tower_of_First_Knowledge	http://dbkwik.webdatacommons.org/swtor.wikia.com/resource/Tower_of_First_Knowledge	=	1.0000
http://dbkwik.webdatacommons.org/starwars.wikia.com/resource/Category:Pages_with_broken_file_links	http://dbkwik.webdatacommons.org/swtor.wikia.com/resource/Category:Pages_with_broken_file_links	=	1.0000
http://dbkwik.webdatacommons.org/starwars.wikia.com/resource/David_Hayter	http://dbkwik.webdatacommons.org/swtor.wikia.com/resource/David_Hayter	=	1.0000
http://starwars.wikia.com/wiki/Special:FilePath/BT-7_Thunderclap.png?width=300	http://swtor.wikia.com/wiki/Special:FilePath/BT-7_Thunderclap.png?width=300	=	1.0000
http://dbkwik.webdatacommons.org/starwars.wikia.com/resource/Orus	http://dbkwik.webdatacommons.org/swtor.wikia.com/resource/Orus	=	1.0000
http://dbkwik.webdatacommons.org/starwars.wikia.com/resource/Taris	http://dbkwik.webdatacommons.org/swtor.wikia.com/resource/Taris	=	1.0000
http://starwars.wikia.com/wiki/Special:FilePath/JenniferHale.jpg?width=300	http://swtor.wikia.com/wiki/Special:FilePath/Jennifer-hale.jpg?width=300	=	1.0000
http://dbkwik.webdatacommons.org/starwars.wikia.com/resource/Leyta	http://dbkwik.webdatacommons.org/swtor.wikia.com/resource/Leyta	=	1.0000
http://dbkwik.webdatacommons.org/starwars.wikia.com/resource/Zenith	http://dbkwik.webdatacommons.org/swtor.wikia.com/resource/Zenith	=	1.0000
http://dbkwik.webdatacommons.org/starwars.wikia.com/resource/Sewlor	http://dbkwik.webdatacommons.org/swtor.wikia.com/resource/Sewlor	=	1.0000
http://dbkwik.webdatacommons.org/starwars.wikia.com/resource/Eldo	http://dbkwik.webdatacommons.org/swtor.wikia.com/resource/Eldo	=	1.0000
http://starwars.wikia.com/wiki/Special:FilePath/Leviathan.jpg?width=300	http://swtor.wikia.com/wiki/Special:FilePath/Leviathan.jpg?width=300	=	1.0000
http://dbkwik.webdatacommons.org/starwars.wikia.com/resource/Category:Treaties	http://dbkwik.webdatacommons.org/swtor.wikia.com/resource/Category:Treaties	=	1.0000
http://dbkwik.webdatacommons.org/starwars.wikia.com/resource/Delaya-class_courier	http://dbkwik.webdatacommons.org/swtor.wikia.com/resource/Delaya-class_courier	=	1.0000
http://dbkwik.webdatacommons.org/starwars.wikia.com/property/strength	http://dbkwik.webdatacommons.org/swtor.wikia.com/property/strength	=	1.0000
http://dbkwik.webdatacommons.org/starwars.wikia.com/resource/Matare_(Human)	http://dbkwik.webdatacommons.org/swtor.wikia.com/resource/Matare_(Human)	=	1.0000
http://dbkwik.webdatacommons.org/starwars.wikia.com/resource/X2-C3_Imperial_astromech	http://dbkwik.webdatacommons.org/swtor.wikia.com/resource/X2-C3_Imperial_astromech	=	1.0000
http://dbkwik.webdatacommons.org/starwars.wikia.com/resource/Groj	http://dbkwik.webdatacommons.org/swtor.wikia.com/resource/Groj	=	1.0000
http://dbkwik.webdatacommons.org/starwars.wikia.com/resource/Warhammer	http://dbkwik.webdatacommons.org/swtor.wikia.com/resource/Warhammer	=	1.0000
http://dbkwik.webdatacommons.org/starwars.wikia.com/resource/Branger	http://dbkwik.webdatacommons.org/swtor.wikia.com/resource/Branger	=	1.0000
http://dbkwik.webdatacommons.org/starwars.wikia.com/resource/Troida_Military_Workshop	http://dbkwik.webdatacommons.org/swtor.wikia.com/resource/Troida_Military_Workshop	=	1.0000
http://starwars.wikia.com/wiki/Special:FilePath/Lhosan_Racer.png?width=300	http://swtor.wikia.com/wiki/Special:FilePath/Lhosan_Racer.png?width=300	=	1.0000
http://starwars.wikia.com/wiki/Special:FilePath/HandwrittenAurebesh-GBCC.jpg	http://swtor.wikia.com/wiki/Special:FilePath/HandwrittenAurebesh-GBCC.jpg	=	1.0000
http://dbkwik.webdatacommons.org/starwars.wikia.com/class/reflist	http://dbkwik.webdatacommons.org/swtor.wikia.com/class/reflist	=	1.0000
http://starwars.wikia.com/wiki/Special:FilePath/Mandalorian_Blockade.jpg	http://swtor.wikia.com/wiki/Special:FilePath/Mandalorian_Blockade.jpg	=	1.0000
http://dbkwik.webdatacommons.org/starwars.wikia.com/resource/Dorak	http://dbkwik.webdatacommons.org/swtor.wikia.com/resource/Dorak	=	1.0000
http://starwars.wikia.com/wiki/Special:FilePath/Kira_Carsen.png	http://swtor.wikia.com/wiki/Special:FilePath/Kira_Carsen.png	=	1.0000
http://dbkwik.webdatacommons.org/starwars.wikia.com/resource/Tasiele_Shan	http://dbkwik.webdatacommons.org/swtor.wikia.com/resource/Tasiele_Shan	=	1.0000
http://dbkwik.webdatacommons.org/starwars.wikia.com/resource/Yuleph_Phan	http://dbkwik.webdatacommons.org/swtor.wikia.com/resource/Yuleph_Phan	=	1.0000
http://dbkwik.webdatacommons.org/starwars.wikia.com/resource/Kaleesh	http://dbkwik.webdatacommons.org/swtor.wikia.com/resource/Kaleesh	=	1.0000
http://dbkwik.webdatacommons.org/starwars.wikia.com/resource/Rachael_Leigh_Cook	http://dbkwik.webdatacommons.org/swtor.wikia.com/resource/Rachael_Leigh_Cook	=	1.0000
http://dbkwik.webdatacommons.org/starwars.wikia.com/resource/Akk_dog	http://dbkwik.webdatacommons.org/swtor.wikia.com/resource/Akk_Dog	=	1.0000
http://dbkwik.webdatacommons.org/starwars.wikia.com/resource/Category:Imperial_agents	http://dbkwik.webdatacommons.org/swtor.wikia.com/resource/Category:Imperial_Agents	=	1.0000
http://dbkwik.webdatacommons.org/starwars.wikia.com/resource/Network_Security_District	http://dbkwik.webdatacommons.org/swtor.wikia.com/resource/Network_Security_District	=	1.0000
http://dbkwik.webdatacommons.org/starwars.wikia.com/resource/Zellos	http://dbkwik.webdatacommons.org/swtor.wikia.com/resource/Zellos	=	1.0000
http://dbkwik.webdatacommons.org/starwars.wikia.com/resource/Forris	http://dbkwik.webdatacommons.org/swtor.wikia.com/resource/Forris	=	1.0000
http://dbkwik.webdatacommons.org/starwars.wikia.com/resource/Category:Imperial_Military	http://dbkwik.webdatacommons.org/swtor.wikia.com/resource/Category:Imperial_Military	=	1.0000
http://dbkwik.webdatacommons.org/starwars.wikia.com/resource/Isric	http://dbkwik.webdatacommons.org/swtor.wikia.com/resource/Isric	=	1.0000
http://starwars.wikia.com/wiki/Special:FilePath/Aratech_Eclipse.png	http://swtor.wikia.com/wiki/Special:FilePath/Aratech_Eclipse.png	=	1.0000
http://dbkwik.webdatacommons.org/starwars.wikia.com/resource/Jheeg	http://dbkwik.webdatacommons.org/swtor.wikia.com/resource/Jheeg	=	1.0000
http://starwars.wikia.com/wiki/Special:FilePath/Otrol.png	http://swtor.wikia.com/wiki/Special:FilePath/Otrol.png	=	1.0000
http://dbkwik.webdatacommons.org/starwars.wikia.com/resource/Jedi_historian	http://dbkwik.webdatacommons.org/swtor.wikia.com/resource/Jedi_historian	=	1.0000
http://dbkwik.webdatacommons.org/starwars.wikia.com/resource/Travin	http://dbkwik.webdatacommons.org/swtor.wikia.com/resource/Travin	=	1.0000
http://dbkwik.webdatacommons.org/starwars.wikia.com/class/weapon	http://dbkwik.webdatacommons.org/swtor.wikia.com/class/weapon	=	1.0000
http://dbkwik.webdatacommons.org/starwars.wikia.com/resource/Jace_Malcom	http://dbkwik.webdatacommons.org/swtor.wikia.com/resource/Jace_Malcom	=	1.0000
http://dbkwik.webdatacommons.org/starwars.wikia.com/resource/Core_Worlds	http://dbkwik.webdatacommons.org/swtor.wikia.com/resource/Core_Worlds	=	1.0000
http://dbkwik.webdatacommons.org/starwars.wikia.com/resource/Zakuul	http://dbkwik.webdatacommons.org/swtor.wikia.com/resource/Zakuul	=	1.0000
http://dbkwik.webdatacommons.org/starwars.wikia.com/resource/Najus	http://dbkwik.webdatacommons.org/swtor.wikia.com/resource/Najus	=	1.0000
http://starwars.wikia.com/wiki/Special:FilePath/Thought_bomb.jpg	http://swtor.wikia.com/wiki/Special:FilePath/Thought_Bomb.jpg	=	1.0000
http://dbkwik.webdatacommons.org/starwars.wikia.com/resource/Cay_Qel-Droma	http://dbkwik.webdatacommons.org/swtor.wikia.com/resource/Cay_Qel-Droma	=	1.0000
http://starwars.wikia.com/wiki/Special:FilePath/Longspur_Recon.png?width=300	http://swtor.wikia.com/wiki/Special:FilePath/Longspur_Recon.png?width=300	=	1.0000
http://dbkwik.webdatacommons.org/starwars.wikia.com/resource/Category:Jedi_Consulars	http://dbkwik.webdatacommons.org/swtor.wikia.com/resource/Category:Jedi_Consulars	=	1.0000
http://starwars.wikia.com/wiki/Special:FilePath/BT-7_Thunderclap.png	http://swtor.wikia.com/wiki/Special:FilePath/BT-7_Thunderclap.png	=	1.0000
http://starwars.wikia.com/wiki/Special:FilePath/Carth.jpg?width=300	http://swtor.wikia.com/wiki/Special:FilePath/Carth.jpg?width=300	=	1.0000
http://dbkwik.webdatacommons.org/starwars.wikia.com/resource/KT-400_military_droid_carrier	http://dbkwik.webdatacommons.org/swtor.wikia.com/resource/KT-400_Military_droid_carrier	=	1.0000
http://starwars.wikia.com/wiki/Special:FilePath/Cayqeldroma.jpg?width=300	http://swtor.wikia.com/wiki/Special:FilePath/Cayqeldroma.jpg?width=300	=	1.0000
http://dbkwik.webdatacommons.org/starwars.wikia.com/resource/Force_choke	http://dbkwik.webdatacommons.org/swtor.wikia.com/resource/Force_Choke	=	1.0000
http://dbkwik.webdatacommons.org/starwars.wikia.com/resource/Giffis_Fane	http://dbkwik.webdatacommons.org/swtor.wikia.com/resource/Giffis_Fane	=	1.0000
http://dbkwik.webdatacommons.org/starwars.wikia.com/resource/Savrip_Island	http://dbkwik.webdatacommons.org/swtor.wikia.com/resource/Savrip_Island	=	1.0000
http://dbkwik.webdatacommons.org/starwars.wikia.com/resource/Vigilant	http://dbkwik.webdatacommons.org/swtor.wikia.com/resource/Vigilant	=	1.0000
http://dbkwik.webdatacommons.org/starwars.wikia.com/resource/Atris	http://dbkwik.webdatacommons.org/swtor.wikia.com/resource/Atris	=	1.0000
http://dbkwik.webdatacommons.org/starwars.wikia.com/resource/Jeremay_Sann%27tiago	http://dbkwik.webdatacommons.org/swtor.wikia.com/resource/Jeremay_Sann%27tiago	=	1.0000
http://dbkwik.webdatacommons.org/starwars.wikia.com/resource/Mandalorian_enclave	http://dbkwik.webdatacommons.org/swtor.wikia.com/resource/Mandalorian_Enclave	=	1.0000
http://dbkwik.webdatacommons.org/starwars.wikia.com/resource/Mandalorian_dungeon_ship	http://dbkwik.webdatacommons.org/swtor.wikia.com/resource/Mandalorian_Dungeon_ship	=	1.0000
http://dbkwik.webdatacommons.org/starwars.wikia.com/resource/Wettle	http://dbkwik.webdatacommons.org/swtor.wikia.com/resource/Wettle	=	1.0000
http://dbkwik.webdatacommons.org/starwars.wikia.com/resource/Gorwooken	http://dbkwik.webdatacommons.org/swtor.wikia.com/resource/Gorwooken	=	1.0000
http://starwars.wikia.com/wiki/Special:FilePath/Revanmemory.jpg	http://swtor.wikia.com/wiki/Special:FilePath/Revanmemory.jpg	=	1.0000
http://dbkwik.webdatacommons.org/starwars.wikia.com/resource/Unidentified_Padawan_(Great_Galactic_War)	http://dbkwik.webdatacommons.org/swtor.wikia.com/resource/Unidentified_Padawan_(Great_Galactic_War)	=	1.0000
http://starwars.wikia.com/wiki/Special:FilePath/Tarro_Blood.png?width=300	http://swtor.wikia.com/wiki/Special:FilePath/Tarro_Blood.png?width=300	=	1.0000
http://starwars.wikia.com/wiki/Special:FilePath/Brentaal.jpg	http://swtor.wikia.com/wiki/Special:FilePath/Brentaal.jpg	=	1.0000
http://dbkwik.webdatacommons.org/starwars.wikia.com/resource/Dromund_Kaas	http://dbkwik.webdatacommons.org/swtor.wikia.com/resource/Dromund_Kaas	=	1.0000
http://dbkwik.webdatacommons.org/starwars.wikia.com/resource/Darth_Zannah	http://dbkwik.webdatacommons.org/swtor.wikia.com/resource/Darth_Zannah	=	1.0000
http://dbkwik.webdatacommons.org/starwars.wikia.com/resource/Gault_Rennow	http://dbkwik.webdatacommons.org/swtor.wikia.com/resource/Gault_Rennow	=	1.0000
http://starwars.wikia.com/wiki/Special:FilePath/Emperor%27s_Hand.png?width=300	http://swtor.wikia.com/wiki/Special:FilePath/Emperor%27s_Hand.png?width=300	=	1.0000
http://dbkwik.webdatacommons.org/starwars.wikia.com/resource/Vodal_Kressh	http://dbkwik.webdatacommons.org/swtor.wikia.com/resource/Vodal_Kressh	=	1.0000
http://starwars.wikia.com/wiki/Special:FilePath/Khem_Val.png?width=300	http://swtor.wikia.com/wiki/Special:FilePath/Khem_val.png?width=300	=	1.0000
http://starwars.wikia.com/wiki/Special:FilePath/Adraas_HS.jpg?width=300	http://swtor.wikia.com/wiki/Special:FilePath/Adraas_HS.jpg?width=300	=	1.0000
http://starwars.wikia.com/wiki/Special:FilePath/Ossus.jpg	http://swtor.wikia.com/wiki/Special:FilePath/Ossus.jpg	=	1.0000
http://dbkwik.webdatacommons.org/starwars.wikia.com/resource/Relnex	http://dbkwik.webdatacommons.org/swtor.wikia.com/resource/Relnex	=	1.0000
http://dbkwik.webdatacommons.org/starwars.wikia.com/resource/Liberator-class_starfighter	http://dbkwik.webdatacommons.org/swtor.wikia.com/resource/Liberator-class_starfighter	=	1.0000
http://dbkwik.webdatacommons.org/starwars.wikia.com/resource/Tanik	http://dbkwik.webdatacommons.org/swtor.wikia.com/resource/Tanik	=	1.0000
http://dbkwik.webdatacommons.org/starwars.wikia.com/resource/Lindworm	http://dbkwik.webdatacommons.org/swtor.wikia.com/resource/Lindworm	=	1.0000
http://dbkwik.webdatacommons.org/starwars.wikia.com/resource/Category:Fallen_Jedi	http://dbkwik.webdatacommons.org/swtor.wikia.com/resource/Category:Fallen_Jedi	=	1.0000
http://dbkwik.webdatacommons.org/starwars.wikia.com/resource/Armor	http://dbkwik.webdatacommons.org/swtor.wikia.com/resource/Armor	=	1.0000
http://dbkwik.webdatacommons.org/starwars.wikia.com/resource/Category:Rakata	http://dbkwik.webdatacommons.org/swtor.wikia.com/resource/Category:Rakata	=	1.0000
http://dbkwik.webdatacommons.org/starwars.wikia.com/resource/Star_Wars:_The_Old_Republic:_Shadow_of_Revan	http://dbkwik.webdatacommons.org/swtor.wikia.com/resource/Star_Wars:_The_Old_Republic:_Shadow_of_Revan	=	1.0000
http://starwars.wikia.com/wiki/Special:FilePath/Kreiahoodlessconcept.jpg?width=300	http://swtor.wikia.com/wiki/Special:FilePath/Kreiahoodlessconcept.jpg?width=300	=	1.0000
http://dbkwik.webdatacommons.org/starwars.wikia.com/resource/Category:Mirialans	http://dbkwik.webdatacommons.org/swtor.wikia.com/resource/Category:Mirialans	=	1.0000
http://dbkwik.webdatacommons.org/starwars.wikia.com/resource/Tetan_Assault_Ship	http://dbkwik.webdatacommons.org/swtor.wikia.com/resource/Tetan_Assault_ship	=	1.0000
http://dbkwik.webdatacommons.org/starwars.wikia.com/resource/Anstiss	http://dbkwik.webdatacommons.org/swtor.wikia.com/resource/Anstiss	=	1.0000
http://starwars.wikia.com/wiki/Special:FilePath/Lord_Scourge.png	http://swtor.wikia.com/wiki/Special:FilePath/Lord_scourge.png	=	1.0000
http://dbkwik.webdatacommons.org/starwars.wikia.com/resource/Shasa	http://dbkwik.webdatacommons.org/swtor.wikia.com/resource/Shasa	=	1.0000
http://starwars.wikia.com/wiki/Special:FilePath/Davik_Kang.jpg?width=300	http://swtor.wikia.com/wiki/Special:FilePath/Davik_Kang.jpg?width=300	=	1.0000
http://starwars.wikia.com/wiki/Special:FilePath/Ni_cron.jpg	http://swtor.wikia.com/wiki/Special:FilePath/Ni_cron.jpg	=	1.0000
http://dbkwik.webdatacommons.org/starwars.wikia.com/resource/Shan_family	http://dbkwik.webdatacommons.org/swtor.wikia.com/resource/Shan_family	=	1.0000
http://dbkwik.webdatacommons.org/starwars.wikia.com/resource/Qyzen_Fess	http://dbkwik.webdatacommons.org/swtor.wikia.com/resource/Qyzen_Fess	=	1.0000
http://dbkwik.webdatacommons.org/starwars.wikia.com/resource/Imperial_Reclamation_Service	http://dbkwik.webdatacommons.org/swtor.wikia.com/resource/Imperial_Reclamation_Services	=	0.9751
http://dbkwik.webdatacommons.org/starwars.wikia.com/resource/Arosh	http://dbkwik.webdatacommons.org/swtor.wikia.com/resource/Arosh	=	1.0000
http://starwars.wikia.com/wiki/Special:FilePath/Aharo_leading.png?width=300	http://swtor.wikia.com/wiki/Special:FilePath/Aharo_leading.png?width=300	=	1.0000
http://dbkwik.webdatacommons.org/starwars.wikia.com/resource/Adraas	http://dbkwik.webdatacommons.org/swtor.wikia.com/resource/Adraas	=	1.0000
http://dbkwik.webdatacommons.org/starwars.wikia.com/resource/Ortosin	http://dbkwik.webdatacommons.org/swtor.wikia.com/resource/Ortosin	=	1.0000
http://dbkwik.webdatacommons.org/starwars.wikia.com/property/begin	http://dbkwik.webdatacommons.org/swtor.wikia.com/property/begin	=	1.0000
http://dbkwik.webdatacommons.org/starwars.wikia.com/resource/Cin_Tykan	http://dbkwik.webdatacommons.org/swtor.wikia.com/resource/Cin_Tykan	=	1.0000
http://dbkwik.webdatacommons.org/starwars.wikia.com/resource/Vitiate	http://dbkwik.webdatacommons.org/swtor.wikia.com/resource/Vitiate	=	1.0000
http://dbkwik.webdatacommons.org/starwars.wikia.com/resource/Shalim_Avesta	http://dbkwik.webdatacommons.org/swtor.wikia.com/resource/Shalim_Avesta	=	1.0000
http://dbkwik.webdatacommons.org/starwars.wikia.com/resource/Taral_V	http://dbkwik.webdatacommons.org/swtor.wikia.com/resource/Taral_V	=	1.0000
http://starwars.wikia.com/wiki/Special:FilePath/Zero.jpg?width=300	http://swtor.wikia.com/wiki/Special:FilePath/Zero.jpg?width=300	=	1.0000
http://dbkwik.webdatacommons.org/starwars.wikia.com/resource/Scyk	http://dbkwik.webdatacommons.org/swtor.wikia.com/resource/Scyk	=	1.0000
http://dbkwik.webdatacommons.org/starwars.wikia.com/resource/Murrtaggh	http://dbkwik.webdatacommons.org/swtor.wikia.com/resource/Murrtaggh	=	1.0000
http://dbkwik.webdatacommons.org/starwars.wikia.com/resource/Elara_Dorne	http://dbkwik.webdatacommons.org/swtor.wikia.com/resource/Elara_Dorne	=	1.0000
http://dbkwik.webdatacommons.org/starwars.wikia.com/resource/Nova	http://dbkwik.webdatacommons.org/swtor.wikia.com/resource/Nova	=	1.0000
http://dbkwik.webdatacommons.org/starwars.wikia.com/resource/Gratua	http://dbkwik.webdatacommons.org/swtor.wikia.com/resource/Gratua	=	1.0000
http://dbkwik.webdatacommons.org/starwars.wikia.com/resource/Bogwing	http://dbkwik.webdatacommons.org/swtor.wikia.com/resource/Bogwing	=	1.0000
http://dbkwik.webdatacommons.org/starwars.wikia.com/resource/Unidentified_Sith_(Troida_Military_Workshop)	http://dbkwik.webdatacommons.org/swtor.wikia.com/resource/Unidentified_Sith_(Troida_Military_Workshop)	=	1.0000
http://starwars.wikia.com/wiki/Special:FilePath/KOTOR33-Barrison1.jpg	http://swtor.wikia.com/wiki/Special:FilePath/KOTOR33-Barrison1.jpg	=	1.0000
http://dbkwik.webdatacommons.org/starwars.wikia.com/resource/Wens_Aleusis	http://dbkwik.webdatacommons.org/swtor.wikia.com/resource/Wens_Aleusis	=	1.0000
http://dbkwik.webdatacommons.org/starwars.wikia.com/resource/Nerf	http://dbkwik.webdatacommons.org/swtor.wikia.com/resource/Nerf	=	1.0000
http://dbkwik.webdatacommons.org/starwars.wikia.com/resource/Rylee_Dray	http://dbkwik.webdatacommons.org/swtor.wikia.com/resource/Rylee_Dray	=	1.0000
http://starwars.wikia.com/wiki/Special:FilePath/Imperial_IntelligenceHQ.jpg	http://swtor.wikia.com/wiki/Special:FilePath/Imperial_IntelligenceHQ.jpg	=	1.0000
http://dbkwik.webdatacommons.org/starwars.wikia.com/resource/Hardin	http://dbkwik.webdatacommons.org/swtor.wikia.com/resource/Hardin	=	1.0000
http://dbkwik.webdatacommons.org/starwars.wikia.com/resource/Lobel	http://dbkwik.webdatacommons.org/swtor.wikia.com/resource/Lobel	=	1.0000
http://dbkwik.webdatacommons.org/starwars.wikia.com/resource/Masters%27_Retreat	http://dbkwik.webdatacommons.org/swtor.wikia.com/resource/Masters%27_Retreat	=	1.0000
http://starwars.wikia.com/wiki/Special:FilePath/Ruusan.jpg	http://swtor.wikia.com/wiki/Special:FilePath/Ruusan.jpg	=	1.0000
http://dbkwik.webdatacommons.org/starwars.wikia.com/resource/Flesh_Raider	http://dbkwik.webdatacommons.org/swtor.wikia.com/resource/Flesh_Raider	=	1.0000
http://starwars.wikia.com/wiki/Special:FilePath/EbonHawk.jpg?width=300	http://swtor.wikia.com/wiki/Special:FilePath/Ebon_Hawk.jpg?width=300	=	1.0000
http://dbkwik.webdatacommons.org/starwars.wikia.com/resource/Category:Great_Galactic_War	http://dbkwik.webdatacommons.org/swtor.wikia.com/resource/Category:Great_Galactic_War	=	1.0000
http://dbkwik.webdatacommons.org/starwars.wikia.com/resource/Rellu	http://dbkwik.webdatacommons.org/swtor.wikia.com/resource/Rellu	=	1.0000
http://dbkwik.webdatacommons.org/starwars.wikia.com/resource/Malachor_V	http://dbkwik.webdatacommons.org/swtor.wikia.com/resource/Malachor_V	=	1.0000
http://dbkwik.webdatacommons.org/starwars.wikia.com/resource/Category:Jedi	http://dbkwik.webdatacommons.org/swtor.wikia.com/resource/Category:Jedi	=	1.0000
http://dbkwik.webdatacommons.org/starwars.wikia.com/resource/Troop	http://dbkwik.webdatacommons.org/swtor.wikia.com/resource/Troop	=	1.0000
http://dbkwik.webdatacommons.org/starwars.wikia.com/resource/Harvorisk	http://dbkwik.webdatacommons.org/swtor.wikia.com/resource/Harvorisk	=	1.0000
http://dbkwik.webdatacommons.org/starwars.wikia.com/resource/Chiss_Ascendancy	http://dbkwik.webdatacommons.org/swtor.wikia.com/resource/Chiss_Ascendancy	=	1.0000
http://starwars.wikia.com/wiki/Special:FilePath/Tanno_Vik.png?width=300	http://swtor.wikia.com/wiki/Special:FilePath/Tanno_vik.png?width=300	=	1.0000
http://dbkwik.webdatacommons.org/starwars.wikia.com/resource/Sithspawn	http://dbkwik.webdatacommons.org/swtor.wikia.com/resource/Sithspawn	=	1.0000
http://dbkwik.webdatacommons.org/starwars.wikia.com/resource/Jaska_(Mandalorian_Knight)	http://dbkwik.webdatacommons.org/swtor.wikia.com/resource/Jaska_(Mandalorian_Knight)	=	1.0000
http://dbkwik.webdatacommons.org/starwars.wikia.com/resource/Dac	http://dbkwik.webdatacommons.org/swtor.wikia.com/resource/Dac	=	1.0000
http://dbkwik.webdatacommons.org/starwars.wikia.com/resource/Esok	http://dbkwik.webdatacommons.org/swtor.wikia.com/resource/Esok	=	1.0000
http://dbkwik.webdatacommons.org/starwars.wikia.com/resource/Category:Males	http://dbkwik.webdatacommons.org/swtor.wikia.com/resource/Category:Males	=	1.0000
http://dbkwik.webdatacommons.org/starwars.wikia.com/resource/Mandellian_Gambit	http://dbkwik.webdatacommons.org/swtor.wikia.com/resource/Mandellian_Gambit	=	1.0000
http://dbkwik.webdatacommons.org/starwars.wikia.com/resource/Category:Jedi_Knights	http://dbkwik.webdatacommons.org/swtor.wikia.com/resource/Category:Jedi_Knights	=	1.0000
http://starwars.wikia.com/wiki/Special:FilePath/Kreiareturnstomalacho.jpg	http://swtor.wikia.com/wiki/Special:FilePath/Kreiareturnstomalacho.jpg	=	1.0000
http://dbkwik.webdatacommons.org/starwars.wikia.com/resource/Miraluka	http://dbkwik.webdatacommons.org/swtor.wikia.com/resource/Miraluka	=	1.0000
http://dbkwik.webdatacommons.org/starwars.wikia.com/resource/Category:Images_of_Sith_Lords	http://dbkwik.webdatacommons.org/swtor.wikia.com/resource/Category:Images_of_Sith_Lords	=	1.0000
http://dbkwik.webdatacommons.org/starwars.wikia.com/resource/Endar_Spire	http://dbkwik.webdatacommons.org/swtor.wikia.com/resource/Endar_Spire	=	1.0000
http://dbkwik.webdatacommons.org/starwars.wikia.com/resource/Category:Arcona	http://dbkwik.webdatacommons.org/swtor.wikia.com/resource/Category:Arcona	=	1.0000
http://dbkwik.webdatacommons.org/starwars.wikia.com/resource/Ruusan	http://dbkwik.webdatacommons.org/swtor.wikia.com/resource/Ruusan	=	1.0000
http://dbkwik.webdatacommons.org/starwars.wikia.com/resource/Crimson_Fleece	http://dbkwik.webdatacommons.org/swtor.wikia.com/resource/Crimson_Fleece	=	1.0000
http://dbkwik.webdatacommons.org/starwars.wikia.com/resource/Vort_Norman	http://dbkwik.webdatacommons.org/swtor.wikia.com/resource/Vort_Norman	=	1.0000
http://starwars.wikia.com/wiki/Special:FilePath/Ithorian_TOR.jpg?width=300	http://swtor.wikia.com/wiki/Special:FilePath/Ithorian_TOR.jpg?width=300	=	1.0000
http://dbkwik.webdatacommons.org/starwars.wikia.com/resource/The_Wound	http://dbkwik.webdatacommons.org/swtor.wikia.com/resource/The_Wound	=	1.0000
http://starwars.wikia.com/wiki/Special:FilePath/Jedi_Revan.jpg?width=300	http://swtor.wikia.com/wiki/Special:FilePath/Jedi_Revan.jpg?width=300	=	1.0000
http://dbkwik.webdatacommons.org/starwars.wikia.com/resource/Green_Jedi_Enclave	http://dbkwik.webdatacommons.org/swtor.wikia.com/resource/Green_Jedi_Enclave	=	1.0000
http://dbkwik.webdatacommons.org/starwars.wikia.com/resource/Timeline_19:_Force_%22Discovered%22_on_Tython	http://dbkwik.webdatacommons.org/swtor.wikia.com/resource/Timeline_19:_Force_%22Discovered%22_on_Tython	=	1.0000
http://dbkwik.webdatacommons.org/starwars.wikia.com/resource/Sylas	http://dbkwik.webdatacommons.org/swtor.wikia.com/resource/Sylas	=	1.0000
http://dbkwik.webdatacommons.org/starwars.wikia.com/resource/Zabrak	http://dbkwik.webdatacommons.org/swtor.wikia.com/property/zabrak	=	1.0000
http://starwars.wikia.com/wiki/Special:FilePath/Blizz.png	http://swtor.wikia.com/wiki/Special:FilePath/Blizz.png	=	1.0000
http://dbkwik.webdatacommons.org/starwars.wikia.com/class/quote	http://dbkwik.webdatacommons.org/swtor.wikia.com/class/quote	=	1.0000
http://starwars.wikia.com/wiki/Special:FilePath/Desler_Avenger.png	http://swtor.wikia.com/wiki/Special:FilePath/Desler_Avenger.png	=	1.0000
http://dbkwik.webdatacommons.org/starwars.wikia.com/resource/Jun_Seros	http://dbkwik.webdatacommons.org/swtor.wikia.com/resource/Jun_Seros	=	1.0000
http://dbkwik.webdatacommons.org/starwars.wikia.com/resource/Category:Hutts	http://dbkwik.webdatacommons.org/swtor.wikia.com/resource/Category:Hutts	=	1.0000
http://dbkwik.webdatacommons.org/starwars.wikia.com/resource/Near-human	http://dbkwik.webdatacommons.org/swtor.wikia.com/resource/Near-Human	=	1.0000
http://dbkwik.webdatacommons.org/starwars.wikia.com/resource/Category:Lightsabers	http://dbkwik.webdatacommons.org/swtor.wikia.com/resource/Category:Lightsabers	=	1.0000
http://starwars.wikia.com/wiki/Special:FilePath/Mako1.png?width=300	http://swtor.wikia.com/wiki/Special:FilePath/Mako1.png?width=300	=	1.0000
http://dbkwik.webdatacommons.org/starwars.wikia.com/resource/Lightspring	http://dbkwik.webdatacommons.org/swtor.wikia.com/resource/Lightspring	=	1.0000
http://dbkwik.webdatacommons.org/starwars.wikia.com/resource/Category:Republic_Strategic_Information_Service	http://dbkwik.webdatacommons.org/swtor.wikia.com/resource/Category:Republic_Strategic_Information_Service	=	1.0000
http://dbkwik.webdatacommons.org/starwars.wikia.com/resource/Sarria_Jevad	http://dbkwik.webdatacommons.org/swtor.wikia.com/resource/Sarria_Jevad	=	1.0000
http://starwars.wikia.com/wiki/Special:FilePath/Sajar_Quesh.png?width=300	http://swtor.wikia.com/wiki/Special:FilePath/Sajar_Quesh.png?width=300	=	1.0000
http://dbkwik.webdatacommons.org/starwars.wikia.com/resource/Codex	http://dbkwik.webdatacommons.org/swtor.wikia.com/resource/Codex	=	1.0000
http://starwars.wikia.com/wiki/Special:FilePath/Brianna.png?width=300	http://swtor.wikia.com/wiki/Special:FilePath/Brianna.png?width=300	=	1.0000
http://dbkwik.webdatacommons.org/starwars.wikia.com/resource/Outpost_Thorazan	http://dbkwik.webdatacommons.org/swtor.wikia.com/resource/Outpost_Thorazan	=	1.0000
http://starwars.wikia.com/wiki/Special:FilePath/Desler_Nomad.png?width=300	http://swtor.wikia.com/wiki/Special:FilePath/Desler_Nomad.png?width=300	=	1.0000
http://dbkwik.webdatacommons.org/starwars.wikia.com/resource/Gorlan_Palladane	http://dbkwik.webdatacommons.org/swtor.wikia.com/resource/Gorlan_Palladane	=	1.0000
http://dbkwik.webdatacommons.org/starwars.wikia.com/resource/Overwatch	http://dbkwik.webdatacommons.org/swtor.wikia.com/resource/Overwatch	=	1.0000
http://dbkwik.webdatacommons.org/starwars.wikia.com/resource/Unaw_Aharo	http://dbkwik.webdatacommons.org/swtor.wikia.com/resource/Unaw_Aharo	=	1.0000
http://dbkwik.webdatacommons.org/starwars.wikia.com/resource/Anomid	http://dbkwik.webdatacommons.org/swtor.wikia.com/resource/Anomid	=	1.0000
http://dbkwik.webdatacommons.org/starwars.wikia.com/resource/Kevin_Michael_Richardson	http://dbkwik.webdatacommons.org/swtor.wikia.com/resource/Kevin_Michael_Richardson	=	1.0000
http://dbkwik.webdatacommons.org/starwars.wikia.com/resource/Rakghoul_pandemic	http://dbkwik.webdatacommons.org/swtor.wikia.com/resource/Rakghoul_Pandemic	=	1.0000
http://dbkwik.webdatacommons.org/starwars.wikia.com/resource/Star_Wars:_The_Old_Republic	http://dbkwik.webdatacommons.org/swtor.wikia.com/resource/Star_Wars:_The_Old_Republic	=	1.0000
http://dbkwik.webdatacommons.org/starwars.wikia.com/resource/Regnant	http://dbkwik.webdatacommons.org/swtor.wikia.com/resource/Regnant	=	1.0000
http://dbkwik.webdatacommons.org/starwars.wikia.com/resource/Westro	http://dbkwik.webdatacommons.org/swtor.wikia.com/resource/Westro	=	1.0000
http://dbkwik.webdatacommons.org/starwars.wikia.com/resource/Equipment	http://dbkwik.webdatacommons.org/swtor.wikia.com/resource/Equipment	=	1.0000
http://dbkwik.webdatacommons.org/starwars.wikia.com/resource/Darth_Baras	http://dbkwik.webdatacommons.org/swtor.wikia.com/resource/Darth_Baras	=	1.0000
http://dbkwik.webdatacommons.org/starwars.wikia.com/resource/Darth_Malak	http://dbkwik.webdatacommons.org/swtor.wikia.com/resource/Darth_Malak	=	1.0000
http://dbkwik.webdatacommons.org/starwars.wikia.com/resource/Vanquish	http://dbkwik.webdatacommons.org/swtor.wikia.com/resource/Vanquish	=	1.0000
http://starwars.wikia.com/wiki/Special:FilePath/Corso_Riggs.png	http://swtor.wikia.com/wiki/Special:FilePath/Corso_riggs.png	=	1.0000
http://starwars.wikia.com/wiki/Special:FilePath/Desler_Nomad.png	http://swtor.wikia.com/wiki/Special:FilePath/Desler_Nomad.png	=	1.0000
http://starwars.wikia.com/wiki/Special:FilePath/Aric_Jorgan.png?width=300	http://swtor.wikia.com/wiki/Special:FilePath/Aric_Jorgan.png?width=300	=	1.0000
http://dbkwik.webdatacommons.org/starwars.wikia.com/resource/Darth	http://dbkwik.webdatacommons.org/swtor.wikia.com/resource/Darth	=	1.0000
http://dbkwik.webdatacommons.org/starwars.wikia.com/resource/Moorint	http://dbkwik.webdatacommons.org/swtor.wikia.com/resource/Moorint	=	1.0000
http://starwars.wikia.com/wiki/Special:FilePath/Great_Hyperspace_War.jpg?width=300	http://swtor.wikia.com/wiki/Special:FilePath/Great_Hyperspace_War.jpg?width=300	=	1.0000
http://starwars.wikia.com/wiki/Special:FilePath/Shadows_and_Light.jpg?width=300	http://swtor.wikia.com/wiki/Special:FilePath/Shadows_and_Light.jpg?width=300	=	1.0000
http://dbkwik.webdatacommons.org/starwars.wikia.com/resource/Republic_Army	http://dbkwik.webdatacommons.org/swtor.wikia.com/resource/Republic_Army	=	1.0000
http://dbkwik.webdatacommons.org/starwars.wikia.com/property/headquarters	http://dbkwik.webdatacommons.org/swtor.wikia.com/property/headquarters	=	1.0000
http://dbkwik.webdatacommons.org/starwars.wikia.com/resource/Shenayag	http://dbkwik.webdatacommons.org/swtor.wikia.com/resource/Shenayag	=	1.0000
http://dbkwik.webdatacommons.org/starwars.wikia.com/resource/Category:Sith_artifacts	http://dbkwik.webdatacommons.org/swtor.wikia.com/resource/Category:Sith_artifacts	=	1.0000
http://dbkwik.webdatacommons.org/starwars.wikia.com/resource/Category:Voss	http://dbkwik.webdatacommons.org/swtor.wikia.com/resource/Category:Voss	=	1.0000
http://dbkwik.webdatacommons.org/starwars.wikia.com/resource/Category:Shuttles	http://dbkwik.webdatacommons.org/swtor.wikia.com/resource/Category:Shuttles	=	1.0000
http://dbkwik.webdatacommons.org/starwars.wikia.com/resource/Qordis	http://dbkwik.webdatacommons.org/swtor.wikia.com/resource/Qordis	=	1.0000
http://dbkwik.webdatacommons.org/starwars.wikia.com/resource/Pecto	http://dbkwik.webdatacommons.org/swtor.wikia.com/resource/Pecto	=	1.0000
http://dbkwik.webdatacommons.org/starwars.wikia.com/resource/Sith%27ari	http://dbkwik.webdatacommons.org/swtor.wikia.com/resource/Sith%27ari	=	1.0000
http://dbkwik.webdatacommons.org/starwars.wikia.com/resource/Meeb_Wix	http://dbkwik.webdatacommons.org/swtor.wikia.com/resource/Meeb_Wix	=	1.0000
http://dbkwik.webdatacommons.org/starwars.wikia.com/resource/Talos_Drellik	http://dbkwik.webdatacommons.org/swtor.wikia.com/resource/Talos_Drellik	=	1.0000
http://dbkwik.webdatacommons.org/starwars.wikia.com/resource/Council_of_First_Knowledge	http://dbkwik.webdatacommons.org/swtor.wikia.com/resource/Council_of_First_Knowledge	=	1.0000
http://dbkwik.webdatacommons.org/starwars.wikia.com/resource/Xev	http://dbkwik.webdatacommons.org/swtor.wikia.com/resource/Xev	=	1.0000
http://dbkwik.webdatacommons.org/starwars.wikia.com/resource/Jedi_Archives	http://dbkwik.webdatacommons.org/swtor.wikia.com/resource/Jedi_Archives	=	1.0000
http://dbkwik.webdatacommons.org/starwars.wikia.com/resource/Order_of_Revan	http://dbkwik.webdatacommons.org/swtor.wikia.com/resource/Order_of_Revan	=	1.0000
http://dbkwik.webdatacommons.org/starwars.wikia.com/resource/Theron_Shan	http://dbkwik.webdatacommons.org/swtor.wikia.com/resource/Theron_Shan	=	1.0000
http://dbkwik.webdatacommons.org/starwars.wikia.com/resource/Karagga%27s_Palace	http://dbkwik.webdatacommons.org/swtor.wikia.com/resource/Karagga%27s_Palace	=	1.0000
http://dbkwik.webdatacommons.org/starwars.wikia.com/resource/Jedi_courier	http://dbkwik.webdatacommons.org/swtor.wikia.com/resource/Jedi_Courier	=	1.0000
http://dbkwik.webdatacommons.org/starwars.wikia.com/resource/Valen_Korik	http://dbkwik.webdatacommons.org/swtor.wikia.com/resource/Valen_Korik	=	1.0000
http://starwars.wikia.com/wiki/Special:FilePath/Czerka_Cruiser.png?width=300	http://swtor.wikia.com/wiki/Special:FilePath/Czerka_Cruiser.png?width=300	=	1.0000
http://dbkwik.webdatacommons.org/starwars.wikia.com/resource/Orilltha	http://dbkwik.webdatacommons.org/swtor.wikia.com/resource/Orilltha	=	1.0000
http://dbkwik.webdatacommons.org/starwars.wikia.com/resource/Zeltron	http://dbkwik.webdatacommons.org/swtor.wikia.com/resource/Zeltron	=	1.0000
http://dbkwik.webdatacommons.org/starwars.wikia.com/resource/Rimark	http://dbkwik.webdatacommons.org/swtor.wikia.com/resource/Rimark	=	1.0000
http://dbkwik.webdatacommons.org/starwars.wikia.com/resource/Kaliyo_Djannis	http://dbkwik.webdatacommons.org/swtor.wikia.com/resource/Kaliyo_Djannis	=	1.0000
http://starwars.wikia.com/wiki/Special:FilePath/Kira_Carsen.png?width=300	http://swtor.wikia.com/wiki/Special:FilePath/Kira_Carsen.png?width=300	=	1.0000
http://starwars.wikia.com/wiki/Special:FilePath/Bastilaphotoshoot2.jpg?width=300	http://swtor.wikia.com/wiki/Special:FilePath/Bastilaphotoshoot2.jpg?width=300	=	1.0000
http://dbkwik.webdatacommons.org/starwars.wikia.com/resource/Prithor	http://dbkwik.webdatacommons.org/swtor.wikia.com/resource/Prithor	=	1.0000
http://dbkwik.webdatacommons.org/starwars.wikia.com/resource/Jicoln_Cadera	http://dbkwik.webdatacommons.org/swtor.wikia.com/resource/Jicoln_Cadera	=	1.0000
http://starwars.wikia.com/wiki/Special:FilePath/Ryen.png	http://swtor.wikia.com/wiki/Special:FilePath/Ryen.png	=	1.0000
http://dbkwik.webdatacommons.org/starwars.wikia.com/resource/Category:Supreme_Chancellors	http://dbkwik.webdatacommons.org/swtor.wikia.com/resource/Category:Supreme_Chancellors	=	1.0000
http://dbkwik.webdatacommons.org/starwars.wikia.com/resource/Timeline_13:_The_First_Dark_Sith_Lords_on_Korriban	http://dbkwik.webdatacommons.org/swtor.wikia.com/resource/Timeline_13:_The_First_Dark_Sith_Lords_on_Korriban	=	1.0000
http://dbkwik.webdatacommons.org/starwars.wikia.com/resource/Tol_Braga	http://dbkwik.webdatacommons.org/swtor.wikia.com/resource/Tol_Braga	=	1.0000
http://starwars.wikia.com/wiki/Special:FilePath/Blyes.png?width=300	http://swtor.wikia.com/wiki/Special:FilePath/Blyes.png?width=300	=	1.0000
http://dbkwik.webdatacommons.org/starwars.wikia.com/resource/Dashade	http://dbkwik.webdatacommons.org/swtor.wikia.com/resource/Dashade	=	1.0000
http://dbkwik.webdatacommons.org/starwars.wikia.com/resource/Sermeria	http://dbkwik.webdatacommons.org/swtor.wikia.com/resource/Sermeria	=	1.0000
http://dbkwik.webdatacommons.org/starwars.wikia.com/resource/Category:Locations	http://dbkwik.webdatacommons.org/swtor.wikia.com/resource/Category:Locations	=	1.0000
http://dbkwik.webdatacommons.org/starwars.wikia.com/resource/Risha	http://dbkwik.webdatacommons.org/swtor.wikia.com/resource/Risha	=	1.0000
http://starwars.wikia.com/wiki/Special:FilePath/Ruusan.jpg?width=300	http://swtor.wikia.com/wiki/Special:FilePath/Ruusan.jpg?width=300	=	1.0000
http://dbkwik.webdatacommons.org/starwars.wikia.com/resource/Shai	http://dbkwik.webdatacommons.org/swtor.wikia.com/resource/Shai	=	1.0000
http://starwars.wikia.com/wiki/Special:FilePath/Cale_Berkona.jpg?width=300	http://swtor.wikia.com/wiki/Special:FilePath/Cale_Berkona.jpg?width=300	=	1.0000
http://dbkwik.webdatacommons.org/starwars.wikia.com/resource/Ortol	http://dbkwik.webdatacommons.org/swtor.wikia.com/resource/Ortol	=	1.0000
http://dbkwik.webdatacommons.org/starwars.wikia.com/resource/Patches	http://dbkwik.webdatacommons.org/swtor.wikia.com/resource/Patches	=	1.0000
http://starwars.wikia.com/wiki/Special:FilePath/JaraelWhipsNChains-KOTOR14.jpg	http://swtor.wikia.com/wiki/Special:FilePath/JaraelWhipsNChains-KOTOR14.jpg	=	1.0000
http://starwars.wikia.com/wiki/Special:FilePath/Nadia_Grell.png	http://swtor.wikia.com/wiki/Special:FilePath/Nadia_Grell.png	=	1.0000
http://dbkwik.webdatacommons.org/starwars.wikia.com/resource/Quorlac_Fornayh	http://dbkwik.webdatacommons.org/swtor.wikia.com/resource/Quorlac_Fornayh	=	1.0000
http://dbkwik.webdatacommons.org/starwars.wikia.com/resource/Kiffar	http://dbkwik.webdatacommons.org/swtor.wikia.com/resource/Kiffar	=	1.0000
http://dbkwik.webdatacommons.org/starwars.wikia.com/resource/Moira_Quirk	http://dbkwik.webdatacommons.org/swtor.wikia.com/resource/Moira_Quirk	=	1.0000
http://starwars.wikia.com/wiki/Special:FilePath/SmokeGrenade.png	http://swtor.wikia.com/wiki/Special:FilePath/Smoke_Grenade.png	=	1.0000
http://dbkwik.webdatacommons.org/starwars.wikia.com/resource/Species	http://dbkwik.webdatacommons.org/swtor.wikia.com/resource/Species	=	1.0000
http://starwars.wikia.com/wiki/Special:FilePath/Imperial_shuttle.png	http://swtor.wikia.com/wiki/Special:FilePath/Imperial_Shuttle.png	=	1.0000
http://starwars.wikia.com/wiki/Special:FilePath/BalaNisi.jpg	http://swtor.wikia.com/wiki/Special:FilePath/Bala_Nisi.jpg	=	1.0000
http://dbkwik.webdatacommons.org/starwars.wikia.com/resource/Vima_Sunrider	http://dbkwik.webdatacommons.org/swtor.wikia.com/resource/Vima_Sunrider	=	1.0000
http://starwars.wikia.com/wiki/Special:FilePath/Kelborn1.jpg	http://swtor.wikia.com/wiki/Special:FilePath/Kelborn1.jpg	=	1.0000
http://starwars.wikia.com/wiki/Special:FilePath/Aparo_assault.jpg?width=300	http://swtor.wikia.com/wiki/Special:FilePath/Aparo_assault.jpg?width=300	=	1.0000
http://dbkwik.webdatacommons.org/starwars.wikia.com/resource/Ceta_Farr	http://dbkwik.webdatacommons.org/swtor.wikia.com/resource/Ceta_Farr	=	1.0000
http://dbkwik.webdatacommons.org/starwars.wikia.com/resource/Timeline_18:_The_Force_War_on_Tython	http://dbkwik.webdatacommons.org/swtor.wikia.com/resource/Timeline_18:_The_Force_War_on_Tython	=	1.0000
http://dbkwik.webdatacommons.org/starwars.wikia.com/property/name	http://dbkwik.webdatacommons.org/swtor.wikia.com/property/name	=	1.0000
http://dbkwik.webdatacommons.org/starwars.wikia.com/resource/Category:Drall	http://dbkwik.webdatacommons.org/swtor.wikia.com/resource/Category:Drall	=	1.0000
http://starwars.wikia.com/wiki/Special:FilePath/Dar%27nala.jpg	http://swtor.wikia.com/wiki/Special:FilePath/Dar%27Nala.jpg	=	1.0000
http://dbkwik.webdatacommons.org/starwars.wikia.com/resource/Icon	http://dbkwik.webdatacommons.org/swtor.wikia.com/property/icon	=	1.0000
http://starwars.wikia.com/wiki/Special:FilePath/Emperor_lightning.png	http://swtor.wikia.com/wiki/Special:FilePath/Emperor_lightning.png	=	1.0000
http://dbkwik.webdatacommons.org/starwars.wikia.com/resource/Voss_(species)	http://dbkwik.webdatacommons.org/swtor.wikia.com/resource/Voss_(species)	=	1.0000
http://dbkwik.webdatacommons.org/starwars.wikia.com/resource/Realspace	http://dbkwik.webdatacommons.org/swtor.wikia.com/resource/Realspace	=	1.0000
http://dbkwik.webdatacommons.org/starwars.wikia.com/resource/Lantikus	http://dbkwik.webdatacommons.org/swtor.wikia.com/resource/Lantikus	=	1.0000
http://dbkwik.webdatacommons.org/starwars.wikia.com/resource/Zona_Luka	http://dbkwik.webdatacommons.org/swtor.wikia.com/resource/Zona_Luka	=	1.0000
http://dbkwik.webdatacommons.org/starwars.wikia.com/class/merge	http://dbkwik.webdatacommons.org/swtor.wikia.com/class/merge	=	1.0000
http://starwars.wikia.com/wiki/Special:FilePath/Brianna_KotORCG.jpg	http://swtor.wikia.com/wiki/Special:FilePath/Brianna_KotORCG.jpg	=	1.0000
http://dbkwik.webdatacommons.org/starwars.wikia.com/resource/Pius_Dea	http://dbkwik.webdatacommons.org/swtor.wikia.com/resource/Pius_Dea	=	1.0000
http://dbkwik.webdatacommons.org/starwars.wikia.com/resource/Stantorrs	http://dbkwik.webdatacommons.org/swtor.wikia.com/resource/Stantorrs	=	1.0000
http://starwars.wikia.com/wiki/Special:FilePath/GrandConvocationChamber-TOR.jpg	http://swtor.wikia.com/wiki/Special:FilePath/GrandConvocationChamber-TOR.jpg	=	1.0000
http://starwars.wikia.com/wiki/Special:FilePath/Vaylin.png	http://swtor.wikia.com/wiki/Special:FilePath/Vaylin.png	=	1.0000
http://dbkwik.webdatacommons.org/starwars.wikia.com/resource/Tephan	http://dbkwik.webdatacommons.org/swtor.wikia.com/resource/Tephan	=	1.0000
http://dbkwik.webdatacommons.org/starwars.wikia.com/resource/Category:Light_armor	http://dbkwik.webdatacommons.org/swtor.wikia.com/resource/Category:Light_Armor	=	1.0000
http://dbkwik.webdatacommons.org/starwars.wikia.com/resource/X	http://dbkwik.webdatacommons.org/swtor.wikia.com/property/x	=	1.0000
http://dbkwik.webdatacommons.org/starwars.wikia.com/resource/Sherruk	http://dbkwik.webdatacommons.org/swtor.wikia.com/resource/Sherruk	=	1.0000
http://dbkwik.webdatacommons.org/starwars.wikia.com/resource/Mos_Anek	http://dbkwik.webdatacommons.org/swtor.wikia.com/resource/Mos_Anek	=	1.0000
http://dbkwik.webdatacommons.org/starwars.wikia.com/resource/Cerean	http://dbkwik.webdatacommons.org/swtor.wikia.com/resource/Cerean	=	1.0000
http://dbkwik.webdatacommons.org/starwars.wikia.com/resource/Lightwhip	http://dbkwik.webdatacommons.org/swtor.wikia.com/resource/Lightwhip	=	1.0000
http://dbkwik.webdatacommons.org/starwars.wikia.com/resource/Darth_Traya	http://dbkwik.webdatacommons.org/swtor.wikia.com/resource/Darth_Traya	=	1.0000
http://starwars.wikia.com/wiki/Special:FilePath/Vette.png?width=300	http://swtor.wikia.com/wiki/Special:FilePath/vette.png?width=300	=	1.0000
http://dbkwik.webdatacommons.org/starwars.wikia.com/resource/G-Type_light_shuttle	http://dbkwik.webdatacommons.org/swtor.wikia.com/resource/G-type_light_shuttle	=	1.0000
http://dbkwik.webdatacommons.org/starwars.wikia.com/resource/Womp_rat	http://dbkwik.webdatacommons.org/swtor.wikia.com/resource/Womp_Rat	=	1.0000
http://dbkwik.webdatacommons.org/starwars.wikia.com/resource/Cormun	http://dbkwik.webdatacommons.org/swtor.wikia.com/resource/Cormun	=	1.0000
http://starwars.wikia.com/wiki/Special:FilePath/LudoVsSadow.jpg	http://swtor.wikia.com/wiki/Special:FilePath/LudoVsSadow.jpg	=	1.0000
http://dbkwik.webdatacommons.org/starwars.wikia.com/resource/Deagan_Farrell	http://dbkwik.webdatacommons.org/swtor.wikia.com/resource/Deagan_Farrell	=	1.0000
http://dbkwik.webdatacommons.org/starwars.wikia.com/resource/Motta	http://dbkwik.webdatacommons.org/swtor.wikia.com/resource/Motta	=	1.0000
http://starwars.wikia.com/wiki/Special:FilePath/VisasBowstoNihilus.png?width=300	http://swtor.wikia.com/wiki/Special:FilePath/VisasBowstoNihilus.png?width=300	=	1.0000
http://dbkwik.webdatacommons.org/starwars.wikia.com/resource/Yuon_Par	http://dbkwik.webdatacommons.org/swtor.wikia.com/resource/Yuon_Par	=	1.0000
http://dbkwik.webdatacommons.org/starwars.wikia.com/resource/K-52_Strongarm	http://dbkwik.webdatacommons.org/swtor.wikia.com/resource/K-52_Strongarm	=	1.0000
http://dbkwik.webdatacommons.org/starwars.wikia.com/resource/Unidentified_alien_Sith	http://dbkwik.webdatacommons.org/swtor.wikia.com/resource/Unidentified_alien_Sith	=	1.0000
http://dbkwik.webdatacommons.org/starwars.wikia.com/resource/Usma	http://dbkwik.webdatacommons.org/swtor.wikia.com/resource/Usma	=	1.0000
http://dbkwik.webdatacommons.org/starwars.wikia.com/resource/Brel_Orus	http://dbkwik.webdatacommons.org/swtor.wikia.com/resource/Brel_Orus	=	1.0000
http://starwars.wikia.com/wiki/Special:FilePath/Grand_Moff_Zellos.jpg?width=300	http://swtor.wikia.com/wiki/Special:FilePath/Grand_Moff_Zellos.jpg?width=300	=	1.0000
http://dbkwik.webdatacommons.org/starwars.wikia.com/resource/Belia_Darzu	http://dbkwik.webdatacommons.org/swtor.wikia.com/resource/Belia_Darzu	=	1.0000
http://dbkwik.webdatacommons.org/starwars.wikia.com/resource/Dalborra	http://dbkwik.webdatacommons.org/swtor.wikia.com/resource/Dalborra	=	1.0000
http://dbkwik.webdatacommons.org/starwars.wikia.com/resource/Clan_Farr	http://dbkwik.webdatacommons.org/swtor.wikia.com/resource/Clan_Farr	=	1.0000
http://dbkwik.webdatacommons.org/starwars.wikia.com/resource/House_Nalju	http://dbkwik.webdatacommons.org/swtor.wikia.com/resource/House_Nalju	=	1.0000
http://starwars.wikia.com/wiki/Special:FilePath/SmokeGrenade.png?width=300	http://swtor.wikia.com/wiki/Special:FilePath/Smoke_Grenade.png?width=300	=	1.0000
http://dbkwik.webdatacommons.org/starwars.wikia.com/resource/Category:Echani	http://dbkwik.webdatacommons.org/swtor.wikia.com/resource/Category:Echani	=	1.0000
http://dbkwik.webdatacommons.org/starwars.wikia.com/resource/Corellian_Security_Force	http://dbkwik.webdatacommons.org/swtor.wikia.com/resource/Corellian_Security_Force	=	1.0000
http://dbkwik.webdatacommons.org/starwars.wikia.com/resource/Sith_personnel_carrier	http://dbkwik.webdatacommons.org/swtor.wikia.com/resource/Sith_personnel_carrier	=	1.0000
http://dbkwik.webdatacommons.org/starwars.wikia.com/resource/Sith_war_droid_Mark_II	http://dbkwik.webdatacommons.org/swtor.wikia.com/resource/Sith_war_droid_Mark_II	=	1.0000
http://dbkwik.webdatacommons.org/starwars.wikia.com/resource/Choza_Raabat	http://dbkwik.webdatacommons.org/swtor.wikia.com/resource/Choza_Raabat	=	1.0000
http://dbkwik.webdatacommons.org/starwars.wikia.com/resource/Vaiken_Spacedock	http://dbkwik.webdatacommons.org/swtor.wikia.com/resource/Vaiken_Spacedock	=	1.0000
http://dbkwik.webdatacommons.org/starwars.wikia.com/resource/Catherine_Taber	http://dbkwik.webdatacommons.org/swtor.wikia.com/resource/Catherine_Taber	=	1.0000
http://dbkwik.webdatacommons.org/starwars.wikia.com/resource/Corporate_Sector	http://dbkwik.webdatacommons.org/swtor.wikia.com/resource/Corporate_Sector	=	1.0000
http://starwars.wikia.com/wiki/Special:FilePath/Vrookfull.jpg?width=300	http://swtor.wikia.com/wiki/Special:FilePath/Vrookfull.jpg?width=300	=	1.0000
http://dbkwik.webdatacommons.org/starwars.wikia.com/resource/Hundred-Year_Darkness	http://dbkwik.webdatacommons.org/swtor.wikia.com/resource/Hundred-Year_Darkness	=	1.0000
http://dbkwik.webdatacommons.org/starwars.wikia.com/resource/Sniper_rifle	http://dbkwik.webdatacommons.org/swtor.wikia.com/resource/Sniper_Rifle	=	1.0000
http://dbkwik.webdatacommons.org/starwars.wikia.com/resource/Taung_blood_duel	http://dbkwik.webdatacommons.org/swtor.wikia.com/resource/Taung_Blood_Duel	=	1.0000
http://starwars.wikia.com/wiki/Special:FilePath/Guardian.png?width=300	http://swtor.wikia.com/wiki/Special:FilePath/Guardian.png?width=300	=	1.0000
http://dbkwik.webdatacommons.org/starwars.wikia.com/resource/Renning	http://dbkwik.webdatacommons.org/swtor.wikia.com/resource/Renning	=	1.0000
http://starwars.wikia.com/wiki/Special:FilePath/Reedendu.png?width=300	http://swtor.wikia.com/wiki/Special:FilePath/Reedendu2.png?width=300	=	0.9507
http://dbkwik.webdatacommons.org/starwars.wikia.com/resource/Rattataki	http://dbkwik.webdatacommons.org/swtor.wikia.com/resource/Rattataki	=	1.0000
http://dbkwik.webdatacommons.org/starwars.wikia.com/resource/Terrorist	http://dbkwik.webdatacommons.org/swtor.wikia.com/resource/Terrorist	=	1.0000
http://dbkwik.webdatacommons.org/starwars.wikia.com/resource/Trevayne	http://dbkwik.webdatacommons.org/swtor.wikia.com/resource/Trevayne	=	1.0000
http://dbkwik.webdatacommons.org/starwars.wikia.com/resource/Warcarrier	http://dbkwik.webdatacommons.org/swtor.wikia.com/resource/Warcarrier	=	1.0000
http://dbkwik.webdatacommons.org/starwars.wikia.com/resource/Arcann	http://dbkwik.webdatacommons.org/swtor.wikia.com/resource/Arcann	=	1.0000
http://dbkwik.webdatacommons.org/starwars.wikia.com/resource/Category:Chiss	http://dbkwik.webdatacommons.org/swtor.wikia.com/resource/Category:Chiss	=	1.0000
http://dbkwik.webdatacommons.org/starwars.wikia.com/resource/Category:The_Force	http://dbkwik.webdatacommons.org/swtor.wikia.com/resource/Category:The_Force	=	1.0000
http://dbkwik.webdatacommons.org/starwars.wikia.com/resource/Military_rank	http://dbkwik.webdatacommons.org/swtor.wikia.com/resource/Military_rank	=	1.0000
http://dbkwik.webdatacommons.org/starwars.wikia.com/resource/Factor_Jarvus	http://dbkwik.webdatacommons.org/swtor.wikia.com/resource/Factor_Jarvus	=	1.0000
http://starwars.wikia.com/wiki/Special:FilePath/Graush_beheaded.png	http://swtor.wikia.com/wiki/Special:FilePath/Graush_beheaded.png	=	1.0000
http://dbkwik.webdatacommons.org/starwars.wikia.com/resource/Category:Ithorians	http://dbkwik.webdatacommons.org/swtor.wikia.com/resource/Category:Ithorians	=	1.0000
http://dbkwik.webdatacommons.org/starwars.wikia.com/resource/Jedi_Initiate	http://dbkwik.webdatacommons.org/swtor.wikia.com/resource/Jedi_Initiate	=	1.0000
http://starwars.wikia.com/wiki/Special:FilePath/SeverForce-TNR.jpg	http://swtor.wikia.com/wiki/Special:FilePath/SeverForce-TNR.jpg	=	1.0000
http://dbkwik.webdatacommons.org/starwars.wikia.com/resource/Starbreaker_12	http://dbkwik.webdatacommons.org/swtor.wikia.com/resource/Starbreaker_12	=	1.0000
http://starwars.wikia.com/wiki/Special:FilePath/Geeda1.jpg	http://swtor.wikia.com/wiki/Special:FilePath/Geeda1.jpg	=	1.0000
http://dbkwik.webdatacommons.org/starwars.wikia.com/resource/Jedi_General	http://dbkwik.webdatacommons.org/swtor.wikia.com/resource/Jedi_General	=	1.0000
http://starwars.wikia.com/wiki/Special:FilePath/Sith_ass.jpg	http://swtor.wikia.com/wiki/Special:FilePath/Sith_ass.jpg	=	1.0000
http://dbkwik.webdatacommons.org/starwars.wikia.com/resource/Veem_Set	http://dbkwik.webdatacommons.org/swtor.wikia.com/resource/Veem_Set	=	1.0000
http://dbkwik.webdatacommons.org/starwars.wikia.com/resource/Ulgo_Siegebreaker	http://dbkwik.webdatacommons.org/swtor.wikia.com/resource/Ulgo_Siegebreaker	=	1.0000
http://starwars.wikia.com/wiki/Special:FilePath/Old_Zash.png	http://swtor.wikia.com/wiki/Special:FilePath/Old_Zash.png	=	1.0000
http://dbkwik.webdatacommons.org/starwars.wikia.com/resource/Vaylin	http://dbkwik.webdatacommons.org/swtor.wikia.com/resource/Vaylin	=	1.0000
http://dbkwik.webdatacommons.org/starwars.wikia.com/resource/Chevin	http://dbkwik.webdatacommons.org/swtor.wikia.com/resource/Chevin	=	1.0000
http://starwars.wikia.com/wiki/Special:FilePath/Tavus01.png	http://swtor.wikia.com/wiki/Special:FilePath/Tavus01.png	=	1.0000
http://dbkwik.webdatacommons.org/starwars.wikia.com/resource/Probe_droid	http://dbkwik.webdatacommons.org/swtor.wikia.com/resource/Probe_Droid	=	1.0000
http://dbkwik.webdatacommons.org/starwars.wikia.com/resource/South_Sector_Boppers	http://dbkwik.webdatacommons.org/swtor.wikia.com/resource/South_Sector_Boppers	=	1.0000
http://dbkwik.webdatacommons.org/starwars.wikia.com/resource/Outpost_Talarn	http://dbkwik.webdatacommons.org/swtor.wikia.com/resource/Outpost_Talarn	=	1.0000
http://dbkwik.webdatacommons.org/starwars.wikia.com/resource/Locke	http://dbkwik.webdatacommons.org/swtor.wikia.com/resource/Locke	=	1.0000
http://dbkwik.webdatacommons.org/starwars.wikia.com/property/caption	http://dbkwik.webdatacommons.org/swtor.wikia.com/property/caption	=	1.0000
http://dbkwik.webdatacommons.org/starwars.wikia.com/property/dramatisPersonae	http://dbkwik.webdatacommons.org/swtor.wikia.com/property/dramatisPersonae	=	1.0000
http://starwars.wikia.com/wiki/Special:FilePath/Urinth.png	http://swtor.wikia.com/wiki/Special:FilePath/Urinth.png	=	1.0000
http://dbkwik.webdatacommons.org/starwars.wikia.com/resource/Meetra_Surik	http://dbkwik.webdatacommons.org/swtor.wikia.com/resource/Meetra_Surik	=	1.0000
http://starwars.wikia.com/wiki/Special:FilePath/Tyria.png	http://swtor.wikia.com/wiki/Special:FilePath/Tyria.png	=	1.0000
http://dbkwik.webdatacommons.org/starwars.wikia.com/resource/Feln	http://dbkwik.webdatacommons.org/swtor.wikia.com/resource/Feln	=	1.0000
http://dbkwik.webdatacommons.org/starwars.wikia.com/resource/Saaj_Calician	http://dbkwik.webdatacommons.org/swtor.wikia.com/resource/Saaj_Calician	=	1.0000
http://dbkwik.webdatacommons.org/starwars.wikia.com/resource/Darth_Glovoc	http://dbkwik.webdatacommons.org/swtor.wikia.com/resource/Darth_Glovoc	=	1.0000
http://dbkwik.webdatacommons.org/starwars.wikia.com/resource/Newar_Forrth	http://dbkwik.webdatacommons.org/swtor.wikia.com/resource/Newar_Forrth	=	1.0000
http://dbkwik.webdatacommons.org/starwars.wikia.com/resource/Talvon_Esan	http://dbkwik.webdatacommons.org/swtor.wikia.com/resource/Talvon_Esan	=	1.0000
http://dbkwik.webdatacommons.org/starwars.wikia.com/resource/Renegin	http://dbkwik.webdatacommons.org/swtor.wikia.com/resource/Renegin	=	1.0000
http://dbkwik.webdatacommons.org/starwars.wikia.com/resource/Separatist_stronghold	http://dbkwik.webdatacommons.org/swtor.wikia.com/resource/Separatist_Stronghold	=	1.0000
http://dbkwik.webdatacommons.org/starwars.wikia.com/resource/Sedyn_Kyne	http://dbkwik.webdatacommons.org/swtor.wikia.com/resource/Sedyn_Kyne	=	1.0000
http://dbkwik.webdatacommons.org/starwars.wikia.com/resource/Harridax_Kirill	http://dbkwik.webdatacommons.org/swtor.wikia.com/resource/Harridax_Kirill	=	1.0000
http://dbkwik.webdatacommons.org/starwars.wikia.com/resource/Nasan_Godera	http://dbkwik.webdatacommons.org/swtor.wikia.com/resource/Nasan_Godera	=	1.0000
http://starwars.wikia.com/wiki/Special:FilePath/Darth_Vengean.jpg?width=300	http://swtor.wikia.com/wiki/Special:FilePath/Darth_Vengean.jpg?width=300	=	1.0000
http://dbkwik.webdatacommons.org/starwars.wikia.com/resource/Dia	http://dbkwik.webdatacommons.org/swtor.wikia.com/resource/Dia	=	1.0000
http://starwars.wikia.com/wiki/Special:FilePath/KOTOR33-Barrison1.jpg?width=300	http://swtor.wikia.com/wiki/Special:FilePath/KOTOR33-Barrison1.jpg?width=300	=	1.0000
http://dbkwik.webdatacommons.org/starwars.wikia.com/resource/Parjai	http://dbkwik.webdatacommons.org/swtor.wikia.com/resource/Parjai	=	1.0000
http://dbkwik.webdatacommons.org/starwars.wikia.com/resource/Talloran_village	http://dbkwik.webdatacommons.org/swtor.wikia.com/resource/Talloran_Village	=	1.0000
http://dbkwik.webdatacommons.org/starwars.wikia.com/resource/Hallen	http://dbkwik.webdatacommons.org/swtor.wikia.com/resource/Hallen	=	1.0000
http://dbkwik.webdatacommons.org/starwars.wikia.com/property/builder	http://dbkwik.webdatacommons.org/swtor.wikia.com/property/builder	=	1.0000
http://dbkwik.webdatacommons.org/starwars.wikia.com/resource/Brukarra	http://dbkwik.webdatacommons.org/swtor.wikia.com/resource/Brukarra	=	1.0000
http://starwars.wikia.com/wiki/Special:FilePath/Nar_Shaddaa.jpg?width=300	http://swtor.wikia.com/wiki/Special:FilePath/Nar_Shaddaa.jpg?width=300	=	1.0000
http://starwars.wikia.com/wiki/Special:FilePath/Mical.jpg?width=300	http://swtor.wikia.com/wiki/Special:FilePath/Mical.jpg?width=300	=	1.0000
http://starwars.wikia.com/wiki/Special:FilePath/Darth_Hadra.png	http://swtor.wikia.com/wiki/Special:FilePath/Darth_Hadra.png	=	1.0000
http://starwars.wikia.com/wiki/Special:FilePath/StarForgeSucksGas-KOTOR1.jpg?width=300	http://swtor.wikia.com/wiki/Special:FilePath/StarForgeSucksGas-KOTOR1.jpg?width=300	=	1.0000
http://dbkwik.webdatacommons.org/starwars.wikia.com/resource/Chuundar	http://dbkwik.webdatacommons.org/swtor.wikia.com/resource/Chuundar	=	1.0000
http://dbkwik.webdatacommons.org/starwars.wikia.com/resource/Trooper	http://dbkwik.webdatacommons.org/swtor.wikia.com/resource/Trooper	=	1.0000
http://dbkwik.webdatacommons.org/starwars.wikia.com/resource/Concussion	http://dbkwik.webdatacommons.org/swtor.wikia.com/resource/Concussion	=	1.0000
http://dbkwik.webdatacommons.org/starwars.wikia.com/resource/Varek_Tarn	http://dbkwik.webdatacommons.org/swtor.wikia.com/resource/Varek_Tarn	=	1.0000
http://starwars.wikia.com/wiki/Special:FilePath/Foreman_Crusher.png?width=300	http://swtor.wikia.com/wiki/Special:FilePath/Foreman_Crusher.png?width=300	=	1.0000
http://dbkwik.webdatacommons.org/starwars.wikia.com/resource/Space_station	http://dbkwik.webdatacommons.org/swtor.wikia.com/resource/Space_station	=	1.0000
http://dbkwik.webdatacommons.org/starwars.wikia.com/resource/Bakkel	http://dbkwik.webdatacommons.org/swtor.wikia.com/resource/Bakkel	=	1.0000
http://dbkwik.webdatacommons.org/starwars.wikia.com/resource/Tasia_Valenza	http://dbkwik.webdatacommons.org/swtor.wikia.com/resource/Tasia_Valenza	=	1.0000
http://dbkwik.webdatacommons.org/starwars.wikia.com/resource/Chilling_Death_Spire	http://dbkwik.webdatacommons.org/swtor.wikia.com/resource/Chilling_Death_Spire	=	1.0000
http://dbkwik.webdatacommons.org/starwars.wikia.com/resource/Dathis_Elgin	http://dbkwik.webdatacommons.org/swtor.wikia.com/resource/Dathis_Elgin	=	1.0000
http://dbkwik.webdatacommons.org/starwars.wikia.com/resource/Celeste_Morne	http://dbkwik.webdatacommons.org/swtor.wikia.com/resource/Celeste_Morne	=	1.0000
http://starwars.wikia.com/wiki/Special:FilePath/Nomi%27s_robe.jpg?width=300	http://swtor.wikia.com/wiki/Special:FilePath/Nomi%27s_robe.jpg?width=300	=	1.0000
http://dbkwik.webdatacommons.org/starwars.wikia.com/resource/Zeldrate	http://dbkwik.webdatacommons.org/swtor.wikia.com/resource/Zeldrate	=	1.0000
http://starwars.wikia.com/wiki/Special:FilePath/Marl_Dakwin.png	http://swtor.wikia.com/wiki/Special:FilePath/Marl_Dakwin.png	=	1.0000
http://dbkwik.webdatacommons.org/starwars.wikia.com/resource/Clan_Sharratt	http://dbkwik.webdatacommons.org/swtor.wikia.com/resource/Clan_Sharratt	=	1.0000
http://dbkwik.webdatacommons.org/starwars.wikia.com/resource/HXI-54_Juggernaut	http://dbkwik.webdatacommons.org/swtor.wikia.com/resource/HXI-54_Juggernaut	=	1.0000
http://starwars.wikia.com/wiki/Special:FilePath/Mako.png	http://swtor.wikia.com/wiki/Special:FilePath/Mako.png	=	1.0000
http://dbkwik.webdatacommons.org/starwars.wikia.com/resource/Spirit_of_Vengeance	http://dbkwik.webdatacommons.org/swtor.wikia.com/resource/Spirit_of_Vengeance	=	1.0000
http://starwars.wikia.com/wiki/Special:FilePath/SithFighter.jpg	http://swtor.wikia.com/wiki/Special:FilePath/Sith_Fighter.jpg	=	1.0000
http://dbkwik.webdatacommons.org/starwars.wikia.com/resource/Flingeld	http://dbkwik.webdatacommons.org/swtor.wikia.com/resource/Flingeld	=	1.0000
http://starwars.wikia.com/wiki/Special:FilePath/Join_the_Fight.png?width=300	http://swtor.wikia.com/wiki/Special:FilePath/Join_The_Fight.png?width=300	=	1.0000
http://dbkwik.webdatacommons.org/starwars.wikia.com/resource/Cariaga_Sin	http://dbkwik.webdatacommons.org/swtor.wikia.com/resource/Cariaga_Sin	=	1.0000
http://dbkwik.webdatacommons.org/starwars.wikia.com/class/planet	http://dbkwik.webdatacommons.org/swtor.wikia.com/class/planet	=	1.0000
http://dbkwik.webdatacommons.org/starwars.wikia.com/resource/Iktotchon	http://dbkwik.webdatacommons.org/swtor.wikia.com/resource/Iktotchon	=	1.0000
http://dbkwik.webdatacommons.org/starwars.wikia.com/resource/Jek_Kardan	http://dbkwik.webdatacommons.org/swtor.wikia.com/resource/Jek_Kardan	=	1.0000
http://starwars.wikia.com/wiki/Special:FilePath/Markan.png?width=300	http://swtor.wikia.com/wiki/Special:FilePath/Markan.png?width=300	=	1.0000
http://dbkwik.webdatacommons.org/starwars.wikia.com/resource/Khomo_Fett	http://dbkwik.webdatacommons.org/swtor.wikia.com/resource/Khomo_Fett	=	1.0000
http://starwars.wikia.com/wiki/Special:FilePath/Ubrikkian_Raider.png?width=300	http://swtor.wikia.com/wiki/Special:FilePath/Ubrikkian_Raider.png?width=300	=	1.0000
http://dbkwik.webdatacommons.org/starwars.wikia.com/resource/Star_Wars:_The_Old_Republic:_Knights_of_the_Fallen_Empire	http://dbkwik.webdatacommons.org/swtor.wikia.com/resource/Star_Wars:_The_Old_Republic:_Knights_of_the_Fallen_Empire	=	1.0000
http://starwars.wikia.com/wiki/Special:FilePath/Nihilus_saber.jpg?width=300	http://swtor.wikia.com/wiki/Special:FilePath/Nihilus_saber.jpg?width=300	=	1.0000
http://dbkwik.webdatacommons.org/starwars.wikia.com/resource/Starship_Graveyard	http://dbkwik.webdatacommons.org/swtor.wikia.com/resource/Starship_Graveyard	=	1.0000
http://dbkwik.webdatacommons.org/starwars.wikia.com/resource/Wraith	http://dbkwik.webdatacommons.org/swtor.wikia.com/resource/Wraith	=	1.0000
http://dbkwik.webdatacommons.org/starwars.wikia.com/resource/Jakarro	http://dbkwik.webdatacommons.org/swtor.wikia.com/resource/Jakarro	=	1.0000
http://starwars.wikia.com/wiki/Special:FilePath/Zeerid_Korr.jpg?width=300	http://swtor.wikia.com/wiki/Special:FilePath/Zeerid_Korr.jpg?width=300	=	1.0000
http://dbkwik.webdatacommons.org/starwars.wikia.com/resource/Muir	http://dbkwik.webdatacommons.org/swtor.wikia.com/resource/Muir	=	1.0000
http://dbkwik.webdatacommons.org/starwars.wikia.com/resource/Kella	http://dbkwik.webdatacommons.org/swtor.wikia.com/resource/Kella	=	1.0000
http://starwars.wikia.com/wiki/Special:FilePath/Briannafightpose.jpg	http://swtor.wikia.com/wiki/Special:FilePath/Briannafightpose.jpg	=	1.0000
http://dbkwik.webdatacommons.org/starwars.wikia.com/resource/Harlon_Fane	http://dbkwik.webdatacommons.org/swtor.wikia.com/resource/Harlon_Fane	=	1.0000
http://dbkwik.webdatacommons.org/starwars.wikia.com/resource/Pandorr	http://dbkwik.webdatacommons.org/swtor.wikia.com/resource/Pandorr	=	1.0000
http://dbkwik.webdatacommons.org/starwars.wikia.com/resource/Ku%27ar_Danar	http://dbkwik.webdatacommons.org/swtor.wikia.com/resource/Ku%27ar_Danar	=	1.0000
http://dbkwik.webdatacommons.org/starwars.wikia.com/resource/Outlander	http://dbkwik.webdatacommons.org/swtor.wikia.com/resource/Outlander	=	1.0000
http://dbkwik.webdatacommons.org/starwars.wikia.com/resource/Sphere_of_Military_Strategy	http://dbkwik.webdatacommons.org/swtor.wikia.com/resource/Sphere_of_Military_Strategy	=	1.0000
http://dbkwik.webdatacommons.org/starwars.wikia.com/resource/Gilagimar	http://dbkwik.webdatacommons.org/swtor.wikia.com/resource/Gilagimar	=	1.0000
http://starwars.wikia.com/wiki/Special:FilePath/B-4D_Legion.png?width=300	http://swtor.wikia.com/wiki/Special:FilePath/B-4D_Legion.png?width=300	=	1.0000
http://dbkwik.webdatacommons.org/starwars.wikia.com/resource/Masrii	http://dbkwik.webdatacommons.org/swtor.wikia.com/resource/Masrii	=	1.0000
http://dbkwik.webdatacommons.org/starwars.wikia.com/resource/Kendra_Novar	http://dbkwik.webdatacommons.org/swtor.wikia.com/resource/Kendra_Novar	=	1.0000
http://dbkwik.webdatacommons.org/starwars.wikia.com/resource/Kalthir	http://dbkwik.webdatacommons.org/swtor.wikia.com/resource/Kalthir	=	1.0000
http://dbkwik.webdatacommons.org/starwars.wikia.com/resource/Mantellian_flutterplume	http://dbkwik.webdatacommons.org/swtor.wikia.com/resource/Mantellian_Flutterplume	=	1.0000
http://dbkwik.webdatacommons.org/starwars.wikia.com/resource/Galas	http://dbkwik.webdatacommons.org/swtor.wikia.com/resource/Galas	=	1.0000
http://dbkwik.webdatacommons.org/starwars.wikia.com/resource/Na%27daz	http://dbkwik.webdatacommons.org/swtor.wikia.com/resource/Na%27daz	=	1.0000
http://dbkwik.webdatacommons.org/starwars.wikia.com/resource/Eagle	http://dbkwik.webdatacommons.org/swtor.wikia.com/resource/Eagle	=	1.0000
http://dbkwik.webdatacommons.org/starwars.wikia.com/resource/Sith_artifact	http://dbkwik.webdatacommons.org/swtor.wikia.com/resource/Sith_artifact	=	1.0000
http://dbkwik.webdatacommons.org/starwars.wikia.com/resource/Category:Articles_to_be_merged	http://dbkwik.webdatacommons.org/swtor.wikia.com/resource/Category:Articles_to_be_merged	=	1.0000
http://dbkwik.webdatacommons.org/starwars.wikia.com/resource/Galactic_Basic_Standard	http://dbkwik.webdatacommons.org/swtor.wikia.com/resource/Galactic_Basic_Standard	=	1.0000
http://dbkwik.webdatacommons.org/starwars.wikia.com/resource/Huttball	http://dbkwik.webdatacommons.org/swtor.wikia.com/resource/Huttball	=	1.0000
http://dbkwik.webdatacommons.org/starwars.wikia.com/resource/Operator_IX	http://dbkwik.webdatacommons.org/swtor.wikia.com/resource/Operator_IX	=	1.0000
http://dbkwik.webdatacommons.org/starwars.wikia.com/resource/Unidentified_Sith_Knight	http://dbkwik.webdatacommons.org/swtor.wikia.com/resource/Unidentified_Sith_Knight	=	1.0000
http://starwars.wikia.com/wiki/Special:FilePath/Sith_revan.jpg?width=300	http://swtor.wikia.com/wiki/Special:FilePath/Sith_revan.jpg?width=300	=	1.0000
http://dbkwik.webdatacommons.org/starwars.wikia.com/property/previous	http://dbkwik.webdatacommons.org/swtor.wikia.com/property/previous	=	1.0000
http://dbkwik.webdatacommons.org/starwars.wikia.com/resource/Jedi!	http://dbkwik.webdatacommons.org/swtor.wikia.com/resource/Jedi	=	1.0000
http://starwars.wikia.com/wiki/Special:FilePath/YavinStation.jpg?width=300	http://swtor.wikia.com/wiki/Special:FilePath/Yavin_station.jpg?width=300	=	1.0000
http://dbkwik.webdatacommons.org/starwars.wikia.com/resource/Jedi_Guardian	http://dbkwik.webdatacommons.org/swtor.wikia.com/resource/Jedi_Guardian	=	1.0000
http://dbkwik.webdatacommons.org/starwars.wikia.com/resource/Forum:Index	http://dbkwik.webdatacommons.org/swtor.wikia.com/resource/Forum:Index	=	1.0000
http://dbkwik.webdatacommons.org/starwars.wikia.com/resource/Sluis_Van	http://dbkwik.webdatacommons.org/swtor.wikia.com/resource/Sluis_Van	=	1.0000
http://dbkwik.webdatacommons.org/starwars.wikia.com/resource/Vulta_Daanat	http://dbkwik.webdatacommons.org/swtor.wikia.com/resource/Vulta_Daanat	=	1.0000
http://dbkwik.webdatacommons.org/starwars.wikia.com/resource/Battle_of_Alderaan	http://dbkwik.webdatacommons.org/swtor.wikia.com/resource/Battle_of_Alderaan	=	1.0000
http://dbkwik.webdatacommons.org/starwars.wikia.com/resource/Zeltros	http://dbkwik.webdatacommons.org/swtor.wikia.com/resource/Zeltros	=	1.0000
http://dbkwik.webdatacommons.org/starwars.wikia.com/resource/Darth_Arctis	http://dbkwik.webdatacommons.org/swtor.wikia.com/resource/Darth_Arctis	=	1.0000
http://dbkwik.webdatacommons.org/starwars.wikia.com/resource/Ugnaught	http://dbkwik.webdatacommons.org/swtor.wikia.com/resource/Ugnaught	=	1.0000
http://dbkwik.webdatacommons.org/starwars.wikia.com/resource/Flame_of_Sinthara	http://dbkwik.webdatacommons.org/swtor.wikia.com/resource/Flame_of_Sinthara	=	1.0000
http://dbkwik.webdatacommons.org/starwars.wikia.com/resource/Galactic_Solutions_Industries	http://dbkwik.webdatacommons.org/swtor.wikia.com/resource/Galactic_Solutions_Industries	=	1.0000
http://dbkwik.webdatacommons.org/starwars.wikia.com/resource/Hezzoran	http://dbkwik.webdatacommons.org/swtor.wikia.com/resource/Hezzoran	=	1.0000
http://dbkwik.webdatacommons.org/starwars.wikia.com/resource/Unidentified_Nosaurian_apprentice	http://dbkwik.webdatacommons.org/swtor.wikia.com/resource/Unidentified_Nosaurian_apprentice	=	1.0000
http://dbkwik.webdatacommons.org/starwars.wikia.com/resource/Praven	http://dbkwik.webdatacommons.org/swtor.wikia.com/resource/Praven	=	1.0000
http://starwars.wikia.com/wiki/Special:FilePath/Longspur_Blaze.png	http://swtor.wikia.com/wiki/Special:FilePath/Longspur_blaze.png	=	1.0000
http://dbkwik.webdatacommons.org/starwars.wikia.com/resource/Killik	http://dbkwik.webdatacommons.org/swtor.wikia.com/resource/Killik	=	1.0000
http://dbkwik.webdatacommons.org/starwars.wikia.com/resource/Corbro_Stanch	http://dbkwik.webdatacommons.org/swtor.wikia.com/resource/Corbro_Stanch	=	1.0000
http://dbkwik.webdatacommons.org/starwars.wikia.com/resource/Harbinger	http://dbkwik.webdatacommons.org/swtor.wikia.com/resource/Harbinger	=	1.0000
http://starwars.wikia.com/wiki/Special:FilePath/Aratech_Scythe.png	http://swtor.wikia.com/wiki/Special:FilePath/Aratech_scythe.png	=	1.0000
http://dbkwik.webdatacommons.org/starwars.wikia.com/resource/Diago_Hixan	http://dbkwik.webdatacommons.org/swtor.wikia.com/resource/Diago_Hixan	=	1.0000
http://dbkwik.webdatacommons.org/starwars.wikia.com/resource/Borderpost_Augis	http://dbkwik.webdatacommons.org/swtor.wikia.com/resource/Borderpost_Augis	=	1.0000
http://dbkwik.webdatacommons.org/starwars.wikia.com/resource/Category:Near-Human_Hybrids	http://dbkwik.webdatacommons.org/swtor.wikia.com/resource/Category:Near-Human_Hybrids	=	1.0000
http://dbkwik.webdatacommons.org/starwars.wikia.com/resource/Begeren	http://dbkwik.webdatacommons.org/swtor.wikia.com/resource/Begeren	=	1.0000
http://starwars.wikia.com/wiki/Special:FilePath/Hallen.png	http://swtor.wikia.com/wiki/Special:FilePath/Hallen.png	=	1.0000
http://starwars.wikia.com/wiki/Special:FilePath/BalaNisi.jpg?width=300	http://swtor.wikia.com/wiki/Special:FilePath/Bala_Nisi.jpg?width=300	=	1.0000
http://dbkwik.webdatacommons.org/starwars.wikia.com/resource/Portho_Kaltemmic	http://dbkwik.webdatacommons.org/swtor.wikia.com/resource/Portho_Kaltemmic	=	1.0000
http://dbkwik.webdatacommons.org/starwars.wikia.com/resource/Pollus_Avesta	http://dbkwik.webdatacommons.org/swtor.wikia.com/resource/Pollus_Avesta	=	1.0000
http://starwars.wikia.com/wiki/Special:FilePath/Lhosan_Thunderbolt.png?width=300	http://swtor.wikia.com/wiki/Special:FilePath/Lhosan_thunderbolt.png?width=300	=	1.0000
http://dbkwik.webdatacommons.org/starwars.wikia.com/resource/Jindo_Krey	http://dbkwik.webdatacommons.org/swtor.wikia.com/resource/Jindo_Krey	=	1.0000
http://starwars.wikia.com/wiki/Special:FilePath/Theoretika.png?width=300	http://swtor.wikia.com/wiki/Special:FilePath/Theoretika.png?width=300	=	1.0000
http://dbkwik.webdatacommons.org/starwars.wikia.com/resource/Rokuss	http://dbkwik.webdatacommons.org/swtor.wikia.com/resource/Rokuss	=	1.0000
http://dbkwik.webdatacommons.org/starwars.wikia.com/resource/Alzoc_III	http://dbkwik.webdatacommons.org/swtor.wikia.com/resource/Alzoc_III	=	1.0000
http://dbkwik.webdatacommons.org/starwars.wikia.com/resource/Qual	http://dbkwik.webdatacommons.org/swtor.wikia.com/resource/Qual	=	1.0000
http://dbkwik.webdatacommons.org/starwars.wikia.com/resource/The_Shroud	http://dbkwik.webdatacommons.org/swtor.wikia.com/resource/The_Shroud	=	1.0000
http://dbkwik.webdatacommons.org/starwars.wikia.com/resource/Imperial_Starship_2423T6H3L5	http://dbkwik.webdatacommons.org/swtor.wikia.com/resource/Imperial_Starship_2423T6H3L5	=	1.0000
http://starwars.wikia.com/wiki/Special:FilePath/SithPersonnelCarrier.jpg?width=300	http://swtor.wikia.com/wiki/Special:FilePath/Sith_Personnel_Carrier.jpg?width=300	=	1.0000
http://dbkwik.webdatacommons.org/starwars.wikia.com/resource/Daksh	http://dbkwik.webdatacommons.org/swtor.wikia.com/resource/Daksh	=	1.0000
http://dbkwik.webdatacommons.org/starwars.wikia.com/resource/Garon_Borm	http://dbkwik.webdatacommons.org/swtor.wikia.com/resource/Garon_Borm	=	1.0000
http://dbkwik.webdatacommons.org/starwars.wikia.com/resource/HK-55	http://dbkwik.webdatacommons.org/swtor.wikia.com/resource/HK-55	=	1.0000
http://dbkwik.webdatacommons.org/starwars.wikia.com/resource/Dokath-Ra	http://dbkwik.webdatacommons.org/swtor.wikia.com/resource/Dokath-Ra	=	1.0000
http://dbkwik.webdatacommons.org/starwars.wikia.com/resource/Sith_Academy_(Dromund_Kaas)	http://dbkwik.webdatacommons.org/swtor.wikia.com/resource/Sith_Academy_(Dromund_Kaas)	=	1.0000
http://dbkwik.webdatacommons.org/starwars.wikia.com/resource/Unidentified_female_Jedi_(Atton_Rand)	http://dbkwik.webdatacommons.org/swtor.wikia.com/resource/Unidentified_female_Jedi_(Atton_Rand)	=	1.0000
http://dbkwik.webdatacommons.org/starwars.wikia.com/resource/Kyrenic	http://dbkwik.webdatacommons.org/swtor.wikia.com/resource/Kyrenic	=	1.0000
http://starwars.wikia.com/wiki/Special:FilePath/Femi.jpg	http://swtor.wikia.com/wiki/Special:FilePath/Femi.jpg	=	1.0000
http://starwars.wikia.com/wiki/Special:FilePath/Skavak.png?width=300	http://swtor.wikia.com/wiki/Special:FilePath/Skavak.png?width=300	=	1.0000
http://dbkwik.webdatacommons.org/starwars.wikia.com/resource/Gormak	http://dbkwik.webdatacommons.org/swtor.wikia.com/resource/Gormak	=	1.0000
http://starwars.wikia.com/wiki/Special:FilePath/Thranta.jpg?width=300	http://swtor.wikia.com/wiki/Special:FilePath/Thranta.jpg?width=300	=	1.0000
http://dbkwik.webdatacommons.org/starwars.wikia.com/resource/Femi	http://dbkwik.webdatacommons.org/swtor.wikia.com/resource/Femi	=	1.0000
http://dbkwik.webdatacommons.org/starwars.wikia.com/resource/Mynock_(Mandalorian)	http://dbkwik.webdatacommons.org/swtor.wikia.com/resource/Mynock_(Mandalorian)	=	1.0000
http://dbkwik.webdatacommons.org/starwars.wikia.com/resource/Cabaril	http://dbkwik.webdatacommons.org/swtor.wikia.com/resource/Cabaril	=	1.0000
http://dbkwik.webdatacommons.org/starwars.wikia.com/resource/Ivory	http://dbkwik.webdatacommons.org/swtor.wikia.com/resource/Ivory	=	1.0000
http://dbkwik.webdatacommons.org/starwars.wikia.com/resource/Cassa_Hun	http://dbkwik.webdatacommons.org/swtor.wikia.com/resource/Cassa_Hun	=	1.0000
http://starwars.wikia.com/wiki/Special:FilePath/Dark_Temple.png	http://swtor.wikia.com/wiki/Special:FilePath/Dark_Temple.png	=	1.0000
http://dbkwik.webdatacommons.org/starwars.wikia.com/resource/Gamorrean	http://dbkwik.webdatacommons.org/swtor.wikia.com/resource/Gamorrean	=	1.0000
http://dbkwik.webdatacommons.org/starwars.wikia.com/property/races	http://dbkwik.webdatacommons.org/swtor.wikia.com/property/races	=	1.0000
http://dbkwik.webdatacommons.org/starwars.wikia.com/property/developer	http://dbkwik.webdatacommons.org/swtor.wikia.com/property/developer	=	1.0000
http://dbkwik.webdatacommons.org/starwars.wikia.com/resource/Mandalorian_Wars	http://dbkwik.webdatacommons.org/swtor.wikia.com/resource/Mandalorian_Wars	=	1.0000
http://dbkwik.webdatacommons.org/starwars.wikia.com/resource/Ommin%27s_father	http://dbkwik.webdatacommons.org/swtor.wikia.com/resource/Ommin%27s_father	=	1.0000
http://dbkwik.webdatacommons.org/starwars.wikia.com/resource/Cona	http://dbkwik.webdatacommons.org/swtor.wikia.com/resource/Cona	=	1.0000
http://dbkwik.webdatacommons.org/starwars.wikia.com/resource/Andria	http://dbkwik.webdatacommons.org/swtor.wikia.com/resource/Andria	=	1.0000
http://dbkwik.webdatacommons.org/starwars.wikia.com/resource/Sith_Master	http://dbkwik.webdatacommons.org/swtor.wikia.com/resource/Sith_Master	=	1.0000
http://dbkwik.webdatacommons.org/starwars.wikia.com/resource/Starrunner	http://dbkwik.webdatacommons.org/swtor.wikia.com/resource/Starrunner	=	1.0000
http://starwars.wikia.com/wiki/Special:FilePath/M1-4X.png	http://swtor.wikia.com/wiki/Special:FilePath/M1-4X.png	=	1.0000
http://starwars.wikia.com/wiki/Special:FilePath/Treaty_of_Coruscant.jpg?width=300	http://swtor.wikia.com/wiki/Special:FilePath/Treaty_of_Coruscant.jpg?width=300	=	1.0000
http://dbkwik.webdatacommons.org/starwars.wikia.com/resource/Beast_Wars	http://dbkwik.webdatacommons.org/swtor.wikia.com/resource/Beast_Wars	=	1.0000
http://dbkwik.webdatacommons.org/starwars.wikia.com/resource/Arcona	http://dbkwik.webdatacommons.org/swtor.wikia.com/resource/Arcona	=	1.0000
http://dbkwik.webdatacommons.org/starwars.wikia.com/resource/Kalikori_village	http://dbkwik.webdatacommons.org/swtor.wikia.com/resource/Kalikori_Village	=	1.0000
http://starwars.wikia.com/wiki/Special:FilePath/Desler_Avenger.png?width=300	http://swtor.wikia.com/wiki/Special:FilePath/Desler_Avenger.png?width=300	=	1.0000
http://dbkwik.webdatacommons.org/starwars.wikia.com/resource/Ludo_Kressh	http://dbkwik.webdatacommons.org/swtor.wikia.com/resource/Ludo_Kressh	=	1.0000
http://dbkwik.webdatacommons.org/starwars.wikia.com/resource/Trell	http://dbkwik.webdatacommons.org/swtor.wikia.com/resource/Trell	=	1.0000
http://starwars.wikia.com/wiki/Special:FilePath/Aurora.jpg?width=300	http://swtor.wikia.com/wiki/Special:FilePath/Aurora.jpg?width=300	=	1.0000
http://dbkwik.webdatacommons.org/starwars.wikia.com/resource/Voss-Ka	http://dbkwik.webdatacommons.org/swtor.wikia.com/resource/Voss-Ka	=	1.0000
http://dbkwik.webdatacommons.org/starwars.wikia.com/resource/Simus	http://dbkwik.webdatacommons.org/swtor.wikia.com/resource/Simus	=	1.0000
http://dbkwik.webdatacommons.org/starwars.wikia.com/resource/Euan_Morton	http://dbkwik.webdatacommons.org/swtor.wikia.com/resource/Euan_Morton	=	1.0000
http://starwars.wikia.com/wiki/Special:FilePath/Lana_Beniko.png?width=300	http://swtor.wikia.com/wiki/Special:FilePath/Lana-Beniko.png?width=300	=	1.0000
http://starwars.wikia.com/wiki/Special:FilePath/BattleEmpressTeta.jpg	http://swtor.wikia.com/wiki/Special:FilePath/BattleEmpressTeta.jpg	=	1.0000
http://dbkwik.webdatacommons.org/starwars.wikia.com/resource/Category:Three_Families	http://dbkwik.webdatacommons.org/swtor.wikia.com/resource/Category:Three_Families	=	1.0000
http://dbkwik.webdatacommons.org/starwars.wikia.com/resource/Upper_City_Cantina	http://dbkwik.webdatacommons.org/swtor.wikia.com/resource/Upper_City_Cantina	=	1.0000
http://starwars.wikia.com/wiki/Special:FilePath/Gurian_Scorpion.png?width=300	http://swtor.wikia.com/wiki/Special:FilePath/Gurian_Scorpion.png?width=300	=	1.0000
http://dbkwik.webdatacommons.org/starwars.wikia.com/resource/Blotus	http://dbkwik.webdatacommons.org/swtor.wikia.com/resource/Blotus	=	1.0000
http://dbkwik.webdatacommons.org/starwars.wikia.com/resource/Category:Starships	http://dbkwik.webdatacommons.org/swtor.wikia.com/resource/Category:Starships	=	1.0000
http://dbkwik.webdatacommons.org/starwars.wikia.com/resource/Vanguard	http://dbkwik.webdatacommons.org/swtor.wikia.com/resource/Vanguard	=	1.0000
http://starwars.wikia.com/wiki/Special:FilePath/Forcestorm.png	http://swtor.wikia.com/wiki/Special:FilePath/Forcestorm.png	=	1.0000
http://dbkwik.webdatacommons.org/starwars.wikia.com/resource/Travi_Pott	http://dbkwik.webdatacommons.org/swtor.wikia.com/resource/Travi_Pott	=	1.0000
http://starwars.wikia.com/wiki/Special:FilePath/Tirsa_Prime.png?width=300	http://swtor.wikia.com/wiki/Special:FilePath/Tirsa_Prime.png?width=300	=	1.0000
http://dbkwik.webdatacommons.org/starwars.wikia.com/resource/Sidrona_Diath	http://dbkwik.webdatacommons.org/swtor.wikia.com/resource/Sidrona_Diath	=	1.0000
http://dbkwik.webdatacommons.org/starwars.wikia.com/resource/Starbreeze	http://dbkwik.webdatacommons.org/swtor.wikia.com/resource/Starbreeze	=	1.0000
http://dbkwik.webdatacommons.org/starwars.wikia.com/resource/Port_Nowhere	http://dbkwik.webdatacommons.org/swtor.wikia.com/resource/Port_Nowhere	=	1.0000
http://starwars.wikia.com/wiki/Special:FilePath/MemitNadill.jpg	http://swtor.wikia.com/wiki/Special:FilePath/Memit_Nadill.jpg	=	1.0000
http://starwars.wikia.com/wiki/Special:FilePath/B-4D_Legion.png	http://swtor.wikia.com/wiki/Special:FilePath/B-4D_Legion.png	=	1.0000
http://starwars.wikia.com/wiki/Special:FilePath/Haken.png?width=300	http://swtor.wikia.com/wiki/Special:FilePath/Haken.png?width=300	=	1.0000
http://dbkwik.webdatacommons.org/starwars.wikia.com/resource/Skadge	http://dbkwik.webdatacommons.org/swtor.wikia.com/resource/Skadge	=	1.0000
http://dbkwik.webdatacommons.org/starwars.wikia.com/resource/Unidentified_male_Human_Jedi_(Capture_of_Darth_Revan)	http://dbkwik.webdatacommons.org/swtor.wikia.com/resource/Unidentified_male_Human_Jedi_(Capture_of_Darth_Revan)	=	1.0000
http://dbkwik.webdatacommons.org/starwars.wikia.com/resource/Cahel_Tse	http://dbkwik.webdatacommons.org/swtor.wikia.com/resource/Cahel_Tse	=	1.0000
http://starwars.wikia.com/wiki/Special:FilePath/Zooki.png?width=300	http://swtor.wikia.com/wiki/Special:FilePath/Zooki.png?width=300	=	1.0000
http://dbkwik.webdatacommons.org/starwars.wikia.com/resource/Jogotha	http://dbkwik.webdatacommons.org/swtor.wikia.com/resource/Jogotha	=	1.0000
http://dbkwik.webdatacommons.org/starwars.wikia.com/resource/Twi%27lek	http://dbkwik.webdatacommons.org/swtor.wikia.com/resource/Twi%27lek	=	1.0000
http://dbkwik.webdatacommons.org/starwars.wikia.com/resource/SGS-41B_Comet_Breaker	http://dbkwik.webdatacommons.org/swtor.wikia.com/resource/SGS-41B_Comet_Breaker	=	1.0000
http://starwars.wikia.com/wiki/Special:FilePath/Sajar_Quesh.png	http://swtor.wikia.com/wiki/Special:FilePath/Sajar_Quesh.png	=	1.0000
http://starwars.wikia.com/wiki/Special:FilePath/Tyria.png?width=300	http://swtor.wikia.com/wiki/Special:FilePath/Tyria.png?width=300	=	1.0000
http://dbkwik.webdatacommons.org/starwars.wikia.com/resource/Heavy_Trooper	http://dbkwik.webdatacommons.org/swtor.wikia.com/resource/Heavy_Trooper	=	1.0000
http://dbkwik.webdatacommons.org/starwars.wikia.com/resource/Lightning_Storm	http://dbkwik.webdatacommons.org/swtor.wikia.com/resource/Lightning_Storm	=	1.0000
http://starwars.wikia.com/wiki/Special:FilePath/Zero.jpg	http://swtor.wikia.com/wiki/Special:FilePath/Zero.jpg	=	1.0000
http://dbkwik.webdatacommons.org/starwars.wikia.com/resource/VT-22_light_troop_transport	http://dbkwik.webdatacommons.org/swtor.wikia.com/resource/VT-22_light_troop_transport	=	1.0000
http://dbkwik.webdatacommons.org/starwars.wikia.com/resource/Anathemos	http://dbkwik.webdatacommons.org/swtor.wikia.com/resource/Anathemos	=	1.0000
http://starwars.wikia.com/wiki/Special:FilePath/Seferiss.png?width=300	http://swtor.wikia.com/wiki/Special:FilePath/Seferiss.png?width=300	=	1.0000
http://dbkwik.webdatacommons.org/starwars.wikia.com/resource/Geeda	http://dbkwik.webdatacommons.org/swtor.wikia.com/resource/Geeda	=	1.0000
http://dbkwik.webdatacommons.org/starwars.wikia.com/resource/Zaalbar	http://dbkwik.webdatacommons.org/swtor.wikia.com/resource/Zaalbar	=	1.0000
http://starwars.wikia.com/wiki/Special:FilePath/Czerka-LD1-Celebrator.png	http://swtor.wikia.com/wiki/Special:FilePath/Czerka_LD1_Celebrator.png	=	1.0000
http://dbkwik.webdatacommons.org/starwars.wikia.com/resource/K%27krohl	http://dbkwik.webdatacommons.org/swtor.wikia.com/resource/K%27krohl	=	1.0000
http://starwars.wikia.com/wiki/Special:FilePath/FT-8_Star_Guard.jpg?width=300	http://swtor.wikia.com/wiki/Special:FilePath/FT-8_StarGuard.jpg?width=300	=	1.0000
http://dbkwik.webdatacommons.org/starwars.wikia.com/resource/Korriban	http://dbkwik.webdatacommons.org/swtor.wikia.com/resource/Korriban	=	1.0000
http://dbkwik.webdatacommons.org/starwars.wikia.com/resource/Gand	http://dbkwik.webdatacommons.org/swtor.wikia.com/resource/Gand	=	1.0000
http://starwars.wikia.com/wiki/Special:FilePath/Battle_of_Coruscant_(Great_Hyperspace_War).jpg	http://swtor.wikia.com/wiki/Special:FilePath/Battle_Of_Coruscant_(Great_Hyperspace_War).jpg	=	1.0000
http://dbkwik.webdatacommons.org/starwars.wikia.com/resource/Darth_Ikoral	http://dbkwik.webdatacommons.org/swtor.wikia.com/resource/Darth_Ikoral	=	1.0000
http://starwars.wikia.com/wiki/Special:FilePath/Ephran_Zell.png?width=300	http://swtor.wikia.com/wiki/Special:FilePath/Ephran_Zell.png?width=300	=	1.0000
http://dbkwik.webdatacommons.org/starwars.wikia.com/resource/Roni_von_Wasaki	http://dbkwik.webdatacommons.org/swtor.wikia.com/resource/Roni_von_Wasaki	=	1.0000
http://dbkwik.webdatacommons.org/starwars.wikia.com/resource/Revanite_compound	http://dbkwik.webdatacommons.org/swtor.wikia.com/resource/Revanite_Compound	=	1.0000
http://dbkwik.webdatacommons.org/starwars.wikia.com/resource/Baspoor_glider	http://dbkwik.webdatacommons.org/swtor.wikia.com/resource/Baspoor_Glider	=	1.0000
http://dbkwik.webdatacommons.org/starwars.wikia.com/resource/Sun_Razer	http://dbkwik.webdatacommons.org/swtor.wikia.com/resource/Sun_Razer	=	1.0000
http://dbkwik.webdatacommons.org/starwars.wikia.com/resource/Hrakert_Rift	http://dbkwik.webdatacommons.org/swtor.wikia.com/resource/Hrakert_Rift	=	1.0000
http://dbkwik.webdatacommons.org/starwars.wikia.com/resource/Unidentified_Twi%27lek_Sith_(Korriban)	http://dbkwik.webdatacommons.org/swtor.wikia.com/resource/Unidentified_Twi%27lek_Sith_(Korriban)	=	1.0000
http://dbkwik.webdatacommons.org/starwars.wikia.com/resource/Sana-Rae	http://dbkwik.webdatacommons.org/swtor.wikia.com/resource/Sana-Rae	=	1.0000
http://starwars.wikia.com/wiki/Special:FilePath/Nolan1.jpg?width=300	http://swtor.wikia.com/wiki/Special:FilePath/Nolan1.jpg?width=300	=	1.0000
http://starwars.wikia.com/wiki/Special:FilePath/Imperial_shuttle.png?width=300	http://swtor.wikia.com/wiki/Special:FilePath/Imperial_Shuttle.png?width=300	=	1.0000
http://dbkwik.webdatacommons.org/starwars.wikia.com/resource/Force_Adept	http://dbkwik.webdatacommons.org/swtor.wikia.com/resource/Force_Adept	=	1.0000
http://dbkwik.webdatacommons.org/starwars.wikia.com/resource/Lemda_Avesta	http://dbkwik.webdatacommons.org/swtor.wikia.com/resource/Lemda_Avesta	=	1.0000
http://dbkwik.webdatacommons.org/starwars.wikia.com/resource/Fortitude	http://dbkwik.webdatacommons.org/swtor.wikia.com/resource/Fortitude	=	1.0000
http://dbkwik.webdatacommons.org/starwars.wikia.com/resource/Unidentified_Padawan_(Vandar_Tokare)	http://dbkwik.webdatacommons.org/swtor.wikia.com/resource/Unidentified_Padawan_(Vandar_Tokare)	=	1.0000
http://starwars.wikia.com/wiki/Special:FilePath/Isric.png	http://swtor.wikia.com/wiki/Special:FilePath/Isric.png	=	1.0000
http://starwars.wikia.com/wiki/Special:FilePath/Corso_Riggs.png?width=300	http://swtor.wikia.com/wiki/Special:FilePath/Corso_riggs.png?width=300	=	1.0000
http://starwars.wikia.com/wiki/Special:FilePath/Emperor%27s_Hand.png	http://swtor.wikia.com/wiki/Special:FilePath/Emperor%27s_Hand.png	=	1.0000
http://starwars.wikia.com/wiki/Special:FilePath/Ferroh.jpg	http://swtor.wikia.com/wiki/Special:FilePath/Ferroh.jpg	=	1.0000
http://dbkwik.webdatacommons.org/starwars.wikia.com/resource/Eseni	http://dbkwik.webdatacommons.org/swtor.wikia.com/resource/Eseni	=	1.0000
http://starwars.wikia.com/wiki/Special:FilePath/Briannafull.jpg	http://swtor.wikia.com/wiki/Special:FilePath/Briannafull.jpg	=	1.0000
http://starwars.wikia.com/wiki/Special:FilePath/MemitNadill.jpg?width=300	http://swtor.wikia.com/wiki/Special:FilePath/Memit_Nadill.jpg?width=300	=	1.0000
http://starwars.wikia.com/wiki/Special:FilePath/Lucky_Lancer.png?width=300	http://swtor.wikia.com/wiki/Special:FilePath/Lucky_Lancer.png?width=300	=	1.0000
http://starwars.wikia.com/wiki/Special:FilePath/Demagol_unmasked.jpg	http://swtor.wikia.com/wiki/Special:FilePath/Demagol_unmasked.jpg	=	1.0000
http://dbkwik.webdatacommons.org/starwars.wikia.com/property/voice	http://dbkwik.webdatacommons.org/swtor.wikia.com/property/voice	=	1.0000
http://dbkwik.webdatacommons.org/starwars.wikia.com/resource/Naga_Sadow%27s_Mothership	http://dbkwik.webdatacommons.org/swtor.wikia.com/resource/Naga_Sadow%27s_Mothership	=	1.0000
http://dbkwik.webdatacommons.org/starwars.wikia.com/resource/Bureau_Chief	http://dbkwik.webdatacommons.org/swtor.wikia.com/resource/Bureau_Chief	=	1.0000
http://dbkwik.webdatacommons.org/starwars.wikia.com/resource/Republic_Operational_Headquarters	http://dbkwik.webdatacommons.org/swtor.wikia.com/resource/Republic_Operational_Headquarters	=	1.0000
http://dbkwik.webdatacommons.org/starwars.wikia.com/resource/Algrunar	http://dbkwik.webdatacommons.org/swtor.wikia.com/resource/Algrunar	=	1.0000
http://dbkwik.webdatacommons.org/starwars.wikia.com/resource/Ithorian_Herdship	http://dbkwik.webdatacommons.org/swtor.wikia.com/resource/Ithorian_Herdship	=	1.0000
http://dbkwik.webdatacommons.org/starwars.wikia.com/resource/Dromo	http://dbkwik.webdatacommons.org/swtor.wikia.com/resource/Dromo	=	1.0000
http://dbkwik.webdatacommons.org/starwars.wikia.com/resource/Barabbula	http://dbkwik.webdatacommons.org/swtor.wikia.com/resource/Barabbula	=	1.0000
http://dbkwik.webdatacommons.org/starwars.wikia.com/resource/Suudaa_Nem%27ro	http://dbkwik.webdatacommons.org/swtor.wikia.com/resource/Suudaa_Nem%27ro	=	1.0000
http://dbkwik.webdatacommons.org/starwars.wikia.com/resource/Yanila_Zavros	http://dbkwik.webdatacommons.org/swtor.wikia.com/resource/Yanila_Zavros	=	1.0000
http://dbkwik.webdatacommons.org/starwars.wikia.com/resource/Synthetic_lightsaber_crystal	http://dbkwik.webdatacommons.org/swtor.wikia.com/resource/Synthetic_lightsaber_crystal	=	1.0000
http://dbkwik.webdatacommons.org/starwars.wikia.com/resource/Dewback	http://dbkwik.webdatacommons.org/swtor.wikia.com/resource/Dewback	=	1.0000
http://dbkwik.webdatacommons.org/starwars.wikia.com/resource/Tulak_Hord	http://dbkwik.webdatacommons.org/swtor.wikia.com/resource/Tulak_Hord	=	1.0000
http://dbkwik.webdatacommons.org/starwars.wikia.com/resource/Whiphid	http://dbkwik.webdatacommons.org/swtor.wikia.com/resource/Whiphid	=	1.0000
http://dbkwik.webdatacommons.org/starwars.wikia.com/resource/Harrower-class_dreadnought	http://dbkwik.webdatacommons.org/swtor.wikia.com/resource/Harrower-class_dreadnought	=	1.0000
http://dbkwik.webdatacommons.org/starwars.wikia.com/resource/Kari_Wahlgren	http://dbkwik.webdatacommons.org/swtor.wikia.com/resource/Kari_Wahlgren	=	1.0000
http://dbkwik.webdatacommons.org/starwars.wikia.com/resource/Subteroth	http://dbkwik.webdatacommons.org/swtor.wikia.com/resource/Subteroth	=	1.0000
http://starwars.wikia.com/wiki/Special:FilePath/Darth_Acina.png?width=300	http://swtor.wikia.com/wiki/Special:FilePath/Darth_acina.png?width=300	=	1.0000
http://starwars.wikia.com/wiki/Special:FilePath/Bowdaar.png	http://swtor.wikia.com/wiki/Special:FilePath/Bowdaar.png	=	1.0000
http://starwars.wikia.com/wiki/Special:FilePath/SithWarrior-TORHope.png	http://swtor.wikia.com/wiki/Special:FilePath/SithWarrior-TORHope.png	=	1.0000
http://starwars.wikia.com/wiki/Special:FilePath/Force_sense.png?width=300	http://swtor.wikia.com/wiki/Special:FilePath/Force_sense.png?width=300	=	1.0000
http://starwars.wikia.com/wiki/Special:FilePath/Briannafull.jpg?width=300	http://swtor.wikia.com/wiki/Special:FilePath/Briannafull.jpg?width=300	=	1.0000
http://dbkwik.webdatacommons.org/starwars.wikia.com/resource/Eskel	http://dbkwik.webdatacommons.org/swtor.wikia.com/resource/Eskel	=	1.0000
http://dbkwik.webdatacommons.org/starwars.wikia.com/resource/Vorantikus	http://dbkwik.webdatacommons.org/swtor.wikia.com/resource/Vorantikus	=	1.0000
http://dbkwik.webdatacommons.org/starwars.wikia.com/resource/Watcher_Three	http://dbkwik.webdatacommons.org/swtor.wikia.com/resource/Watcher_Three	=	1.0000
http://dbkwik.webdatacommons.org/starwars.wikia.com/resource/Randun_Ard	http://dbkwik.webdatacommons.org/swtor.wikia.com/resource/Randun_Ard	=	1.0000
http://dbkwik.webdatacommons.org/starwars.wikia.com/resource/Necus	http://dbkwik.webdatacommons.org/swtor.wikia.com/resource/Necus	=	1.0000
http://dbkwik.webdatacommons.org/starwars.wikia.com/resource/Special_Agent	http://dbkwik.webdatacommons.org/swtor.wikia.com/resource/Special_Agent	=	1.0000
http://starwars.wikia.com/wiki/Special:FilePath/Hyrotii_Scrapper.png	http://swtor.wikia.com/wiki/Special:FilePath/Hyrotii_Scrapper.png	=	1.0000
http://dbkwik.webdatacommons.org/starwars.wikia.com/resource/Fortris_Gall	http://dbkwik.webdatacommons.org/swtor.wikia.com/resource/Fortris_Gall	=	1.0000
http://starwars.wikia.com/wiki/Special:FilePath/Sentinel.png	http://swtor.wikia.com/wiki/Special:FilePath/Sentinel.png	=	1.0000
http://dbkwik.webdatacommons.org/starwars.wikia.com/resource/Category:Nikto	http://dbkwik.webdatacommons.org/swtor.wikia.com/resource/Category:Nikto	=	1.0000
http://dbkwik.webdatacommons.org/starwars.wikia.com/resource/XA-8_starfighter	http://dbkwik.webdatacommons.org/swtor.wikia.com/resource/XA-8_starfighter	=	1.0000
http://dbkwik.webdatacommons.org/starwars.wikia.com/resource/Dol_Grenn	http://dbkwik.webdatacommons.org/swtor.wikia.com/resource/Dol_Grenn	=	1.0000
http://dbkwik.webdatacommons.org/starwars.wikia.com/resource/Jon	http://dbkwik.webdatacommons.org/swtor.wikia.com/resource/Jon	=	1.0000
http://starwars.wikia.com/wiki/Special:FilePath/Am-Ris.jpg	http://swtor.wikia.com/wiki/Special:FilePath/Am-Ris.jpg	=	1.0000
http://dbkwik.webdatacommons.org/starwars.wikia.com/resource/SV-3_Eradicator	http://dbkwik.webdatacommons.org/swtor.wikia.com/resource/SV-3_Eradicator	=	1.0000
http://starwars.wikia.com/wiki/Special:FilePath/NihilusDissolvesOnTheRavager.jpg	http://swtor.wikia.com/wiki/Special:FilePath/NihilusDissolvesOnTheRavager.jpg	=	1.0000
http://dbkwik.webdatacommons.org/starwars.wikia.com/resource/Vyn_Asara	http://dbkwik.webdatacommons.org/swtor.wikia.com/resource/Vyn_Asara	=	1.0000
http://starwars.wikia.com/wiki/Special:FilePath/Wesner.png?width=300	http://swtor.wikia.com/wiki/Special:FilePath/Wesner.png?width=300	=	1.0000
http://dbkwik.webdatacommons.org/starwars.wikia.com/resource/Master	http://dbkwik.webdatacommons.org/swtor.wikia.com/property/master	=	1.0000
http://dbkwik.webdatacommons.org/starwars.wikia.com/resource/Dartship	http://dbkwik.webdatacommons.org/swtor.wikia.com/resource/Dartship	=	1.0000
http://dbkwik.webdatacommons.org/starwars.wikia.com/resource/Red_Light_Sector	http://dbkwik.webdatacommons.org/swtor.wikia.com/resource/Red_Light_Sector	=	1.0000
http://dbkwik.webdatacommons.org/starwars.wikia.com/resource/Zero	http://dbkwik.webdatacommons.org/swtor.wikia.com/resource/Zero	=	1.0000
http://dbkwik.webdatacommons.org/starwars.wikia.com/resource/Freedon_Nadd	http://dbkwik.webdatacommons.org/swtor.wikia.com/resource/Freedon_Nadd	=	1.0000
http://starwars.wikia.com/wiki/Special:FilePath/Odumis_Mer.png?width=300	http://swtor.wikia.com/wiki/Special:FilePath/Odumis_Mer.png?width=300	=	1.0000
http://starwars.wikia.com/wiki/Special:FilePath/Zeltron_Female.jpg?width=300	http://swtor.wikia.com/wiki/Special:FilePath/Zeltron_Female.jpg?width=300	=	1.0000
http://dbkwik.webdatacommons.org/starwars.wikia.com/resource/Darth_Gravus	http://dbkwik.webdatacommons.org/swtor.wikia.com/resource/Darth_Gravus	=	1.0000
http://starwars.wikia.com/wiki/Special:FilePath/Writhing_Horror.png?width=300	http://swtor.wikia.com/wiki/Special:FilePath/Writhing_Horror.png?width=300	=	1.0000
http://dbkwik.webdatacommons.org/starwars.wikia.com/resource/Extempus	http://dbkwik.webdatacommons.org/swtor.wikia.com/resource/Extempus	=	1.0000
http://dbkwik.webdatacommons.org/starwars.wikia.com/resource/Jedi_Watchman	http://dbkwik.webdatacommons.org/swtor.wikia.com/resource/Jedi_Watchman	=	1.0000
http://starwars.wikia.com/wiki/Special:FilePath/VisasBowstoNihilus.png	http://swtor.wikia.com/wiki/Special:FilePath/VisasBowstoNihilus.png	=	1.0000
http://dbkwik.webdatacommons.org/starwars.wikia.com/resource/NL0-A%27s_starship	http://dbkwik.webdatacommons.org/swtor.wikia.com/resource/NL0-A%27s_starship	=	1.0000
http://dbkwik.webdatacommons.org/starwars.wikia.com/resource/Breyer_Chorn	http://dbkwik.webdatacommons.org/swtor.wikia.com/resource/Breyer_Chorn	=	1.0000
http://starwars.wikia.com/wiki/Special:FilePath/Canderous.jpg?width=300	http://swtor.wikia.com/wiki/Special:FilePath/Canderous.jpg?width=300	=	1.0000
http://dbkwik.webdatacommons.org/starwars.wikia.com/resource/Jarg	http://dbkwik.webdatacommons.org/swtor.wikia.com/resource/Jarg	=	1.0000
http://dbkwik.webdatacommons.org/starwars.wikia.com/resource/Corellia	http://dbkwik.webdatacommons.org/swtor.wikia.com/resource/Corellia	=	1.0000
http://dbkwik.webdatacommons.org/starwars.wikia.com/resource/Morgukai	http://dbkwik.webdatacommons.org/swtor.wikia.com/resource/Morgukai	=	1.0000
http://starwars.wikia.com/wiki/Special:FilePath/Ubrikkian_Hunter.png	http://swtor.wikia.com/wiki/Special:FilePath/Ubrikkian_hunter.png	=	1.0000
http://dbkwik.webdatacommons.org/starwars.wikia.com/resource/Sith_academy	http://dbkwik.webdatacommons.org/swtor.wikia.com/resource/Sith_Academy	=	1.0000
http://starwars.wikia.com/wiki/Special:FilePath/Aratech_Scythe.png?width=300	http://swtor.wikia.com/wiki/Special:FilePath/Aratech_scythe.png?width=300	=	1.0000
http://dbkwik.webdatacommons.org/starwars.wikia.com/resource/Quilb	http://dbkwik.webdatacommons.org/swtor.wikia.com/resource/Quilb	=	1.0000
http://dbkwik.webdatacommons.org/starwars.wikia.com/resource/Alek_Teral	http://dbkwik.webdatacommons.org/swtor.wikia.com/resource/Alek_Teral	=	1.0000
http://dbkwik.webdatacommons.org/starwars.wikia.com/resource/Bothawui	http://dbkwik.webdatacommons.org/swtor.wikia.com/resource/Bothawui	=	1.0000
http://dbkwik.webdatacommons.org/starwars.wikia.com/resource/Nomen_Karr	http://dbkwik.webdatacommons.org/swtor.wikia.com/resource/Nomen_Karr	=	1.0000
http://dbkwik.webdatacommons.org/starwars.wikia.com/resource/Arzanon	http://dbkwik.webdatacommons.org/swtor.wikia.com/resource/Arzanon	=	1.0000
http://starwars.wikia.com/wiki/Special:FilePath/Salara.png	http://swtor.wikia.com/wiki/Special:FilePath/Salara.png	=	1.0000
http://starwars.wikia.com/wiki/Special:FilePath/Marka_ragnos_guantlets.jpg	http://swtor.wikia.com/wiki/Special:FilePath/Marka_ragnos_guantlets.jpg	=	1.0000
http://dbkwik.webdatacommons.org/starwars.wikia.com/resource/Republic_military	http://dbkwik.webdatacommons.org/swtor.wikia.com/resource/Republic_Military	=	1.0000
http://dbkwik.webdatacommons.org/starwars.wikia.com/resource/Gnost-Dural	http://dbkwik.webdatacommons.org/swtor.wikia.com/resource/Gnost-Dural	=	1.0000
http://dbkwik.webdatacommons.org/starwars.wikia.com/resource/Vrook_Lamar	http://dbkwik.webdatacommons.org/swtor.wikia.com/resource/Vrook_Lamar	=	1.0000
http://dbkwik.webdatacommons.org/starwars.wikia.com/resource/Unidentified_Emperor%27s_Voice_(Human_female)	http://dbkwik.webdatacommons.org/swtor.wikia.com/resource/Unidentified_Emperor%27s_Voice_(Human_female)	=	1.0000
http://dbkwik.webdatacommons.org/starwars.wikia.com/resource/Harkun	http://dbkwik.webdatacommons.org/swtor.wikia.com/resource/Harkun	=	1.0000
http://starwars.wikia.com/wiki/Special:FilePath/Davik_Kang.jpg	http://swtor.wikia.com/wiki/Special:FilePath/Davik_Kang.jpg	=	1.0000
http://dbkwik.webdatacommons.org/starwars.wikia.com/resource/Ivernus	http://dbkwik.webdatacommons.org/swtor.wikia.com/resource/Ivernus	=	1.0000
http://starwars.wikia.com/wiki/Special:FilePath/Leviathan.jpg	http://swtor.wikia.com/wiki/Special:FilePath/Leviathan.jpg	=	1.0000
http://starwars.wikia.com/wiki/Special:FilePath/IthorianDelegation-Timeline6.jpg	http://swtor.wikia.com/wiki/Special:FilePath/IthorianDelegation-Timeline6.jpg	=	1.0000
http://dbkwik.webdatacommons.org/starwars.wikia.com/resource/Great_Galactic_War	http://dbkwik.webdatacommons.org/swtor.wikia.com/resource/Great_Galactic_War	=	1.0000
http://dbkwik.webdatacommons.org/starwars.wikia.com/resource/Intercessor	http://dbkwik.webdatacommons.org/swtor.wikia.com/resource/Intercessor	=	1.0000
http://starwars.wikia.com/wiki/Special:FilePath/XS_schematics.jpg	http://swtor.wikia.com/wiki/Special:FilePath/XS_schematics.jpg	=	1.0000
http://dbkwik.webdatacommons.org/starwars.wikia.com/resource/Ood_Bnar	http://dbkwik.webdatacommons.org/swtor.wikia.com/resource/Ood_Bnar	=	1.0000
http://dbkwik.webdatacommons.org/starwars.wikia.com/resource/Slippery_Slopes_Cantina	http://dbkwik.webdatacommons.org/swtor.wikia.com/resource/Slippery_Slopes_Cantina	=	1.0000
http://dbkwik.webdatacommons.org/starwars.wikia.com/resource/Razor	http://dbkwik.webdatacommons.org/swtor.wikia.com/resource/Razor	=	1.0000
http://dbkwik.webdatacommons.org/starwars.wikia.com/resource/Ako_Domi	http://dbkwik.webdatacommons.org/swtor.wikia.com/resource/Ako_Domi	=	1.0000
http://dbkwik.webdatacommons.org/starwars.wikia.com/resource/Sarn_Ko	http://dbkwik.webdatacommons.org/swtor.wikia.com/resource/Sarn_Ko	=	1.0000
http://starwars.wikia.com/wiki/Special:FilePath/Titan_6.png	http://swtor.wikia.com/wiki/Special:FilePath/Titan_6.png	=	1.0000
http://dbkwik.webdatacommons.org/starwars.wikia.com/resource/Mutant	http://dbkwik.webdatacommons.org/swtor.wikia.com/resource/Mutant	=	1.0000
http://dbkwik.webdatacommons.org/starwars.wikia.com/resource/Quillan_(Sith)	http://dbkwik.webdatacommons.org/swtor.wikia.com/resource/Quillan_(Sith)	=	1.0000
http://dbkwik.webdatacommons.org/starwars.wikia.com/resource/Unidentified_Aqualish_Sith_hopeful	http://dbkwik.webdatacommons.org/swtor.wikia.com/resource/Unidentified_Aqualish_Sith_hopeful	=	1.0000
http://dbkwik.webdatacommons.org/starwars.wikia.com/resource/Jar%27Kai	http://dbkwik.webdatacommons.org/swtor.wikia.com/resource/Jar%27Kai	=	1.0000
http://dbkwik.webdatacommons.org/starwars.wikia.com/resource/Daughter	http://dbkwik.webdatacommons.org/swtor.wikia.com/property/daughter	=	1.0000
http://dbkwik.webdatacommons.org/starwars.wikia.com/resource/Exile_(punishment)	http://dbkwik.webdatacommons.org/swtor.wikia.com/resource/Exile_(punishment)	=	1.0000
http://dbkwik.webdatacommons.org/starwars.wikia.com/resource/Eldon_Ax	http://dbkwik.webdatacommons.org/swtor.wikia.com/resource/Eldon_Ax	=	1.0000
http://dbkwik.webdatacommons.org/starwars.wikia.com/property/power	http://dbkwik.webdatacommons.org/swtor.wikia.com/resource/Power	=	1.0000
http://dbkwik.webdatacommons.org/starwars.wikia.com/resource/Orgus_Din	http://dbkwik.webdatacommons.org/swtor.wikia.com/resource/Orgus_Din	=	1.0000
http://dbkwik.webdatacommons.org/starwars.wikia.com/resource/Category:Cyborgs	http://dbkwik.webdatacommons.org/swtor.wikia.com/resource/Category:Cyborgs	=	1.0000
http://dbkwik.webdatacommons.org/starwars.wikia.com/resource/Qrrrl_Toq	http://dbkwik.webdatacommons.org/swtor.wikia.com/resource/Qrrrl_Toq	=	1.0000
http://dbkwik.webdatacommons.org/starwars.wikia.com/resource/Hammerhead-class_cruiser	http://dbkwik.webdatacommons.org/swtor.wikia.com/resource/Hammerhead-class_cruiser	=	1.0000
http://dbkwik.webdatacommons.org/starwars.wikia.com/resource/Corsair	http://dbkwik.webdatacommons.org/swtor.wikia.com/resource/Corsair	=	1.0000
http://dbkwik.webdatacommons.org/starwars.wikia.com/resource/SGS-45_Quarrel	http://dbkwik.webdatacommons.org/swtor.wikia.com/resource/SGS-45_Quarrel	=	1.0000
http://starwars.wikia.com/wiki/Special:FilePath/Imperial_Pacification_Droid.png	http://swtor.wikia.com/wiki/Special:FilePath/ImperialPacificationDroid.png	=	1.0000
http://dbkwik.webdatacommons.org/starwars.wikia.com/resource/Kel_Dor	http://dbkwik.webdatacommons.org/swtor.wikia.com/resource/Kel_Dor	=	1.0000
http://dbkwik.webdatacommons.org/starwars.wikia.com/resource/Esh-kha	http://dbkwik.webdatacommons.org/swtor.wikia.com/resource/Esh-kha	=	1.0000
http://dbkwik.webdatacommons.org/starwars.wikia.com/resource/Lisk	http://dbkwik.webdatacommons.org/swtor.wikia.com/resource/Lisk	=	1.0000
http://dbkwik.webdatacommons.org/starwars.wikia.com/resource/Writch_Hurley	http://dbkwik.webdatacommons.org/swtor.wikia.com/resource/Writch_Hurley	=	1.0000
http://dbkwik.webdatacommons.org/starwars.wikia.com/resource/Vorten_Fett	http://dbkwik.webdatacommons.org/swtor.wikia.com/resource/Vorten_Fett	=	1.0000
http://starwars.wikia.com/wiki/Special:FilePath/Trayusacademy.jpg	http://swtor.wikia.com/wiki/Special:FilePath/Trayusacademy.jpg	=	1.0000
http://starwars.wikia.com/wiki/Special:FilePath/CitadelStation.jpg?width=300	http://swtor.wikia.com/wiki/Special:FilePath/Citadel_Station.jpg?width=300	=	1.0000
http://dbkwik.webdatacommons.org/starwars.wikia.com/resource/Flashfire	http://dbkwik.webdatacommons.org/swtor.wikia.com/resource/Flashfire	=	1.0000
http://dbkwik.webdatacommons.org/starwars.wikia.com/resource/Cerea	http://dbkwik.webdatacommons.org/swtor.wikia.com/resource/Cerea	=	1.0000
http://dbkwik.webdatacommons.org/starwars.wikia.com/resource/Axehead_frigate	http://dbkwik.webdatacommons.org/swtor.wikia.com/resource/Axehead_frigate	=	1.0000
http://dbkwik.webdatacommons.org/starwars.wikia.com/resource/Sith_lightsaber	http://dbkwik.webdatacommons.org/swtor.wikia.com/resource/Sith_lightsaber	=	1.0000
http://dbkwik.webdatacommons.org/starwars.wikia.com/resource/Category:Comics	http://dbkwik.webdatacommons.org/swtor.wikia.com/resource/Category:Comics	=	1.0000
http://dbkwik.webdatacommons.org/starwars.wikia.com/resource/Tears_of_Taris	http://dbkwik.webdatacommons.org/swtor.wikia.com/resource/Tears_of_Taris	=	1.0000
http://dbkwik.webdatacommons.org/starwars.wikia.com/resource/Adrenal_synthesis_factory	http://dbkwik.webdatacommons.org/swtor.wikia.com/resource/Adrenal_Synthesis_Factory	=	1.0000
http://dbkwik.webdatacommons.org/starwars.wikia.com/resource/Aven_Geth	http://dbkwik.webdatacommons.org/swtor.wikia.com/resource/Aven_Geth	=	1.0000
http://dbkwik.webdatacommons.org/starwars.wikia.com/resource/Dramath	http://dbkwik.webdatacommons.org/swtor.wikia.com/resource/Dramath	=	1.0000
http://dbkwik.webdatacommons.org/starwars.wikia.com/resource/House_Ulgo	http://dbkwik.webdatacommons.org/swtor.wikia.com/resource/House_Ulgo	=	1.0000
http://starwars.wikia.com/wiki/Special:FilePath/Kumus1.jpg	http://swtor.wikia.com/wiki/Special:FilePath/Kumus1.jpg	=	1.0000
http://starwars.wikia.com/wiki/Special:FilePath/Dantooine2.jpg?width=300	http://swtor.wikia.com/wiki/Special:FilePath/Dantooine2.jpg?width=300	=	1.0000
http://dbkwik.webdatacommons.org/starwars.wikia.com/resource/Concussion_charge	http://dbkwik.webdatacommons.org/swtor.wikia.com/resource/Concussion_Charge	=	1.0000
http://dbkwik.webdatacommons.org/starwars.wikia.com/resource/Yavin_Station	http://dbkwik.webdatacommons.org/swtor.wikia.com/resource/Yavin_Station	=	1.0000
http://dbkwik.webdatacommons.org/starwars.wikia.com/resource/The_Works	http://dbkwik.webdatacommons.org/swtor.wikia.com/resource/The_Works	=	1.0000
http://dbkwik.webdatacommons.org/starwars.wikia.com/resource/Lord	http://dbkwik.webdatacommons.org/swtor.wikia.com/resource/Lord	=	1.0000
http://dbkwik.webdatacommons.org/starwars.wikia.com/resource/Battle_of_Agamar	http://dbkwik.webdatacommons.org/swtor.wikia.com/resource/Battle_of_Agamar	=	1.0000
http://dbkwik.webdatacommons.org/starwars.wikia.com/resource/Subspecies	http://dbkwik.webdatacommons.org/swtor.wikia.com/resource/Subspecies	=	1.0000
http://dbkwik.webdatacommons.org/starwars.wikia.com/resource/Imperial_Army	http://dbkwik.webdatacommons.org/swtor.wikia.com/resource/Imperial_Army	=	1.0000
http://dbkwik.webdatacommons.org/starwars.wikia.com/resource/Komad_Fortuna	http://dbkwik.webdatacommons.org/swtor.wikia.com/resource/Komad_Fortuna	=	1.0000
http://dbkwik.webdatacommons.org/starwars.wikia.com/resource/Novare_Coast	http://dbkwik.webdatacommons.org/swtor.wikia.com/resource/Novare_Coast	=	1.0000
http://dbkwik.webdatacommons.org/starwars.wikia.com/resource/Selonia	http://dbkwik.webdatacommons.org/swtor.wikia.com/resource/Selonia	=	1.0000
http://dbkwik.webdatacommons.org/starwars.wikia.com/resource/Darth_Xedrix	http://dbkwik.webdatacommons.org/swtor.wikia.com/resource/Darth_Xedrix	=	1.0000
http://starwars.wikia.com/wiki/Special:FilePath/Coruscant.jpg?width=300	http://swtor.wikia.com/wiki/Special:FilePath/Coruscant.jpg?width=300	=	1.0000
http://starwars.wikia.com/wiki/Special:FilePath/Ngani_Zho.jpg?width=300	http://swtor.wikia.com/wiki/Special:FilePath/Ngani_Zho.jpg?width=300	=	1.0000
http://dbkwik.webdatacommons.org/starwars.wikia.com/resource/Imperial_Intelligence	http://dbkwik.webdatacommons.org/swtor.wikia.com/resource/Imperial_Intelligence	=	1.0000
http://dbkwik.webdatacommons.org/starwars.wikia.com/resource/Infantry	http://dbkwik.webdatacommons.org/swtor.wikia.com/resource/Infantry	=	1.0000
http://dbkwik.webdatacommons.org/starwars.wikia.com/resource/Fawste	http://dbkwik.webdatacommons.org/swtor.wikia.com/resource/Fawste	=	1.0000
http://dbkwik.webdatacommons.org/starwars.wikia.com/resource/Szajin	http://dbkwik.webdatacommons.org/swtor.wikia.com/resource/Szajin	=	1.0000
http://starwars.wikia.com/wiki/Special:FilePath/TheronShan.png?width=300	http://swtor.wikia.com/wiki/Special:FilePath/Theron_Shan.png?width=300	=	1.0000
http://dbkwik.webdatacommons.org/starwars.wikia.com/resource/Matare_(Zabrak)	http://dbkwik.webdatacommons.org/swtor.wikia.com/resource/Matare_(Zabrak)	=	1.0000
http://dbkwik.webdatacommons.org/starwars.wikia.com/resource/B-4D_Legion	http://dbkwik.webdatacommons.org/swtor.wikia.com/resource/B-4D_Legion	=	1.0000
http://dbkwik.webdatacommons.org/starwars.wikia.com/resource/Scorching_Pulsar	http://dbkwik.webdatacommons.org/swtor.wikia.com/resource/Scorching_Pulsar	=	1.0000
http://dbkwik.webdatacommons.org/starwars.wikia.com/resource/Rankin	http://dbkwik.webdatacommons.org/swtor.wikia.com/resource/Rankin	=	1.0000
http://starwars.wikia.com/wiki/Special:FilePath/Terror_Brigade.png	http://swtor.wikia.com/wiki/Special:FilePath/Terror_Brigade.png	=	1.0000
http://dbkwik.webdatacommons.org/starwars.wikia.com/resource/Duron_Qel-Droma	http://dbkwik.webdatacommons.org/swtor.wikia.com/resource/Duron_Qel-Droma	=	1.0000
http://dbkwik.webdatacommons.org/starwars.wikia.com/resource/Category:Jedi_Shadows	http://dbkwik.webdatacommons.org/swtor.wikia.com/resource/Category:Jedi_Shadows	=	1.0000
http://dbkwik.webdatacommons.org/starwars.wikia.com/resource/Dark_Underlord	http://dbkwik.webdatacommons.org/swtor.wikia.com/resource/Dark_Underlord	=	1.0000
http://dbkwik.webdatacommons.org/starwars.wikia.com/resource/Xander	http://dbkwik.webdatacommons.org/swtor.wikia.com/resource/Xander	=	1.0000
http://starwars.wikia.com/wiki/Special:FilePath/Theron_Shan_10.png?width=300	http://swtor.wikia.com/wiki/Special:FilePath/Theron_Shan-0.png?width=300	=	0.9498
http://dbkwik.webdatacommons.org/starwars.wikia.com/resource/Tank	http://dbkwik.webdatacommons.org/swtor.wikia.com/resource/Tank	=	1.0000
http://dbkwik.webdatacommons.org/starwars.wikia.com/resource/Timeline_8:_The_Jedi_Civil_War	http://dbkwik.webdatacommons.org/swtor.wikia.com/resource/Timeline_8:_The_Jedi_Civil_War	=	1.0000
http://dbkwik.webdatacommons.org/starwars.wikia.com/resource/Tooka_(Jedi)	http://dbkwik.webdatacommons.org/swtor.wikia.com/resource/Tooka_(Jedi)	=	1.0000
http://dbkwik.webdatacommons.org/starwars.wikia.com/property/mediaType	http://dbkwik.webdatacommons.org/swtor.wikia.com/property/mediaType	=	1.0000
http://starwars.wikia.com/wiki/Special:FilePath/Medical_droid.png	http://swtor.wikia.com/wiki/Special:FilePath/Medical_Droid.png	=	1.0000
http://dbkwik.webdatacommons.org/starwars.wikia.com/resource/Sand_bat	http://dbkwik.webdatacommons.org/swtor.wikia.com/resource/Sand_Bat	=	1.0000
http://dbkwik.webdatacommons.org/starwars.wikia.com/resource/Donbar	http://dbkwik.webdatacommons.org/swtor.wikia.com/resource/Donbar	=	1.0000
http://dbkwik.webdatacommons.org/starwars.wikia.com/resource/Jelph_Marrian	http://dbkwik.webdatacommons.org/swtor.wikia.com/resource/Jelph_Marrian	=	1.0000
http://dbkwik.webdatacommons.org/starwars.wikia.com/resource/Rodian_skip-trawler	http://dbkwik.webdatacommons.org/swtor.wikia.com/resource/Rodian_skip-trawler	=	1.0000
http://starwars.wikia.com/wiki/Special:FilePath/Hunstmaster.png?width=300	http://swtor.wikia.com/wiki/Special:FilePath/Hunstmaster.png?width=300	=	1.0000
http://dbkwik.webdatacommons.org/starwars.wikia.com/resource/Mercenary	http://dbkwik.webdatacommons.org/swtor.wikia.com/resource/Mercenary	=	1.0000
http://dbkwik.webdatacommons.org/starwars.wikia.com/resource/Kaox_Krul	http://dbkwik.webdatacommons.org/swtor.wikia.com/resource/Kaox_Krul	=	1.0000
http://dbkwik.webdatacommons.org/starwars.wikia.com/resource/Athiss	http://dbkwik.webdatacommons.org/swtor.wikia.com/resource/Athiss	=	1.0000
http://dbkwik.webdatacommons.org/starwars.wikia.com/resource/Anodyne	http://dbkwik.webdatacommons.org/swtor.wikia.com/resource/Anodyne	=	1.0000
http://dbkwik.webdatacommons.org/starwars.wikia.com/resource/Ona_Querit	http://dbkwik.webdatacommons.org/swtor.wikia.com/resource/Ona_Querit	=	1.0000
http://dbkwik.webdatacommons.org/starwars.wikia.com/resource/Nalen_Raloch	http://dbkwik.webdatacommons.org/swtor.wikia.com/resource/Nalen_Raloch	=	1.0000
http://starwars.wikia.com/wiki/Special:FilePath/King_Ommin.jpg?width=300	http://swtor.wikia.com/wiki/Special:FilePath/King_Ommin.jpg?width=300	=	1.0000
http://dbkwik.webdatacommons.org/starwars.wikia.com/resource/Oric_Traless	http://dbkwik.webdatacommons.org/swtor.wikia.com/resource/Oric_Traless	=	1.0000
http://dbkwik.webdatacommons.org/starwars.wikia.com/resource/Kalarath_Imperial_Encampment	http://dbkwik.webdatacommons.org/swtor.wikia.com/resource/Kalarath_Imperial_Encampment	=	1.0000
http://dbkwik.webdatacommons.org/starwars.wikia.com/resource/Category:Artists	http://dbkwik.webdatacommons.org/swtor.wikia.com/resource/Category:Artists	=	1.0000
http://dbkwik.webdatacommons.org/starwars.wikia.com/resource/Coral	http://dbkwik.webdatacommons.org/swtor.wikia.com/resource/Coral	=	1.0000
http://starwars.wikia.com/wiki/Special:FilePath/Argog.png	http://swtor.wikia.com/wiki/Special:FilePath/Argog.png	=	1.0000
http://starwars.wikia.com/wiki/Special:FilePath/Soa.png	http://swtor.wikia.com/wiki/Special:FilePath/Soa.png	=	1.0000
http://dbkwik.webdatacommons.org/starwars.wikia.com/resource/S-100_Stinger-class_starfighter	http://dbkwik.webdatacommons.org/swtor.wikia.com/resource/S-100_Stinger-class_starfighter	=	1.0000
http://dbkwik.webdatacommons.org/starwars.wikia.com/resource/Infinite_Empire	http://dbkwik.webdatacommons.org/swtor.wikia.com/resource/Infinite_Empire	=	1.0000
http://dbkwik.webdatacommons.org/starwars.wikia.com/resource/Ziost_Shadow	http://dbkwik.webdatacommons.org/swtor.wikia.com/resource/Ziost_Shadow	=	1.0000
http://dbkwik.webdatacommons.org/starwars.wikia.com/resource/Ambassador	http://dbkwik.webdatacommons.org/swtor.wikia.com/resource/Ambassador	=	1.0000
http://dbkwik.webdatacommons.org/starwars.wikia.com/resource/Novar	http://dbkwik.webdatacommons.org/swtor.wikia.com/resource/Novar	=	1.0000
http://dbkwik.webdatacommons.org/starwars.wikia.com/resource/Hallow_Voice	http://dbkwik.webdatacommons.org/swtor.wikia.com/resource/Hallow_Voice	=	1.0000
http://dbkwik.webdatacommons.org/starwars.wikia.com/resource/Sledgehammer	http://dbkwik.webdatacommons.org/swtor.wikia.com/resource/Sledgehammer	=	1.0000
http://dbkwik.webdatacommons.org/starwars.wikia.com/resource/Evuk-Nosk	http://dbkwik.webdatacommons.org/swtor.wikia.com/resource/Evuk-Nosk	=	1.0000
http://starwars.wikia.com/wiki/Special:FilePath/Zabrak.jpg	http://swtor.wikia.com/wiki/Special:FilePath/Zabrak.jpg	=	1.0000
http://dbkwik.webdatacommons.org/starwars.wikia.com/resource/Category:Images_of_Darth_Zash	http://dbkwik.webdatacommons.org/swtor.wikia.com/resource/Category:Images_of_Darth_Zash	=	1.0000
http://starwars.wikia.com/wiki/Special:FilePath/Malakart_crop.jpg	http://swtor.wikia.com/wiki/Special:FilePath/Malakart_crop.jpg	=	1.0000
http://dbkwik.webdatacommons.org/starwars.wikia.com/resource/Migrant_Merchants%27_Guild	http://dbkwik.webdatacommons.org/swtor.wikia.com/resource/Migrant_Merchants’_Guild	=	1.0000
http://dbkwik.webdatacommons.org/starwars.wikia.com/resource/Lost_Jedi	http://dbkwik.webdatacommons.org/swtor.wikia.com/resource/Lost_Jedi	=	1.0000
http://dbkwik.webdatacommons.org/starwars.wikia.com/resource/Category:Hutt_Space_planets	http://dbkwik.webdatacommons.org/swtor.wikia.com/resource/Category:Hutt_Space_Planets	=	1.0000
http://dbkwik.webdatacommons.org/starwars.wikia.com/resource/Veeroa_Denz	http://dbkwik.webdatacommons.org/swtor.wikia.com/resource/Veeroa_Denz	=	1.0000
http://dbkwik.webdatacommons.org/starwars.wikia.com/resource/Arden_Lyn	http://dbkwik.webdatacommons.org/swtor.wikia.com/resource/Arden_Lyn	=	1.0000
http://dbkwik.webdatacommons.org/starwars.wikia.com/resource/Kavar	http://dbkwik.webdatacommons.org/swtor.wikia.com/resource/Kavar	=	1.0000
http://starwars.wikia.com/wiki/Special:FilePath/Zeltron_Female.jpg	http://swtor.wikia.com/wiki/Special:FilePath/Zeltron_Female.jpg	=	1.0000
http://dbkwik.webdatacommons.org/starwars.wikia.com/resource/Thought_bomb	http://dbkwik.webdatacommons.org/swtor.wikia.com/resource/Thought_bomb	=	1.0000
http://dbkwik.webdatacommons.org/starwars.wikia.com/resource/Emperor%27s_Wrath	http://dbkwik.webdatacommons.org/swtor.wikia.com/resource/Emperor%27s_Wrath	=	1.0000
http://dbkwik.webdatacommons.org/starwars.wikia.com/resource/Eclipse	http://dbkwik.webdatacommons.org/swtor.wikia.com/resource/Eclipse	=	1.0000
http://dbkwik.webdatacommons.org/starwars.wikia.com/resource/Great_Houses_of_Serenno	http://dbkwik.webdatacommons.org/swtor.wikia.com/resource/Great_Houses_of_Serenno	=	1.0000
http://dbkwik.webdatacommons.org/starwars.wikia.com/resource/Ithorian	http://dbkwik.webdatacommons.org/swtor.wikia.com/resource/Ithorian	=	1.0000
http://dbkwik.webdatacommons.org/starwars.wikia.com/resource/Arkadia_Calimondra	http://dbkwik.webdatacommons.org/swtor.wikia.com/resource/Arkadia_Calimondra	=	1.0000
http://starwars.wikia.com/wiki/Special:FilePath/Battle_of_the_Gauntlet.png?width=300	http://swtor.wikia.com/wiki/Special:FilePath/Battle_of_the_Gauntlet.png?width=300	=	1.0000
http://dbkwik.webdatacommons.org/starwars.wikia.com/resource/White_Nova	http://dbkwik.webdatacommons.org/swtor.wikia.com/resource/White_Nova	=	1.0000
http://dbkwik.webdatacommons.org/starwars.wikia.com/resource/Category:Dark_side	http://dbkwik.webdatacommons.org/swtor.wikia.com/resource/Category:Dark_side_of_the_Force	=	1.0000
http://starwars.wikia.com/wiki/Special:FilePath/Tirsa_Prime.png	http://swtor.wikia.com/wiki/Special:FilePath/Tirsa_Prime.png	=	1.0000
http://dbkwik.webdatacommons.org/starwars.wikia.com/resource/Crescent_Canyon_Facility	http://dbkwik.webdatacommons.org/swtor.wikia.com/resource/Crescent_Canyon_Facility	=	1.0000
http://dbkwik.webdatacommons.org/starwars.wikia.com/resource/Neimoidian	http://dbkwik.webdatacommons.org/swtor.wikia.com/resource/Neimoidian	=	1.0000
http://dbkwik.webdatacommons.org/starwars.wikia.com/resource/Jedi_Order	http://dbkwik.webdatacommons.org/swtor.wikia.com/resource/Jedi_Order	=	1.0000
http://starwars.wikia.com/wiki/Special:FilePath/Gurian_Hammer.png?width=300	http://swtor.wikia.com/wiki/Special:FilePath/Gurian_hammer.png?width=300	=	1.0000
http://starwars.wikia.com/wiki/Special:FilePath/HK-51.png?width=300	http://swtor.wikia.com/wiki/Special:FilePath/HK-51.png?width=300	=	1.0000
http://starwars.wikia.com/wiki/Special:FilePath/TOR_Timeline010.jpg?width=300	http://swtor.wikia.com/wiki/Special:FilePath/TOR_Timeline010.jpg?width=300	=	1.0000
http://dbkwik.webdatacommons.org/starwars.wikia.com/resource/Crysta_Markon	http://dbkwik.webdatacommons.org/swtor.wikia.com/resource/Crysta_Markon	=	1.0000
http://dbkwik.webdatacommons.org/starwars.wikia.com/resource/Amzartho	http://dbkwik.webdatacommons.org/swtor.wikia.com/resource/Amzartho	=	1.0000
http://dbkwik.webdatacommons.org/starwars.wikia.com/resource/Rajivari	http://dbkwik.webdatacommons.org/swtor.wikia.com/resource/Rajivari	=	1.0000
http://dbkwik.webdatacommons.org/starwars.wikia.com/resource/Museum_of_Corellian_Industry	http://dbkwik.webdatacommons.org/swtor.wikia.com/resource/Museum_of_Corellian_Industry	=	1.0000
http://dbkwik.webdatacommons.org/starwars.wikia.com/resource/Tythonian_War_Droid	http://dbkwik.webdatacommons.org/swtor.wikia.com/resource/Tythonian_War_Droid	=	1.0000
http://dbkwik.webdatacommons.org/starwars.wikia.com/resource/Razoronn	http://dbkwik.webdatacommons.org/swtor.wikia.com/resource/Razoronn	=	1.0000
http://dbkwik.webdatacommons.org/starwars.wikia.com/property/region	http://dbkwik.webdatacommons.org/swtor.wikia.com/property/region	=	1.0000
http://dbkwik.webdatacommons.org/starwars.wikia.com/resource/DeMare	http://dbkwik.webdatacommons.org/swtor.wikia.com/resource/DeMare	=	1.0000
http://dbkwik.webdatacommons.org/starwars.wikia.com/resource/Duro	http://dbkwik.webdatacommons.org/swtor.wikia.com/resource/Duro	=	1.0000
http://dbkwik.webdatacommons.org/starwars.wikia.com/resource/Unidentified_Jedi_(Varda%27s_killer)	http://dbkwik.webdatacommons.org/swtor.wikia.com/resource/Unidentified_Jedi_(Varda%27s_killer)	=	1.0000
http://dbkwik.webdatacommons.org/starwars.wikia.com/resource/Resolute	http://dbkwik.webdatacommons.org/swtor.wikia.com/resource/Resolute	=	1.0000
http://starwars.wikia.com/wiki/Special:FilePath/Tarro_Blood.png	http://swtor.wikia.com/wiki/Special:FilePath/Tarro_Blood.png	=	1.0000
http://dbkwik.webdatacommons.org/starwars.wikia.com/resource/Trandoshan	http://dbkwik.webdatacommons.org/swtor.wikia.com/resource/Trandoshan	=	1.0000
http://dbkwik.webdatacommons.org/starwars.wikia.com/resource/Kinyen	http://dbkwik.webdatacommons.org/swtor.wikia.com/resource/Kinyen	=	1.0000
http://dbkwik.webdatacommons.org/starwars.wikia.com/resource/Dobe	http://dbkwik.webdatacommons.org/swtor.wikia.com/resource/Dobe	=	1.0000
http://dbkwik.webdatacommons.org/starwars.wikia.com/resource/Tharan_Cedrax	http://dbkwik.webdatacommons.org/swtor.wikia.com/resource/Tharan_Cedrax	=	1.0000
http://dbkwik.webdatacommons.org/starwars.wikia.com/resource/Stardream	http://dbkwik.webdatacommons.org/swtor.wikia.com/resource/Stardream	=	1.0000
http://dbkwik.webdatacommons.org/starwars.wikia.com/resource/Mark_Bazeley	http://dbkwik.webdatacommons.org/swtor.wikia.com/resource/Mark_Bazeley	=	1.0000
http://dbkwik.webdatacommons.org/starwars.wikia.com/resource/Yunaali	http://dbkwik.webdatacommons.org/swtor.wikia.com/resource/Yunaali	=	1.0000
http://dbkwik.webdatacommons.org/starwars.wikia.com/resource/Valk_Beroya	http://dbkwik.webdatacommons.org/swtor.wikia.com/resource/Valk_Beroya	=	1.0000
http://dbkwik.webdatacommons.org/starwars.wikia.com/resource/Category:Military_ranks	http://dbkwik.webdatacommons.org/swtor.wikia.com/resource/Category:Military_Ranks	=	1.0000
http://dbkwik.webdatacommons.org/starwars.wikia.com/resource/Kaleth	http://dbkwik.webdatacommons.org/swtor.wikia.com/resource/Kaleth	=	1.0000
http://dbkwik.webdatacommons.org/starwars.wikia.com/resource/Category:Gran	http://dbkwik.webdatacommons.org/swtor.wikia.com/resource/Category:Gran	=	1.0000
http://starwars.wikia.com/wiki/Special:FilePath/Clan_Sharatt.png?width=300	http://swtor.wikia.com/wiki/Special:FilePath/Clan_Sharatt.png?width=300	=	1.0000
http://dbkwik.webdatacommons.org/starwars.wikia.com/resource/Courageous	http://dbkwik.webdatacommons.org/swtor.wikia.com/resource/Courageous	=	1.0000
http://starwars.wikia.com/wiki/Special:FilePath/VectorHyllus.png?width=300	http://swtor.wikia.com/wiki/Special:FilePath/Vector_Hyllus.png?width=300	=	1.0000
http://dbkwik.webdatacommons.org/starwars.wikia.com/resource/Thoma	http://dbkwik.webdatacommons.org/swtor.wikia.com/resource/Thoma	=	1.0000
http://dbkwik.webdatacommons.org/starwars.wikia.com/resource/Cathan_Dru	http://dbkwik.webdatacommons.org/swtor.wikia.com/resource/Cathan_Dru	=	1.0000
http://dbkwik.webdatacommons.org/starwars.wikia.com/resource/Grand_Master	http://dbkwik.webdatacommons.org/swtor.wikia.com/resource/Grand_Master	=	1.0000
http://dbkwik.webdatacommons.org/starwars.wikia.com/resource/Gree_computer	http://dbkwik.webdatacommons.org/swtor.wikia.com/resource/Gree_Computer	=	1.0000
http://dbkwik.webdatacommons.org/starwars.wikia.com/resource/Riflor	http://dbkwik.webdatacommons.org/swtor.wikia.com/resource/Riflor	=	1.0000
http://starwars.wikia.com/wiki/Special:FilePath/SCORPIO.png?width=300	http://swtor.wikia.com/wiki/Special:FilePath/Scorpio.png?width=300	=	1.0000
http://dbkwik.webdatacommons.org/starwars.wikia.com/resource/Do_Zonn	http://dbkwik.webdatacommons.org/swtor.wikia.com/resource/Do_Zonn	=	1.0000
http://dbkwik.webdatacommons.org/starwars.wikia.com/property/prev	http://dbkwik.webdatacommons.org/swtor.wikia.com/property/prev	=	1.0000
http://dbkwik.webdatacommons.org/starwars.wikia.com/resource/Vine_cat	http://dbkwik.webdatacommons.org/swtor.wikia.com/resource/Vine_Cat	=	1.0000
http://dbkwik.webdatacommons.org/starwars.wikia.com/resource/Republic_Strategic_Information_Service	http://dbkwik.webdatacommons.org/swtor.wikia.com/resource/Republic_Strategic_Information_Service	=	1.0000
http://starwars.wikia.com/wiki/Special:FilePath/Maze.jpg	http://swtor.wikia.com/wiki/Special:FilePath/Maze.jpg	=	1.0000
http://dbkwik.webdatacommons.org/starwars.wikia.com/resource/Category:Events	http://dbkwik.webdatacommons.org/swtor.wikia.com/resource/Category:Events	=	1.0000
http://starwars.wikia.com/wiki/Special:FilePath/Fatality.png?width=300	http://swtor.wikia.com/wiki/Special:FilePath/Fatality.png?width=300	=	1.0000
http://dbkwik.webdatacommons.org/starwars.wikia.com/resource/VX-5_Ricker	http://dbkwik.webdatacommons.org/swtor.wikia.com/resource/VX-5_Ricker	=	1.0000
http://dbkwik.webdatacommons.org/starwars.wikia.com/resource/Grathan	http://dbkwik.webdatacommons.org/swtor.wikia.com/resource/Grathan	=	1.0000
http://dbkwik.webdatacommons.org/starwars.wikia.com/resource/Barel_Ovair	http://dbkwik.webdatacommons.org/swtor.wikia.com/resource/Barel_Ovair	=	1.0000
http://dbkwik.webdatacommons.org/starwars.wikia.com/resource/Sumari	http://dbkwik.webdatacommons.org/swtor.wikia.com/resource/Sumari	=	1.0000
http://dbkwik.webdatacommons.org/starwars.wikia.com/resource/Unknown_Regions	http://dbkwik.webdatacommons.org/swtor.wikia.com/resource/Unknown_Regions	=	1.0000
http://dbkwik.webdatacommons.org/starwars.wikia.com/resource/Meditation	http://dbkwik.webdatacommons.org/swtor.wikia.com/resource/Meditation	=	1.0000
http://dbkwik.webdatacommons.org/starwars.wikia.com/resource/Noble_Sacrifice	http://dbkwik.webdatacommons.org/swtor.wikia.com/resource/Noble_Sacrifice	=	1.0000
http://dbkwik.webdatacommons.org/starwars.wikia.com/resource/Trinthan_prowler	http://dbkwik.webdatacommons.org/swtor.wikia.com/resource/Trinthan_Prowler	=	1.0000
http://starwars.wikia.com/wiki/Special:FilePath/Asharl_panther.png	http://swtor.wikia.com/wiki/Special:FilePath/Asharl_panther.png	=	1.0000
http://dbkwik.webdatacommons.org/starwars.wikia.com/resource/Relin_Druur	http://dbkwik.webdatacommons.org/swtor.wikia.com/resource/Relin_Druur	=	1.0000
http://starwars.wikia.com/wiki/Special:FilePath/Aratech_Lancer.png	http://swtor.wikia.com/wiki/Special:FilePath/Aratech_Lancer.png	=	1.0000
http://dbkwik.webdatacommons.org/starwars.wikia.com/resource/Category:Assassin_droids	http://dbkwik.webdatacommons.org/swtor.wikia.com/resource/Category:Assassin_Droids	=	1.0000
http://dbkwik.webdatacommons.org/starwars.wikia.com/resource/Belth_Allusis	http://dbkwik.webdatacommons.org/swtor.wikia.com/resource/Belth_Allusis	=	1.0000
http://dbkwik.webdatacommons.org/starwars.wikia.com/resource/Clabburn_Tundra	http://dbkwik.webdatacommons.org/swtor.wikia.com/resource/Clabburn_Tundra	=	1.0000
http://dbkwik.webdatacommons.org/starwars.wikia.com/resource/Kitonak	http://dbkwik.webdatacommons.org/swtor.wikia.com/resource/Kitonak	=	1.0000
http://dbkwik.webdatacommons.org/starwars.wikia.com/resource/Rill	http://dbkwik.webdatacommons.org/swtor.wikia.com/resource/Rill	=	1.0000
http://dbkwik.webdatacommons.org/starwars.wikia.com/resource/Karness_Muur	http://dbkwik.webdatacommons.org/swtor.wikia.com/resource/Karness_Muur	=	1.0000
http://dbkwik.webdatacommons.org/starwars.wikia.com/resource/Category:Images_of_Darth_Thanaton	http://dbkwik.webdatacommons.org/swtor.wikia.com/resource/Category:Images_of_Darth_Thanaton	=	1.0000
http://dbkwik.webdatacommons.org/starwars.wikia.com/resource/DX-AX	http://dbkwik.webdatacommons.org/swtor.wikia.com/resource/DX-AX	=	1.0000
http://dbkwik.webdatacommons.org/starwars.wikia.com/resource/Category:NPOV_disputes	http://dbkwik.webdatacommons.org/swtor.wikia.com/resource/Category:NPOV_disputes	=	1.0000
http://dbkwik.webdatacommons.org/starwars.wikia.com/resource/Urkupp	http://dbkwik.webdatacommons.org/swtor.wikia.com/resource/Urkupp	=	1.0000
http://dbkwik.webdatacommons.org/starwars.wikia.com/resource/Droid	http://dbkwik.webdatacommons.org/swtor.wikia.com/resource/Droid	=	1.0000
http://dbkwik.webdatacommons.org/starwars.wikia.com/resource/Manka_cat	http://dbkwik.webdatacommons.org/swtor.wikia.com/resource/Manka_Cat	=	1.0000
http://starwars.wikia.com/wiki/Special:FilePath/XoXaan-headshot.jpg	http://swtor.wikia.com/wiki/Special:FilePath/XoXaan-headshot.jpg	=	1.0000
http://dbkwik.webdatacommons.org/starwars.wikia.com/property/race	http://dbkwik.webdatacommons.org/swtor.wikia.com/property/race	=	1.0000
http://dbkwik.webdatacommons.org/starwars.wikia.com/resource/Sand_People_Enclave	http://dbkwik.webdatacommons.org/swtor.wikia.com/resource/Sand_People_Enclave	=	1.0000
http://dbkwik.webdatacommons.org/starwars.wikia.com/class/year	http://dbkwik.webdatacommons.org/swtor.wikia.com/class/year	=	1.0000
http://starwars.wikia.com/wiki/Special:FilePath/Arkadia.jpg?width=300	http://swtor.wikia.com/wiki/Special:FilePath/Arkadia.jpg?width=300	=	1.0000
http://dbkwik.webdatacommons.org/starwars.wikia.com/resource/G%27Bilard	http://dbkwik.webdatacommons.org/swtor.wikia.com/resource/G%27Bilard	=	1.0000
http://dbkwik.webdatacommons.org/starwars.wikia.com/resource/Jogo	http://dbkwik.webdatacommons.org/swtor.wikia.com/resource/Jogo	=	1.0000
http://dbkwik.webdatacommons.org/starwars.wikia.com/resource/New_Sith_Wars	http://dbkwik.webdatacommons.org/swtor.wikia.com/resource/New_Sith_Wars	=	1.0000
http://dbkwik.webdatacommons.org/starwars.wikia.com/resource/Arfan_Ramos	http://dbkwik.webdatacommons.org/swtor.wikia.com/resource/Arfan_Ramos	=	1.0000
http://dbkwik.webdatacommons.org/starwars.wikia.com/resource/Nidaljo	http://dbkwik.webdatacommons.org/swtor.wikia.com/resource/Nidaljo	=	1.0000
http://starwars.wikia.com/wiki/Special:FilePath/Treaty_of_Coruscant.jpg	http://swtor.wikia.com/wiki/Special:FilePath/Treaty_of_Coruscant.jpg	=	1.0000
http://dbkwik.webdatacommons.org/starwars.wikia.com/resource/Unidentified_Sith_priestess	http://dbkwik.webdatacommons.org/swtor.wikia.com/resource/Unidentified_Sith_priestess	=	1.0000
http://dbkwik.webdatacommons.org/starwars.wikia.com/resource/Thron	http://dbkwik.webdatacommons.org/swtor.wikia.com/resource/Thron	=	1.0000
http://starwars.wikia.com/wiki/Special:FilePath/Nolan1.jpg	http://swtor.wikia.com/wiki/Special:FilePath/Nolan1.jpg	=	1.0000
http://dbkwik.webdatacommons.org/starwars.wikia.com/resource/Yuthura_Ban	http://dbkwik.webdatacommons.org/swtor.wikia.com/resource/Yuthura_Ban	=	1.0000
http://dbkwik.webdatacommons.org/starwars.wikia.com/resource/Je%27daii_Order	http://dbkwik.webdatacommons.org/swtor.wikia.com/resource/Je%27daii_Order	=	1.0000
http://dbkwik.webdatacommons.org/starwars.wikia.com/resource/Vadria_Tallion	http://dbkwik.webdatacommons.org/swtor.wikia.com/resource/Vadria_Tallion	=	1.0000
http://dbkwik.webdatacommons.org/starwars.wikia.com/resource/Zez-Kai_Ell%27s_Padawan	http://dbkwik.webdatacommons.org/swtor.wikia.com/resource/Zez-Kai_Ell%27s_Padawan	=	1.0000
http://dbkwik.webdatacommons.org/starwars.wikia.com/resource/Category:Revanchists	http://dbkwik.webdatacommons.org/swtor.wikia.com/resource/Category:Revanchists	=	1.0000
http://dbkwik.webdatacommons.org/starwars.wikia.com/resource/Tott_Doneeta	http://dbkwik.webdatacommons.org/swtor.wikia.com/resource/Tott_Doneeta	=	1.0000
http://dbkwik.webdatacommons.org/starwars.wikia.com/resource/ISS-7_Guardian_Battledroid	http://dbkwik.webdatacommons.org/swtor.wikia.com/resource/ISS-7_Guardian_Battledroid	=	1.0000
http://starwars.wikia.com/wiki/Special:FilePath/SCORPIO.png	http://swtor.wikia.com/wiki/Special:FilePath/Scorpio.png	=	1.0000
http://dbkwik.webdatacommons.org/starwars.wikia.com/resource/Light_and_Darkness_War	http://dbkwik.webdatacommons.org/swtor.wikia.com/resource/Light_and_Darkness_War	=	1.0000
http://dbkwik.webdatacommons.org/starwars.wikia.com/resource/Hurdenn	http://dbkwik.webdatacommons.org/swtor.wikia.com/resource/Hurdenn	=	1.0000
http://dbkwik.webdatacommons.org/starwars.wikia.com/resource/Category:Articles_undergoing_major_edits	http://dbkwik.webdatacommons.org/swtor.wikia.com/resource/Category:Articles_undergoing_major_edits	=	1.0000
http://dbkwik.webdatacommons.org/starwars.wikia.com/resource/Category:Armor	http://dbkwik.webdatacommons.org/swtor.wikia.com/resource/Category:Armor	=	1.0000
http://starwars.wikia.com/wiki/Special:FilePath/Selven.jpg?width=300	http://swtor.wikia.com/wiki/Special:FilePath/Selven.jpg?width=300	=	1.0000
http://dbkwik.webdatacommons.org/starwars.wikia.com/resource/Eckard_Lokin	http://dbkwik.webdatacommons.org/swtor.wikia.com/resource/Eckard_Lokin	=	1.0000
http://dbkwik.webdatacommons.org/starwars.wikia.com/property/home	http://dbkwik.webdatacommons.org/swtor.wikia.com/property/home	=	1.0000
http://dbkwik.webdatacommons.org/starwars.wikia.com/resource/Unidentified_Human_Emperor%27s_Voice_(3678_BBY)	http://dbkwik.webdatacommons.org/swtor.wikia.com/resource/Unidentified_Human_Emperor%27s_Voice_(3678_BBY)	=	1.0000
http://dbkwik.webdatacommons.org/starwars.wikia.com/resource/Cleanse	http://dbkwik.webdatacommons.org/swtor.wikia.com/resource/Cleanse	=	1.0000
http://dbkwik.webdatacommons.org/starwars.wikia.com/resource/Brianna	http://dbkwik.webdatacommons.org/swtor.wikia.com/resource/Brianna	=	1.0000
http://dbkwik.webdatacommons.org/starwars.wikia.com/resource/Unidentified_Sith_(Darkstaff)	http://dbkwik.webdatacommons.org/swtor.wikia.com/resource/Unidentified_Sith_(Darkstaff)	=	1.0000
http://starwars.wikia.com/wiki/Special:FilePath/Urinth.png?width=300	http://swtor.wikia.com/wiki/Special:FilePath/Urinth.png?width=300	=	1.0000
http://dbkwik.webdatacommons.org/starwars.wikia.com/resource/Bith	http://dbkwik.webdatacommons.org/swtor.wikia.com/resource/Bith	=	1.0000
http://dbkwik.webdatacommons.org/starwars.wikia.com/resource/Vindir	http://dbkwik.webdatacommons.org/swtor.wikia.com/resource/Vindir	=	1.0000
http://dbkwik.webdatacommons.org/starwars.wikia.com/resource/Category:Dark_Lords_of_the_Sith	http://dbkwik.webdatacommons.org/swtor.wikia.com/resource/Category:Dark_Lords_of_the_Sith	=	1.0000
http://starwars.wikia.com/wiki/Special:FilePath/Lhosan_Torch.png?width=300	http://swtor.wikia.com/wiki/Special:FilePath/Lhosan_Torch.png?width=300	=	1.0000
http://dbkwik.webdatacommons.org/starwars.wikia.com/resource/Forn_Dodonna	http://dbkwik.webdatacommons.org/swtor.wikia.com/resource/Forn_Dodonna	=	1.0000
http://dbkwik.webdatacommons.org/starwars.wikia.com/resource/Redok_Harvast	http://dbkwik.webdatacommons.org/swtor.wikia.com/resource/Redok_Harvast	=	1.0000
http://dbkwik.webdatacommons.org/starwars.wikia.com/resource/Cassus_Fett	http://dbkwik.webdatacommons.org/swtor.wikia.com/resource/Cassus_Fett	=	1.0000
http://dbkwik.webdatacommons.org/starwars.wikia.com/resource/Category:Beast_Riders	http://dbkwik.webdatacommons.org/swtor.wikia.com/resource/Category:Beast_Riders	=	1.0000
http://dbkwik.webdatacommons.org/starwars.wikia.com/resource/Weequay	http://dbkwik.webdatacommons.org/swtor.wikia.com/resource/Weequay	=	1.0000
http://starwars.wikia.com/wiki/Special:FilePath/Arkadia.jpg	http://swtor.wikia.com/wiki/Special:FilePath/Arkadia.jpg	=	1.0000
http://dbkwik.webdatacommons.org/starwars.wikia.com/resource/Monument_to_Lord_Ergast	http://dbkwik.webdatacommons.org/swtor.wikia.com/resource/Monument_to_Lord_Ergast	=	1.0000
http://dbkwik.webdatacommons.org/starwars.wikia.com/resource/Rift_Alliance_Coalition_Forces	http://dbkwik.webdatacommons.org/swtor.wikia.com/resource/Rift_Alliance_Coalition_Forces	=	1.0000
http://starwars.wikia.com/wiki/Special:FilePath/TheInquisitor.png?width=300	http://swtor.wikia.com/wiki/Special:FilePath/Inquisitor.png?width=300	=	0.9465
http://dbkwik.webdatacommons.org/starwars.wikia.com/resource/Ishla	http://dbkwik.webdatacommons.org/swtor.wikia.com/resource/Ishla	=	1.0000
http://starwars.wikia.com/wiki/Special:FilePath/Am-Ris.jpg?width=300	http://swtor.wikia.com/wiki/Special:FilePath/Am-Ris.jpg?width=300	=	1.0000
http://dbkwik.webdatacommons.org/starwars.wikia.com/resource/Nexu	http://dbkwik.webdatacommons.org/swtor.wikia.com/resource/Nexu	=	1.0000
http://starwars.wikia.com/wiki/Special:FilePath/Kreia_art.jpg?width=300	http://swtor.wikia.com/wiki/Special:FilePath/Kreia_art.jpg?width=300	=	1.0000
http://starwars.wikia.com/wiki/Special:FilePath/Zakuul.png?width=300	http://swtor.wikia.com/wiki/Special:FilePath/Zakuul.png?width=300	=	1.0000
http://dbkwik.webdatacommons.org/starwars.wikia.com/resource/Nimi	http://dbkwik.webdatacommons.org/swtor.wikia.com/resource/Nimi	=	1.0000
http://starwars.wikia.com/wiki/Special:FilePath/Suvam_tan.jpg?width=300	http://swtor.wikia.com/wiki/Special:FilePath/Suvam_tan.jpg?width=300	=	1.0000
http://starwars.wikia.com/wiki/Special:FilePath/Vette.jpg	http://swtor.wikia.com/wiki/Special:FilePath/Vette.jpg	=	1.0000
http://dbkwik.webdatacommons.org/starwars.wikia.com/resource/Supremacy-class_attack_ship	http://dbkwik.webdatacommons.org/swtor.wikia.com/resource/Supremacy-class_attack_ship	=	1.0000
http://dbkwik.webdatacommons.org/starwars.wikia.com/resource/Gen_Vizla	http://dbkwik.webdatacommons.org/swtor.wikia.com/resource/Gen_Vizla	=	1.0000
http://dbkwik.webdatacommons.org/starwars.wikia.com/resource/Sith_Juggernaut	http://dbkwik.webdatacommons.org/swtor.wikia.com/resource/Sith_Juggernaut	=	1.0000
http://starwars.wikia.com/wiki/Special:FilePath/Qanilia_head2.jpg?width=300	http://swtor.wikia.com/wiki/Special:FilePath/Qanilia_head2.jpg?width=300	=	1.0000
http://starwars.wikia.com/wiki/Special:FilePath/Republic_transport_ship.jpg	http://swtor.wikia.com/wiki/Special:FilePath/Republic_Transport_ship.jpg	=	1.0000
http://dbkwik.webdatacommons.org/starwars.wikia.com/resource/Kono_Nolan	http://dbkwik.webdatacommons.org/swtor.wikia.com/resource/Kono_Nolan	=	1.0000
http://starwars.wikia.com/wiki/Special:FilePath/Rendili_Outrider.png?width=300	http://swtor.wikia.com/wiki/Special:FilePath/Rendili_Outrider.png?width=300	=	1.0000
http://dbkwik.webdatacommons.org/starwars.wikia.com/resource/New_Men	http://dbkwik.webdatacommons.org/swtor.wikia.com/resource/New_Men	=	1.0000
http://starwars.wikia.com/wiki/Special:FilePath/Shayoto.jpg	http://swtor.wikia.com/wiki/Special:FilePath/Shayoto.jpg	=	1.0000
http://starwars.wikia.com/wiki/Special:FilePath/Jedi_Knight.jpg	http://swtor.wikia.com/wiki/Special:FilePath/Jedi_Knight.jpg	=	1.0000
http://dbkwik.webdatacommons.org/starwars.wikia.com/resource/Gorma-Koss	http://dbkwik.webdatacommons.org/swtor.wikia.com/resource/Gorma-Koss	=	1.0000
http://dbkwik.webdatacommons.org/starwars.wikia.com/resource/Pirrell	http://dbkwik.webdatacommons.org/swtor.wikia.com/resource/Pirrell	=	1.0000
http://dbkwik.webdatacommons.org/starwars.wikia.com/resource/Load_Lifter_BN-55	http://dbkwik.webdatacommons.org/swtor.wikia.com/resource/Load_Lifter_BN-55	=	1.0000
http://dbkwik.webdatacommons.org/starwars.wikia.com/resource/Mos_Ila	http://dbkwik.webdatacommons.org/swtor.wikia.com/resource/Mos_Ila	=	1.0000
http://starwars.wikia.com/wiki/Special:FilePath/Mindprisonblue.png	http://swtor.wikia.com/wiki/Special:FilePath/Mindprisonblue.png	=	1.0000
http://dbkwik.webdatacommons.org/starwars.wikia.com/resource/Lucky_Lancer	http://dbkwik.webdatacommons.org/swtor.wikia.com/resource/Lucky_Lancer	=	1.0000
http://starwars.wikia.com/wiki/Special:FilePath/GrandConvocationChamber-TOR.jpg?width=300	http://swtor.wikia.com/wiki/Special:FilePath/GrandConvocationChamber-TOR.jpg?width=300	=	1.0000
http://dbkwik.webdatacommons.org/starwars.wikia.com/resource/Sullust	http://dbkwik.webdatacommons.org/swtor.wikia.com/resource/Sullust	=	1.0000
http://dbkwik.webdatacommons.org/starwars.wikia.com/resource/Beast_master	http://dbkwik.webdatacommons.org/swtor.wikia.com/resource/Beast_Master	=	1.0000
http://dbkwik.webdatacommons.org/starwars.wikia.com/resource/Warr%27an	http://dbkwik.webdatacommons.org/swtor.wikia.com/resource/Warr%27an	=	1.0000
http://dbkwik.webdatacommons.org/starwars.wikia.com/resource/Category:Twi%27leks	http://dbkwik.webdatacommons.org/swtor.wikia.com/resource/Category:Twi%27leks	=	1.0000
http://starwars.wikia.com/wiki/Special:FilePath/Daksh.png	http://swtor.wikia.com/wiki/Special:FilePath/Daksh.png	=	1.0000
http://dbkwik.webdatacommons.org/starwars.wikia.com/resource/Elcho_Kressh	http://dbkwik.webdatacommons.org/swtor.wikia.com/resource/Elcho_Kressh	=	1.0000
http://dbkwik.webdatacommons.org/starwars.wikia.com/resource/Gesen	http://dbkwik.webdatacommons.org/swtor.wikia.com/resource/Gesen	=	1.0000
http://dbkwik.webdatacommons.org/starwars.wikia.com/resource/Knights_of_the_Old_Republic_II:_The_Sith_Lords:_Prima_Official_Game_Guide	http://dbkwik.webdatacommons.org/swtor.wikia.com/resource/Knights_of_the_Old_Republic_II:_The_Sith_Lords:_Prima_Official_Game_Guide	=	1.0000
http://dbkwik.webdatacommons.org/starwars.wikia.com/resource/Clak%27dor_VII	http://dbkwik.webdatacommons.org/swtor.wikia.com/resource/Clak%27dor_VII	=	1.0000
http://dbkwik.webdatacommons.org/starwars.wikia.com/resource/Bralor	http://dbkwik.webdatacommons.org/swtor.wikia.com/resource/Bralor	=	1.0000
http://dbkwik.webdatacommons.org/starwars.wikia.com/resource/Enforcer	http://dbkwik.webdatacommons.org/swtor.wikia.com/resource/Enforcer	=	1.0000
http://dbkwik.webdatacommons.org/starwars.wikia.com/resource/Duran_Gorr	http://dbkwik.webdatacommons.org/swtor.wikia.com/resource/Duran_Gorr	=	1.0000
http://dbkwik.webdatacommons.org/starwars.wikia.com/resource/Wild_Space	http://dbkwik.webdatacommons.org/swtor.wikia.com/resource/Wild_Space	=	1.0000
http://starwars.wikia.com/wiki/Special:FilePath/Holonet_icon_allegiances.png	http://swtor.wikia.com/wiki/Special:FilePath/Holonet_icon_allegiances.png	=	1.0000
http://starwars.wikia.com/wiki/Special:FilePath/Ulldin.png?width=300	http://swtor.wikia.com/wiki/Special:FilePath/Ulldin.png?width=300	=	1.0000
http://dbkwik.webdatacommons.org/starwars.wikia.com/resource/Highmount_Ridge	http://dbkwik.webdatacommons.org/swtor.wikia.com/resource/Highmount_Ridge	=	1.0000
http://dbkwik.webdatacommons.org/starwars.wikia.com/resource/Shayoto%27s_master	http://dbkwik.webdatacommons.org/swtor.wikia.com/resource/Shayoto%27s_master	=	1.0000
http://dbkwik.webdatacommons.org/starwars.wikia.com/resource/Underwalker	http://dbkwik.webdatacommons.org/swtor.wikia.com/resource/Underwalker	=	1.0000
http://starwars.wikia.com/wiki/Special:FilePath/Onderonriots.jpg	http://swtor.wikia.com/wiki/Special:FilePath/Onderonriots.jpg	=	1.0000
http://dbkwik.webdatacommons.org/starwars.wikia.com/resource/CANTINA	http://dbkwik.webdatacommons.org/swtor.wikia.com/resource/Cantina	=	1.0000
http://dbkwik.webdatacommons.org/starwars.wikia.com/resource/Operative	http://dbkwik.webdatacommons.org/swtor.wikia.com/resource/Operative	=	1.0000
http://starwars.wikia.com/wiki/Special:FilePath/Coldwarsithtransport.jpg	http://swtor.wikia.com/wiki/Special:FilePath/Coldwarsithtransport.jpg	=	1.0000
http://dbkwik.webdatacommons.org/starwars.wikia.com/resource/Keeper	http://dbkwik.webdatacommons.org/swtor.wikia.com/resource/Keeper	=	1.0000
http://dbkwik.webdatacommons.org/starwars.wikia.com/resource/S-SC4_Bloodmark	http://dbkwik.webdatacommons.org/swtor.wikia.com/resource/S-SC4_Bloodmark	=	1.0000
http://starwars.wikia.com/wiki/Special:FilePath/Kreia_KotORCG.jpg?width=300	http://swtor.wikia.com/wiki/Special:FilePath/Kreia_KotORCG.jpg?width=300	=	1.0000
http://dbkwik.webdatacommons.org/starwars.wikia.com/resource/Zenzo	http://dbkwik.webdatacommons.org/swtor.wikia.com/resource/Zenzo	=	1.0000
http://dbkwik.webdatacommons.org/starwars.wikia.com/resource/Sadic	http://dbkwik.webdatacommons.org/swtor.wikia.com/resource/Sadic	=	1.0000
http://dbkwik.webdatacommons.org/starwars.wikia.com/resource/Oricon	http://dbkwik.webdatacommons.org/swtor.wikia.com/resource/Oricon	=	1.0000
http://dbkwik.webdatacommons.org/starwars.wikia.com/resource/Blyes	http://dbkwik.webdatacommons.org/swtor.wikia.com/resource/Blyes	=	1.0000
http://starwars.wikia.com/wiki/Special:FilePath/DNs.jpg?width=300	http://swtor.wikia.com/wiki/Special:FilePath/DNs.jpg?width=300	=	1.0000
http://starwars.wikia.com/wiki/Special:FilePath/TelosIV.png?width=300	http://swtor.wikia.com/wiki/Special:FilePath/Telos_IV.png?width=300	=	1.0000
http://dbkwik.webdatacommons.org/starwars.wikia.com/resource/Darth_Kallous	http://dbkwik.webdatacommons.org/swtor.wikia.com/resource/Darth_Kallous	=	1.0000
http://dbkwik.webdatacommons.org/starwars.wikia.com/resource/Power_Guard_Enhancement_System	http://dbkwik.webdatacommons.org/swtor.wikia.com/resource/Power_Guard_Enhancement_System	=	1.0000
http://dbkwik.webdatacommons.org/starwars.wikia.com/resource/House_Valorum	http://dbkwik.webdatacommons.org/swtor.wikia.com/resource/House_Valorum	=	1.0000
http://dbkwik.webdatacommons.org/starwars.wikia.com/resource/Ashara_Zavros	http://dbkwik.webdatacommons.org/swtor.wikia.com/resource/Ashara_Zavros	=	1.0000
http://starwars.wikia.com/wiki/Special:FilePath/RevanDLotS.jpg?width=300	http://swtor.wikia.com/wiki/Special:FilePath/RevanDLotS.jpg?width=300	=	1.0000
http://dbkwik.webdatacommons.org/starwars.wikia.com/resource/Blizz	http://dbkwik.webdatacommons.org/swtor.wikia.com/resource/Blizz	=	1.0000
http://dbkwik.webdatacommons.org/starwars.wikia.com/resource/Sith_Empire	http://dbkwik.webdatacommons.org/swtor.wikia.com/resource/Sith_Empire	=	1.0000
http://dbkwik.webdatacommons.org/starwars.wikia.com/resource/Marn	http://dbkwik.webdatacommons.org/swtor.wikia.com/resource/Marn	=	1.0000
http://dbkwik.webdatacommons.org/starwars.wikia.com/resource/Dreams_of_Soil	http://dbkwik.webdatacommons.org/swtor.wikia.com/resource/Dreams_of_Soil	=	1.0000
http://dbkwik.webdatacommons.org/starwars.wikia.com/resource/Starsnow_(Jedi)	http://dbkwik.webdatacommons.org/swtor.wikia.com/resource/Starsnow_(Jedi)	=	1.0000
http://dbkwik.webdatacommons.org/starwars.wikia.com/property/after	http://dbkwik.webdatacommons.org/swtor.wikia.com/property/after	=	1.0000
http://dbkwik.webdatacommons.org/starwars.wikia.com/resource/Galactic_Trade_Network	http://dbkwik.webdatacommons.org/swtor.wikia.com/resource/Galactic_Trade_Network	=	1.0000
http://starwars.wikia.com/wiki/Special:FilePath/Teroch-type_gunship.jpg?width=300	http://swtor.wikia.com/wiki/Special:FilePath/Teroch-type_gunship.jpg?width=300	=	1.0000
http://dbkwik.webdatacommons.org/starwars.wikia.com/resource/Beskad	http://dbkwik.webdatacommons.org/swtor.wikia.com/resource/Beskad	=	1.0000
http://starwars.wikia.com/wiki/Special:FilePath/Abyssin.jpg?width=300	http://swtor.wikia.com/wiki/Special:FilePath/Abyssin.jpg?width=300	=	1.0000
http://dbkwik.webdatacommons.org/starwars.wikia.com/resource/Darth_Nyriss	http://dbkwik.webdatacommons.org/swtor.wikia.com/resource/Darth_Nyriss	=	1.0000
http://dbkwik.webdatacommons.org/starwars.wikia.com/resource/Satal_Keto	http://dbkwik.webdatacommons.org/swtor.wikia.com/resource/Satal_Keto	=	1.0000
http://dbkwik.webdatacommons.org/starwars.wikia.com/resource/Spearpoint	http://dbkwik.webdatacommons.org/swtor.wikia.com/resource/Spearpoint	=	1.0000
http://dbkwik.webdatacommons.org/starwars.wikia.com/resource/Koblus_Sornell	http://dbkwik.webdatacommons.org/swtor.wikia.com/resource/Koblus_Sornell	=	1.0000
http://dbkwik.webdatacommons.org/starwars.wikia.com/resource/Sith_sorcerer	http://dbkwik.webdatacommons.org/swtor.wikia.com/resource/Sith_Sorcerer	=	1.0000
http://dbkwik.webdatacommons.org/starwars.wikia.com/resource/Adas	http://dbkwik.webdatacommons.org/swtor.wikia.com/resource/Adas	=	1.0000
http://starwars.wikia.com/wiki/Special:FilePath/Jaraelsears.jpg	http://swtor.wikia.com/wiki/Special:FilePath/Jaraelsears.jpg	=	1.0000
http://dbkwik.webdatacommons.org/starwars.wikia.com/resource/Coronet_Zoo	http://dbkwik.webdatacommons.org/swtor.wikia.com/resource/Coronet_Zoo	=	1.0000
http://starwars.wikia.com/wiki/Special:FilePath/Sherruk.jpg	http://swtor.wikia.com/wiki/Special:FilePath/Sherruk.jpg	=	1.0000
http://starwars.wikia.com/wiki/Special:FilePath/Imperial_Pacification_Droid.png?width=300	http://swtor.wikia.com/wiki/Special:FilePath/Imperial_Pacification_Droid.png?width=300	=	1.0000
http://dbkwik.webdatacommons.org/starwars.wikia.com/resource/Galen	http://dbkwik.webdatacommons.org/swtor.wikia.com/resource/Galen	=	1.0000
http://dbkwik.webdatacommons.org/starwars.wikia.com/resource/Star_Wars:_The_Old_Republic_Encyclopedia	http://dbkwik.webdatacommons.org/swtor.wikia.com/resource/Star_Wars:_The_Old_Republic_Encyclopedia	=	1.0000
http://dbkwik.webdatacommons.org/starwars.wikia.com/resource/Barbed_ginx	http://dbkwik.webdatacommons.org/swtor.wikia.com/resource/Barbed_Ginx	=	1.0000
http://dbkwik.webdatacommons.org/starwars.wikia.com/resource/Timeline_14:_The_2nd_Great_Jedi_Schism	http://dbkwik.webdatacommons.org/swtor.wikia.com/resource/Timeline_14:_The_2nd_Great_Jedi_Schism	=	1.0000
http://dbkwik.webdatacommons.org/starwars.wikia.com/resource/Dorrick	http://dbkwik.webdatacommons.org/swtor.wikia.com/resource/Dorrick	=	1.0000
http://dbkwik.webdatacommons.org/starwars.wikia.com/resource/Heralds_of_Zildrog	http://dbkwik.webdatacommons.org/swtor.wikia.com/resource/Heralds_of_Zildrog	=	1.0000
http://dbkwik.webdatacommons.org/starwars.wikia.com/resource/Colicoid	http://dbkwik.webdatacommons.org/swtor.wikia.com/resource/Colicoid	=	1.0000
http://dbkwik.webdatacommons.org/starwars.wikia.com/resource/Inexpugnable-class_tactical_command_ship	http://dbkwik.webdatacommons.org/swtor.wikia.com/resource/Inexpugnable-class_tactical_command_ship	=	1.0000
http://dbkwik.webdatacommons.org/starwars.wikia.com/resource/Exar_Kun	http://dbkwik.webdatacommons.org/swtor.wikia.com/resource/Exar_Kun	=	1.0000
http://starwars.wikia.com/wiki/Special:FilePath/M-7_Razorwire.png?width=300	http://swtor.wikia.com/wiki/Special:FilePath/M-7_Razorwire.png?width=300	=	1.0000
http://dbkwik.webdatacommons.org/starwars.wikia.com/resource/Bastila_Shan	http://dbkwik.webdatacommons.org/swtor.wikia.com/resource/Bastila_Shan	=	1.0000
http://starwars.wikia.com/wiki/Special:FilePath/Jedi_Council_Great_Galactic_War.jpg?width=300	http://swtor.wikia.com/wiki/Special:FilePath/Jedi_Council_Great_Galactic_War.jpg?width=300	=	1.0000
http://dbkwik.webdatacommons.org/starwars.wikia.com/resource/Kindin	http://dbkwik.webdatacommons.org/swtor.wikia.com/resource/Kindin	=	1.0000
http://dbkwik.webdatacommons.org/starwars.wikia.com/resource/Sith_Embassy	http://dbkwik.webdatacommons.org/swtor.wikia.com/resource/Sith_Embassy	=	1.0000
http://dbkwik.webdatacommons.org/starwars.wikia.com/resource/Vehicle	http://dbkwik.webdatacommons.org/swtor.wikia.com/resource/Vehicle	=	1.0000
http://starwars.wikia.com/wiki/Special:FilePath/Escapepodkotor.jpg	http://swtor.wikia.com/wiki/Special:FilePath/Escapepodkotor.jpg	=	1.0000
http://dbkwik.webdatacommons.org/starwars.wikia.com/resource/Barrage	http://dbkwik.webdatacommons.org/swtor.wikia.com/resource/Barrage	=	1.0000
http://dbkwik.webdatacommons.org/starwars.wikia.com/resource/Wanderlust	http://dbkwik.webdatacommons.org/swtor.wikia.com/resource/Wanderlust	=	1.0000
http://dbkwik.webdatacommons.org/starwars.wikia.com/resource/Elora	http://dbkwik.webdatacommons.org/swtor.wikia.com/resource/Elora	=	1.0000
http://starwars.wikia.com/wiki/Special:FilePath/AscendantSpear.jpg	http://swtor.wikia.com/wiki/Special:FilePath/Ascendant_Spear.jpg	=	1.0000
http://dbkwik.webdatacommons.org/starwars.wikia.com/resource/Three_Families_Palace	http://dbkwik.webdatacommons.org/swtor.wikia.com/resource/Three_Families_Palace	=	1.0000
http://dbkwik.webdatacommons.org/starwars.wikia.com/resource/Category:Trandoshans	http://dbkwik.webdatacommons.org/swtor.wikia.com/resource/Category:Trandoshans	=	1.0000
http://dbkwik.webdatacommons.org/starwars.wikia.com/resource/Endar_Rebirth	http://dbkwik.webdatacommons.org/swtor.wikia.com/resource/Endar_Rebirth	=	1.0000
http://dbkwik.webdatacommons.org/starwars.wikia.com/class/app	http://dbkwik.webdatacommons.org/swtor.wikia.com/class/app	=	1.0000
http://dbkwik.webdatacommons.org/starwars.wikia.com/resource/Corvana	http://dbkwik.webdatacommons.org/swtor.wikia.com/resource/Corvana	=	1.0000
http://dbkwik.webdatacommons.org/starwars.wikia.com/resource/Senator	http://dbkwik.webdatacommons.org/swtor.wikia.com/resource/Senator	=	1.0000
http://starwars.wikia.com/wiki/Special:FilePath/Ngani_Zho.jpg	http://swtor.wikia.com/wiki/Special:FilePath/Ngani_Zho.jpg	=	1.0000
http://dbkwik.webdatacommons.org/starwars.wikia.com/resource/Category:Images_of_Sith_Empire_spacecraft	http://dbkwik.webdatacommons.org/swtor.wikia.com/resource/Category:Images_of_Sith_Empire_Spacecraft	=	1.0000
http://dbkwik.webdatacommons.org/starwars.wikia.com/resource/Ulldin	http://dbkwik.webdatacommons.org/swtor.wikia.com/resource/Ulldin	=	1.0000
http://dbkwik.webdatacommons.org/starwars.wikia.com/resource/Q%27Anilia	http://dbkwik.webdatacommons.org/swtor.wikia.com/resource/Q%27Anilia	=	1.0000
http://dbkwik.webdatacommons.org/starwars.wikia.com/resource/Lek	http://dbkwik.webdatacommons.org/swtor.wikia.com/resource/Lek	=	1.0000
http://dbkwik.webdatacommons.org/starwars.wikia.com/resource/Selven	http://dbkwik.webdatacommons.org/swtor.wikia.com/resource/Selven	=	1.0000
http://starwars.wikia.com/wiki/Special:FilePath/Quilb.png?width=300	http://swtor.wikia.com/wiki/Special:FilePath/Quilb.png?width=300	=	1.0000
http://dbkwik.webdatacommons.org/starwars.wikia.com/resource/Warren_Sedoru	http://dbkwik.webdatacommons.org/swtor.wikia.com/resource/Warren_Sedoru	=	1.0000
http://dbkwik.webdatacommons.org/starwars.wikia.com/resource/Awdrysta_Pina	http://dbkwik.webdatacommons.org/swtor.wikia.com/resource/Awdrysta_Pina	=	1.0000
http://dbkwik.webdatacommons.org/starwars.wikia.com/resource/Mandalore_the_Ultimate	http://dbkwik.webdatacommons.org/swtor.wikia.com/resource/Mandalore_the_Ultimate	=	1.0000
http://starwars.wikia.com/wiki/Special:FilePath/Odumis_Mer.png	http://swtor.wikia.com/wiki/Special:FilePath/Odumis_Mer.png	=	1.0000
http://starwars.wikia.com/wiki/Special:FilePath/Corellia.jpg?width=300	http://swtor.wikia.com/wiki/Special:FilePath/Corellia.jpg?width=300	=	1.0000
http://starwars.wikia.com/wiki/Special:FilePath/Rocket-jumper_troopship.jpg	http://swtor.wikia.com/wiki/Special:FilePath/Rocket-Jumper_Troopship.jpg	=	1.0000
http://dbkwik.webdatacommons.org/starwars.wikia.com/class/media	http://dbkwik.webdatacommons.org/swtor.wikia.com/class/media	=	1.0000
http://dbkwik.webdatacommons.org/starwars.wikia.com/resource/Admiral	http://dbkwik.webdatacommons.org/swtor.wikia.com/resource/Admiral	=	1.0000
http://starwars.wikia.com/wiki/Special:FilePath/Nihilus_Dreads.jpg	http://swtor.wikia.com/wiki/Special:FilePath/Nihilus_Dreads.jpg	=	1.0000
http://dbkwik.webdatacommons.org/starwars.wikia.com/resource/Braden	http://dbkwik.webdatacommons.org/swtor.wikia.com/resource/Braden	=	1.0000
http://dbkwik.webdatacommons.org/starwars.wikia.com/resource/Pak_Taldine	http://dbkwik.webdatacommons.org/swtor.wikia.com/resource/Pak_Taldine	=	1.0000
http://dbkwik.webdatacommons.org/starwars.wikia.com/resource/Unidentified_Kel_Dor_Jedi	http://dbkwik.webdatacommons.org/swtor.wikia.com/resource/Unidentified_Kel_Dor_Jedi	=	1.0000
http://starwars.wikia.com/wiki/Special:FilePath/TelosIV.png	http://swtor.wikia.com/wiki/Special:FilePath/Telos_IV.png	=	1.0000
http://dbkwik.webdatacommons.org/starwars.wikia.com/resource/Utapau	http://dbkwik.webdatacommons.org/swtor.wikia.com/resource/Utapau	=	1.0000
http://starwars.wikia.com/wiki/Special:FilePath/Zaalbar.jpg	http://swtor.wikia.com/wiki/Special:FilePath/Zaalbar.jpg	=	1.0000
http://dbkwik.webdatacommons.org/starwars.wikia.com/resource/Darth_Angral	http://dbkwik.webdatacommons.org/swtor.wikia.com/resource/Darth_Angral	=	1.0000
http://dbkwik.webdatacommons.org/starwars.wikia.com/resource/Visionary	http://dbkwik.webdatacommons.org/swtor.wikia.com/resource/Visionary	=	1.0000
http://starwars.wikia.com/wiki/Special:FilePath/Odancourier.jpg?width=300	http://swtor.wikia.com/wiki/Special:FilePath/Odancourier.jpg?width=300	=	1.0000
http://dbkwik.webdatacommons.org/starwars.wikia.com/resource/Winborn	http://dbkwik.webdatacommons.org/swtor.wikia.com/resource/Winborn	=	1.0000
http://starwars.wikia.com/wiki/Special:FilePath/Skavak.png	http://swtor.wikia.com/wiki/Special:FilePath/Skavak.png	=	1.0000
http://dbkwik.webdatacommons.org/starwars.wikia.com/resource/Terror_Brigade	http://dbkwik.webdatacommons.org/swtor.wikia.com/resource/Terror_Brigade	=	1.0000
http://dbkwik.webdatacommons.org/starwars.wikia.com/resource/Chamma	http://dbkwik.webdatacommons.org/swtor.wikia.com/resource/Chamma	=	1.0000
http://dbkwik.webdatacommons.org/starwars.wikia.com/resource/Horuset_system	http://dbkwik.webdatacommons.org/swtor.wikia.com/resource/Horuset_system	=	1.0000
http://dbkwik.webdatacommons.org/starwars.wikia.com/resource/Star_Fortress	http://dbkwik.webdatacommons.org/swtor.wikia.com/resource/Star_Fortress	=	1.0000
http://starwars.wikia.com/wiki/Special:FilePath/Sith_King_Adas.jpg?width=300	http://swtor.wikia.com/wiki/Special:FilePath/Sith_King_Adas.jpg?width=300	=	1.0000
http://dbkwik.webdatacommons.org/starwars.wikia.com/resource/Samus	http://dbkwik.webdatacommons.org/swtor.wikia.com/resource/Samus	=	1.0000
http://dbkwik.webdatacommons.org/starwars.wikia.com/resource/Category:Bith	http://dbkwik.webdatacommons.org/swtor.wikia.com/resource/Category:Bith	=	1.0000
http://dbkwik.webdatacommons.org/starwars.wikia.com/resource/Unidentified_Jedi_Master_(Jedi_Assembly)	http://dbkwik.webdatacommons.org/swtor.wikia.com/resource/Unidentified_Jedi_Master_(Jedi_Assembly)	=	1.0000
http://dbkwik.webdatacommons.org/starwars.wikia.com/resource/Lana_Beniko	http://dbkwik.webdatacommons.org/swtor.wikia.com/resource/Lana_Beniko	=	1.0000
http://dbkwik.webdatacommons.org/starwars.wikia.com/resource/Tyrant	http://dbkwik.webdatacommons.org/swtor.wikia.com/resource/Tyrant	=	1.0000
http://dbkwik.webdatacommons.org/starwars.wikia.com/resource/Taith	http://dbkwik.webdatacommons.org/swtor.wikia.com/resource/Taith	=	1.0000
http://dbkwik.webdatacommons.org/starwars.wikia.com/resource/Treek	http://dbkwik.webdatacommons.org/swtor.wikia.com/resource/Treek	=	1.0000
http://dbkwik.webdatacommons.org/starwars.wikia.com/resource/Category:Protocol_droids	http://dbkwik.webdatacommons.org/swtor.wikia.com/resource/Category:Protocol_Droids	=	1.0000
http://starwars.wikia.com/wiki/Special:FilePath/Bonethrasher.png?width=300	http://swtor.wikia.com/wiki/Special:FilePath/Bonethrasher.png?width=300	=	1.0000
http://dbkwik.webdatacommons.org/starwars.wikia.com/resource/Darth_Malgus	http://dbkwik.webdatacommons.org/swtor.wikia.com/resource/Darth_Malgus	=	1.0000
http://starwars.wikia.com/wiki/Special:FilePath/Mako.png?width=300	http://swtor.wikia.com/wiki/Special:FilePath/Mako.png?width=300	=	1.0000
http://dbkwik.webdatacommons.org/starwars.wikia.com/resource/Peragus_Mining_Facility	http://dbkwik.webdatacommons.org/swtor.wikia.com/resource/Peragus_Mining_Facility	=	1.0000
http://dbkwik.webdatacommons.org/starwars.wikia.com/resource/Carrick_Station	http://dbkwik.webdatacommons.org/swtor.wikia.com/resource/Carrick_Station	=	1.0000
http://dbkwik.webdatacommons.org/starwars.wikia.com/resource/Kira_Carsen	http://dbkwik.webdatacommons.org/swtor.wikia.com/resource/Kira_Carsen	=	1.0000
http://starwars.wikia.com/wiki/Special:FilePath/Keikana_Herot.png?width=300	http://swtor.wikia.com/wiki/Special:FilePath/Keikana_Herot.png?width=300	=	1.0000
http://dbkwik.webdatacommons.org/starwars.wikia.com/resource/Imperial_Navy	http://dbkwik.webdatacommons.org/swtor.wikia.com/resource/Imperial_Navy	=	1.0000
http://dbkwik.webdatacommons.org/starwars.wikia.com/resource/Twin_Suns	http://dbkwik.webdatacommons.org/swtor.wikia.com/resource/Twin_Suns	=	1.0000
http://starwars.wikia.com/wiki/Special:FilePath/Longspur_Blaze.png?width=300	http://swtor.wikia.com/wiki/Special:FilePath/Longspur_blaze.png?width=300	=	1.0000
http://dbkwik.webdatacommons.org/starwars.wikia.com/resource/Droid_Rights	http://dbkwik.webdatacommons.org/swtor.wikia.com/resource/Droid_Rights	=	1.0000
http://dbkwik.webdatacommons.org/starwars.wikia.com/resource/Reputation	http://dbkwik.webdatacommons.org/swtor.wikia.com/resource/Reputation	=	1.0000
http://dbkwik.webdatacommons.org/starwars.wikia.com/resource/Dauntless_Star	http://dbkwik.webdatacommons.org/swtor.wikia.com/resource/Dauntless_Star	=	1.0000
http://dbkwik.webdatacommons.org/starwars.wikia.com/resource/C2-N2	http://dbkwik.webdatacommons.org/swtor.wikia.com/resource/C2-N2	=	1.0000
http://dbkwik.webdatacommons.org/starwars.wikia.com/resource/Lost_Twenty	http://dbkwik.webdatacommons.org/swtor.wikia.com/resource/Lost_Twenty	=	1.0000
http://dbkwik.webdatacommons.org/starwars.wikia.com/resource/Sith_Worlds	http://dbkwik.webdatacommons.org/swtor.wikia.com/resource/Sith_Worlds	=	1.0000
http://starwars.wikia.com/wiki/Special:FilePath/Asharl_panther.png?width=300	http://swtor.wikia.com/wiki/Special:FilePath/Asharl_panther.png?width=300	=	1.0000
http://dbkwik.webdatacommons.org/starwars.wikia.com/resource/Republic_Embassy	http://dbkwik.webdatacommons.org/swtor.wikia.com/resource/Republic_Embassy	=	1.0000
http://starwars.wikia.com/wiki/Special:FilePath/Rendili_Protector.png	http://swtor.wikia.com/wiki/Special:FilePath/Rendili_protector.png	=	1.0000
http://dbkwik.webdatacommons.org/starwars.wikia.com/resource/Jax_Dumont	http://dbkwik.webdatacommons.org/swtor.wikia.com/resource/Jax_Dumont	=	1.0000
http://dbkwik.webdatacommons.org/starwars.wikia.com/resource/Eison_Gynt	http://dbkwik.webdatacommons.org/swtor.wikia.com/resource/Eison_Gynt	=	1.0000
http://dbkwik.webdatacommons.org/starwars.wikia.com/resource/Fuliginous	http://dbkwik.webdatacommons.org/swtor.wikia.com/resource/Fuliginous	=	1.0000
http://dbkwik.webdatacommons.org/starwars.wikia.com/resource/Brentaal_Star	http://dbkwik.webdatacommons.org/swtor.wikia.com/resource/Brentaal_Star	=	1.0000
http://dbkwik.webdatacommons.org/starwars.wikia.com/resource/Darth_Cognus	http://dbkwik.webdatacommons.org/swtor.wikia.com/resource/Darth_Cognus	=	1.0000
http://dbkwik.webdatacommons.org/starwars.wikia.com/resource/Shyrack	http://dbkwik.webdatacommons.org/swtor.wikia.com/resource/Shyrack	=	1.0000
http://dbkwik.webdatacommons.org/starwars.wikia.com/resource/Guild	http://dbkwik.webdatacommons.org/swtor.wikia.com/resource/Guild	=	1.0000
http://dbkwik.webdatacommons.org/starwars.wikia.com/resource/Mission_Vao	http://dbkwik.webdatacommons.org/swtor.wikia.com/resource/Mission_Vao	=	1.0000
http://dbkwik.webdatacommons.org/starwars.wikia.com/resource/Resolve	http://dbkwik.webdatacommons.org/swtor.wikia.com/resource/Resolve	=	1.0000
http://dbkwik.webdatacommons.org/starwars.wikia.com/resource/Galactic_calendar	http://dbkwik.webdatacommons.org/swtor.wikia.com/resource/Galactic_Calendar	=	1.0000
http://starwars.wikia.com/wiki/Special:FilePath/Port_Raga.png?width=300	http://swtor.wikia.com/wiki/Special:FilePath/Port_Raga.png?width=300	=	1.0000
http://dbkwik.webdatacommons.org/starwars.wikia.com/resource/Shoaneb_Culu	http://dbkwik.webdatacommons.org/swtor.wikia.com/resource/Shoaneb_Culu	=	1.0000
http://dbkwik.webdatacommons.org/starwars.wikia.com/resource/Timeline_17:_The_Jedi_Order_is_Established	http://dbkwik.webdatacommons.org/swtor.wikia.com/resource/Timeline_17:_The_Jedi_Order_is_Established	=	1.0000
http://dbkwik.webdatacommons.org/starwars.wikia.com/resource/Category:Vehicles	http://dbkwik.webdatacommons.org/swtor.wikia.com/resource/Category:Vehicles	=	1.0000
http://dbkwik.webdatacommons.org/starwars.wikia.com/resource/Fray_Landing_Memorial	http://dbkwik.webdatacommons.org/swtor.wikia.com/resource/Fray_Landing_Memorial	=	1.0000
http://dbkwik.webdatacommons.org/starwars.wikia.com/resource/Senate_Bureau_of_Intelligence	http://dbkwik.webdatacommons.org/swtor.wikia.com/resource/Senate_Bureau_of_Intelligence	=	1.0000
http://dbkwik.webdatacommons.org/starwars.wikia.com/resource/Category:Sith_minions	http://dbkwik.webdatacommons.org/swtor.wikia.com/resource/Category:Sith_minions	=	1.0000
http://dbkwik.webdatacommons.org/starwars.wikia.com/property/organizations	http://dbkwik.webdatacommons.org/swtor.wikia.com/property/organizations	=	1.0000
http://dbkwik.webdatacommons.org/starwars.wikia.com/resource/Yavin_4	http://dbkwik.webdatacommons.org/swtor.wikia.com/resource/Yavin_4	=	1.0000
http://dbkwik.webdatacommons.org/starwars.wikia.com/class/disambig	http://dbkwik.webdatacommons.org/swtor.wikia.com/class/disambig	=	1.0000
http://dbkwik.webdatacommons.org/starwars.wikia.com/resource/Zez-Kai_Ell	http://dbkwik.webdatacommons.org/swtor.wikia.com/resource/Zez-Kai_Ell	=	1.0000
http://dbkwik.webdatacommons.org/starwars.wikia.com/resource/Life_debt	http://dbkwik.webdatacommons.org/swtor.wikia.com/resource/Life_debt	=	1.0000
http://dbkwik.webdatacommons.org/starwars.wikia.com/property/result	http://dbkwik.webdatacommons.org/swtor.wikia.com/property/result	=	1.0000
http://dbkwik.webdatacommons.org/starwars.wikia.com/resource/Mercenary_training_facility	http://dbkwik.webdatacommons.org/swtor.wikia.com/resource/Mercenary_Training_Facility	=	1.0000
http://dbkwik.webdatacommons.org/starwars.wikia.com/resource/Borthis	http://dbkwik.webdatacommons.org/swtor.wikia.com/resource/Borthis	=	1.0000
http://dbkwik.webdatacommons.org/starwars.wikia.com/resource/Horak-mul	http://dbkwik.webdatacommons.org/swtor.wikia.com/resource/Horak-mul	=	1.0000
http://dbkwik.webdatacommons.org/starwars.wikia.com/resource/Force-sensitive	http://dbkwik.webdatacommons.org/swtor.wikia.com/resource/Force-sensitive	=	1.0000
http://dbkwik.webdatacommons.org/starwars.wikia.com/resource/Krayt_Dragon_Graveyard	http://dbkwik.webdatacommons.org/swtor.wikia.com/resource/Krayt_Dragon_Graveyard	=	1.0000
http://dbkwik.webdatacommons.org/starwars.wikia.com/resource/Datacron	http://dbkwik.webdatacommons.org/swtor.wikia.com/resource/Datacron	=	1.0000
http://dbkwik.webdatacommons.org/starwars.wikia.com/resource/Star_Chamber	http://dbkwik.webdatacommons.org/swtor.wikia.com/resource/Star_Chamber	=	1.0000
http://dbkwik.webdatacommons.org/starwars.wikia.com/resource/The_Tomb	http://dbkwik.webdatacommons.org/swtor.wikia.com/resource/The_Tomb	=	1.0000
http://dbkwik.webdatacommons.org/starwars.wikia.com/resource/Gen%27Dai	http://dbkwik.webdatacommons.org/swtor.wikia.com/resource/Gen%27Dai	=	1.0000
http://dbkwik.webdatacommons.org/starwars.wikia.com/resource/Law_enforcement_agency	http://dbkwik.webdatacommons.org/swtor.wikia.com/resource/Law_enforcement_agency	=	1.0000
http://dbkwik.webdatacommons.org/starwars.wikia.com/resource/The_Holonet	http://dbkwik.webdatacommons.org/swtor.wikia.com/resource/The_Holonet	=	1.0000
http://dbkwik.webdatacommons.org/starwars.wikia.com/resource/Category:Battles	http://dbkwik.webdatacommons.org/swtor.wikia.com/resource/Category:Battles	=	1.0000
http://starwars.wikia.com/wiki/Special:FilePath/Eldo.png?width=300	http://swtor.wikia.com/wiki/Special:FilePath/Eldo.png?width=300	=	1.0000
http://dbkwik.webdatacommons.org/starwars.wikia.com/resource/Ergeron	http://dbkwik.webdatacommons.org/swtor.wikia.com/resource/Ergeron	=	1.0000
http://starwars.wikia.com/wiki/Special:FilePath/Battle.jpg?width=300	http://swtor.wikia.com/wiki/Special:FilePath/Battle.jpg?width=300	=	1.0000
http://starwars.wikia.com/wiki/Special:FilePath/Ubrikkian_Striker.png?width=300	http://swtor.wikia.com/wiki/Special:FilePath/Ubrikkian_striker.png?width=300	=	1.0000
http://starwars.wikia.com/wiki/Special:FilePath/Snivvian.jpg?width=300	http://swtor.wikia.com/wiki/Special:FilePath/Snivvian.jpg?width=300	=	1.0000
http://dbkwik.webdatacommons.org/starwars.wikia.com/resource/Lirondo	http://dbkwik.webdatacommons.org/swtor.wikia.com/resource/Lirondo	=	1.0000
http://starwars.wikia.com/wiki/Special:FilePath/Praxon_Xeno.png?width=300	http://swtor.wikia.com/wiki/Special:FilePath/Praxon_xeno.png?width=300	=	1.0000
http://dbkwik.webdatacommons.org/starwars.wikia.com/resource/Jedi_Shadow	http://dbkwik.webdatacommons.org/swtor.wikia.com/resource/Jedi_Shadow	=	1.0000
http://dbkwik.webdatacommons.org/starwars.wikia.com/resource/Force_lightning	http://dbkwik.webdatacommons.org/swtor.wikia.com/resource/Force_lightning	=	1.0000
http://dbkwik.webdatacommons.org/starwars.wikia.com/resource/Sever_Force	http://dbkwik.webdatacommons.org/swtor.wikia.com/resource/Sever_Force	=	1.0000
http://dbkwik.webdatacommons.org/starwars.wikia.com/resource/Galactic_Senate	http://dbkwik.webdatacommons.org/swtor.wikia.com/resource/Galactic_Senate	=	1.0000
http://starwars.wikia.com/wiki/Special:FilePath/Meltdown.png?width=300	http://swtor.wikia.com/wiki/Special:FilePath/Meltdown.png?width=300	=	1.0000
http://dbkwik.webdatacommons.org/starwars.wikia.com/resource/Ebon_Hawk	http://dbkwik.webdatacommons.org/swtor.wikia.com/resource/Ebon_Hawk	=	1.0000
http://starwars.wikia.com/wiki/Special:FilePath/RSISdirector.png	http://swtor.wikia.com/wiki/Special:FilePath/RSISdirector.png	=	1.0000
http://dbkwik.webdatacommons.org/starwars.wikia.com/resource/Assembly_Chamber	http://dbkwik.webdatacommons.org/swtor.wikia.com/resource/Assembly_Chamber	=	1.0000
http://dbkwik.webdatacommons.org/starwars.wikia.com/resource/Category:Images_from_Star_Wars:_Knights_of_the_Old_Republic_II:_The_Sith_Lords	http://dbkwik.webdatacommons.org/swtor.wikia.com/resource/Category:Images_from_Star_Wars:_Knights_of_the_Old_Republic_II:_The_Sith_Lords	=	1.0000
http://dbkwik.webdatacommons.org/starwars.wikia.com/resource/Category:Space_stations	http://dbkwik.webdatacommons.org/swtor.wikia.com/resource/Category:Space_stations	=	1.0000
http://starwars.wikia.com/wiki/Special:FilePath/Devaron_NEGAS.jpg	http://swtor.wikia.com/wiki/Special:FilePath/Devaron_NEGAS.jpg	=	1.0000
http://starwars.wikia.com/wiki/Special:FilePath/Gurian_Shadow.png?width=300	http://swtor.wikia.com/wiki/Special:FilePath/Gurian_Shadow.png?width=300	=	1.0000
http://starwars.wikia.com/wiki/Special:FilePath/Thranta.jpg	http://swtor.wikia.com/wiki/Special:FilePath/Thranta.jpg	=	1.0000
http://starwars.wikia.com/wiki/Special:FilePath/Farn.png?width=300	http://swtor.wikia.com/wiki/Special:FilePath/Farn.png?width=300	=	1.0000
http://dbkwik.webdatacommons.org/starwars.wikia.com/resource/Dash%27Roode	http://dbkwik.webdatacommons.org/swtor.wikia.com/resource/Dash%27roode	=	1.0000
http://starwars.wikia.com/wiki/Special:FilePath/Graush_beheaded.png?width=300	http://swtor.wikia.com/wiki/Special:FilePath/Graush_beheaded.png?width=300	=	1.0000
http://dbkwik.webdatacommons.org/starwars.wikia.com/resource/Shaelas	http://dbkwik.webdatacommons.org/swtor.wikia.com/resource/Shaelas	=	1.0000
http://dbkwik.webdatacommons.org/starwars.wikia.com/resource/Kassor_Quade	http://dbkwik.webdatacommons.org/swtor.wikia.com/resource/Kassor_Quade	=	1.0000
http://dbkwik.webdatacommons.org/starwars.wikia.com/resource/Cathar	http://dbkwik.webdatacommons.org/swtor.wikia.com/property/cathar	=	1.0000
http://dbkwik.webdatacommons.org/starwars.wikia.com/resource/MZ-12	http://dbkwik.webdatacommons.org/swtor.wikia.com/resource/MZ-12	=	1.0000
http://dbkwik.webdatacommons.org/starwars.wikia.com/resource/Sriluur	http://dbkwik.webdatacommons.org/swtor.wikia.com/resource/Sriluur	=	1.0000
http://starwars.wikia.com/wiki/Special:FilePath/Tsforce.jpg?width=300	http://swtor.wikia.com/wiki/Special:FilePath/Tsforce.jpg?width=300	=	1.0000
http://starwars.wikia.com/wiki/Special:FilePath/Dalborra_infobox.jpg	http://swtor.wikia.com/wiki/Special:FilePath/Dalborra_infobox.jpg	=	1.0000
http://dbkwik.webdatacommons.org/starwars.wikia.com/resource/Selonian	http://dbkwik.webdatacommons.org/swtor.wikia.com/resource/Selonian	=	1.0000
http://starwars.wikia.com/wiki/Special:FilePath/RavagerExplodes.jpg?width=300	http://swtor.wikia.com/wiki/Special:FilePath/RavagerExplodes.jpg?width=300	=	1.0000
http://dbkwik.webdatacommons.org/starwars.wikia.com/resource/Trandosha	http://dbkwik.webdatacommons.org/swtor.wikia.com/resource/Trandosha	=	1.0000
http://dbkwik.webdatacommons.org/starwars.wikia.com/resource/Labor_Valley	http://dbkwik.webdatacommons.org/swtor.wikia.com/resource/Labor_Valley	=	1.0000
http://dbkwik.webdatacommons.org/starwars.wikia.com/resource/Nadia_Grell	http://dbkwik.webdatacommons.org/swtor.wikia.com/resource/Nadia_Grell	=	1.0000
http://dbkwik.webdatacommons.org/starwars.wikia.com/resource/Grancha_Lakand_venom_mine	http://dbkwik.webdatacommons.org/swtor.wikia.com/resource/Grancha_Lakand_Venom_Mine	=	1.0000
http://dbkwik.webdatacommons.org/starwars.wikia.com/resource/Rasmus_Blys	http://dbkwik.webdatacommons.org/swtor.wikia.com/resource/Rasmus_Blys	=	1.0000
http://dbkwik.webdatacommons.org/starwars.wikia.com/property/sector	http://dbkwik.webdatacommons.org/swtor.wikia.com/resource/Sector	=	1.0000
http://dbkwik.webdatacommons.org/starwars.wikia.com/resource/Rolend_Zavros	http://dbkwik.webdatacommons.org/swtor.wikia.com/resource/Rolend_Zavros	=	1.0000
http://dbkwik.webdatacommons.org/starwars.wikia.com/resource/Undaara	http://dbkwik.webdatacommons.org/swtor.wikia.com/resource/Undaara	=	1.0000
http://dbkwik.webdatacommons.org/starwars.wikia.com/resource/Technology	http://dbkwik.webdatacommons.org/swtor.wikia.com/property/technology	=	1.0000
http://dbkwik.webdatacommons.org/starwars.wikia.com/resource/Wesner	http://dbkwik.webdatacommons.org/swtor.wikia.com/resource/Wesner	=	1.0000
http://starwars.wikia.com/wiki/Special:FilePath/Nexu.jpg?width=300	http://swtor.wikia.com/wiki/Special:FilePath/Nexu.jpg?width=300	=	1.0000
http://dbkwik.webdatacommons.org/starwars.wikia.com/resource/Swarmer	http://dbkwik.webdatacommons.org/swtor.wikia.com/resource/Swarmer	=	1.0000
http://dbkwik.webdatacommons.org/starwars.wikia.com/resource/Wampa	http://dbkwik.webdatacommons.org/swtor.wikia.com/resource/Wampa	=	1.0000
http://dbkwik.webdatacommons.org/starwars.wikia.com/resource/Unidentified_female_Twi%27lek_Jedi	http://dbkwik.webdatacommons.org/swtor.wikia.com/resource/Unidentified_female_Twi%27lek_Jedi	=	1.0000
http://dbkwik.webdatacommons.org/starwars.wikia.com/resource/Kabbura	http://dbkwik.webdatacommons.org/swtor.wikia.com/resource/Kabbura	=	1.0000
http://dbkwik.webdatacommons.org/starwars.wikia.com/resource/Republic_command_ship	http://dbkwik.webdatacommons.org/swtor.wikia.com/resource/Republic_Command_ship	=	1.0000
http://dbkwik.webdatacommons.org/starwars.wikia.com/resource/Overlord	http://dbkwik.webdatacommons.org/swtor.wikia.com/resource/Overlord	=	1.0000
http://starwars.wikia.com/wiki/Special:FilePath/Ulldin.png	http://swtor.wikia.com/wiki/Special:FilePath/Ulldin.png	=	1.0000
http://dbkwik.webdatacommons.org/starwars.wikia.com/property/leader	http://dbkwik.webdatacommons.org/swtor.wikia.com/property/leader	=	1.0000
http://dbkwik.webdatacommons.org/starwars.wikia.com/resource/Wookiee	http://dbkwik.webdatacommons.org/swtor.wikia.com/resource/Wookiee	=	1.0000
http://dbkwik.webdatacommons.org/starwars.wikia.com/resource/Saes_Rrogon	http://dbkwik.webdatacommons.org/swtor.wikia.com/resource/Saes_Rrogon	=	1.0000
http://dbkwik.webdatacommons.org/starwars.wikia.com/resource/Son	http://dbkwik.webdatacommons.org/swtor.wikia.com/property/son	=	1.0000
http://dbkwik.webdatacommons.org/starwars.wikia.com/resource/Ybann	http://dbkwik.webdatacommons.org/swtor.wikia.com/resource/Ybann	=	1.0000
http://dbkwik.webdatacommons.org/starwars.wikia.com/resource/Liam_Dentiri	http://dbkwik.webdatacommons.org/swtor.wikia.com/resource/Liam_Dentiri	=	1.0000
http://dbkwik.webdatacommons.org/starwars.wikia.com/resource/Category:Heavy_armor	http://dbkwik.webdatacommons.org/swtor.wikia.com/resource/Category:Heavy_Armor	=	1.0000
http://dbkwik.webdatacommons.org/starwars.wikia.com/resource/Hutt_Space	http://dbkwik.webdatacommons.org/swtor.wikia.com/resource/Hutt_Space	=	1.0000
http://dbkwik.webdatacommons.org/starwars.wikia.com/resource/Minister_of_Intelligence	http://dbkwik.webdatacommons.org/swtor.wikia.com/resource/Minister_of_Intelligence	=	1.0000
http://dbkwik.webdatacommons.org/starwars.wikia.com/resource/Powertech	http://dbkwik.webdatacommons.org/swtor.wikia.com/resource/Powertech	=	1.0000
http://dbkwik.webdatacommons.org/starwars.wikia.com/resource/Minst	http://dbkwik.webdatacommons.org/swtor.wikia.com/resource/Minst	=	1.0000
http://starwars.wikia.com/wiki/Special:FilePath/SunGem2.jpg?width=300	http://swtor.wikia.com/wiki/Special:FilePath/SunGem.jpg?width=300	=	0.9509
http://dbkwik.webdatacommons.org/starwars.wikia.com/resource/Gadon_Thek	http://dbkwik.webdatacommons.org/swtor.wikia.com/resource/Gadon_Thek	=	1.0000
http://dbkwik.webdatacommons.org/starwars.wikia.com/resource/Subject_Alpha	http://dbkwik.webdatacommons.org/swtor.wikia.com/resource/Subject_Alpha	=	1.0000
http://starwars.wikia.com/wiki/Special:FilePath/Interrogation_droid.jpg?width=300	http://swtor.wikia.com/wiki/Special:FilePath/Interrogation_Droid.jpg?width=300	=	1.0000
http://dbkwik.webdatacommons.org/starwars.wikia.com/resource/Salana_Rok	http://dbkwik.webdatacommons.org/swtor.wikia.com/resource/Salana_Rok	=	1.0000
http://dbkwik.webdatacommons.org/starwars.wikia.com/resource/Carida	http://dbkwik.webdatacommons.org/swtor.wikia.com/resource/Carida	=	1.0000
http://dbkwik.webdatacommons.org/starwars.wikia.com/resource/Odan-Urr%27s_courier	http://dbkwik.webdatacommons.org/swtor.wikia.com/resource/Odan-Urr%27s_Courier	=	1.0000
http://dbkwik.webdatacommons.org/starwars.wikia.com/resource/Category:Deep_Core_planets	http://dbkwik.webdatacommons.org/swtor.wikia.com/resource/Category:Deep_Core_Planets	=	1.0000
http://starwars.wikia.com/wiki/Special:FilePath/Gree.png	http://swtor.wikia.com/wiki/Special:FilePath/Gree.png	=	1.0000
http://dbkwik.webdatacommons.org/starwars.wikia.com/resource/Rocket-jumper_troopship	http://dbkwik.webdatacommons.org/swtor.wikia.com/resource/Rocket-Jumper_troopship	=	1.0000
http://dbkwik.webdatacommons.org/starwars.wikia.com/resource/Sarlacc	http://dbkwik.webdatacommons.org/swtor.wikia.com/resource/Sarlacc	=	1.0000
http://starwars.wikia.com/wiki/Special:FilePath/Otrol.png?width=300	http://swtor.wikia.com/wiki/Special:FilePath/Otrol.png?width=300	=	1.0000
http://dbkwik.webdatacommons.org/starwars.wikia.com/resource/Odion	http://dbkwik.webdatacommons.org/swtor.wikia.com/resource/Odion	=	1.0000
http://starwars.wikia.com/wiki/Special:FilePath/Star_Saber_XC-01_starfighter.jpg?width=300	http://swtor.wikia.com/wiki/Special:FilePath/Star_Saber_XC-01_Starfighter.jpg?width=300	=	1.0000
http://dbkwik.webdatacommons.org/starwars.wikia.com/resource/Krayt_dragon	http://dbkwik.webdatacommons.org/swtor.wikia.com/resource/Krayt_Dragon	=	1.0000
http://dbkwik.webdatacommons.org/starwars.wikia.com/property/int	http://dbkwik.webdatacommons.org/swtor.wikia.com/property/int	=	1.0000
http://dbkwik.webdatacommons.org/starwars.wikia.com/resource/T3-H8	http://dbkwik.webdatacommons.org/swtor.wikia.com/resource/T3-H8	=	1.0000
http://dbkwik.webdatacommons.org/starwars.wikia.com/resource/Category:Pages_needing_citation	http://dbkwik.webdatacommons.org/swtor.wikia.com/resource/Category:Pages_needing_citation	=	1.0000
http://dbkwik.webdatacommons.org/starwars.wikia.com/resource/Gharj	http://dbkwik.webdatacommons.org/swtor.wikia.com/resource/Gharj	=	1.0000
http://dbkwik.webdatacommons.org/starwars.wikia.com/resource/Shayoto	http://dbkwik.webdatacommons.org/swtor.wikia.com/resource/Shayoto	=	1.0000
http://dbkwik.webdatacommons.org/starwars.wikia.com/resource/Sannus_Lorrick	http://dbkwik.webdatacommons.org/swtor.wikia.com/resource/Sannus_Lorrick	=	1.0000
http://starwars.wikia.com/wiki/Special:FilePath/Odile_Vaikan.jpg	http://swtor.wikia.com/wiki/Special:FilePath/Odile_Vaikan.jpg	=	1.0000
http://dbkwik.webdatacommons.org/starwars.wikia.com/resource/Expansion_Region	http://dbkwik.webdatacommons.org/swtor.wikia.com/resource/Expansion_Region	=	1.0000
http://dbkwik.webdatacommons.org/starwars.wikia.com/resource/Sojourn	http://dbkwik.webdatacommons.org/swtor.wikia.com/resource/Sojourn	=	1.0000
http://starwars.wikia.com/wiki/Special:FilePath/Zaalbar.jpg?width=300	http://swtor.wikia.com/wiki/Special:FilePath/Zaalbar.jpg?width=300	=	1.0000
http://dbkwik.webdatacommons.org/starwars.wikia.com/resource/Lieber	http://dbkwik.webdatacommons.org/swtor.wikia.com/resource/Lieber	=	1.0000
http://dbkwik.webdatacommons.org/starwars.wikia.com/resource/Darbin_Sull	http://dbkwik.webdatacommons.org/swtor.wikia.com/resource/Darbin_Sull	=	1.0000
http://dbkwik.webdatacommons.org/starwars.wikia.com/resource/Brotherhood_of_Darkness	http://dbkwik.webdatacommons.org/swtor.wikia.com/resource/Brotherhood_of_Darkness	=	1.0000
http://dbkwik.webdatacommons.org/starwars.wikia.com/resource/Serenno	http://dbkwik.webdatacommons.org/swtor.wikia.com/resource/Serenno	=	1.0000
http://starwars.wikia.com/wiki/Special:FilePath/Shayoto.jpg?width=300	http://swtor.wikia.com/wiki/Special:FilePath/Shayoto.jpg?width=300	=	1.0000
http://starwars.wikia.com/wiki/Special:FilePath/MandalorianWars-Tmeline8.jpg?width=300	http://swtor.wikia.com/wiki/Special:FilePath/MandalorianWars-Tmeline8.jpg?width=300	=	1.0000
http://starwars.wikia.com/wiki/Special:FilePath/Nexu.jpg	http://swtor.wikia.com/wiki/Special:FilePath/Nexu.jpg	=	1.0000
http://starwars.wikia.com/wiki/Special:FilePath/Imperial_Agent.jpg	http://swtor.wikia.com/wiki/Special:FilePath/Imperial_Agent.jpg	=	1.0000
http://dbkwik.webdatacommons.org/starwars.wikia.com/resource/Geric	http://dbkwik.webdatacommons.org/swtor.wikia.com/resource/Geric	=	1.0000
http://dbkwik.webdatacommons.org/starwars.wikia.com/resource/Acklay	http://dbkwik.webdatacommons.org/swtor.wikia.com/resource/Acklay	=	1.0000
http://dbkwik.webdatacommons.org/starwars.wikia.com/resource/Vederiat_Ayon	http://dbkwik.webdatacommons.org/swtor.wikia.com/resource/Vederiat_Ayon	=	1.0000
http://dbkwik.webdatacommons.org/starwars.wikia.com/resource/Jedi_Training	http://dbkwik.webdatacommons.org/swtor.wikia.com/resource/Jedi_training	=	1.0000
http://starwars.wikia.com/wiki/Special:FilePath/RevanForceDrain.jpg	http://swtor.wikia.com/wiki/Special:FilePath/RevanForceDrain.jpg	=	1.0000
http://dbkwik.webdatacommons.org/starwars.wikia.com/resource/Xerender	http://dbkwik.webdatacommons.org/swtor.wikia.com/resource/Xerender	=	1.0000
http://dbkwik.webdatacommons.org/starwars.wikia.com/resource/Aru-Wen	http://dbkwik.webdatacommons.org/swtor.wikia.com/resource/Aru-Wen	=	1.0000
http://dbkwik.webdatacommons.org/starwars.wikia.com/resource/Darth_Bane	http://dbkwik.webdatacommons.org/swtor.wikia.com/resource/Darth_Bane	=	1.0000
http://dbkwik.webdatacommons.org/starwars.wikia.com/resource/Kellian_Jarro	http://dbkwik.webdatacommons.org/swtor.wikia.com/resource/Kellian_Jarro	=	1.0000
http://dbkwik.webdatacommons.org/starwars.wikia.com/resource/Chagrian	http://dbkwik.webdatacommons.org/swtor.wikia.com/resource/Chagrian	=	1.0000
http://starwars.wikia.com/wiki/Special:FilePath/Revan_chokes_officer.jpg	http://swtor.wikia.com/wiki/Special:FilePath/Revan_chokes_officer.jpg	=	1.0000
http://dbkwik.webdatacommons.org/starwars.wikia.com/resource/Tuknatan	http://dbkwik.webdatacommons.org/swtor.wikia.com/resource/Tuknatan	=	1.0000
http://dbkwik.webdatacommons.org/starwars.wikia.com/resource/Rancor	http://dbkwik.webdatacommons.org/swtor.wikia.com/resource/Rancor	=	1.0000
http://dbkwik.webdatacommons.org/starwars.wikia.com/resource/Planet_Prison	http://dbkwik.webdatacommons.org/swtor.wikia.com/resource/Planet_Prison	=	1.0000
http://dbkwik.webdatacommons.org/starwars.wikia.com/resource/Harvap	http://dbkwik.webdatacommons.org/swtor.wikia.com/resource/Harvap	=	1.0000
http://dbkwik.webdatacommons.org/starwars.wikia.com/resource/Olaris_Spaceport	http://dbkwik.webdatacommons.org/swtor.wikia.com/resource/Olaris_Spaceport	=	1.0000
http://starwars.wikia.com/wiki/Special:FilePath/Darth_Arkous.png?width=300	http://swtor.wikia.com/wiki/Special:FilePath/DarthArkous.png?width=300	=	1.0000
http://dbkwik.webdatacommons.org/starwars.wikia.com/property/casual	http://dbkwik.webdatacommons.org/swtor.wikia.com/property/casual	=	1.0000
http://dbkwik.webdatacommons.org/starwars.wikia.com/resource/Force_ghost	http://dbkwik.webdatacommons.org/swtor.wikia.com/resource/Force_Ghost	=	1.0000
http://dbkwik.webdatacommons.org/starwars.wikia.com/resource/Vorn_tiger	http://dbkwik.webdatacommons.org/swtor.wikia.com/resource/Vorn_Tiger	=	1.0000
http://dbkwik.webdatacommons.org/starwars.wikia.com/resource/Belos	http://dbkwik.webdatacommons.org/swtor.wikia.com/resource/Belos	=	1.0000
http://dbkwik.webdatacommons.org/starwars.wikia.com/resource/Thrasher	http://dbkwik.webdatacommons.org/swtor.wikia.com/resource/Thrasher	=	1.0000
http://starwars.wikia.com/wiki/Special:FilePath/Nomi_Sunrider.jpg	http://swtor.wikia.com/wiki/Special:FilePath/NomiSunrider.jpg	=	1.0000
http://dbkwik.webdatacommons.org/starwars.wikia.com/resource/Treasure_hunting	http://dbkwik.webdatacommons.org/swtor.wikia.com/resource/Treasure_Hunting	=	1.0000
http://dbkwik.webdatacommons.org/starwars.wikia.com/resource/Madaga-Ru	http://dbkwik.webdatacommons.org/swtor.wikia.com/resource/Madaga-Ru	=	1.0000
http://dbkwik.webdatacommons.org/starwars.wikia.com/resource/Category:Kaleesh	http://dbkwik.webdatacommons.org/swtor.wikia.com/resource/Category:Kaleesh	=	1.0000
http://dbkwik.webdatacommons.org/starwars.wikia.com/resource/Unidentified_Jedi_(Great_Hunt)	http://dbkwik.webdatacommons.org/swtor.wikia.com/resource/Unidentified_Jedi_(Great_Hunt)	=	1.0000
http://dbkwik.webdatacommons.org/starwars.wikia.com/resource/Uburluh	http://dbkwik.webdatacommons.org/swtor.wikia.com/resource/Uburluh	=	1.0000
http://starwars.wikia.com/wiki/Special:FilePath/Vrookfull.jpg	http://swtor.wikia.com/wiki/Special:FilePath/Vrookfull.jpg	=	1.0000
http://dbkwik.webdatacommons.org/starwars.wikia.com/resource/Trayus_Academy	http://dbkwik.webdatacommons.org/swtor.wikia.com/resource/Trayus_Academy	=	1.0000
http://dbkwik.webdatacommons.org/starwars.wikia.com/resource/Calypho	http://dbkwik.webdatacommons.org/swtor.wikia.com/resource/Calypho	=	1.0000
http://starwars.wikia.com/wiki/Special:FilePath/Revan_saber.jpg	http://swtor.wikia.com/wiki/Special:FilePath/Revan_saber.jpg	=	1.0000
http://dbkwik.webdatacommons.org/starwars.wikia.com/resource/Conductor-class_short-haul_landing_craft	http://dbkwik.webdatacommons.org/swtor.wikia.com/resource/Conductor-class_short-haul_landing_craft	=	1.0000
http://dbkwik.webdatacommons.org/starwars.wikia.com/resource/Category:Sith	http://dbkwik.webdatacommons.org/swtor.wikia.com/resource/Category:Sith	=	1.0000
http://dbkwik.webdatacommons.org/starwars.wikia.com/resource/IL-5_Ocula	http://dbkwik.webdatacommons.org/swtor.wikia.com/resource/IL-5_Ocula	=	1.0000
http://dbkwik.webdatacommons.org/starwars.wikia.com/resource/Theoretika	http://dbkwik.webdatacommons.org/swtor.wikia.com/resource/Theoretika	=	1.0000
http://dbkwik.webdatacommons.org/starwars.wikia.com/resource/Cathedral_ship	http://dbkwik.webdatacommons.org/swtor.wikia.com/resource/Cathedral_Ship	=	1.0000
http://dbkwik.webdatacommons.org/starwars.wikia.com/resource/Kestrel_Nova	http://dbkwik.webdatacommons.org/swtor.wikia.com/resource/Kestrel_Nova	=	1.0000
http://starwars.wikia.com/wiki/Special:FilePath/Keikana_Herot.png	http://swtor.wikia.com/wiki/Special:FilePath/Keikana_Herot.png	=	1.0000
http://dbkwik.webdatacommons.org/starwars.wikia.com/resource/Category:Jedi_Guardians	http://dbkwik.webdatacommons.org/swtor.wikia.com/resource/Category:Jedi_Guardians	=	1.0000
http://dbkwik.webdatacommons.org/starwars.wikia.com/resource/Bloodshot_Rancor	http://dbkwik.webdatacommons.org/swtor.wikia.com/resource/Bloodshot_Rancor	=	1.0000
http://dbkwik.webdatacommons.org/starwars.wikia.com/resource/F-T2_Quell	http://dbkwik.webdatacommons.org/swtor.wikia.com/resource/F-T2_Quell	=	1.0000
http://starwars.wikia.com/wiki/Special:FilePath/Outer_Rim_Jedi_Forces.png	http://swtor.wikia.com/wiki/Special:FilePath/Outer_Rim_Jedi_Forces.png	=	1.0000
http://dbkwik.webdatacommons.org/starwars.wikia.com/resource/Heraklon-class_transport	http://dbkwik.webdatacommons.org/swtor.wikia.com/resource/Heraklon-class_transport	=	1.0000
http://starwars.wikia.com/wiki/Special:FilePath/Czerka_Patroller.png	http://swtor.wikia.com/wiki/Special:FilePath/Czerka_patroller.png	=	1.0000
http://starwars.wikia.com/wiki/Special:FilePath/Progenitor.jpg?width=300	http://swtor.wikia.com/wiki/Special:FilePath/Progenitor.jpg?width=300	=	1.0000
http://dbkwik.webdatacommons.org/starwars.wikia.com/resource/Nightmare_Lands	http://dbkwik.webdatacommons.org/swtor.wikia.com/resource/Nightmare_Lands	=	1.0000
http://dbkwik.webdatacommons.org/starwars.wikia.com/resource/Aric_Jorgan	http://dbkwik.webdatacommons.org/swtor.wikia.com/resource/Aric_Jorgan	=	1.0000
http://dbkwik.webdatacommons.org/starwars.wikia.com/property/content	http://dbkwik.webdatacommons.org/swtor.wikia.com/property/content	=	1.0000
http://dbkwik.webdatacommons.org/starwars.wikia.com/resource/Oppressor	http://dbkwik.webdatacommons.org/swtor.wikia.com/resource/Oppressor	=	1.0000
http://dbkwik.webdatacommons.org/starwars.wikia.com/resource/SunGem	http://dbkwik.webdatacommons.org/swtor.wikia.com/resource/SunGem	=	1.0000
http://dbkwik.webdatacommons.org/starwars.wikia.com/resource/Feresyl	http://dbkwik.webdatacommons.org/swtor.wikia.com/resource/Feresyl	=	1.0000
http://starwars.wikia.com/wiki/Special:FilePath/Revanfindsmap1.jpg?width=300	http://swtor.wikia.com/wiki/Special:FilePath/Revanfindsmap1.jpg?width=300	=	1.0000
http://dbkwik.webdatacommons.org/starwars.wikia.com/resource/Force_healing	http://dbkwik.webdatacommons.org/swtor.wikia.com/resource/Force_healing	=	1.0000
http://dbkwik.webdatacommons.org/starwars.wikia.com/resource/Officer	http://dbkwik.webdatacommons.org/swtor.wikia.com/resource/Officer	=	1.0000
http://starwars.wikia.com/wiki/Special:FilePath/Aratech_Dagger.png	http://swtor.wikia.com/wiki/Special:FilePath/Aratech_dagger.png	=	1.0000
http://dbkwik.webdatacommons.org/starwars.wikia.com/resource/Shian	http://dbkwik.webdatacommons.org/swtor.wikia.com/resource/Shian	=	1.0000
http://starwars.wikia.com/wiki/Special:FilePath/Mindprisonblue.png?width=300	http://swtor.wikia.com/wiki/Special:FilePath/Mindprisonblue.png?width=300	=	1.0000
http://dbkwik.webdatacommons.org/starwars.wikia.com/resource/Rian_Darok	http://dbkwik.webdatacommons.org/swtor.wikia.com/resource/Rian_Darok	=	1.0000
http://starwars.wikia.com/wiki/Special:FilePath/Praxon_Strato.png?width=300	http://swtor.wikia.com/wiki/Special:FilePath/Praxon_Strato.png?width=300	=	1.0000
http://dbkwik.webdatacommons.org/starwars.wikia.com/resource/Indefatigable	http://dbkwik.webdatacommons.org/swtor.wikia.com/resource/Indefatigable	=	1.0000
http://dbkwik.webdatacommons.org/starwars.wikia.com/resource/Lethan	http://dbkwik.webdatacommons.org/swtor.wikia.com/resource/Lethan	=	1.0000
http://dbkwik.webdatacommons.org/starwars.wikia.com/resource/Vomba	http://dbkwik.webdatacommons.org/swtor.wikia.com/resource/Vomba	=	1.0000
http://dbkwik.webdatacommons.org/starwars.wikia.com/class/youmay	http://dbkwik.webdatacommons.org/swtor.wikia.com/class/youmay	=	1.0000
http://starwars.wikia.com/wiki/Special:FilePath/Iridonia.jpg	http://swtor.wikia.com/wiki/Special:FilePath/Iridonia.jpg	=	1.0000
http://starwars.wikia.com/wiki/Special:FilePath/Zaerdra.jpg?width=300	http://swtor.wikia.com/wiki/Special:FilePath/Zaerdra.jpg?width=300	=	1.0000
http://dbkwik.webdatacommons.org/starwars.wikia.com/resource/Tomb_of_Naga_Sadow	http://dbkwik.webdatacommons.org/swtor.wikia.com/resource/Tomb_of_Naga_Sadow	=	1.0000
http://dbkwik.webdatacommons.org/starwars.wikia.com/resource/Euphony	http://dbkwik.webdatacommons.org/swtor.wikia.com/resource/Euphony	=	1.0000
http://dbkwik.webdatacommons.org/starwars.wikia.com/resource/Fatman	http://dbkwik.webdatacommons.org/swtor.wikia.com/resource/Fatman	=	1.0000
http://dbkwik.webdatacommons.org/starwars.wikia.com/resource/M1-4X	http://dbkwik.webdatacommons.org/swtor.wikia.com/resource/M1-4X	=	1.0000
http://dbkwik.webdatacommons.org/starwars.wikia.com/resource/Category:Grand_Masters	http://dbkwik.webdatacommons.org/swtor.wikia.com/resource/Category:Grand_Masters	=	1.0000
http://dbkwik.webdatacommons.org/starwars.wikia.com/resource/Unidentified_male_Human_Jedi_4_(Capture_of_Darth_Revan)	http://dbkwik.webdatacommons.org/swtor.wikia.com/resource/Unidentified_male_Human_Jedi_4_(Capture_of_Darth_Revan)	=	1.0000
http://dbkwik.webdatacommons.org/starwars.wikia.com/resource/Shadowlands	http://dbkwik.webdatacommons.org/swtor.wikia.com/resource/Shadowlands	=	1.0000
http://dbkwik.webdatacommons.org/starwars.wikia.com/resource/Corellian	http://dbkwik.webdatacommons.org/swtor.wikia.com/resource/Corellian	=	1.0000
http://dbkwik.webdatacommons.org/starwars.wikia.com/resource/Avesta_Militia	http://dbkwik.webdatacommons.org/swtor.wikia.com/resource/Avesta_Militia	=	1.0000
http://starwars.wikia.com/wiki/Special:FilePath/Sf-battle.jpg	http://swtor.wikia.com/wiki/Special:FilePath/Sf-battle.jpg	=	1.0000
http://dbkwik.webdatacommons.org/starwars.wikia.com/resource/Johun_Othone	http://dbkwik.webdatacommons.org/swtor.wikia.com/resource/Johun_Othone	=	1.0000
http://dbkwik.webdatacommons.org/starwars.wikia.com/resource/Jedi_Code	http://dbkwik.webdatacommons.org/swtor.wikia.com/resource/Jedi_Code	=	1.0000
http://starwars.wikia.com/wiki/Special:FilePath/Gurian_Scorpion.png	http://swtor.wikia.com/wiki/Special:FilePath/Gurian_Scorpion.png	=	1.0000
http://dbkwik.webdatacommons.org/starwars.wikia.com/resource/Clan_Lok	http://dbkwik.webdatacommons.org/swtor.wikia.com/resource/Clan_Lok	=	1.0000
http://dbkwik.webdatacommons.org/starwars.wikia.com/resource/Gorn_Sweevas	http://dbkwik.webdatacommons.org/swtor.wikia.com/resource/Gorn_Sweevas	=	1.0000
http://dbkwik.webdatacommons.org/starwars.wikia.com/resource/Advozse	http://dbkwik.webdatacommons.org/swtor.wikia.com/resource/Advozse	=	1.0000
http://dbkwik.webdatacommons.org/starwars.wikia.com/resource/Tagriss	http://dbkwik.webdatacommons.org/swtor.wikia.com/resource/Tagriss	=	1.0000
http://dbkwik.webdatacommons.org/starwars.wikia.com/resource/Jonos_Triv	http://dbkwik.webdatacommons.org/swtor.wikia.com/resource/Jonos_Triv	=	1.0000
http://dbkwik.webdatacommons.org/starwars.wikia.com/resource/Generation_ship	http://dbkwik.webdatacommons.org/swtor.wikia.com/resource/Generation_Ship	=	1.0000
http://dbkwik.webdatacommons.org/starwars.wikia.com/resource/Category:Imperial_Army	http://dbkwik.webdatacommons.org/swtor.wikia.com/resource/Category:Imperial_Army	=	1.0000
http://dbkwik.webdatacommons.org/starwars.wikia.com/resource/Nem%27ro%27s_Palace	http://dbkwik.webdatacommons.org/swtor.wikia.com/resource/Nem%27ro%27s_Palace	=	1.0000
http://dbkwik.webdatacommons.org/starwars.wikia.com/resource/Force_Focus	http://dbkwik.webdatacommons.org/swtor.wikia.com/resource/Force_Focus	=	1.0000
http://dbkwik.webdatacommons.org/starwars.wikia.com/resource/Sticky_grenade	http://dbkwik.webdatacommons.org/swtor.wikia.com/resource/Sticky_Grenade	=	1.0000
http://dbkwik.webdatacommons.org/starwars.wikia.com/resource/Pierce	http://dbkwik.webdatacommons.org/swtor.wikia.com/resource/Pierce	=	1.0000
http://dbkwik.webdatacommons.org/starwars.wikia.com/resource/Ice_(duelist)	http://dbkwik.webdatacommons.org/swtor.wikia.com/resource/Ice_(duelist)	=	1.0000
http://dbkwik.webdatacommons.org/starwars.wikia.com/resource/Jaesa_Willsaam	http://dbkwik.webdatacommons.org/swtor.wikia.com/resource/Jaesa_Willsaam	=	1.0000
http://dbkwik.webdatacommons.org/starwars.wikia.com/resource/Monk	http://dbkwik.webdatacommons.org/swtor.wikia.com/resource/Monk	=	1.0000
http://starwars.wikia.com/wiki/Special:FilePath/Sherruk.jpg?width=300	http://swtor.wikia.com/wiki/Special:FilePath/Sherruk.jpg?width=300	=	1.0000
http://starwars.wikia.com/wiki/Special:FilePath/TheMidRim.jpg?width=300	http://swtor.wikia.com/wiki/Special:FilePath/Mid_Rim.jpg?width=300	=	0.9456
http://dbkwik.webdatacommons.org/starwars.wikia.com/resource/Darth_Skotia	http://dbkwik.webdatacommons.org/swtor.wikia.com/resource/Darth_Skotia	=	1.0000
http://dbkwik.webdatacommons.org/starwars.wikia.com/resource/Category:Superweapons	http://dbkwik.webdatacommons.org/swtor.wikia.com/resource/Category:Superweapons	=	1.0000
http://dbkwik.webdatacommons.org/starwars.wikia.com/resource/Category:Rattataki	http://dbkwik.webdatacommons.org/swtor.wikia.com/resource/Category:Rattataki	=	1.0000
http://dbkwik.webdatacommons.org/starwars.wikia.com/resource/Sith_apprentice	http://dbkwik.webdatacommons.org/swtor.wikia.com/resource/Sith_apprentice	=	1.0000
http://starwars.wikia.com/wiki/Special:FilePath/Revanconfronted.jpg	http://swtor.wikia.com/wiki/Special:FilePath/Revanconfronted.jpg	=	1.0000
http://dbkwik.webdatacommons.org/starwars.wikia.com/resource/Mirial	http://dbkwik.webdatacommons.org/swtor.wikia.com/resource/Mirial	=	1.0000
http://dbkwik.webdatacommons.org/starwars.wikia.com/resource/Bugtown	http://dbkwik.webdatacommons.org/swtor.wikia.com/resource/Bugtown	=	1.0000
http://starwars.wikia.com/wiki/Special:FilePath/Wesner.png	http://swtor.wikia.com/wiki/Special:FilePath/Wesner.png	=	1.0000
http://starwars.wikia.com/wiki/Special:FilePath/Blackstarcommando.png	http://swtor.wikia.com/wiki/Special:FilePath/Blackstarcommando.png	=	1.0000
http://starwars.wikia.com/wiki/Special:FilePath/Theoretika.png	http://swtor.wikia.com/wiki/Special:FilePath/Theoretika.png	=	1.0000
http://dbkwik.webdatacommons.org/starwars.wikia.com/resource/Imperial_medical_transport	http://dbkwik.webdatacommons.org/swtor.wikia.com/resource/Imperial_Medical_transport	=	1.0000
http://starwars.wikia.com/wiki/Special:FilePath/Titan_6.png?width=300	http://swtor.wikia.com/wiki/Special:FilePath/Titan_6.png?width=300	=	1.0000
http://dbkwik.webdatacommons.org/starwars.wikia.com/property/terrain	http://dbkwik.webdatacommons.org/swtor.wikia.com/property/terrain	=	1.0000
http://dbkwik.webdatacommons.org/starwars.wikia.com/resource/Yara	http://dbkwik.webdatacommons.org/swtor.wikia.com/resource/Yara	=	1.0000
http://starwars.wikia.com/wiki/Special:FilePath/Czerka_Invader.png?width=300	http://swtor.wikia.com/wiki/Special:FilePath/Czerka_invader.png?width=300	=	1.0000
http://dbkwik.webdatacommons.org/starwars.wikia.com/resource/First_Knowledge_Quarter	http://dbkwik.webdatacommons.org/swtor.wikia.com/resource/First_Knowledge_quarter	=	1.0000
http://dbkwik.webdatacommons.org/starwars.wikia.com/resource/Deera_Ulyette	http://dbkwik.webdatacommons.org/swtor.wikia.com/resource/Deera_Ulyette	=	1.0000
http://dbkwik.webdatacommons.org/starwars.wikia.com/resource/Enforcer_One	http://dbkwik.webdatacommons.org/swtor.wikia.com/resource/Enforcer_One	=	1.0000
http://dbkwik.webdatacommons.org/starwars.wikia.com/resource/Great_Hyperspace_War	http://dbkwik.webdatacommons.org/swtor.wikia.com/resource/Great_Hyperspace_War	=	1.0000
http://dbkwik.webdatacommons.org/starwars.wikia.com/resource/Abaron	http://dbkwik.webdatacommons.org/swtor.wikia.com/resource/Abaron	=	1.0000
http://starwars.wikia.com/wiki/Special:FilePath/Ryen.png?width=300	http://swtor.wikia.com/wiki/Special:FilePath/Ryen.png?width=300	=	1.0000
http://dbkwik.webdatacommons.org/starwars.wikia.com/resource/Jela_Reneke	http://dbkwik.webdatacommons.org/swtor.wikia.com/resource/Jela_Reneke	=	1.0000
http://dbkwik.webdatacommons.org/starwars.wikia.com/property/height	http://dbkwik.webdatacommons.org/swtor.wikia.com/property/height	=	1.0000
http://starwars.wikia.com/wiki/Special:FilePath/QyzenFess.png?width=300	http://swtor.wikia.com/wiki/Special:FilePath/Qyzen_fess.png?width=300	=	1.0000
http://dbkwik.webdatacommons.org/starwars.wikia.com/resource/Jarael	http://dbkwik.webdatacommons.org/swtor.wikia.com/resource/Jarael	=	1.0000
http://dbkwik.webdatacommons.org/starwars.wikia.com/resource/Tom_Spackman	http://dbkwik.webdatacommons.org/swtor.wikia.com/resource/Tom_Spackman	=	1.0000
http://dbkwik.webdatacommons.org/starwars.wikia.com/resource/Category:Blaster_carbines	http://dbkwik.webdatacommons.org/swtor.wikia.com/resource/Category:Blaster_Carbines	=	1.0000
http://dbkwik.webdatacommons.org/starwars.wikia.com/resource/Marka_Ragnos	http://dbkwik.webdatacommons.org/swtor.wikia.com/resource/Marka_Ragnos	=	1.0000
http://dbkwik.webdatacommons.org/starwars.wikia.com/resource/Chagras	http://dbkwik.webdatacommons.org/swtor.wikia.com/resource/Chagras	=	1.0000
http://dbkwik.webdatacommons.org/starwars.wikia.com/resource/Menerus	http://dbkwik.webdatacommons.org/swtor.wikia.com/resource/Menerus	=	1.0000
http://dbkwik.webdatacommons.org/starwars.wikia.com/resource/Minister_of_Logistics	http://dbkwik.webdatacommons.org/swtor.wikia.com/resource/Minister_of_Logistics	=	1.0000
http://starwars.wikia.com/wiki/Special:FilePath/Brian_Bloom.jpg?width=300	http://swtor.wikia.com/wiki/Special:FilePath/BrianBloom.jpg?width=300	=	1.0000
http://starwars.wikia.com/wiki/Special:FilePath/Solus_Secant.png?width=300	http://swtor.wikia.com/wiki/Special:FilePath/Solus_Secant.png?width=300	=	1.0000
http://starwars.wikia.com/wiki/Special:FilePath/BountyHunters.jpg?width=300	http://swtor.wikia.com/wiki/Special:FilePath/Bounty_Hunter.jpg?width=300	=	0.9550
http://dbkwik.webdatacommons.org/starwars.wikia.com/resource/Athena_Karkanis	http://dbkwik.webdatacommons.org/swtor.wikia.com/resource/Athena_Karkanis	=	1.0000
http://dbkwik.webdatacommons.org/starwars.wikia.com/resource/Motesta_Oasis	http://dbkwik.webdatacommons.org/swtor.wikia.com/resource/Motesta_Oasis	=	1.0000
http://starwars.wikia.com/wiki/Special:FilePath/Isric.png?width=300	http://swtor.wikia.com/wiki/Special:FilePath/Isric.png?width=300	=	1.0000
http://dbkwik.webdatacommons.org/starwars.wikia.com/resource/Arbiter	http://dbkwik.webdatacommons.org/swtor.wikia.com/resource/Arbiter	=	1.0000
http://dbkwik.webdatacommons.org/starwars.wikia.com/resource/Raskurro	http://dbkwik.webdatacommons.org/swtor.wikia.com/resource/Raskurro	=	1.0000
http://dbkwik.webdatacommons.org/starwars.wikia.com/resource/Gurveer	http://dbkwik.webdatacommons.org/swtor.wikia.com/resource/Gurveer	=	1.0000
http://starwars.wikia.com/wiki/Special:FilePath/Odessen.png?width=300	http://swtor.wikia.com/wiki/Special:FilePath/Odessen.png?width=300	=	1.0000
http://dbkwik.webdatacommons.org/starwars.wikia.com/resource/Naboo	http://dbkwik.webdatacommons.org/swtor.wikia.com/resource/Naboo	=	1.0000
http://dbkwik.webdatacommons.org/starwars.wikia.com/resource/Alien_Enclave	http://dbkwik.webdatacommons.org/swtor.wikia.com/resource/Alien_Enclave	=	1.0000
http://dbkwik.webdatacommons.org/starwars.wikia.com/resource/Selia_Antares	http://dbkwik.webdatacommons.org/swtor.wikia.com/resource/Selia_Antares	=	1.0000
http://dbkwik.webdatacommons.org/starwars.wikia.com/resource/Seferiss	http://dbkwik.webdatacommons.org/swtor.wikia.com/resource/Seferiss	=	1.0000
http://dbkwik.webdatacommons.org/starwars.wikia.com/resource/Unidentified_female_felinoid_Mandalorian_Knight	http://dbkwik.webdatacommons.org/swtor.wikia.com/resource/Unidentified_female_felinoid_Mandalorian_Knight	=	1.0000
http://dbkwik.webdatacommons.org/starwars.wikia.com/resource/Blaster_pistol	http://dbkwik.webdatacommons.org/swtor.wikia.com/resource/Blaster_Pistol	=	1.0000
http://dbkwik.webdatacommons.org/starwars.wikia.com/resource/Jedi_Lord	http://dbkwik.webdatacommons.org/swtor.wikia.com/resource/Jedi_Lord	=	1.0000
http://dbkwik.webdatacommons.org/starwars.wikia.com/property/complement	http://dbkwik.webdatacommons.org/swtor.wikia.com/property/complement	=	1.0000
http://starwars.wikia.com/wiki/Special:FilePath/Outer_Rim_Jedi_Forces.png?width=300	http://swtor.wikia.com/wiki/Special:FilePath/Outer_Rim_Jedi_Forces.png?width=300	=	1.0000
http://dbkwik.webdatacommons.org/starwars.wikia.com/resource/Darth_Howl%27s_apprentice	http://dbkwik.webdatacommons.org/swtor.wikia.com/resource/Darth_Howl%27s_apprentice	=	1.0000
http://dbkwik.webdatacommons.org/starwars.wikia.com/resource/Ongree	http://dbkwik.webdatacommons.org/swtor.wikia.com/resource/Ongree	=	1.0000
http://dbkwik.webdatacommons.org/starwars.wikia.com/resource/Category:Droid_parts	http://dbkwik.webdatacommons.org/swtor.wikia.com/resource/Category:Droid_Parts	=	1.0000
http://starwars.wikia.com/wiki/Special:FilePath/CitadelStation.jpg	http://swtor.wikia.com/wiki/Special:FilePath/Citadel_Station.jpg	=	1.0000
http://dbkwik.webdatacommons.org/starwars.wikia.com/resource/Panteer_hideout	http://dbkwik.webdatacommons.org/swtor.wikia.com/resource/Panteer_Hideout	=	1.0000
http://starwars.wikia.com/wiki/Special:FilePath/SithWarrior-TORHope.png?width=300	http://swtor.wikia.com/wiki/Special:FilePath/SithWarrior-TORHope.png?width=300	=	1.0000
http://dbkwik.webdatacommons.org/starwars.wikia.com/resource/Category:Images	http://dbkwik.webdatacommons.org/swtor.wikia.com/resource/Category:Images	=	1.0000
http://dbkwik.webdatacommons.org/starwars.wikia.com/resource/Echani	http://dbkwik.webdatacommons.org/swtor.wikia.com/resource/Echani	=	1.0000
http://starwars.wikia.com/wiki/Special:FilePath/Nihilus_Falls.jpg?width=300	http://swtor.wikia.com/wiki/Special:FilePath/Nihilus_Falls.jpg?width=300	=	1.0000
http://dbkwik.webdatacommons.org/starwars.wikia.com/resource/Varl	http://dbkwik.webdatacommons.org/swtor.wikia.com/resource/Varl	=	1.0000
http://dbkwik.webdatacommons.org/starwars.wikia.com/resource/Force_in_Balance	http://dbkwik.webdatacommons.org/swtor.wikia.com/resource/Force_In_Balance	=	1.0000
http://dbkwik.webdatacommons.org/starwars.wikia.com/resource/Shrine_of_Healing	http://dbkwik.webdatacommons.org/swtor.wikia.com/resource/Shrine_of_Healing	=	1.0000
http://dbkwik.webdatacommons.org/starwars.wikia.com/resource/Gargath	http://dbkwik.webdatacommons.org/swtor.wikia.com/resource/Gargath	=	1.0000
http://dbkwik.webdatacommons.org/starwars.wikia.com/resource/Eskol_Folstock	http://dbkwik.webdatacommons.org/swtor.wikia.com/resource/Eskol_Folstock	=	1.0000
http://dbkwik.webdatacommons.org/starwars.wikia.com/resource/Orbit	http://dbkwik.webdatacommons.org/swtor.wikia.com/resource/Orbit	=	1.0000
http://dbkwik.webdatacommons.org/starwars.wikia.com/resource/XoXaan	http://dbkwik.webdatacommons.org/swtor.wikia.com/resource/XoXaan	=	1.0000
http://starwars.wikia.com/wiki/Special:FilePath/Bouris_Ulgo.png?width=300	http://swtor.wikia.com/wiki/Special:FilePath/Bouris-ulgo.png?width=300	=	1.0000
http://starwars.wikia.com/wiki/Special:FilePath/Esok.jpg?width=300	http://swtor.wikia.com/wiki/Special:FilePath/Esok.jpg?width=300	=	1.0000
http://dbkwik.webdatacommons.org/starwars.wikia.com/resource/Bessiker	http://dbkwik.webdatacommons.org/swtor.wikia.com/resource/Bessiker	=	1.0000
http://dbkwik.webdatacommons.org/starwars.wikia.com/resource/Mandalore_the_Indomitable%27s_Basilisk_war_droid	http://dbkwik.webdatacommons.org/swtor.wikia.com/resource/Mandalore_the_Indomitable%27s_Basilisk_war_droid	=	1.0000
http://dbkwik.webdatacommons.org/starwars.wikia.com/resource/Sith_Inquisitor	http://dbkwik.webdatacommons.org/swtor.wikia.com/resource/Sith_Inquisitor	=	1.0000
http://dbkwik.webdatacommons.org/starwars.wikia.com/resource/Skel	http://dbkwik.webdatacommons.org/swtor.wikia.com/resource/Skel	=	1.0000
http://dbkwik.webdatacommons.org/starwars.wikia.com/resource/Loun	http://dbkwik.webdatacommons.org/swtor.wikia.com/resource/Loun	=	1.0000
http://dbkwik.webdatacommons.org/starwars.wikia.com/resource/Tingel_Arm	http://dbkwik.webdatacommons.org/swtor.wikia.com/resource/Tingel_Arm	=	1.0000
http://dbkwik.webdatacommons.org/starwars.wikia.com/resource/Nercathi_clan	http://dbkwik.webdatacommons.org/swtor.wikia.com/resource/Nercathi_clan	=	1.0000
http://dbkwik.webdatacommons.org/starwars.wikia.com/resource/Rakghoul	http://dbkwik.webdatacommons.org/swtor.wikia.com/resource/Rakghoul	=	1.0000
http://dbkwik.webdatacommons.org/starwars.wikia.com/resource/Unidentified_Boastful_Mandalorian	http://dbkwik.webdatacommons.org/swtor.wikia.com/resource/Unidentified_Boastful_Mandalorian	=	1.0000
http://starwars.wikia.com/wiki/Special:FilePath/IL-5_Ocula.png?width=300	http://swtor.wikia.com/wiki/Special:FilePath/IL-5_Ocula.png?width=300	=	1.0000
http://starwars.wikia.com/wiki/Special:FilePath/Gil_Varad.png	http://swtor.wikia.com/wiki/Special:FilePath/Gil_Varad.png	=	1.0000
http://dbkwik.webdatacommons.org/starwars.wikia.com/resource/Valkorion	http://dbkwik.webdatacommons.org/swtor.wikia.com/resource/Valkorion	=	1.0000
http://dbkwik.webdatacommons.org/starwars.wikia.com/resource/Double-bladed_lightsaber	http://dbkwik.webdatacommons.org/swtor.wikia.com/resource/Double-bladed_lightsaber	=	1.0000
http://dbkwik.webdatacommons.org/starwars.wikia.com/resource/Tarsarian_devourer	http://dbkwik.webdatacommons.org/swtor.wikia.com/resource/Tarsarian_Devourer	=	1.0000
http://dbkwik.webdatacommons.org/starwars.wikia.com/resource/House_Demici	http://dbkwik.webdatacommons.org/swtor.wikia.com/resource/House_Demici	=	1.0000
http://dbkwik.webdatacommons.org/starwars.wikia.com/resource/Republic_battleship	http://dbkwik.webdatacommons.org/swtor.wikia.com/resource/Republic_Battleship	=	1.0000
http://dbkwik.webdatacommons.org/starwars.wikia.com/resource/Hutt_Cartel	http://dbkwik.webdatacommons.org/swtor.wikia.com/resource/Hutt_Cartel	=	1.0000
http://dbkwik.webdatacommons.org/starwars.wikia.com/resource/Maul	http://dbkwik.webdatacommons.org/swtor.wikia.com/resource/Maul	=	1.0000
http://dbkwik.webdatacommons.org/starwars.wikia.com/resource/Ossus	http://dbkwik.webdatacommons.org/swtor.wikia.com/resource/Ossus	=	1.0000
http://dbkwik.webdatacommons.org/starwars.wikia.com/resource/Darth_Drear	http://dbkwik.webdatacommons.org/swtor.wikia.com/resource/Darth_Drear	=	1.0000
http://dbkwik.webdatacommons.org/starwars.wikia.com/resource/Republic_Dark_Age	http://dbkwik.webdatacommons.org/swtor.wikia.com/resource/Republic_Dark_Age	=	1.0000
http://dbkwik.webdatacommons.org/starwars.wikia.com/resource/Ziost	http://dbkwik.webdatacommons.org/swtor.wikia.com/resource/Ziost	=	1.0000
http://dbkwik.webdatacommons.org/starwars.wikia.com/resource/Ruusan_campaign	http://dbkwik.webdatacommons.org/swtor.wikia.com/resource/Ruusan_campaign	=	1.0000
http://dbkwik.webdatacommons.org/starwars.wikia.com/resource/Black_Talon	http://dbkwik.webdatacommons.org/swtor.wikia.com/resource/Black_Talon	=	1.0000
http://dbkwik.webdatacommons.org/starwars.wikia.com/resource/Overseer	http://dbkwik.webdatacommons.org/swtor.wikia.com/resource/Overseer	=	1.0000
http://dbkwik.webdatacommons.org/starwars.wikia.com/property/description	http://dbkwik.webdatacommons.org/swtor.wikia.com/property/description	=	1.0000
http://dbkwik.webdatacommons.org/starwars.wikia.com/resource/Rakatan_starfighter	http://dbkwik.webdatacommons.org/swtor.wikia.com/resource/Rakatan_Starfighter	=	1.0000
http://starwars.wikia.com/wiki/Special:FilePath/Korrealis_Sovereign.png	http://swtor.wikia.com/wiki/Special:FilePath/Korrealis_sovereign.png	=	1.0000
http://dbkwik.webdatacommons.org/starwars.wikia.com/resource/Melkor_Dinn	http://dbkwik.webdatacommons.org/swtor.wikia.com/resource/Melkor_Dinn	=	1.0000
http://dbkwik.webdatacommons.org/starwars.wikia.com/resource/Seventh_Battle_of_Ruusan	http://dbkwik.webdatacommons.org/swtor.wikia.com/resource/Seventh_Battle_of_Ruusan	=	1.0000
http://dbkwik.webdatacommons.org/starwars.wikia.com/resource/First_Great_Schism	http://dbkwik.webdatacommons.org/swtor.wikia.com/resource/First_Great_Schism	=	1.0000
http://starwars.wikia.com/wiki/Special:FilePath/Orlean_Rebel.png	http://swtor.wikia.com/wiki/Special:FilePath/Orlean_Rebel.png	=	1.0000
http://dbkwik.webdatacommons.org/starwars.wikia.com/property/locations	http://dbkwik.webdatacommons.org/swtor.wikia.com/property/locations	=	1.0000
http://dbkwik.webdatacommons.org/starwars.wikia.com/resource/Darth_Rivan	http://dbkwik.webdatacommons.org/swtor.wikia.com/resource/Darth_Rivan	=	1.0000
http://dbkwik.webdatacommons.org/starwars.wikia.com/resource/G0-S5	http://dbkwik.webdatacommons.org/swtor.wikia.com/resource/G0_S5	=	1.0000
http://dbkwik.webdatacommons.org/starwars.wikia.com/resource/Burrower	http://dbkwik.webdatacommons.org/swtor.wikia.com/resource/Burrower	=	1.0000
http://starwars.wikia.com/wiki/Special:FilePath/Anavus.jpg?width=300	http://swtor.wikia.com/wiki/Special:FilePath/Anavus.jpg?width=300	=	1.0000
http://dbkwik.webdatacommons.org/starwars.wikia.com/resource/Spindrall	http://dbkwik.webdatacommons.org/swtor.wikia.com/resource/Spindrall	=	1.0000
http://dbkwik.webdatacommons.org/starwars.wikia.com/resource/Vector_Hyllus	http://dbkwik.webdatacommons.org/swtor.wikia.com/resource/Vector_Hyllus	=	1.0000
http://dbkwik.webdatacommons.org/starwars.wikia.com/resource/Unidentified_Human_male_Sith_apprentice	http://dbkwik.webdatacommons.org/swtor.wikia.com/resource/Unidentified_Human_male_Sith_apprentice	=	1.0000
http://dbkwik.webdatacommons.org/starwars.wikia.com/resource/Half-Bothan	http://dbkwik.webdatacommons.org/swtor.wikia.com/resource/Half-Bothan	=	1.0000
http://dbkwik.webdatacommons.org/starwars.wikia.com/resource/Carth_Onasi	http://dbkwik.webdatacommons.org/swtor.wikia.com/resource/Carth_Onasi	=	1.0000
http://dbkwik.webdatacommons.org/starwars.wikia.com/resource/Port_Raga	http://dbkwik.webdatacommons.org/swtor.wikia.com/resource/Port_Raga	=	1.0000
http://dbkwik.webdatacommons.org/starwars.wikia.com/resource/Cthon	http://dbkwik.webdatacommons.org/swtor.wikia.com/resource/Cthon	=	1.0000
http://starwars.wikia.com/wiki/Special:FilePath/Akaavi_Spar.png	http://swtor.wikia.com/wiki/Special:FilePath/Akaavi_Spar.png	=	1.0000
http://dbkwik.webdatacommons.org/starwars.wikia.com/resource/Selkath	http://dbkwik.webdatacommons.org/swtor.wikia.com/resource/Selkath	=	1.0000
http://dbkwik.webdatacommons.org/starwars.wikia.com/resource/Yadira_Ban	http://dbkwik.webdatacommons.org/swtor.wikia.com/resource/Yadira_Ban	=	1.0000
http://dbkwik.webdatacommons.org/starwars.wikia.com/resource/Nok_Drayen	http://dbkwik.webdatacommons.org/swtor.wikia.com/resource/Nok_Drayen	=	1.0000
http://dbkwik.webdatacommons.org/starwars.wikia.com/resource/Darth_Nihilus	http://dbkwik.webdatacommons.org/swtor.wikia.com/resource/Darth_Nihilus	=	1.0000
http://starwars.wikia.com/wiki/Special:FilePath/AjuntaPall.jpg	http://swtor.wikia.com/wiki/Special:FilePath/AjuntaPall.jpg	=	1.0000
http://dbkwik.webdatacommons.org/starwars.wikia.com/resource/Imperial_Re-education_Center	http://dbkwik.webdatacommons.org/swtor.wikia.com/resource/Imperial_Re-education_Center	=	1.0000
http://dbkwik.webdatacommons.org/starwars.wikia.com/resource/Star_Wars:_The_Old_Republic:_Galactic_Starfighter	http://dbkwik.webdatacommons.org/swtor.wikia.com/resource/Star_Wars:_The_Old_Republic:_Galactic_Starfighter	=	1.0000
http://starwars.wikia.com/wiki/Special:FilePath/Escapepodkotor.jpg?width=300	http://swtor.wikia.com/wiki/Special:FilePath/Escapepodkotor.jpg?width=300	=	1.0000
http://dbkwik.webdatacommons.org/starwars.wikia.com/resource/Maelstrom_Prison	http://dbkwik.webdatacommons.org/swtor.wikia.com/resource/Maelstrom_Prison	=	1.0000
http://dbkwik.webdatacommons.org/starwars.wikia.com/resource/Batu_Rem	http://dbkwik.webdatacommons.org/swtor.wikia.com/resource/Batu_Rem	=	1.0000
http://dbkwik.webdatacommons.org/starwars.wikia.com/resource/Kubaz	http://dbkwik.webdatacommons.org/swtor.wikia.com/resource/Kubaz	=	1.0000
http://starwars.wikia.com/wiki/Special:FilePath/Deagan.png	http://swtor.wikia.com/wiki/Special:FilePath/Deagan.png	=	1.0000
http://dbkwik.webdatacommons.org/starwars.wikia.com/resource/Jeral_Vesk	http://dbkwik.webdatacommons.org/swtor.wikia.com/resource/Jeral_Vesk	=	1.0000
http://dbkwik.webdatacommons.org/starwars.wikia.com/resource/Shili	http://dbkwik.webdatacommons.org/swtor.wikia.com/resource/Shili	=	1.0000
http://dbkwik.webdatacommons.org/starwars.wikia.com/resource/Sami	http://dbkwik.webdatacommons.org/swtor.wikia.com/resource/Sami	=	1.0000
http://dbkwik.webdatacommons.org/starwars.wikia.com/resource/Handa	http://dbkwik.webdatacommons.org/swtor.wikia.com/resource/Handa	=	1.0000
http://starwars.wikia.com/wiki/Special:FilePath/Tatooine.jpg	http://swtor.wikia.com/wiki/Special:FilePath/Tatooine.jpg	=	1.0000
http://dbkwik.webdatacommons.org/starwars.wikia.com/resource/Dramath_the_Second	http://dbkwik.webdatacommons.org/swtor.wikia.com/resource/Dramath_the_Second	=	1.0000
http://dbkwik.webdatacommons.org/starwars.wikia.com/resource/Vokk	http://dbkwik.webdatacommons.org/swtor.wikia.com/resource/Vokk	=	1.0000
http://dbkwik.webdatacommons.org/starwars.wikia.com/resource/Odessen	http://dbkwik.webdatacommons.org/swtor.wikia.com/resource/Odessen	=	1.0000
http://dbkwik.webdatacommons.org/starwars.wikia.com/resource/Ironfist	http://dbkwik.webdatacommons.org/swtor.wikia.com/resource/Ironfist	=	1.0000
http://starwars.wikia.com/wiki/Special:FilePath/Zaerdra.jpg	http://swtor.wikia.com/wiki/Special:FilePath/Zaerdra.jpg	=	1.0000
http://starwars.wikia.com/wiki/Special:FilePath/Ulic_qel_droma.jpg	http://swtor.wikia.com/wiki/Special:FilePath/Ulic_Qel-Droma.jpg	=	1.0000
http://starwars.wikia.com/wiki/Special:FilePath/Flashfire.png?width=300	http://swtor.wikia.com/wiki/Special:FilePath/Flashfire.png?width=300	=	1.0000
http://dbkwik.webdatacommons.org/starwars.wikia.com/resource/Unidentified_Mandalorian_(prosthetic_leg)	http://dbkwik.webdatacommons.org/swtor.wikia.com/resource/Unidentified_Mandalorian_prosthetic_leg	=	1.0000
http://dbkwik.webdatacommons.org/starwars.wikia.com/resource/Tomb_of_Tulak_Hord	http://dbkwik.webdatacommons.org/swtor.wikia.com/resource/Tomb_of_Tulak_Hord	=	1.0000
http://dbkwik.webdatacommons.org/starwars.wikia.com/resource/Category:Miraluka	http://dbkwik.webdatacommons.org/swtor.wikia.com/resource/Category:Miraluka	=	1.0000
http://starwars.wikia.com/wiki/Special:FilePath/Ordorepeater.png	http://swtor.wikia.com/wiki/Special:FilePath/Ordorepeater.png	=	1.0000
http://dbkwik.webdatacommons.org/starwars.wikia.com/resource/Zax	http://dbkwik.webdatacommons.org/swtor.wikia.com/resource/Zax	=	1.0000
http://dbkwik.webdatacommons.org/starwars.wikia.com/resource/Category:Wookiees	http://dbkwik.webdatacommons.org/swtor.wikia.com/resource/Category:Wookiees	=	1.0000
http://dbkwik.webdatacommons.org/starwars.wikia.com/resource/Garon_Jard	http://dbkwik.webdatacommons.org/swtor.wikia.com/resource/Garon_Jard	=	1.0000
http://dbkwik.webdatacommons.org/starwars.wikia.com/resource/Unidentified_Sith_Lord_(Darth_Bane%27s_first_Ruusan_victim)	http://dbkwik.webdatacommons.org/swtor.wikia.com/resource/Unidentified_Sith_Lord_(Darth_Bane%27s_first_Ruusan_victim)	=	1.0000
http://dbkwik.webdatacommons.org/starwars.wikia.com/resource/Category:Force-sensitives	http://dbkwik.webdatacommons.org/swtor.wikia.com/resource/Category:Force-sensitives	=	1.0000
http://dbkwik.webdatacommons.org/starwars.wikia.com/resource/Kaldona	http://dbkwik.webdatacommons.org/swtor.wikia.com/resource/Kaldona	=	1.0000
http://dbkwik.webdatacommons.org/starwars.wikia.com/resource/Cardio-regulator	http://dbkwik.webdatacommons.org/swtor.wikia.com/resource/Cardio_Regulator	=	1.0000
http://dbkwik.webdatacommons.org/starwars.wikia.com/resource/Jasshi%27rr	http://dbkwik.webdatacommons.org/swtor.wikia.com/resource/Jasshi%27rr	=	1.0000
http://dbkwik.webdatacommons.org/starwars.wikia.com/resource/Valor_Prevails	http://dbkwik.webdatacommons.org/swtor.wikia.com/resource/Valor_Prevails	=	1.0000
http://dbkwik.webdatacommons.org/starwars.wikia.com/resource/Black_Vulkar_Base	http://dbkwik.webdatacommons.org/swtor.wikia.com/resource/Black_Vulkar_Base	=	1.0000
http://dbkwik.webdatacommons.org/starwars.wikia.com/property/pages	http://dbkwik.webdatacommons.org/swtor.wikia.com/property/pages	=	1.0000
http://dbkwik.webdatacommons.org/starwars.wikia.com/resource/Monta_Drai	http://dbkwik.webdatacommons.org/swtor.wikia.com/resource/Monta_Drai	=	1.0000
http://dbkwik.webdatacommons.org/starwars.wikia.com/resource/Colicoid_Creation_Nest	http://dbkwik.webdatacommons.org/swtor.wikia.com/resource/Colicoid_Creation_Nest	=	1.0000
http://starwars.wikia.com/wiki/Special:FilePath/Cytharat.png	http://swtor.wikia.com/wiki/Special:FilePath/Cytharat.png	=	1.0000
http://dbkwik.webdatacommons.org/starwars.wikia.com/resource/Testament	http://dbkwik.webdatacommons.org/swtor.wikia.com/resource/Testament	=	1.0000
http://starwars.wikia.com/wiki/Special:FilePath/Geeda1.jpg?width=300	http://swtor.wikia.com/wiki/Special:FilePath/Geeda1.jpg?width=300	=	1.0000
http://dbkwik.webdatacommons.org/starwars.wikia.com/resource/Boran	http://dbkwik.webdatacommons.org/swtor.wikia.com/resource/Boran	=	1.0000
http://starwars.wikia.com/wiki/Special:FilePath/Ubrikkian_Hunter.png?width=300	http://swtor.wikia.com/wiki/Special:FilePath/Ubrikkian_hunter.png?width=300	=	1.0000
http://dbkwik.webdatacommons.org/starwars.wikia.com/resource/Salarr	http://dbkwik.webdatacommons.org/swtor.wikia.com/resource/Salarr	=	1.0000
http://dbkwik.webdatacommons.org/starwars.wikia.com/resource/Category:Duros	http://dbkwik.webdatacommons.org/swtor.wikia.com/resource/Category:Duros	=	1.0000
http://dbkwik.webdatacommons.org/starwars.wikia.com/resource/Beryl_Thorne	http://dbkwik.webdatacommons.org/swtor.wikia.com/resource/Beryl_Thorne	=	1.0000
http://dbkwik.webdatacommons.org/starwars.wikia.com/resource/Infinite_Engine	http://dbkwik.webdatacommons.org/swtor.wikia.com/resource/Infinite_Engine	=	1.0000
http://dbkwik.webdatacommons.org/starwars.wikia.com/resource/Jukebox	http://dbkwik.webdatacommons.org/swtor.wikia.com/resource/Jukebox	=	1.0000
http://dbkwik.webdatacommons.org/starwars.wikia.com/resource/Chaskar	http://dbkwik.webdatacommons.org/swtor.wikia.com/resource/Chaskar	=	1.0000
http://dbkwik.webdatacommons.org/starwars.wikia.com/resource/Uthar_Wynn	http://dbkwik.webdatacommons.org/swtor.wikia.com/resource/Uthar_Wynn	=	1.0000
http://dbkwik.webdatacommons.org/starwars.wikia.com/resource/Category:Nautolans	http://dbkwik.webdatacommons.org/swtor.wikia.com/resource/Category:Nautolans	=	1.0000
http://dbkwik.webdatacommons.org/starwars.wikia.com/resource/Garnoo	http://dbkwik.webdatacommons.org/swtor.wikia.com/resource/Garnoo	=	1.0000
http://dbkwik.webdatacommons.org/starwars.wikia.com/resource/Quartermaster-class_supply_carrier	http://dbkwik.webdatacommons.org/swtor.wikia.com/resource/Quartermaster-class_supply_carrier	=	1.0000
http://dbkwik.webdatacommons.org/starwars.wikia.com/resource/Submersible	http://dbkwik.webdatacommons.org/swtor.wikia.com/resource/Submersibles	=	0.9663
http://starwars.wikia.com/wiki/Special:FilePath/Manaan.jpg	http://swtor.wikia.com/wiki/Special:FilePath/Manaan.jpg	=	1.0000
http://dbkwik.webdatacommons.org/starwars.wikia.com/resource/Jorland	http://dbkwik.webdatacommons.org/swtor.wikia.com/resource/Jorland	=	1.0000
http://dbkwik.webdatacommons.org/starwars.wikia.com/resource/Rodia	http://dbkwik.webdatacommons.org/swtor.wikia.com/resource/Rodia	=	1.0000
http://starwars.wikia.com/wiki/Special:FilePath/Ubrikkian_Striker.png	http://swtor.wikia.com/wiki/Special:FilePath/Ubrikkian_striker.png	=	1.0000
http://dbkwik.webdatacommons.org/starwars.wikia.com/resource/Okara_Droid_Factory	http://dbkwik.webdatacommons.org/swtor.wikia.com/resource/Okara_Droid_Factory	=	1.0000
http://dbkwik.webdatacommons.org/starwars.wikia.com/resource/Onderon	http://dbkwik.webdatacommons.org/swtor.wikia.com/resource/Onderon	=	1.0000
http://starwars.wikia.com/wiki/Special:FilePath/Rane_Kovach.png	http://swtor.wikia.com/wiki/Special:FilePath/Rane_Kovach.png	=	1.0000
http://starwars.wikia.com/wiki/Special:FilePath/Jedi_Revan.jpg	http://swtor.wikia.com/wiki/Special:FilePath/Jedi_Revan.jpg	=	1.0000
http://dbkwik.webdatacommons.org/starwars.wikia.com/resource/Lightsaber_crystal	http://dbkwik.webdatacommons.org/swtor.wikia.com/resource/Lightsaber_Crystal	=	1.0000
http://dbkwik.webdatacommons.org/starwars.wikia.com/resource/Thon	http://dbkwik.webdatacommons.org/swtor.wikia.com/resource/Thon	=	1.0000
http://dbkwik.webdatacommons.org/starwars.wikia.com/resource/Huttese_Hangover	http://dbkwik.webdatacommons.org/swtor.wikia.com/resource/Huttese_Hangover	=	1.0000
http://starwars.wikia.com/wiki/Special:FilePath/Coldwarsithtransport.jpg?width=300	http://swtor.wikia.com/wiki/Special:FilePath/Coldwarsithtransport.jpg?width=300	=	1.0000
http://dbkwik.webdatacommons.org/starwars.wikia.com/resource/Gaden-Ko	http://dbkwik.webdatacommons.org/swtor.wikia.com/resource/Gaden-Ko	=	1.0000
http://starwars.wikia.com/wiki/Special:FilePath/Brianna_Hawk.jpg	http://swtor.wikia.com/wiki/Special:FilePath/Brianna_Hawk.jpg	=	1.0000
http://dbkwik.webdatacommons.org/starwars.wikia.com/resource/Emperor%27s_Glory	http://dbkwik.webdatacommons.org/swtor.wikia.com/resource/Emperor%27s_Glory	=	1.0000
http://dbkwik.webdatacommons.org/starwars.wikia.com/resource/Zeta_Five	http://dbkwik.webdatacommons.org/swtor.wikia.com/resource/Zeta_Five	=	1.0000
http://dbkwik.webdatacommons.org/starwars.wikia.com/resource/Yuthura_Ban%27s_Jedi_Master	http://dbkwik.webdatacommons.org/swtor.wikia.com/resource/Yuthura_Ban%27s_Jedi_Master	=	1.0000
http://dbkwik.webdatacommons.org/starwars.wikia.com/resource/Belaya	http://dbkwik.webdatacommons.org/swtor.wikia.com/resource/Belaya	=	1.0000
http://dbkwik.webdatacommons.org/starwars.wikia.com/resource/Nico_Okarr	http://dbkwik.webdatacommons.org/swtor.wikia.com/resource/Nico_Okarr	=	1.0000
http://dbkwik.webdatacommons.org/starwars.wikia.com/resource/Meridian_Grace	http://dbkwik.webdatacommons.org/swtor.wikia.com/resource/Meridian_Grace	=	1.0000
http://dbkwik.webdatacommons.org/starwars.wikia.com/resource/Iridonia	http://dbkwik.webdatacommons.org/swtor.wikia.com/resource/Iridonia	=	1.0000
http://dbkwik.webdatacommons.org/starwars.wikia.com/resource/Rutian	http://dbkwik.webdatacommons.org/swtor.wikia.com/resource/Rutian	=	1.0000
http://dbkwik.webdatacommons.org/starwars.wikia.com/resource/Jedi_Trials	http://dbkwik.webdatacommons.org/swtor.wikia.com/resource/Jedi_Trials	=	1.0000
http://dbkwik.webdatacommons.org/starwars.wikia.com/resource/Category:Clothing	http://dbkwik.webdatacommons.org/swtor.wikia.com/resource/Category:Clothing	=	1.0000
http://dbkwik.webdatacommons.org/starwars.wikia.com/resource/Karu	http://dbkwik.webdatacommons.org/swtor.wikia.com/resource/Karu	=	1.0000
http://dbkwik.webdatacommons.org/starwars.wikia.com/resource/Unidentified_Dark_Jedi_Master_(Manaan)	http://dbkwik.webdatacommons.org/swtor.wikia.com/resource/Unidentified_Dark_Jedi_Master_(Manaan)	=	1.0000
http://dbkwik.webdatacommons.org/starwars.wikia.com/resource/Alethios	http://dbkwik.webdatacommons.org/swtor.wikia.com/resource/Alethios	=	1.0000
http://dbkwik.webdatacommons.org/starwars.wikia.com/resource/Memit_Nadill%27s_courier	http://dbkwik.webdatacommons.org/swtor.wikia.com/resource/Memit_Nadill%27s_Courier	=	1.0000
http://dbkwik.webdatacommons.org/starwars.wikia.com/resource/Republic_battlecruiser	http://dbkwik.webdatacommons.org/swtor.wikia.com/resource/Republic_Battlecruiser	=	1.0000
http://dbkwik.webdatacommons.org/starwars.wikia.com/resource/Shigar_Konshi	http://dbkwik.webdatacommons.org/swtor.wikia.com/resource/Shigar_Konshi	=	1.0000
http://dbkwik.webdatacommons.org/starwars.wikia.com/resource/Sylvar	http://dbkwik.webdatacommons.org/swtor.wikia.com/resource/Sylvar	=	1.0000
http://dbkwik.webdatacommons.org/starwars.wikia.com/resource/Vaya-class_scout	http://dbkwik.webdatacommons.org/swtor.wikia.com/resource/Vaya-class_scout	=	1.0000
http://dbkwik.webdatacommons.org/starwars.wikia.com/resource/Draahg	http://dbkwik.webdatacommons.org/swtor.wikia.com/resource/Draahg	=	1.0000
http://dbkwik.webdatacommons.org/starwars.wikia.com/resource/Grand_Moff	http://dbkwik.webdatacommons.org/swtor.wikia.com/resource/Grand_Moff	=	1.0000
http://dbkwik.webdatacommons.org/starwars.wikia.com/resource/Dor_Gal-ram	http://dbkwik.webdatacommons.org/swtor.wikia.com/resource/Dor_Gal-ram	=	1.0000
http://dbkwik.webdatacommons.org/starwars.wikia.com/resource/Old_Galactic_Market	http://dbkwik.webdatacommons.org/swtor.wikia.com/resource/Old_Galactic_Market	=	1.0000
http://dbkwik.webdatacommons.org/starwars.wikia.com/resource/Varos	http://dbkwik.webdatacommons.org/swtor.wikia.com/resource/Varos	=	1.0000
http://dbkwik.webdatacommons.org/starwars.wikia.com/resource/House_Girard	http://dbkwik.webdatacommons.org/swtor.wikia.com/resource/House_Girard	=	1.0000
http://starwars.wikia.com/wiki/Special:FilePath/Vander.png	http://swtor.wikia.com/wiki/Special:FilePath/Vander.png	=	1.0000
http://dbkwik.webdatacommons.org/starwars.wikia.com/resource/Tuk%27ata	http://dbkwik.webdatacommons.org/swtor.wikia.com/resource/Tuk%27ata	=	1.0000
http://dbkwik.webdatacommons.org/starwars.wikia.com/resource/Darth_Lachris	http://dbkwik.webdatacommons.org/swtor.wikia.com/resource/Darth_Lachris	=	1.0000
http://dbkwik.webdatacommons.org/starwars.wikia.com/resource/Jedi_Covenant	http://dbkwik.webdatacommons.org/swtor.wikia.com/resource/Jedi_Covenant	=	1.0000
http://dbkwik.webdatacommons.org/starwars.wikia.com/resource/Dao_Stryver	http://dbkwik.webdatacommons.org/swtor.wikia.com/resource/Dao_Stryver	=	1.0000
http://dbkwik.webdatacommons.org/starwars.wikia.com/resource/Timeline_16:_Founding_of_the_Republic	http://dbkwik.webdatacommons.org/swtor.wikia.com/resource/Timeline_16:_Founding_of_the_Republic	=	1.0000
http://dbkwik.webdatacommons.org/starwars.wikia.com/resource/No-Holds-Barred	http://dbkwik.webdatacommons.org/swtor.wikia.com/resource/No_Holds_Barred	=	1.0000
http://dbkwik.webdatacommons.org/starwars.wikia.com/resource/Tara_Strong	http://dbkwik.webdatacommons.org/swtor.wikia.com/resource/Tara_Strong	=	1.0000
http://dbkwik.webdatacommons.org/starwars.wikia.com/resource/Gray_Jedi	http://dbkwik.webdatacommons.org/swtor.wikia.com/resource/Gray_Jedi	=	1.0000
http://starwars.wikia.com/wiki/Special:FilePath/Lemda_Avesta.png?width=300	http://swtor.wikia.com/wiki/Special:FilePath/Lemda_Avesta.png?width=300	=	1.0000
http://dbkwik.webdatacommons.org/starwars.wikia.com/resource/Raid_on_the_King%27s_Ransom	http://swtor.wikia.com/wiki/Special:FilePath/Raid_on_the_King%27s_Ransom.jpg	=	0.9465
http://starwars.wikia.com/wiki/Special:FilePath/Baras.png?width=300	http://swtor.wikia.com/wiki/Special:FilePath/Baras.png?width=300	=	1.0000
http://dbkwik.webdatacommons.org/starwars.wikia.com/resource/Kumauri_Battleship	http://dbkwik.webdatacommons.org/swtor.wikia.com/resource/Kumauri_Battleship	=	1.0000
http://starwars.wikia.com/wiki/Special:FilePath/TheInnerRim.jpg?width=300	http://swtor.wikia.com/wiki/Special:FilePath/Inner_Rim.jpg?width=300	=	0.9440
http://dbkwik.webdatacommons.org/starwars.wikia.com/class/war	http://dbkwik.webdatacommons.org/swtor.wikia.com/class/war	=	1.0000
http://dbkwik.webdatacommons.org/starwars.wikia.com/resource/Unidentified_Sith_assassin	http://dbkwik.webdatacommons.org/swtor.wikia.com/resource/Unidentified_Sith_assassin	=	1.0000
http://dbkwik.webdatacommons.org/starwars.wikia.com/resource/Voss_commandos	http://dbkwik.webdatacommons.org/swtor.wikia.com/resource/Voss_Commandos	=	1.0000
http://dbkwik.webdatacommons.org/starwars.wikia.com/resource/Astromech_droid	http://dbkwik.webdatacommons.org/swtor.wikia.com/resource/Astromech_droid	=	1.0000
http://dbkwik.webdatacommons.org/starwars.wikia.com/resource/Phantom_Lady	http://dbkwik.webdatacommons.org/swtor.wikia.com/resource/Phantom_Lady	=	1.0000
http://starwars.wikia.com/wiki/Special:FilePath/Jedi_Covenant_NEGTF.jpg	http://swtor.wikia.com/wiki/Special:FilePath/Jedi_Covenant_NEGTF.jpg	=	1.0000
http://dbkwik.webdatacommons.org/starwars.wikia.com/resource/Imperial_Diplomatic_Service	http://dbkwik.webdatacommons.org/swtor.wikia.com/resource/Imperial_Diplomatic_Service	=	1.0000
http://dbkwik.webdatacommons.org/starwars.wikia.com/resource/Skylark	http://dbkwik.webdatacommons.org/swtor.wikia.com/resource/Skylark	=	1.0000
http://dbkwik.webdatacommons.org/starwars.wikia.com/property/manufacturer	http://dbkwik.webdatacommons.org/swtor.wikia.com/property/manufacturer	=	1.0000
http://dbkwik.webdatacommons.org/starwars.wikia.com/resource/Bonethrasher	http://dbkwik.webdatacommons.org/swtor.wikia.com/resource/Bonethrasher	=	1.0000
http://dbkwik.webdatacommons.org/starwars.wikia.com/resource/The_Circle	http://dbkwik.webdatacommons.org/swtor.wikia.com/resource/The_Circle	=	1.0000
http://starwars.wikia.com/wiki/Special:FilePath/TheEbonHawkDockingWithTheJediEnclave.jpg?width=300	http://swtor.wikia.com/wiki/Special:FilePath/TheEbonHawkDockingWithTheJediEnclave.jpg?width=300	=	1.0000
http://starwars.wikia.com/wiki/Special:FilePath/Mandalorian_Blockade.jpg?width=300	http://swtor.wikia.com/wiki/Special:FilePath/Mandalorian_Blockade.jpg?width=300	=	1.0000
http://starwars.wikia.com/wiki/Special:FilePath/Watcher_Two_at_Intelligence_HQ.png?width=300	http://swtor.wikia.com/wiki/Special:FilePath/Watcher_Two_at_Intelligence_HQ.png?width=300	=	1.0000
http://dbkwik.webdatacommons.org/starwars.wikia.com/resource/Heorem_Complex	http://dbkwik.webdatacommons.org/swtor.wikia.com/resource/Heorem_Complex	=	1.0000
http://dbkwik.webdatacommons.org/starwars.wikia.com/resource/Raskta_Lsu	http://dbkwik.webdatacommons.org/swtor.wikia.com/resource/Raskta_Lsu	=	1.0000
http://dbkwik.webdatacommons.org/starwars.wikia.com/resource/Uxibeast	http://dbkwik.webdatacommons.org/swtor.wikia.com/resource/Uxibeast	=	1.0000
http://dbkwik.webdatacommons.org/starwars.wikia.com/resource/Leeha_Narezz	http://dbkwik.webdatacommons.org/swtor.wikia.com/resource/Leeha_Narezz	=	1.0000
http://dbkwik.webdatacommons.org/starwars.wikia.com/resource/Anitol_Rosspar	http://dbkwik.webdatacommons.org/swtor.wikia.com/resource/Anitol_Rosspar	=	1.0000
http://dbkwik.webdatacommons.org/starwars.wikia.com/resource/Category:Rodians	http://dbkwik.webdatacommons.org/swtor.wikia.com/resource/Category:Rodians	=	1.0000
http://dbkwik.webdatacommons.org/starwars.wikia.com/resource/Avorr	http://dbkwik.webdatacommons.org/swtor.wikia.com/resource/Avorr	=	1.0000
http://dbkwik.webdatacommons.org/starwars.wikia.com/resource/Jo_Wyatt	http://dbkwik.webdatacommons.org/swtor.wikia.com/resource/Jo_Wyatt	=	1.0000
http://starwars.wikia.com/wiki/Special:FilePath/Meltdown.png	http://swtor.wikia.com/wiki/Special:FilePath/Meltdown.png	=	1.0000
http://dbkwik.webdatacommons.org/starwars.wikia.com/resource/Seh-run	http://dbkwik.webdatacommons.org/swtor.wikia.com/resource/Seh-run	=	1.0000
http://dbkwik.webdatacommons.org/starwars.wikia.com/resource/Kla_(Sith)	http://dbkwik.webdatacommons.org/swtor.wikia.com/resource/Kla_(Sith)	=	1.0000
http://dbkwik.webdatacommons.org/starwars.wikia.com/resource/Duros	http://dbkwik.webdatacommons.org/swtor.wikia.com/resource/Duros	=	1.0000
http://dbkwik.webdatacommons.org/starwars.wikia.com/resource/Starstorm_One	http://dbkwik.webdatacommons.org/swtor.wikia.com/resource/Starstorm_One	=	1.0000
http://dbkwik.webdatacommons.org/starwars.wikia.com/resource/Diplomat	http://dbkwik.webdatacommons.org/swtor.wikia.com/resource/Diplomat	=	1.0000
http://dbkwik.webdatacommons.org/starwars.wikia.com/property/affiliation	http://dbkwik.webdatacommons.org/swtor.wikia.com/property/affiliation	=	1.0000
http://dbkwik.webdatacommons.org/starwars.wikia.com/resource/Ulic_Qel-Droma	http://dbkwik.webdatacommons.org/swtor.wikia.com/resource/Ulic_Qel-Droma	=	1.0000
http://dbkwik.webdatacommons.org/starwars.wikia.com/resource/Root	http://dbkwik.webdatacommons.org/swtor.wikia.com/resource/Root	=	1.0000
http://dbkwik.webdatacommons.org/starwars.wikia.com/resource/Aryn_Leneer	http://dbkwik.webdatacommons.org/swtor.wikia.com/resource/Aryn_Leneer	=	1.0000
http://dbkwik.webdatacommons.org/starwars.wikia.com/resource/Lenico_Colony_Blue	http://dbkwik.webdatacommons.org/swtor.wikia.com/resource/Lenico_Colony_Blue	=	1.0000
http://dbkwik.webdatacommons.org/starwars.wikia.com/resource/Shaadlar-type_troopship	http://dbkwik.webdatacommons.org/swtor.wikia.com/resource/Shaadlar-type_troopship	=	1.0000
http://dbkwik.webdatacommons.org/starwars.wikia.com/resource/Odile_Vaiken	http://dbkwik.webdatacommons.org/swtor.wikia.com/resource/Odile_Vaiken	=	1.0000
http://dbkwik.webdatacommons.org/starwars.wikia.com/resource/Tomb_of_Marka_Ragnos	http://dbkwik.webdatacommons.org/swtor.wikia.com/resource/Tomb_of_Marka_Ragnos	=	1.0000
http://dbkwik.webdatacommons.org/starwars.wikia.com/resource/Hoth	http://dbkwik.webdatacommons.org/swtor.wikia.com/resource/Hoth	=	1.0000
http://dbkwik.webdatacommons.org/starwars.wikia.com/resource/Category:Novels	http://dbkwik.webdatacommons.org/swtor.wikia.com/resource/Category:Novels	=	1.0000
http://dbkwik.webdatacommons.org/starwars.wikia.com/property/range	http://dbkwik.webdatacommons.org/swtor.wikia.com/property/range	=	1.0000
http://dbkwik.webdatacommons.org/starwars.wikia.com/resource/Balmorra	http://dbkwik.webdatacommons.org/swtor.wikia.com/resource/Balmorra	=	1.0000
http://dbkwik.webdatacommons.org/starwars.wikia.com/resource/Saleeh	http://dbkwik.webdatacommons.org/swtor.wikia.com/resource/Saleeh	=	1.0000
http://starwars.wikia.com/wiki/Special:FilePath/MandalorianWars-Tmeline8.jpg	http://swtor.wikia.com/wiki/Special:FilePath/MandalorianWars-Tmeline8.jpg	=	1.0000
http://dbkwik.webdatacommons.org/starwars.wikia.com/resource/Eye	http://dbkwik.webdatacommons.org/swtor.wikia.com/property/eye	=	1.0000
http://dbkwik.webdatacommons.org/starwars.wikia.com/resource/Third_Great_Schism	http://dbkwik.webdatacommons.org/swtor.wikia.com/resource/Third_Great_Schism	=	1.0000
http://dbkwik.webdatacommons.org/starwars.wikia.com/resource/Skav_Mora	http://dbkwik.webdatacommons.org/swtor.wikia.com/resource/Skav_Mora	=	1.0000
http://dbkwik.webdatacommons.org/starwars.wikia.com/resource/Kherus	http://dbkwik.webdatacommons.org/swtor.wikia.com/resource/Kherus	=	1.0000
http://dbkwik.webdatacommons.org/starwars.wikia.com/resource/Paramount	http://dbkwik.webdatacommons.org/swtor.wikia.com/resource/Paramount	=	1.0000
http://dbkwik.webdatacommons.org/starwars.wikia.com/resource/Diligence	http://dbkwik.webdatacommons.org/swtor.wikia.com/resource/Diligence	=	1.0000
http://dbkwik.webdatacommons.org/starwars.wikia.com/resource/Genarra	http://dbkwik.webdatacommons.org/swtor.wikia.com/resource/Genarra	=	1.0000
http://dbkwik.webdatacommons.org/starwars.wikia.com/resource/Belsavis	http://dbkwik.webdatacommons.org/swtor.wikia.com/resource/Belsavis	=	1.0000
http://dbkwik.webdatacommons.org/starwars.wikia.com/resource/Corso_Riggs	http://dbkwik.webdatacommons.org/swtor.wikia.com/resource/Corso_Riggs	=	1.0000
http://dbkwik.webdatacommons.org/starwars.wikia.com/resource/Ephran_Zell	http://dbkwik.webdatacommons.org/swtor.wikia.com/resource/Ephran_Zell	=	1.0000
http://dbkwik.webdatacommons.org/starwars.wikia.com/resource/Togruta	http://dbkwik.webdatacommons.org/swtor.wikia.com/resource/Togruta	=	1.0000
http://dbkwik.webdatacommons.org/starwars.wikia.com/resource/Jerridan	http://dbkwik.webdatacommons.org/swtor.wikia.com/resource/Jerridan	=	1.0000
http://starwars.wikia.com/wiki/Special:FilePath/Yoda.jpg	http://swtor.wikia.com/wiki/Special:FilePath/Yoda.jpg	=	1.0000
http://dbkwik.webdatacommons.org/starwars.wikia.com/resource/Cyborg	http://dbkwik.webdatacommons.org/swtor.wikia.com/property/cyborg	=	1.0000
http://starwars.wikia.com/wiki/Special:FilePath/Aleco_Stusea.jpg	http://swtor.wikia.com/wiki/Special:FilePath/Aleco_Stusea.jpg	=	1.0000
http://dbkwik.webdatacommons.org/starwars.wikia.com/resource/Gank	http://dbkwik.webdatacommons.org/swtor.wikia.com/resource/Gank	=	1.0000
http://dbkwik.webdatacommons.org/starwars.wikia.com/resource/Clan_Cadera	http://dbkwik.webdatacommons.org/swtor.wikia.com/resource/Clan_Cadera	=	1.0000
http://dbkwik.webdatacommons.org/starwars.wikia.com/resource/Galactic_Constitution	http://dbkwik.webdatacommons.org/swtor.wikia.com/resource/Galactic_Constitution	=	1.0000
http://dbkwik.webdatacommons.org/starwars.wikia.com/resource/Deliverance	http://dbkwik.webdatacommons.org/swtor.wikia.com/resource/Deliverance	=	1.0000
http://dbkwik.webdatacommons.org/starwars.wikia.com/resource/Qiltakka	http://dbkwik.webdatacommons.org/swtor.wikia.com/resource/Qiltakka	=	1.0000
http://starwars.wikia.com/wiki/Special:FilePath/Nihilus_saber.jpg	http://swtor.wikia.com/wiki/Special:FilePath/Nihilus_saber.jpg	=	1.0000
http://dbkwik.webdatacommons.org/starwars.wikia.com/property/side	http://dbkwik.webdatacommons.org/swtor.wikia.com/property/side	=	1.0000
http://dbkwik.webdatacommons.org/starwars.wikia.com/resource/Qarin	http://dbkwik.webdatacommons.org/swtor.wikia.com/resource/Qarin	=	1.0000
http://dbkwik.webdatacommons.org/starwars.wikia.com/resource/Shai_Tenna	http://dbkwik.webdatacommons.org/swtor.wikia.com/resource/Shai_Tenna	=	1.0000
http://dbkwik.webdatacommons.org/starwars.wikia.com/resource/Stun	http://dbkwik.webdatacommons.org/swtor.wikia.com/resource/Stun	=	1.0000
http://dbkwik.webdatacommons.org/starwars.wikia.com/resource/Corridan_Ordo	http://dbkwik.webdatacommons.org/swtor.wikia.com/resource/Corridan_Ordo	=	1.0000
http://dbkwik.webdatacommons.org/starwars.wikia.com/resource/Quorian_Dorjis	http://dbkwik.webdatacommons.org/swtor.wikia.com/resource/Quorian_Dorjis	=	1.0000
http://dbkwik.webdatacommons.org/starwars.wikia.com/resource/Founder	http://dbkwik.webdatacommons.org/swtor.wikia.com/resource/Founder	=	1.0000
http://dbkwik.webdatacommons.org/starwars.wikia.com/resource/Toron_Voq	http://dbkwik.webdatacommons.org/swtor.wikia.com/resource/Toron_Voq	=	1.0000
http://dbkwik.webdatacommons.org/starwars.wikia.com/resource/Rycus_Kilran	http://dbkwik.webdatacommons.org/swtor.wikia.com/resource/Rycus_Kilran	=	1.0000
http://dbkwik.webdatacommons.org/starwars.wikia.com/resource/Colonies	http://dbkwik.webdatacommons.org/swtor.wikia.com/resource/Colonies	=	1.0000
http://dbkwik.webdatacommons.org/starwars.wikia.com/resource/Category:Citation_templates	http://dbkwik.webdatacommons.org/swtor.wikia.com/resource/Category:Citation_templates	=	1.0000
http://dbkwik.webdatacommons.org/starwars.wikia.com/resource/Brell_Sediment	http://dbkwik.webdatacommons.org/swtor.wikia.com/resource/Brell_Sediment	=	1.0000
http://dbkwik.webdatacommons.org/starwars.wikia.com/resource/Ayanos_Bactra	http://dbkwik.webdatacommons.org/swtor.wikia.com/resource/Ayanos_Bactra	=	1.0000
http://dbkwik.webdatacommons.org/starwars.wikia.com/resource/Knights_of_Zakuul	http://dbkwik.webdatacommons.org/swtor.wikia.com/resource/Knights_of_Zakuul	=	1.0000
http://dbkwik.webdatacommons.org/starwars.wikia.com/property/before	http://dbkwik.webdatacommons.org/swtor.wikia.com/property/before	=	1.0000
http://dbkwik.webdatacommons.org/starwars.wikia.com/class/structure	http://dbkwik.webdatacommons.org/swtor.wikia.com/class/structure	=	1.0000
http://dbkwik.webdatacommons.org/starwars.wikia.com/resource/The_Ark	http://dbkwik.webdatacommons.org/swtor.wikia.com/resource/The_Ark	=	1.0000
http://starwars.wikia.com/wiki/Special:FilePath/Infernal_Council.png?width=300	http://swtor.wikia.com/wiki/Special:FilePath/Infernal-council.png?width=300	=	1.0000
http://starwars.wikia.com/wiki/Special:FilePath/Alderaan.jpg	http://swtor.wikia.com/wiki/Special:FilePath/Alderaan.jpg	=	1.0000
http://dbkwik.webdatacommons.org/starwars.wikia.com/resource/Sleen	http://dbkwik.webdatacommons.org/swtor.wikia.com/resource/Sleen	=	1.0000
http://dbkwik.webdatacommons.org/starwars.wikia.com/resource/Neimoidia	http://dbkwik.webdatacommons.org/swtor.wikia.com/resource/Neimoidia	=	1.0000
http://starwars.wikia.com/wiki/Special:FilePath/Bralor1.jpg	http://swtor.wikia.com/wiki/Special:FilePath/Bralor1.jpg	=	1.0000
http://dbkwik.webdatacommons.org/starwars.wikia.com/resource/Qrrrl_Toq%27s_starship	http://dbkwik.webdatacommons.org/swtor.wikia.com/resource/Qrrrl_Toq%27s_Starship	=	1.0000
http://dbkwik.webdatacommons.org/starwars.wikia.com/resource/Obba	http://dbkwik.webdatacommons.org/swtor.wikia.com/resource/Obba	=	1.0000
http://starwars.wikia.com/wiki/Special:FilePath/Dropship.jpg	http://swtor.wikia.com/wiki/Special:FilePath/Dropship.jpg	=	1.0000
http://starwars.wikia.com/wiki/Special:FilePath/Dewback.png	http://swtor.wikia.com/wiki/Special:FilePath/Dewback.png	=	1.0000
http://starwars.wikia.com/wiki/Special:FilePath/Dalborra_infobox.jpg?width=300	http://swtor.wikia.com/wiki/Special:FilePath/Dalborra_infobox.jpg?width=300	=	1.0000
http://dbkwik.webdatacommons.org/starwars.wikia.com/resource/Karastace_Gonn	http://dbkwik.webdatacommons.org/swtor.wikia.com/resource/Karastace_Gonn	=	1.0000
http://dbkwik.webdatacommons.org/starwars.wikia.com/resource/Soldier	http://dbkwik.webdatacommons.org/swtor.wikia.com/resource/Soldier	=	1.0000
http://starwars.wikia.com/wiki/Special:FilePath/Revanfindsmap1.jpg	http://swtor.wikia.com/wiki/Special:FilePath/Revanfindsmap1.jpg	=	1.0000
http://starwars.wikia.com/wiki/Special:FilePath/Theron_Shan.png	http://swtor.wikia.com/wiki/Special:FilePath/Theron_Shan.png	=	1.0000
http://dbkwik.webdatacommons.org/starwars.wikia.com/resource/Narvusin	http://dbkwik.webdatacommons.org/swtor.wikia.com/resource/Narvusin	=	1.0000
http://dbkwik.webdatacommons.org/starwars.wikia.com/resource/Deep_Core	http://dbkwik.webdatacommons.org/swtor.wikia.com/resource/Deep_Core	=	1.0000
http://dbkwik.webdatacommons.org/starwars.wikia.com/resource/Eric_Ericsen	http://dbkwik.webdatacommons.org/swtor.wikia.com/resource/Eric_Ericsen	=	1.0000
http://dbkwik.webdatacommons.org/starwars.wikia.com/resource/Wyellett	http://dbkwik.webdatacommons.org/swtor.wikia.com/resource/Wyellett	=	1.0000
http://dbkwik.webdatacommons.org/starwars.wikia.com/resource/Vander	http://dbkwik.webdatacommons.org/swtor.wikia.com/resource/Vander	=	1.0000
http://dbkwik.webdatacommons.org/starwars.wikia.com/resource/SCORPIO	http://dbkwik.webdatacommons.org/swtor.wikia.com/resource/SCORPIO	=	1.0000
http://dbkwik.webdatacommons.org/starwars.wikia.com/resource/Unidentified_Mandalorian_(Nar_Shaddaa)	http://dbkwik.webdatacommons.org/swtor.wikia.com/resource/Unidentified_Mandalorian_(Nar_Shaddaa)	=	1.0000
http://dbkwik.webdatacommons.org/starwars.wikia.com/resource/Dreshdae	http://dbkwik.webdatacommons.org/swtor.wikia.com/resource/Dreshdae	=	1.0000
http://dbkwik.webdatacommons.org/starwars.wikia.com/resource/Kory	http://dbkwik.webdatacommons.org/swtor.wikia.com/resource/Kory	=	1.0000
http://dbkwik.webdatacommons.org/starwars.wikia.com/resource/Darth_Bandon%27s_Jedi_Master	http://dbkwik.webdatacommons.org/swtor.wikia.com/resource/Darth_Bandon%27s_Jedi_Master	=	1.0000
http://dbkwik.webdatacommons.org/starwars.wikia.com/resource/Oradam_village	http://dbkwik.webdatacommons.org/swtor.wikia.com/resource/Oradam_Village	=	1.0000
http://dbkwik.webdatacommons.org/starwars.wikia.com/resource/Sleep_dart	http://dbkwik.webdatacommons.org/swtor.wikia.com/resource/Sleep_Dart	=	1.0000
http://dbkwik.webdatacommons.org/starwars.wikia.com/resource/Promenade	http://dbkwik.webdatacommons.org/swtor.wikia.com/resource/Promenade	=	1.0000
http://starwars.wikia.com/wiki/Special:FilePath/Salara.png?width=300	http://swtor.wikia.com/wiki/Special:FilePath/Salara.png?width=300	=	1.0000
http://dbkwik.webdatacommons.org/starwars.wikia.com/resource/Unidentified_female_Chagrian_Mandalorian_Knight	http://dbkwik.webdatacommons.org/swtor.wikia.com/resource/Unidentified_female_Chagrian_Mandalorian_Knight	=	1.0000
http://dbkwik.webdatacommons.org/starwars.wikia.com/resource/Steadfast	http://dbkwik.webdatacommons.org/swtor.wikia.com/resource/Steadfast	=	1.0000
http://dbkwik.webdatacommons.org/starwars.wikia.com/resource/Fohargh	http://dbkwik.webdatacommons.org/swtor.wikia.com/resource/Fohargh	=	1.0000
http://dbkwik.webdatacommons.org/starwars.wikia.com/resource/Gamblor	http://dbkwik.webdatacommons.org/swtor.wikia.com/resource/Gamblor	=	1.0000
http://dbkwik.webdatacommons.org/starwars.wikia.com/resource/Wud_Mortull	http://dbkwik.webdatacommons.org/swtor.wikia.com/resource/Wud_Mortull	=	1.0000
http://dbkwik.webdatacommons.org/starwars.wikia.com/resource/Storm_Carrier	http://dbkwik.webdatacommons.org/swtor.wikia.com/resource/Storm_Carrier	=	1.0000
http://dbkwik.webdatacommons.org/starwars.wikia.com/resource/Berluk	http://dbkwik.webdatacommons.org/swtor.wikia.com/resource/Berluk	=	1.0000
http://dbkwik.webdatacommons.org/starwars.wikia.com/resource/Mezenti_Spaceport	http://dbkwik.webdatacommons.org/swtor.wikia.com/resource/Mezenti_Spaceport	=	1.0000
http://starwars.wikia.com/wiki/Special:FilePath/Benna_Lodd.png?width=300	http://swtor.wikia.com/wiki/Special:FilePath/Benna_Lodd.png?width=300	=	1.0000
http://dbkwik.webdatacommons.org/starwars.wikia.com/resource/Shiv	http://dbkwik.webdatacommons.org/swtor.wikia.com/resource/Shiv	=	1.0000
http://starwars.wikia.com/wiki/Special:FilePath/Sedni_Maruk.png	http://swtor.wikia.com/wiki/Special:FilePath/Sedni_Maruk.png	=	1.0000
http://dbkwik.webdatacommons.org/starwars.wikia.com/resource/Dynamic-class_freighter	http://dbkwik.webdatacommons.org/swtor.wikia.com/resource/Dynamic-class_freighter	=	1.0000
http://dbkwik.webdatacommons.org/starwars.wikia.com/resource/Dark_Jedi	http://dbkwik.webdatacommons.org/swtor.wikia.com/resource/Dark_Jedi	=	1.0000
http://starwars.wikia.com/wiki/Special:FilePath/VenZallow-TORDeceived.png?width=300	http://swtor.wikia.com/wiki/Special:FilePath/VenZallow-TORDeceived.png?width=300	=	1.0000
http://starwars.wikia.com/wiki/Special:FilePath/Impsniper.jpg	http://swtor.wikia.com/wiki/Special:FilePath/Impsniper.jpg	=	1.0000
http://starwars.wikia.com/wiki/Special:FilePath/Adraas_HS.jpg	http://swtor.wikia.com/wiki/Special:FilePath/Adraas_HS.jpg	=	1.0000
http://dbkwik.webdatacommons.org/starwars.wikia.com/resource/Squad	http://dbkwik.webdatacommons.org/swtor.wikia.com/resource/Squad	=	1.0000
http://dbkwik.webdatacommons.org/starwars.wikia.com/resource/Jedi_Knight	http://dbkwik.webdatacommons.org/swtor.wikia.com/resource/Jedi_Knight	=	1.0000
http://starwars.wikia.com/wiki/Special:FilePath/Shadows_and_Light.jpg	http://swtor.wikia.com/wiki/Special:FilePath/Shadows_and_Light.jpg	=	1.0000
http://starwars.wikia.com/wiki/Special:FilePath/Orlean_Flurry.png?width=300	http://swtor.wikia.com/wiki/Special:FilePath/Orlean_Flurry.png?width=300	=	1.0000
http://dbkwik.webdatacommons.org/starwars.wikia.com/resource/Vendaxa	http://dbkwik.webdatacommons.org/swtor.wikia.com/resource/Vendaxa	=	1.0000
http://dbkwik.webdatacommons.org/starwars.wikia.com/resource/Bloodgouge	http://dbkwik.webdatacommons.org/swtor.wikia.com/resource/Bloodgouge	=	1.0000
http://dbkwik.webdatacommons.org/starwars.wikia.com/resource/Darth_Azamin	http://dbkwik.webdatacommons.org/swtor.wikia.com/resource/Darth_Azamin	=	1.0000
http://dbkwik.webdatacommons.org/starwars.wikia.com/resource/The_Old_Republic:_Smuggler%27s_Vanguard	http://dbkwik.webdatacommons.org/swtor.wikia.com/resource/The_Old_Republic:_Smuggler%27s_Vanguard	=	1.0000
http://dbkwik.webdatacommons.org/starwars.wikia.com/resource/Elin_Garza	http://dbkwik.webdatacommons.org/swtor.wikia.com/resource/Elin_Garza	=	1.0000
http://dbkwik.webdatacommons.org/starwars.wikia.com/property/battles	http://dbkwik.webdatacommons.org/swtor.wikia.com/property/battles	=	1.0000
http://starwars.wikia.com/wiki/Special:FilePath/Sith_Inquisitor_TOR.jpg	http://swtor.wikia.com/wiki/Special:FilePath/Sith_Inquisitor_TOR.jpg	=	1.0000
http://dbkwik.webdatacommons.org/starwars.wikia.com/resource/Army_of_Light	http://dbkwik.webdatacommons.org/swtor.wikia.com/resource/Army_of_Light	=	1.0000
http://dbkwik.webdatacommons.org/starwars.wikia.com/resource/Shaclaw	http://dbkwik.webdatacommons.org/swtor.wikia.com/resource/Shaclaw	=	1.0000
http://starwars.wikia.com/wiki/Special:FilePath/JediExileHanddrawn.jpg?width=300	http://swtor.wikia.com/wiki/Special:FilePath/JediExileHanddrawn.jpg?width=300	=	1.0000
http://dbkwik.webdatacommons.org/starwars.wikia.com/resource/Talravin	http://dbkwik.webdatacommons.org/swtor.wikia.com/resource/Talravin	=	1.0000
http://dbkwik.webdatacommons.org/starwars.wikia.com/resource/King%27s_Ransom	http://dbkwik.webdatacommons.org/swtor.wikia.com/resource/King%27s_Ransom	=	1.0000
http://dbkwik.webdatacommons.org/starwars.wikia.com/resource/Category:Medium_armor	http://dbkwik.webdatacommons.org/swtor.wikia.com/resource/Category:Medium_Armor	=	1.0000
http://dbkwik.webdatacommons.org/starwars.wikia.com/resource/Agerin_Minosh	http://dbkwik.webdatacommons.org/swtor.wikia.com/resource/Agerin_Minosh	=	1.0000
http://dbkwik.webdatacommons.org/starwars.wikia.com/resource/Sarala	http://dbkwik.webdatacommons.org/swtor.wikia.com/resource/Sarala	=	1.0000
http://starwars.wikia.com/wiki/Special:FilePath/Guardian.png	http://swtor.wikia.com/wiki/Special:FilePath/Guardian.png	=	1.0000
http://dbkwik.webdatacommons.org/starwars.wikia.com/resource/Mawvorr	http://dbkwik.webdatacommons.org/swtor.wikia.com/resource/Mawvorr	=	1.0000
http://dbkwik.webdatacommons.org/starwars.wikia.com/resource/Valor-class_cruiser	http://dbkwik.webdatacommons.org/swtor.wikia.com/resource/Valor-class_Cruiser	=	1.0000
http://dbkwik.webdatacommons.org/starwars.wikia.com/resource/ML-39_Brute_Patrol_Ship	http://dbkwik.webdatacommons.org/swtor.wikia.com/resource/ML-39_Brute_patrol_ship	=	1.0000
http://dbkwik.webdatacommons.org/starwars.wikia.com/resource/Yozusk	http://dbkwik.webdatacommons.org/swtor.wikia.com/resource/Yozusk	=	1.0000
http://starwars.wikia.com/wiki/Special:FilePath/Uburluh.jpg?width=300	http://swtor.wikia.com/wiki/Special:FilePath/Uburluh.jpg?width=300	=	1.0000
http://starwars.wikia.com/wiki/Special:FilePath/Nimi.png	http://swtor.wikia.com/wiki/Special:FilePath/Nimi.png	=	1.0000
http://dbkwik.webdatacommons.org/starwars.wikia.com/resource/Noab_Hulis	http://dbkwik.webdatacommons.org/swtor.wikia.com/resource/Noab_Hulis	=	1.0000
http://dbkwik.webdatacommons.org/starwars.wikia.com/resource/Prophet_of_Vodal_Kressh	http://dbkwik.webdatacommons.org/swtor.wikia.com/resource/Prophet_of_Vodal_Kressh	=	1.0000
http://dbkwik.webdatacommons.org/starwars.wikia.com/resource/Womp_Rat_fever	http://dbkwik.webdatacommons.org/swtor.wikia.com/resource/Womp_Rat_Fever	=	1.0000
http://starwars.wikia.com/wiki/Special:FilePath/Vaylin.png?width=300	http://swtor.wikia.com/wiki/Special:FilePath/Vaylin.png?width=300	=	1.0000
http://dbkwik.webdatacommons.org/starwars.wikia.com/resource/Somov_Rit	http://dbkwik.webdatacommons.org/swtor.wikia.com/resource/Somov_Rit	=	1.0000
http://dbkwik.webdatacommons.org/starwars.wikia.com/property/vehicles	http://dbkwik.webdatacommons.org/swtor.wikia.com/property/vehicles	=	1.0000
http://dbkwik.webdatacommons.org/starwars.wikia.com/resource/Jedi_Master	http://dbkwik.webdatacommons.org/swtor.wikia.com/resource/Jedi_Master	=	1.0000
http://dbkwik.webdatacommons.org/starwars.wikia.com/resource/Terentatek	http://dbkwik.webdatacommons.org/swtor.wikia.com/resource/Terentatek	=	1.0000
http://dbkwik.webdatacommons.org/starwars.wikia.com/resource/Shuttle	http://dbkwik.webdatacommons.org/swtor.wikia.com/resource/Shuttle	=	1.0000
http://dbkwik.webdatacommons.org/starwars.wikia.com/resource/Devaronian	http://dbkwik.webdatacommons.org/swtor.wikia.com/resource/Devaronian	=	1.0000
http://dbkwik.webdatacommons.org/starwars.wikia.com/resource/Fideltin_Rusk	http://dbkwik.webdatacommons.org/swtor.wikia.com/resource/Fideltin_Rusk	=	1.0000
http://starwars.wikia.com/wiki/Special:FilePath/JenniferHale.jpg	http://swtor.wikia.com/wiki/Special:FilePath/Jennifer-hale.jpg	=	1.0000
http://dbkwik.webdatacommons.org/starwars.wikia.com/resource/Sith_Lord	http://dbkwik.webdatacommons.org/swtor.wikia.com/resource/Sith_Lord	=	1.0000
http://starwars.wikia.com/wiki/Special:FilePath/Revanmemory.jpg?width=300	http://swtor.wikia.com/wiki/Special:FilePath/Revanmemory.jpg?width=300	=	1.0000
http://starwars.wikia.com/wiki/Special:FilePath/Ashara_Zavros.png	http://swtor.wikia.com/wiki/Special:FilePath/Ashara_Zavros.png	=	1.0000
http://dbkwik.webdatacommons.org/starwars.wikia.com/resource/Glenk	http://dbkwik.webdatacommons.org/swtor.wikia.com/resource/Glenk	=	1.0000
http://dbkwik.webdatacommons.org/starwars.wikia.com/resource/Imperial_Pacification_Droid	http://dbkwik.webdatacommons.org/swtor.wikia.com/resource/Imperial_Pacification_Droid	=	1.0000
http://dbkwik.webdatacommons.org/starwars.wikia.com/resource/Ajunta_Pall	http://dbkwik.webdatacommons.org/swtor.wikia.com/resource/Ajunta_Pall	=	1.0000
http://starwars.wikia.com/wiki/Special:FilePath/Starmap2.jpg?width=300	http://swtor.wikia.com/wiki/Special:FilePath/Starmap2-1-.jpg?width=300	=	0.9538
http://dbkwik.webdatacommons.org/starwars.wikia.com/resource/Dantooine_Nomad	http://dbkwik.webdatacommons.org/swtor.wikia.com/resource/Dantooine_Nomad	=	1.0000
http://dbkwik.webdatacommons.org/starwars.wikia.com/resource/Vergost	http://dbkwik.webdatacommons.org/swtor.wikia.com/resource/Vergost	=	1.0000
http://starwars.wikia.com/wiki/Special:FilePath/Port_Raga.png	http://swtor.wikia.com/wiki/Special:FilePath/Port_Raga.png	=	1.0000
http://dbkwik.webdatacommons.org/starwars.wikia.com/resource/Jeelta_Urdosh	http://dbkwik.webdatacommons.org/swtor.wikia.com/resource/Jeelta_Urdosh	=	1.0000
http://dbkwik.webdatacommons.org/starwars.wikia.com/resource/Category:Images_of_Gage-class_transports	http://dbkwik.webdatacommons.org/swtor.wikia.com/resource/Category:Images_of_Gage-class_transports	=	1.0000
http://dbkwik.webdatacommons.org/starwars.wikia.com/resource/Rishi	http://dbkwik.webdatacommons.org/swtor.wikia.com/resource/Rishi	=	1.0000
http://dbkwik.webdatacommons.org/starwars.wikia.com/resource/Unidentified_Sith_Overseer	http://dbkwik.webdatacommons.org/swtor.wikia.com/resource/Unidentified_Sith_Overseer	=	1.0000
http://starwars.wikia.com/wiki/Special:FilePath/Dark_Temple_map.jpg?width=300	http://swtor.wikia.com/wiki/Special:FilePath/Dark_Temple_map.jpg?width=300	=	1.0000
http://dbkwik.webdatacommons.org/starwars.wikia.com/class/mission	http://dbkwik.webdatacommons.org/swtor.wikia.com/class/mission	=	1.0000
http://dbkwik.webdatacommons.org/starwars.wikia.com/resource/HK-47	http://dbkwik.webdatacommons.org/swtor.wikia.com/resource/HK-47	=	1.0000
http://dbkwik.webdatacommons.org/starwars.wikia.com/resource/Lyhesh_Sakku	http://dbkwik.webdatacommons.org/swtor.wikia.com/resource/Lyhesh_Sakku	=	1.0000
http://starwars.wikia.com/wiki/Special:FilePath/Quilb.png	http://swtor.wikia.com/wiki/Special:FilePath/Quilb.png	=	1.0000
http://dbkwik.webdatacommons.org/starwars.wikia.com/resource/Tyrus	http://dbkwik.webdatacommons.org/swtor.wikia.com/resource/Tyrus	=	1.0000
http://dbkwik.webdatacommons.org/starwars.wikia.com/resource/Oro_Wogawa	http://dbkwik.webdatacommons.org/swtor.wikia.com/resource/Oro_Wogawa	=	1.0000
http://dbkwik.webdatacommons.org/starwars.wikia.com/resource/Huntmaster	http://dbkwik.webdatacommons.org/swtor.wikia.com/resource/Huntmaster	=	1.0000
http://dbkwik.webdatacommons.org/starwars.wikia.com/resource/Interdictor-class_cruiser	http://dbkwik.webdatacommons.org/swtor.wikia.com/resource/Interdictor-class_cruiser	=	1.0000
http://dbkwik.webdatacommons.org/starwars.wikia.com/resource/The_Sacking_of_Coruscant	http://dbkwik.webdatacommons.org/swtor.wikia.com/resource/The_Sacking_of_Coruscant	=	1.0000
http://dbkwik.webdatacommons.org/starwars.wikia.com/resource/Category:Images_of_the_Dark_Temple	http://dbkwik.webdatacommons.org/swtor.wikia.com/resource/Category:Images_of_the_Dark_Temple	=	1.0000
http://dbkwik.webdatacommons.org/starwars.wikia.com/resource/Count	http://dbkwik.webdatacommons.org/swtor.wikia.com/resource/Count	=	1.0000
http://dbkwik.webdatacommons.org/starwars.wikia.com/resource/Bolook	http://dbkwik.webdatacommons.org/swtor.wikia.com/resource/Bolook	=	1.0000
http://dbkwik.webdatacommons.org/starwars.wikia.com/resource/Korriban_Arrival_Port	http://dbkwik.webdatacommons.org/swtor.wikia.com/resource/Korriban_Arrival_Port	=	1.0000
http://dbkwik.webdatacommons.org/starwars.wikia.com/resource/Kra%27ake	http://dbkwik.webdatacommons.org/swtor.wikia.com/resource/Kra%27ake	=	1.0000
http://starwars.wikia.com/wiki/Special:FilePath/Lightsabers.jpg	http://swtor.wikia.com/wiki/Special:FilePath/Lightsabers.jpg	=	1.0000
http://starwars.wikia.com/wiki/Special:FilePath/Watcher_Two_at_Intelligence_HQ.png	http://swtor.wikia.com/wiki/Special:FilePath/Watcher_Two_at_Intelligence_HQ.png	=	1.0000
http://dbkwik.webdatacommons.org/starwars.wikia.com/resource/Minos_Porter	http://dbkwik.webdatacommons.org/swtor.wikia.com/resource/Minos_Porter	=	1.0000
http://dbkwik.webdatacommons.org/starwars.wikia.com/resource/Kels	http://dbkwik.webdatacommons.org/swtor.wikia.com/resource/Kels	=	1.0000
http://starwars.wikia.com/wiki/Special:FilePath/Skadge.png	http://swtor.wikia.com/wiki/Special:FilePath/Skadge.png	=	1.0000
http://dbkwik.webdatacommons.org/starwars.wikia.com/resource/Lieutenant	http://dbkwik.webdatacommons.org/swtor.wikia.com/resource/Lieutenant	=	1.0000
http://dbkwik.webdatacommons.org/starwars.wikia.com/resource/NovaDive	http://dbkwik.webdatacommons.org/swtor.wikia.com/resource/NovaDive	=	1.0000
http://dbkwik.webdatacommons.org/starwars.wikia.com/resource/Category:Repulsorcraft	http://dbkwik.webdatacommons.org/swtor.wikia.com/resource/Category:Repulsorcraft	=	1.0000
http://starwars.wikia.com/wiki/Special:FilePath/Aleco_Stusea.jpg?width=300	http://swtor.wikia.com/wiki/Special:FilePath/Aleco_Stusea.jpg?width=300	=	1.0000
http://dbkwik.webdatacommons.org/starwars.wikia.com/resource/Kao_Cen_Darach	http://dbkwik.webdatacommons.org/swtor.wikia.com/resource/Kao_Cen_Darach	=	1.0000
http://dbkwik.webdatacommons.org/starwars.wikia.com/resource/Resistance	http://dbkwik.webdatacommons.org/swtor.wikia.com/resource/Resistance	=	1.0000
http://dbkwik.webdatacommons.org/starwars.wikia.com/resource/Wyl_sector	http://dbkwik.webdatacommons.org/swtor.wikia.com/resource/Wyl_sector	=	1.0000
http://dbkwik.webdatacommons.org/starwars.wikia.com/resource/Category:Ortolans	http://dbkwik.webdatacommons.org/swtor.wikia.com/resource/Category:Ortolans	=	1.0000
http://starwars.wikia.com/wiki/Special:FilePath/Male_Sith_Warrior_and_Vette_kiss.jpg?width=300	http://swtor.wikia.com/wiki/Special:FilePath/Male_Sith_Warrior_and_Vette_kiss.jpg?width=300	=	1.0000
http://starwars.wikia.com/wiki/Special:FilePath/Aurora.jpg	http://swtor.wikia.com/wiki/Special:FilePath/Aurora.jpg	=	1.0000
http://dbkwik.webdatacommons.org/starwars.wikia.com/resource/Unidentified_Sith_Pureblood_female_Sith_apprentice	http://dbkwik.webdatacommons.org/swtor.wikia.com/resource/Unidentified_Sith_Pureblood_female_Sith_apprentice	=	1.0000
http://starwars.wikia.com/wiki/Special:FilePath/Ordorepeater.png?width=300	http://swtor.wikia.com/wiki/Special:FilePath/Ordorepeater.png?width=300	=	1.0000
http://dbkwik.webdatacommons.org/starwars.wikia.com/resource/Quesh	http://dbkwik.webdatacommons.org/swtor.wikia.com/resource/Quesh	=	1.0000
http://dbkwik.webdatacommons.org/starwars.wikia.com/resource/Lien-Tsai_Qel-Droma	http://dbkwik.webdatacommons.org/swtor.wikia.com/resource/Lien-Tsai_Qel-Droma	=	1.0000
http://dbkwik.webdatacommons.org/starwars.wikia.com/resource/Statue_of_Karagga_the_Unyielding	http://dbkwik.webdatacommons.org/swtor.wikia.com/resource/Statue_of_Karagga_the_Unyielding	=	1.0000
http://dbkwik.webdatacommons.org/starwars.wikia.com/resource/Andor_Vex	http://dbkwik.webdatacommons.org/swtor.wikia.com/resource/Andor_Vex	=	1.0000
http://starwars.wikia.com/wiki/Special:FilePath/Sith_revan.jpg	http://swtor.wikia.com/wiki/Special:FilePath/Sith_revan.jpg	=	1.0000
http://dbkwik.webdatacommons.org/starwars.wikia.com/resource/Nautolan	http://dbkwik.webdatacommons.org/swtor.wikia.com/resource/Nautolan	=	1.0000
http://dbkwik.webdatacommons.org/starwars.wikia.com/resource/Drate	http://dbkwik.webdatacommons.org/swtor.wikia.com/resource/Drate	=	1.0000
http://dbkwik.webdatacommons.org/starwars.wikia.com/resource/Daybreaker	http://dbkwik.webdatacommons.org/swtor.wikia.com/resource/Daybreaker	=	1.0000
http://starwars.wikia.com/wiki/Special:FilePath/Praxon_Strato.png	http://swtor.wikia.com/wiki/Special:FilePath/Praxon_Strato.png	=	1.0000
http://starwars.wikia.com/wiki/Special:FilePath/Sluis_ggw.jpg	http://swtor.wikia.com/wiki/Special:FilePath/Sluis_ggw.jpg	=	1.0000
http://dbkwik.webdatacommons.org/starwars.wikia.com/resource/First_Battle_of_Bothawui	http://dbkwik.webdatacommons.org/swtor.wikia.com/resource/First_Battle_of_Bothawui	=	1.0000
http://dbkwik.webdatacommons.org/starwars.wikia.com/resource/Briqui	http://dbkwik.webdatacommons.org/swtor.wikia.com/resource/Briqui	=	1.0000
http://dbkwik.webdatacommons.org/starwars.wikia.com/resource/Lya_Charrel	http://dbkwik.webdatacommons.org/swtor.wikia.com/resource/Lya_Charrel	=	1.0000
http://dbkwik.webdatacommons.org/starwars.wikia.com/resource/Vindican	http://dbkwik.webdatacommons.org/swtor.wikia.com/resource/Vindican	=	1.0000
http://dbkwik.webdatacommons.org/starwars.wikia.com/resource/Rahasia_Sandral	http://dbkwik.webdatacommons.org/swtor.wikia.com/resource/Rahasia_Sandral	=	1.0000
http://dbkwik.webdatacommons.org/starwars.wikia.com/resource/G4-B3_Heavy_Fabricator	http://dbkwik.webdatacommons.org/swtor.wikia.com/resource/G4-B3_Heavy_Fabricator	=	1.0000
http://dbkwik.webdatacommons.org/starwars.wikia.com/resource/Giradda	http://dbkwik.webdatacommons.org/swtor.wikia.com/resource/Giradda	=	1.0000
http://starwars.wikia.com/wiki/Special:FilePath/Kreia_KotORCG.jpg	http://swtor.wikia.com/wiki/Special:FilePath/Kreia_KotORCG.jpg	=	1.0000
http://starwars.wikia.com/wiki/Special:FilePath/BattleEmpressTeta.jpg?width=300	http://swtor.wikia.com/wiki/Special:FilePath/BattleEmpressTeta.jpg?width=300	=	1.0000
http://dbkwik.webdatacommons.org/starwars.wikia.com/resource/Unidentified_Sith_Master_(Dxun)	http://dbkwik.webdatacommons.org/swtor.wikia.com/resource/Unidentified_Sith_Master_(Dxun)	=	1.0000
http://dbkwik.webdatacommons.org/starwars.wikia.com/resource/Unidentified_Moff%27s_yacht	http://dbkwik.webdatacommons.org/swtor.wikia.com/resource/Unidentified_moff%27s_yacht	=	1.0000
http://starwars.wikia.com/wiki/Special:FilePath/Foreman_Crusher.png	http://swtor.wikia.com/wiki/Special:FilePath/Foreman_Crusher.png	=	1.0000
http://dbkwik.webdatacommons.org/starwars.wikia.com/resource/FT-3C_Imperium	http://dbkwik.webdatacommons.org/swtor.wikia.com/resource/FT-3C_Imperium	=	1.0000
http://dbkwik.webdatacommons.org/starwars.wikia.com/resource/Spirit_protector	http://dbkwik.webdatacommons.org/swtor.wikia.com/resource/Spirit_protector	=	1.0000
http://dbkwik.webdatacommons.org/starwars.wikia.com/resource/Orobird	http://dbkwik.webdatacommons.org/swtor.wikia.com/resource/Orobird	=	1.0000
http://dbkwik.webdatacommons.org/starwars.wikia.com/resource/Bolraida	http://dbkwik.webdatacommons.org/swtor.wikia.com/resource/Bolraida	=	1.0000
http://dbkwik.webdatacommons.org/starwars.wikia.com/resource/Ryloth	http://dbkwik.webdatacommons.org/swtor.wikia.com/resource/Ryloth	=	1.0000
http://starwars.wikia.com/wiki/Special:FilePath/Medical_droid.png?width=300	http://swtor.wikia.com/wiki/Special:FilePath/Medical_Droid.png?width=300	=	1.0000
http://dbkwik.webdatacommons.org/starwars.wikia.com/resource/CZ-198	http://dbkwik.webdatacommons.org/swtor.wikia.com/resource/CZ-198	=	1.0000
http://starwars.wikia.com/wiki/Special:FilePath/Eli_Tarnis.png?width=300	http://swtor.wikia.com/wiki/Special:FilePath/Eli_Tarnis.png?width=300	=	1.0000
http://dbkwik.webdatacommons.org/starwars.wikia.com/resource/Vikto	http://dbkwik.webdatacommons.org/swtor.wikia.com/resource/Vikto	=	1.0000
http://dbkwik.webdatacommons.org/starwars.wikia.com/resource/Kumus	http://dbkwik.webdatacommons.org/swtor.wikia.com/resource/Kumus	=	1.0000
http://dbkwik.webdatacommons.org/starwars.wikia.com/resource/Skyraptor	http://dbkwik.webdatacommons.org/swtor.wikia.com/resource/Skyraptor	=	1.0000
http://dbkwik.webdatacommons.org/starwars.wikia.com/resource/Darth_Karrid	http://dbkwik.webdatacommons.org/swtor.wikia.com/resource/Darth_Karrid	=	1.0000
http://dbkwik.webdatacommons.org/starwars.wikia.com/resource/Eryn_Talosa	http://dbkwik.webdatacommons.org/swtor.wikia.com/resource/Eryn_Talosa	=	1.0000
http://dbkwik.webdatacommons.org/starwars.wikia.com/resource/Valiant	http://dbkwik.webdatacommons.org/swtor.wikia.com/resource/Valiant	=	1.0000
http://dbkwik.webdatacommons.org/starwars.wikia.com/resource/Category:Medicine	http://dbkwik.webdatacommons.org/swtor.wikia.com/resource/Category:Medicine	=	1.0000
http://dbkwik.webdatacommons.org/starwars.wikia.com/resource/Category:Sith_Inquisitors	http://dbkwik.webdatacommons.org/swtor.wikia.com/resource/Category:Sith_Inquisitors	=	1.0000
http://dbkwik.webdatacommons.org/starwars.wikia.com/resource/B-3G9	http://dbkwik.webdatacommons.org/swtor.wikia.com/resource/B-3G9	=	1.0000
http://dbkwik.webdatacommons.org/starwars.wikia.com/resource/Nosaurian	http://dbkwik.webdatacommons.org/swtor.wikia.com/resource/Nosaurian	=	1.0000
http://dbkwik.webdatacommons.org/starwars.wikia.com/resource/Mrssk	http://dbkwik.webdatacommons.org/swtor.wikia.com/resource/Mrssk	=	1.0000
http://dbkwik.webdatacommons.org/starwars.wikia.com/resource/Unidentified_Sith_Master_(Lehon)	http://dbkwik.webdatacommons.org/swtor.wikia.com/resource/Unidentified_Sith_Master_(Lehon)	=	1.0000
http://dbkwik.webdatacommons.org/starwars.wikia.com/resource/Ilum	http://dbkwik.webdatacommons.org/swtor.wikia.com/resource/Ilum	=	1.0000
http://dbkwik.webdatacommons.org/starwars.wikia.com/resource/Darmas_Pollaran	http://dbkwik.webdatacommons.org/swtor.wikia.com/resource/Darmas_Pollaran	=	1.0000
http://dbkwik.webdatacommons.org/starwars.wikia.com/resource/Jorak_Uln	http://dbkwik.webdatacommons.org/swtor.wikia.com/resource/Jorak_Uln	=	1.0000
http://dbkwik.webdatacommons.org/starwars.wikia.com/resource/Thranta-class_corvette	http://dbkwik.webdatacommons.org/swtor.wikia.com/resource/Thranta-class_corvette	=	1.0000
http://dbkwik.webdatacommons.org/starwars.wikia.com/resource/Category:Galactic_Republic	http://dbkwik.webdatacommons.org/swtor.wikia.com/resource/Category:Galactic_Republic	=	1.0000
http://dbkwik.webdatacommons.org/starwars.wikia.com/resource/Jory	http://dbkwik.webdatacommons.org/swtor.wikia.com/resource/Jory	=	1.0000
http://dbkwik.webdatacommons.org/starwars.wikia.com/resource/Category:Blaster_rifles	http://dbkwik.webdatacommons.org/swtor.wikia.com/resource/Category:Blaster_Rifles	=	1.0000
http://dbkwik.webdatacommons.org/starwars.wikia.com/resource/Ambria%27s_Fury	http://dbkwik.webdatacommons.org/swtor.wikia.com/resource/Ambria%27s_Fury	=	1.0000
http://starwars.wikia.com/wiki/Special:FilePath/JediConsular.jpg	http://swtor.wikia.com/wiki/Special:FilePath/Jedi_Consular.jpg	=	1.0000
http://dbkwik.webdatacommons.org/starwars.wikia.com/resource/Starscape-class_yacht	http://dbkwik.webdatacommons.org/swtor.wikia.com/resource/Starscape-class_yacht	=	1.0000
http://dbkwik.webdatacommons.org/starwars.wikia.com/resource/Ven_Zallow	http://dbkwik.webdatacommons.org/swtor.wikia.com/resource/Ven_Zallow	=	1.0000
http://dbkwik.webdatacommons.org/starwars.wikia.com/resource/Blackstar_Squad	http://dbkwik.webdatacommons.org/swtor.wikia.com/resource/Blackstar_Squad	=	1.0000
http://dbkwik.webdatacommons.org/starwars.wikia.com/resource/Needles	http://dbkwik.webdatacommons.org/swtor.wikia.com/resource/Needles	=	1.0000
http://starwars.wikia.com/wiki/Special:FilePath/Lhosan_Stinger.png	http://swtor.wikia.com/wiki/Special:FilePath/Lhosan_Stinger.png	=	1.0000
http://dbkwik.webdatacommons.org/starwars.wikia.com/resource/Kladak	http://dbkwik.webdatacommons.org/swtor.wikia.com/resource/Kladak	=	1.0000
http://dbkwik.webdatacommons.org/starwars.wikia.com/resource/FT-6_Pike	http://dbkwik.webdatacommons.org/swtor.wikia.com/resource/FT-6_Pike	=	1.0000
http://dbkwik.webdatacommons.org/starwars.wikia.com/resource/Category:Advisory_templates	http://dbkwik.webdatacommons.org/swtor.wikia.com/resource/Category:Advisory_templates	=	1.0000
http://dbkwik.webdatacommons.org/starwars.wikia.com/resource/Category:Pre-Ruusan_Jedi_trainees	http://dbkwik.webdatacommons.org/swtor.wikia.com/resource/Category:Pre-Ruusan_Jedi_trainees	=	1.0000
http://dbkwik.webdatacommons.org/starwars.wikia.com/resource/Berooken%27s_executive_cruiser	http://dbkwik.webdatacommons.org/swtor.wikia.com/resource/Berooken%27s_executive_cruiser	=	1.0000
http://dbkwik.webdatacommons.org/starwars.wikia.com/resource/Darovit	http://dbkwik.webdatacommons.org/swtor.wikia.com/resource/Darovit	=	1.0000
http://dbkwik.webdatacommons.org/starwars.wikia.com/resource/Ruusan_Reformation	http://dbkwik.webdatacommons.org/swtor.wikia.com/resource/Ruusan_Reformation	=	1.0000
http://dbkwik.webdatacommons.org/starwars.wikia.com/resource/Timeline_12:_The_Great_Hyperspace_War	http://dbkwik.webdatacommons.org/swtor.wikia.com/resource/Timeline_12:_The_Great_Hyperspace_War	=	1.0000
http://dbkwik.webdatacommons.org/starwars.wikia.com/resource/LaTor	http://dbkwik.webdatacommons.org/swtor.wikia.com/resource/LaTor	=	1.0000
http://dbkwik.webdatacommons.org/starwars.wikia.com/resource/Jehavey%27ir-type_assault_ship	http://dbkwik.webdatacommons.org/swtor.wikia.com/resource/Jehavey%27ir-type_assault_ship	=	1.0000
http://starwars.wikia.com/wiki/Special:FilePath/Hyrotii_Scrapper.png?width=300	http://swtor.wikia.com/wiki/Special:FilePath/Hyrotii_Scrapper.png?width=300	=	1.0000
http://dbkwik.webdatacommons.org/starwars.wikia.com/resource/Tarsus_Valorum	http://dbkwik.webdatacommons.org/swtor.wikia.com/resource/Tarsus_Valorum	=	1.0000
http://starwars.wikia.com/wiki/Special:FilePath/Longspur_Recon.png	http://swtor.wikia.com/wiki/Special:FilePath/Longspur_Recon.png	=	1.0000
http://dbkwik.webdatacommons.org/starwars.wikia.com/resource/Odumis_Mer	http://dbkwik.webdatacommons.org/swtor.wikia.com/resource/Odumis_Mer	=	1.0000
http://dbkwik.webdatacommons.org/starwars.wikia.com/resource/Allegiance	http://dbkwik.webdatacommons.org/swtor.wikia.com/property/allegiance	=	1.0000
http://dbkwik.webdatacommons.org/starwars.wikia.com/resource/Kirdo_III	http://dbkwik.webdatacommons.org/swtor.wikia.com/resource/Kirdo_III	=	1.0000
http://dbkwik.webdatacommons.org/starwars.wikia.com/resource/Mar%27eyce	http://dbkwik.webdatacommons.org/swtor.wikia.com/resource/Mar%27eyce	=	1.0000
http://dbkwik.webdatacommons.org/starwars.wikia.com/resource/Jewl%27a_Nightbringer	http://dbkwik.webdatacommons.org/swtor.wikia.com/resource/Jewl%27a_Nightbringer	=	1.0000
http://dbkwik.webdatacommons.org/starwars.wikia.com/resource/Category:Mercenaries	http://dbkwik.webdatacommons.org/swtor.wikia.com/resource/Category:Mercenaries	=	1.0000
http://dbkwik.webdatacommons.org/starwars.wikia.com/resource/Xo%27ru	http://dbkwik.webdatacommons.org/swtor.wikia.com/resource/Xo%27ru	=	1.0000
http://dbkwik.webdatacommons.org/starwars.wikia.com/resource/Koth_Vortena	http://dbkwik.webdatacommons.org/swtor.wikia.com/resource/Koth_Vortena	=	1.0000
http://dbkwik.webdatacommons.org/starwars.wikia.com/resource/Maximum_Security_Section	http://dbkwik.webdatacommons.org/swtor.wikia.com/resource/Maximum_Security_Section	=	1.0000
http://dbkwik.webdatacommons.org/starwars.wikia.com/resource/Bela_Kiwiiks	http://dbkwik.webdatacommons.org/swtor.wikia.com/resource/Bela_Kiwiiks	=	1.0000
